_id,datetime,temperature
1,2016-08-18T10:55:00,25.81
2,2016-08-18T11:00:00,25.74
3,2016-08-18T11:05:00,25.81
4,2016-08-18T11:10:00,25.81
5,2016-08-18T11:15:00,25.86
6,2016-08-18T11:20:00,25.82
7,2016-08-18T11:25:00,26
8,2016-08-18T11:30:00,25.86
9,2016-08-18T11:35:00,25.83
10,2016-08-18T11:40:00,25.81
11,2016-08-18T11:45:00,25.81
12,2016-08-18T11:50:00,25.81
13,2016-08-18T11:55:00,25.57
14,2016-08-18T12:00:00,25.48
15,2016-08-18T12:05:00,25.48
16,2016-08-18T12:10:00,25.48
17,2016-08-18T12:15:00,25.47
18,2016-08-18T12:20:00,25.49
19,2016-08-18T12:25:00,25.76
20,2016-08-18T12:30:00,25.81
21,2016-08-18T12:35:00,25.81
22,2016-08-18T12:40:00,25.97
23,2016-08-18T12:45:00,26.09
24,2016-08-18T12:50:00,26.13
25,2016-08-18T12:55:00,26.13
26,2016-08-18T13:00:00,26.13
27,2016-08-18T13:05:00,26.13
28,2016-08-18T13:10:00,26.11
29,2016-08-18T14:45:00,25.81
30,2016-08-18T14:50:00,25.39
31,2016-08-18T14:55:00,24.52
32,2016-08-18T15:00:00,24.19
33,2016-08-18T15:05:00,24.19
34,2016-08-18T15:10:00,23.92
35,2016-08-18T15:15:00,24
36,2016-08-18T15:20:00,24.19
37,2016-08-18T15:25:00,24.19
38,2016-08-18T15:30:00,24.19
39,2016-08-18T15:35:00,24.19
40,2016-08-18T15:40:00,24.19
41,2016-08-18T15:45:00,24.19
42,2016-08-18T15:50:00,24.03
43,2016-08-18T15:55:00,23.87
44,2016-08-18T16:00:00,23.87
45,2016-08-18T16:05:00,23.87
46,2016-08-18T16:10:00,23.87
47,2016-08-18T16:15:00,23.87
48,2016-08-18T16:20:00,23.87
49,2016-08-18T16:25:00,23.87
50,2016-08-18T16:30:00,23.87
51,2016-08-18T16:35:00,23.98
52,2016-08-18T16:40:00,24.19
53,2016-08-18T16:45:00,24.19
54,2016-08-18T16:50:00,24.39
55,2016-08-18T16:55:00,24.46
56,2016-08-18T17:00:00,24.52
57,2016-08-18T17:05:00,24.7
58,2016-08-18T17:10:00,24.79
59,2016-08-18T17:15:00,24.84
60,2016-08-18T17:20:00,24.84
61,2016-08-18T17:25:00,24.84
62,2016-08-18T17:30:00,24.84
63,2016-08-18T17:35:00,24.84
64,2016-08-18T17:40:00,24.84
65,2016-08-18T17:45:00,24.84
66,2016-08-18T17:50:00,24.84
67,2016-08-18T17:55:00,24.89
68,2016-08-18T18:00:00,24.97
69,2016-08-18T18:05:00,25.16
70,2016-08-18T18:10:00,25.16
71,2016-08-18T18:15:00,25.16
72,2016-08-18T18:20:00,25.16
73,2016-08-18T18:25:00,25.16
74,2016-08-18T18:30:00,25.16
75,2016-08-18T18:35:00,25.16
76,2016-08-18T18:40:00,25.16
77,2016-08-18T18:45:00,25.16
78,2016-08-18T18:50:00,25.16
79,2016-08-18T18:55:00,25.16
80,2016-08-18T19:00:00,25.1
81,2016-08-18T19:05:00,25.16
82,2016-08-18T19:10:00,25.16
83,2016-08-18T19:15:00,25.03
84,2016-08-18T19:20:00,25.03
85,2016-08-18T19:25:00,25.1
86,2016-08-18T19:30:00,24.95
87,2016-08-18T19:35:00,24.9
88,2016-08-18T19:40:00,24.9
89,2016-08-18T19:45:00,24.89
90,2016-08-18T19:50:00,24.88
91,2016-08-18T19:55:00,24.84
92,2016-08-18T20:00:00,24.84
93,2016-08-18T20:05:00,24.84
94,2016-08-18T20:10:00,24.84
95,2016-08-18T20:15:00,24.84
96,2016-08-18T20:20:00,24.84
97,2016-08-18T20:25:00,24.84
98,2016-08-18T20:30:00,24.84
99,2016-08-18T20:35:00,24.84
100,2016-08-18T20:40:00,24.84
101,2016-08-18T20:45:00,24.84
102,2016-08-18T20:50:00,24.84
103,2016-08-18T20:55:00,24.84
104,2016-08-18T21:00:00,24.84
105,2016-08-18T21:05:00,24.84
106,2016-08-18T21:10:00,24.78
107,2016-08-18T21:15:00,24.84
108,2016-08-18T21:20:00,24.84
109,2016-08-18T21:25:00,24.78
110,2016-08-18T21:30:00,24.84
111,2016-08-18T21:35:00,24.73
112,2016-08-18T21:40:00,24.84
113,2016-08-18T21:45:00,24.75
114,2016-08-18T21:50:00,24.66
115,2016-08-18T21:55:00,24.61
116,2016-08-18T22:00:00,24.52
117,2016-08-18T22:05:00,24.6
118,2016-08-18T22:10:00,24.52
119,2016-08-18T22:15:00,24.52
120,2016-08-18T22:20:00,24.52
121,2016-08-18T22:25:00,24.52
122,2016-08-18T22:30:00,24.52
123,2016-08-18T22:35:00,24.52
124,2016-08-18T22:40:00,24.52
125,2016-08-18T22:45:00,24.52
126,2016-08-18T22:50:00,24.52
127,2016-08-18T22:55:00,24.52
128,2016-08-18T23:00:00,24.52
129,2016-08-18T23:05:00,24.46
130,2016-08-18T23:10:00,24.28
131,2016-08-18T23:15:00,24.19
132,2016-08-18T23:20:00,24.19
133,2016-08-18T23:25:00,24.19
134,2016-08-18T23:30:00,24.19
135,2016-08-18T23:35:00,24.19
136,2016-08-18T23:40:00,24.19
137,2016-08-18T23:45:00,24.19
138,2016-08-18T23:50:00,24.19
139,2016-08-18T23:55:00,24.19
140,2016-08-19T00:00:00,24.19
141,2016-08-19T00:05:00,24.19
142,2016-08-19T00:10:00,24.19
143,2016-08-19T00:15:00,24.14
144,2016-08-19T00:20:00,24.19
145,2016-08-19T00:25:00,24.13
146,2016-08-19T00:30:00,24.07
147,2016-08-19T00:35:00,23.98
148,2016-08-19T00:40:00,24.13
149,2016-08-19T00:45:00,23.95
150,2016-08-19T00:50:00,24.06
151,2016-08-19T00:55:00,23.87
152,2016-08-19T01:00:00,23.87
153,2016-08-19T01:05:00,23.87
154,2016-08-19T01:10:00,23.87
155,2016-08-19T01:15:00,23.87
156,2016-08-19T01:20:00,23.87
157,2016-08-19T01:25:00,23.87
158,2016-08-19T01:30:00,23.87
159,2016-08-19T01:35:00,23.87
160,2016-08-19T01:40:00,23.87
161,2016-08-19T01:45:00,23.87
162,2016-08-19T01:50:00,23.87
163,2016-08-19T01:55:00,23.87
164,2016-08-19T02:00:00,23.87
165,2016-08-19T02:05:00,23.87
166,2016-08-19T02:10:00,23.87
167,2016-08-19T02:15:00,23.83
168,2016-08-19T02:20:00,23.87
169,2016-08-19T02:25:00,23.79
170,2016-08-19T02:30:00,23.66
171,2016-08-19T02:35:00,23.6
172,2016-08-19T02:40:00,23.61
173,2016-08-19T02:45:00,23.6
174,2016-08-19T02:50:00,23.55
175,2016-08-19T02:55:00,23.59
176,2016-08-19T03:00:00,23.55
177,2016-08-19T03:05:00,23.55
178,2016-08-19T03:10:00,23.55
179,2016-08-19T03:15:00,23.55
180,2016-08-19T03:20:00,23.55
181,2016-08-19T03:25:00,23.55
182,2016-08-19T03:30:00,23.55
183,2016-08-19T03:35:00,23.55
184,2016-08-19T03:40:00,23.55
185,2016-08-19T03:45:00,23.55
186,2016-08-19T03:50:00,23.55
187,2016-08-19T03:55:00,23.55
188,2016-08-19T04:00:00,23.55
189,2016-08-19T04:05:00,23.55
190,2016-08-19T04:10:00,23.55
191,2016-08-19T04:15:00,23.5
192,2016-08-19T04:20:00,23.55
193,2016-08-19T04:25:00,23.55
194,2016-08-19T04:30:00,23.5
195,2016-08-19T04:35:00,23.39
196,2016-08-19T04:40:00,23.55
197,2016-08-19T04:45:00,23.47
198,2016-08-19T04:50:00,23.55
199,2016-08-19T04:55:00,23.55
200,2016-08-19T05:00:00,23.44
201,2016-08-19T05:05:00,23.39
202,2016-08-19T05:10:00,23.39
203,2016-08-19T05:15:00,23.16
204,2016-08-19T05:20:00,23.42
205,2016-08-19T05:25:00,23.5
206,2016-08-19T05:30:00,23.34
207,2016-08-19T05:35:00,23.55
208,2016-08-19T05:40:00,23.44
209,2016-08-19T05:45:00,23.36
210,2016-08-19T05:50:00,23.5
211,2016-08-19T05:55:00,23.36
212,2016-08-19T06:00:00,23.55
213,2016-08-19T06:05:00,23.5
214,2016-08-19T06:10:00,23.29
215,2016-08-19T06:15:00,23.23
216,2016-08-19T06:20:00,23.29
217,2016-08-19T06:25:00,23.23
218,2016-08-19T06:30:00,23.23
219,2016-08-19T06:35:00,23.23
220,2016-08-19T06:40:00,23.23
221,2016-08-19T06:45:00,23.23
222,2016-08-19T06:50:00,23.23
223,2016-08-19T06:55:00,23.23
224,2016-08-19T07:00:00,23.23
225,2016-08-19T07:05:00,23.23
226,2016-08-19T07:10:00,23.23
227,2016-08-19T07:15:00,23.1
228,2016-08-19T07:20:00,23.18
229,2016-08-19T07:25:00,22.9
230,2016-08-19T07:30:00,22.9
231,2016-08-19T07:35:00,22.9
232,2016-08-19T07:40:00,22.9
233,2016-08-19T07:45:00,22.9
234,2016-08-19T07:50:00,22.9
235,2016-08-19T07:55:00,22.97
236,2016-08-19T08:00:00,22.9
237,2016-08-19T08:05:00,22.9
238,2016-08-19T08:10:00,22.9
239,2016-08-19T08:15:00,22.9
240,2016-08-19T08:20:00,22.9
241,2016-08-19T08:25:00,22.9
242,2016-08-19T08:30:00,22.97
243,2016-08-19T08:35:00,22.9
244,2016-08-19T08:40:00,22.9
245,2016-08-19T08:45:00,22.9
246,2016-08-19T08:50:00,22.9
247,2016-08-19T08:55:00,22.9
248,2016-08-19T09:00:00,23.04
249,2016-08-19T09:05:00,23.06
250,2016-08-19T09:10:00,23.23
251,2016-08-19T09:15:00,23.12
252,2016-08-19T09:20:00,23.16
253,2016-08-19T09:25:00,23.18
254,2016-08-19T09:30:00,23.23
255,2016-08-19T09:35:00,23.23
256,2016-08-19T09:40:00,23.23
257,2016-08-19T09:45:00,23.23
258,2016-08-19T09:50:00,23.23
259,2016-08-19T09:55:00,23.28
260,2016-08-19T10:00:00,23.54
261,2016-08-19T10:05:00,23.55
262,2016-08-19T10:10:00,23.55
263,2016-08-19T10:15:00,23.55
264,2016-08-19T10:20:00,23.54
265,2016-08-19T10:25:00,23.55
266,2016-08-19T10:30:00,23.54
267,2016-08-19T10:35:00,23.55
268,2016-08-19T10:40:00,23.57
269,2016-08-19T10:45:00,23.55
270,2016-08-19T10:50:00,23.56
271,2016-08-19T10:55:00,23.55
272,2016-08-19T11:00:00,23.49
273,2016-08-19T11:05:00,23.56
274,2016-08-19T11:10:00,23.56
275,2016-08-19T11:15:00,23.55
276,2016-08-19T11:20:00,23.77
277,2016-08-19T11:25:00,23.87
278,2016-08-19T11:30:00,23.88
279,2016-08-19T11:35:00,23.87
280,2016-08-19T11:40:00,23.87
281,2016-08-19T11:45:00,23.87
282,2016-08-19T11:50:00,23.87
283,2016-08-19T11:55:00,23.96
284,2016-08-19T12:00:00,24.19
285,2016-08-19T12:05:00,24.19
286,2016-08-19T12:10:00,24.04
287,2016-08-19T12:15:00,23.93
288,2016-08-19T12:20:00,23.88
289,2016-08-19T12:25:00,23.87
290,2016-08-19T12:30:00,23.87
291,2016-08-19T12:35:00,23.87
292,2016-08-19T12:40:00,23.87
293,2016-08-19T12:45:00,23.86
294,2016-08-19T12:50:00,23.84
295,2016-08-19T12:55:00,23.87
296,2016-08-19T13:00:00,23.87
297,2016-08-19T13:05:00,23.87
298,2016-08-19T13:10:00,23.87
299,2016-08-19T13:15:00,23.86
300,2016-08-19T13:20:00,23.83
301,2016-08-19T13:25:00,23.83
302,2016-08-19T13:30:00,23.67
303,2016-08-19T13:35:00,23.6
304,2016-08-19T13:40:00,23.54
305,2016-08-19T13:45:00,23.64
306,2016-08-19T13:50:00,23.65
307,2016-08-19T13:55:00,23.67
308,2016-08-19T14:00:00,23.69
309,2016-08-19T14:05:00,23.57
310,2016-08-19T14:10:00,23.59
311,2016-08-19T14:15:00,23.64
312,2016-08-19T14:20:00,23.59
313,2016-08-19T14:25:00,23.63
314,2016-08-19T14:30:00,23.82
315,2016-08-19T14:35:00,23.87
316,2016-08-19T14:40:00,23.87
317,2016-08-19T14:45:00,23.87
318,2016-08-19T14:50:00,23.87
319,2016-08-19T14:55:00,23.91
320,2016-08-19T15:00:00,24.07
321,2016-08-19T15:05:00,24.04
322,2016-08-19T15:10:00,24.07
323,2016-08-19T15:15:00,24.19
324,2016-08-19T15:20:00,24.19
325,2016-08-19T15:25:00,24.19
326,2016-08-19T15:30:00,24.18
327,2016-08-19T15:35:00,24.16
328,2016-08-19T15:40:00,24.19
329,2016-08-19T15:45:00,24.15
330,2016-08-19T15:50:00,24.15
331,2016-08-19T15:55:00,24.13
332,2016-08-19T16:00:00,24.09
333,2016-08-19T16:05:00,24.1
334,2016-08-19T16:10:00,24.01
335,2016-08-19T16:15:00,23.94
336,2016-08-19T16:20:00,23.89
337,2016-08-19T16:25:00,23.97
338,2016-08-19T16:30:00,24.02
339,2016-08-19T16:35:00,24.19
340,2016-08-19T16:40:00,24.27
341,2016-08-19T16:45:00,24.47
342,2016-08-19T16:50:00,24.53
343,2016-08-19T16:55:00,24.56
344,2016-08-19T17:00:00,24.83
345,2016-08-19T17:05:00,24.84
346,2016-08-19T17:10:00,24.84
347,2016-08-19T17:15:00,24.97
348,2016-08-19T17:20:00,25.16
349,2016-08-19T17:25:00,25.16
350,2016-08-19T17:30:00,25.16
351,2016-08-19T17:35:00,25.16
352,2016-08-19T17:40:00,25.16
353,2016-08-19T17:45:00,25.16
354,2016-08-19T17:50:00,25.18
355,2016-08-19T17:55:00,25.3
356,2016-08-19T18:00:00,25.47
357,2016-08-19T18:05:00,25.45
358,2016-08-19T18:10:00,25.47
359,2016-08-19T18:15:00,25.47
360,2016-08-19T18:20:00,25.48
361,2016-08-19T18:25:00,25.48
362,2016-08-19T18:30:00,25.48
363,2016-08-19T18:35:00,25.48
364,2016-08-19T18:40:00,25.48
365,2016-08-19T18:45:00,25.48
366,2016-08-19T18:50:00,25.48
367,2016-08-19T18:55:00,25.48
368,2016-08-19T19:00:00,25.49
369,2016-08-19T19:05:00,25.51
370,2016-08-19T19:10:00,25.51
371,2016-08-19T19:15:00,25.58
372,2016-08-19T19:20:00,25.7
373,2016-08-19T19:25:00,25.78
374,2016-08-19T19:30:00,25.77
375,2016-08-19T19:35:00,25.81
376,2016-08-19T19:40:00,25.8
377,2016-08-19T19:45:00,25.73
378,2016-08-19T19:50:00,25.81
379,2016-08-19T19:55:00,25.75
380,2016-08-19T20:00:00,25.85
381,2016-08-19T20:05:00,25.8
382,2016-08-19T20:10:00,25.81
383,2016-08-19T20:15:00,25.84
384,2016-08-19T20:20:00,25.81
385,2016-08-19T20:25:00,25.77
386,2016-08-19T20:30:00,25.74
387,2016-08-19T20:35:00,25.7
388,2016-08-19T20:40:00,25.65
389,2016-08-19T20:45:00,25.54
390,2016-08-19T20:50:00,25.51
391,2016-08-19T20:55:00,25.48
392,2016-08-19T21:00:00,25.48
393,2016-08-19T21:05:00,25.48
394,2016-08-19T21:10:00,25.48
395,2016-08-19T21:15:00,25.48
396,2016-08-19T21:20:00,25.48
397,2016-08-19T21:25:00,25.46
398,2016-08-19T21:30:00,25.48
399,2016-08-19T21:35:00,25.46
400,2016-08-19T21:40:00,25.47
401,2016-08-19T21:45:00,25.44
402,2016-08-19T21:50:00,25.37
403,2016-08-19T21:55:00,25.26
404,2016-08-19T22:00:00,25.18
405,2016-08-19T22:05:00,25.17
406,2016-08-19T22:10:00,25.16
407,2016-08-19T22:15:00,25.16
408,2016-08-19T22:20:00,25.16
409,2016-08-19T22:25:00,25.16
410,2016-08-19T22:30:00,25.16
411,2016-08-19T22:35:00,25.16
412,2016-08-19T22:40:00,25.16
413,2016-08-19T22:45:00,25.16
414,2016-08-19T22:50:00,25.16
415,2016-08-19T22:55:00,25.15
416,2016-08-19T23:00:00,25.16
417,2016-08-19T23:05:00,25.08
418,2016-08-19T23:10:00,24.93
419,2016-08-19T23:15:00,24.88
420,2016-08-19T23:20:00,24.84
421,2016-08-19T23:25:00,24.84
422,2016-08-19T23:30:00,24.84
423,2016-08-19T23:35:00,24.84
424,2016-08-19T23:40:00,24.8
425,2016-08-19T23:45:00,24.64
426,2016-08-19T23:50:00,24.59
427,2016-08-19T23:55:00,24.52
428,2016-08-20T00:00:00,24.52
429,2016-08-20T00:05:00,24.52
430,2016-08-20T00:10:00,24.52
431,2016-08-20T00:15:00,24.52
432,2016-08-20T00:20:00,24.52
433,2016-08-20T00:25:00,24.52
434,2016-08-20T00:30:00,24.52
435,2016-08-20T00:35:00,24.52
436,2016-08-20T00:40:00,24.52
437,2016-08-20T00:45:00,24.52
438,2016-08-20T00:50:00,24.52
439,2016-08-20T00:55:00,24.52
440,2016-08-20T01:00:00,24.51
441,2016-08-20T01:05:00,24.52
442,2016-08-20T01:10:00,24.52
443,2016-08-20T01:15:00,24.52
444,2016-08-20T01:20:00,24.49
445,2016-08-20T01:25:00,24.47
446,2016-08-20T01:30:00,24.47
447,2016-08-20T01:35:00,24.47
448,2016-08-20T01:40:00,24.48
449,2016-08-20T01:45:00,24.3
450,2016-08-20T01:50:00,24.33
451,2016-08-20T01:55:00,24.24
452,2016-08-20T02:00:00,24.2
453,2016-08-20T02:05:00,24.2
454,2016-08-20T02:10:00,24.15
455,2016-08-20T02:15:00,24.23
456,2016-08-20T02:20:00,24.2
457,2016-08-20T02:25:00,24.19
458,2016-08-20T02:30:00,24.19
459,2016-08-20T02:35:00,24.19
460,2016-08-20T02:40:00,24.19
461,2016-08-20T02:45:00,24.19
462,2016-08-20T02:50:00,24.18
463,2016-08-20T02:55:00,24.19
464,2016-08-20T03:00:00,24.15
465,2016-08-20T03:05:00,24.15
466,2016-08-20T03:10:00,24.07
467,2016-08-20T03:15:00,24.07
468,2016-08-20T03:20:00,23.94
469,2016-08-20T03:25:00,23.94
470,2016-08-20T03:30:00,23.88
471,2016-08-20T03:35:00,23.87
472,2016-08-20T03:40:00,23.87
473,2016-08-20T03:45:00,23.9
474,2016-08-20T03:50:00,23.87
475,2016-08-20T03:55:00,23.87
476,2016-08-20T04:00:00,23.87
477,2016-08-20T04:05:00,23.87
478,2016-08-20T04:10:00,23.88
479,2016-08-20T04:15:00,23.87
480,2016-08-20T04:20:00,23.87
481,2016-08-20T04:25:00,23.87
482,2016-08-20T04:30:00,23.85
483,2016-08-20T04:35:00,23.87
484,2016-08-20T04:40:00,23.87
485,2016-08-20T04:45:00,23.87
486,2016-08-20T04:50:00,23.87
487,2016-08-20T04:55:00,23.86
488,2016-08-20T05:00:00,23.86
489,2016-08-20T05:05:00,23.86
490,2016-08-20T05:10:00,23.86
491,2016-08-20T05:15:00,23.83
492,2016-08-20T05:20:00,23.85
493,2016-08-20T05:25:00,23.8
494,2016-08-20T05:30:00,23.78
495,2016-08-20T05:35:00,23.8
496,2016-08-20T05:40:00,23.73
497,2016-08-20T05:45:00,23.7
498,2016-08-20T05:50:00,23.65
499,2016-08-20T05:55:00,23.59
500,2016-08-20T06:00:00,23.57
501,2016-08-20T06:05:00,23.56
502,2016-08-20T06:10:00,23.55
503,2016-08-20T06:15:00,23.56
504,2016-08-20T06:20:00,23.55
505,2016-08-20T06:25:00,23.55
506,2016-08-20T06:30:00,23.55
507,2016-08-20T06:35:00,23.55
508,2016-08-20T06:40:00,23.55
509,2016-08-20T06:45:00,23.55
510,2016-08-20T06:50:00,23.55
511,2016-08-20T06:55:00,23.54
512,2016-08-20T07:00:00,23.49
513,2016-08-20T07:05:00,23.48
514,2016-08-20T07:10:00,23.41
515,2016-08-20T07:15:00,23.33
516,2016-08-20T07:20:00,23.25
517,2016-08-20T07:25:00,23.24
518,2016-08-20T07:30:00,23.24
519,2016-08-20T07:35:00,23.23
520,2016-08-20T07:40:00,23.23
521,2016-08-20T07:45:00,23.23
522,2016-08-20T07:50:00,23.23
523,2016-08-20T07:55:00,23.23
524,2016-08-20T08:00:00,23.23
525,2016-08-20T08:05:00,23.23
526,2016-08-20T08:10:00,23.23
527,2016-08-20T08:15:00,23.23
528,2016-08-20T08:20:00,23.23
529,2016-08-20T08:25:00,23.23
530,2016-08-20T08:30:00,23.22
531,2016-08-20T08:35:00,23.22
532,2016-08-20T08:40:00,23.18
533,2016-08-20T08:45:00,23.18
534,2016-08-20T08:50:00,23.16
535,2016-08-20T08:55:00,23.1
536,2016-08-20T09:00:00,22.99
537,2016-08-20T09:05:00,22.95
538,2016-08-20T09:10:00,22.94
539,2016-08-20T09:15:00,22.91
540,2016-08-20T09:20:00,22.9
541,2016-08-20T09:25:00,22.9
542,2016-08-20T09:30:00,22.9
543,2016-08-20T09:35:00,22.9
544,2016-08-20T09:40:00,22.9
545,2016-08-20T09:45:00,22.9
546,2016-08-20T09:50:00,22.86
547,2016-08-20T09:55:00,22.92
548,2016-08-20T10:00:00,22.91
549,2016-08-20T10:05:00,22.9
550,2016-08-20T10:10:00,22.88
551,2016-08-20T10:15:00,22.77
552,2016-08-20T10:20:00,22.76
553,2016-08-20T10:25:00,22.75
554,2016-08-20T10:30:00,22.61
555,2016-08-20T10:35:00,22.59
556,2016-08-20T10:40:00,22.59
557,2016-08-20T10:45:00,22.62
558,2016-08-20T10:50:00,22.58
559,2016-08-20T10:55:00,22.62
560,2016-08-20T11:00:00,22.63
561,2016-08-20T11:05:00,22.64
562,2016-08-20T11:10:00,22.65
563,2016-08-20T11:15:00,22.8
564,2016-08-20T11:20:00,22.86
565,2016-08-20T11:25:00,22.89
566,2016-08-20T11:30:00,22.9
567,2016-08-20T11:35:00,22.9
568,2016-08-20T11:40:00,22.89
569,2016-08-20T11:45:00,22.9
570,2016-08-20T11:50:00,22.9
571,2016-08-20T11:55:00,22.9
572,2016-08-20T12:00:00,22.9
573,2016-08-20T12:05:00,22.9
574,2016-08-20T12:10:00,22.9
575,2016-08-20T12:15:00,22.91
576,2016-08-20T12:20:00,22.9
577,2016-08-20T12:25:00,22.9
578,2016-08-20T12:30:00,22.9
579,2016-08-20T12:35:00,22.9
580,2016-08-20T12:40:00,22.9
581,2016-08-20T12:45:00,22.9
582,2016-08-20T12:50:00,22.9
583,2016-08-20T12:55:00,22.9
584,2016-08-20T13:00:00,22.9
585,2016-08-20T13:05:00,22.9
586,2016-08-20T13:10:00,22.9
587,2016-08-20T13:15:00,22.9
588,2016-08-20T13:20:00,22.9
589,2016-08-20T13:25:00,22.89
590,2016-08-20T13:30:00,22.9
591,2016-08-20T13:35:00,22.9
592,2016-08-20T13:40:00,22.9
593,2016-08-20T13:45:00,22.89
594,2016-08-20T13:50:00,22.86
595,2016-08-20T13:55:00,22.9
596,2016-08-20T14:00:00,22.9
597,2016-08-20T14:05:00,22.89
598,2016-08-20T14:10:00,22.9
599,2016-08-20T14:15:00,22.93
600,2016-08-20T14:20:00,23.06
601,2016-08-20T14:25:00,23.23
602,2016-08-20T14:30:00,23.2
603,2016-08-20T14:35:00,23.14
604,2016-08-20T14:40:00,22.97
605,2016-08-20T14:45:00,22.93
606,2016-08-20T14:50:00,22.9
607,2016-08-20T14:55:00,22.9
608,2016-08-20T15:00:00,22.9
609,2016-08-20T15:05:00,22.9
610,2016-08-20T15:10:00,22.9
611,2016-08-20T15:15:00,22.9
612,2016-08-20T15:20:00,22.9
613,2016-08-20T15:25:00,22.9
614,2016-08-20T15:30:00,22.9
615,2016-08-20T15:35:00,22.9
616,2016-08-20T15:40:00,22.9
617,2016-08-20T15:45:00,22.9
618,2016-08-20T15:50:00,22.9
619,2016-08-20T15:55:00,22.9
620,2016-08-20T16:00:00,22.9
621,2016-08-20T16:05:00,22.9
622,2016-08-20T16:10:00,22.9
623,2016-08-20T16:15:00,22.9
624,2016-08-20T16:20:00,22.9
625,2016-08-20T16:25:00,22.9
626,2016-08-20T16:30:00,22.9
627,2016-08-20T16:35:00,22.9
628,2016-08-20T16:40:00,22.93
629,2016-08-20T16:45:00,23.1
630,2016-08-20T16:50:00,23.23
631,2016-08-20T16:55:00,23.23
632,2016-08-20T17:00:00,23.23
633,2016-08-20T17:05:00,23.23
634,2016-08-20T17:10:00,23.24
635,2016-08-20T17:15:00,23.34
636,2016-08-20T17:20:00,23.4
637,2016-08-20T17:25:00,23.45
638,2016-08-20T17:30:00,23.6
639,2016-08-20T17:35:00,23.54
640,2016-08-20T17:40:00,23.55
641,2016-08-20T17:45:00,23.54
642,2016-08-20T17:50:00,23.5
643,2016-08-20T17:55:00,23.54
644,2016-08-20T18:00:00,23.55
645,2016-08-20T18:05:00,23.55
646,2016-08-20T18:10:00,23.55
647,2016-08-20T18:15:00,23.55
648,2016-08-20T18:20:00,23.55
649,2016-08-20T18:25:00,23.55
650,2016-08-20T18:30:00,23.55
651,2016-08-20T18:35:00,23.55
652,2016-08-20T18:40:00,23.56
653,2016-08-20T18:45:00,23.55
654,2016-08-20T18:50:00,23.55
655,2016-08-20T18:55:00,23.56
656,2016-08-20T19:00:00,23.57
657,2016-08-20T19:05:00,23.6
658,2016-08-20T19:10:00,23.64
659,2016-08-20T19:15:00,23.64
660,2016-08-20T19:20:00,23.65
661,2016-08-20T19:25:00,23.68
662,2016-08-20T19:30:00,23.71
663,2016-08-20T19:35:00,23.66
664,2016-08-20T19:40:00,23.69
665,2016-08-20T19:45:00,23.69
666,2016-08-20T19:50:00,23.77
667,2016-08-20T19:55:00,23.79
668,2016-08-20T20:00:00,23.81
669,2016-08-20T20:05:00,23.86
670,2016-08-20T20:10:00,23.83
671,2016-08-20T20:15:00,23.82
672,2016-08-20T20:20:00,23.85
673,2016-08-20T20:25:00,23.85
674,2016-08-20T20:30:00,23.84
675,2016-08-20T20:35:00,23.77
676,2016-08-20T20:40:00,23.82
677,2016-08-20T20:45:00,23.75
678,2016-08-20T20:50:00,23.64
679,2016-08-20T20:55:00,23.67
680,2016-08-20T21:00:00,23.65
681,2016-08-20T21:05:00,23.65
682,2016-08-20T21:10:00,23.61
683,2016-08-20T21:15:00,23.59
684,2016-08-20T21:20:00,23.6
685,2016-08-20T21:25:00,23.57
686,2016-08-20T21:30:00,23.55
687,2016-08-20T21:35:00,23.56
688,2016-08-20T21:40:00,23.55
689,2016-08-20T21:45:00,23.56
690,2016-08-20T21:50:00,23.55
691,2016-08-20T21:55:00,23.55
692,2016-08-20T22:00:00,23.55
693,2016-08-20T22:05:00,23.55
694,2016-08-20T22:10:00,23.55
695,2016-08-20T22:15:00,23.55
696,2016-08-20T22:20:00,23.55
697,2016-08-20T22:25:00,23.55
698,2016-08-20T22:30:00,23.55
699,2016-08-20T22:35:00,23.55
700,2016-08-20T22:40:00,23.55
701,2016-08-20T22:45:00,23.55
702,2016-08-20T22:50:00,23.55
703,2016-08-20T22:55:00,23.55
704,2016-08-20T23:00:00,23.55
705,2016-08-20T23:05:00,23.55
706,2016-08-20T23:10:00,23.55
707,2016-08-20T23:15:00,23.55
708,2016-08-20T23:20:00,23.55
709,2016-08-20T23:25:00,23.55
710,2016-08-20T23:30:00,23.53
711,2016-08-20T23:35:00,23.49
712,2016-08-20T23:40:00,23.39
713,2016-08-20T23:45:00,23.37
714,2016-08-20T23:50:00,23.24
715,2016-08-20T23:55:00,23.27
716,2016-08-21T00:00:00,23.24
717,2016-08-21T00:05:00,23.23
718,2016-08-21T00:10:00,23.23
719,2016-08-21T00:15:00,23.23
720,2016-08-21T00:20:00,23.23
721,2016-08-21T00:25:00,23.23
722,2016-08-21T00:30:00,23.23
723,2016-08-21T00:35:00,23.23
724,2016-08-21T00:40:00,23.23
725,2016-08-21T00:45:00,23.23
726,2016-08-21T00:50:00,23.23
727,2016-08-21T00:55:00,23.23
728,2016-08-21T01:00:00,23.23
729,2016-08-21T01:05:00,23.23
730,2016-08-21T01:10:00,23.23
731,2016-08-21T01:15:00,23.23
732,2016-08-21T01:20:00,23.24
733,2016-08-21T01:25:00,23.22
734,2016-08-21T01:30:00,23.22
735,2016-08-21T01:35:00,23.22
736,2016-08-21T01:40:00,23.23
737,2016-08-21T01:45:00,23.17
738,2016-08-21T01:50:00,23.15
739,2016-08-21T01:55:00,23.1
740,2016-08-21T02:00:00,23.1
741,2016-08-21T02:05:00,23.01
742,2016-08-21T02:10:00,22.91
743,2016-08-21T02:15:00,22.9
744,2016-08-21T02:20:00,22.93
745,2016-08-21T02:25:00,22.9
746,2016-08-21T02:30:00,22.91
747,2016-08-21T02:35:00,22.9
748,2016-08-21T02:40:00,22.9
749,2016-08-21T02:45:00,22.9
750,2016-08-21T02:50:00,22.9
751,2016-08-21T02:55:00,22.9
752,2016-08-21T03:00:00,22.9
753,2016-08-21T03:05:00,22.9
754,2016-08-21T03:10:00,22.9
755,2016-08-21T03:15:00,22.9
756,2016-08-21T03:20:00,22.9
757,2016-08-21T03:25:00,22.9
758,2016-08-21T03:30:00,22.9
759,2016-08-21T03:35:00,22.89
760,2016-08-21T03:40:00,22.9
761,2016-08-21T03:45:00,22.9
762,2016-08-21T03:50:00,22.88
763,2016-08-21T03:55:00,22.9
764,2016-08-21T04:00:00,22.9
765,2016-08-21T04:05:00,22.89
766,2016-08-21T04:10:00,22.89
767,2016-08-21T04:15:00,22.88
768,2016-08-21T04:20:00,22.86
769,2016-08-21T04:25:00,22.89
770,2016-08-21T04:30:00,22.89
771,2016-08-21T04:35:00,22.9
772,2016-08-21T04:40:00,22.86
773,2016-08-21T04:45:00,22.89
774,2016-08-21T04:50:00,22.86
775,2016-08-21T04:55:00,22.84
776,2016-08-21T05:00:00,22.81
777,2016-08-21T05:05:00,22.73
778,2016-08-21T05:10:00,22.66
779,2016-08-21T05:15:00,22.65
780,2016-08-21T05:20:00,22.6
781,2016-08-21T05:25:00,22.59
782,2016-08-21T05:30:00,22.62
783,2016-08-21T05:35:00,22.59
784,2016-08-21T05:40:00,22.59
785,2016-08-21T05:45:00,22.58
786,2016-08-21T05:50:00,22.53
787,2016-08-21T05:55:00,22.58
788,2016-08-21T06:00:00,22.58
789,2016-08-21T06:05:00,22.58
790,2016-08-21T06:10:00,22.58
791,2016-08-21T06:15:00,22.57
792,2016-08-21T06:20:00,22.57
793,2016-08-21T06:25:00,22.47
794,2016-08-21T06:30:00,22.44
795,2016-08-21T06:35:00,22.54
796,2016-08-21T06:40:00,22.54
797,2016-08-21T06:45:00,22.58
798,2016-08-21T06:50:00,22.55
799,2016-08-21T06:55:00,22.57
800,2016-08-21T07:00:00,22.56
801,2016-08-21T07:05:00,22.54
802,2016-08-21T07:10:00,22.42
803,2016-08-21T07:15:00,22.36
804,2016-08-21T07:20:00,22.28
805,2016-08-21T07:25:00,22.26
806,2016-08-21T07:30:00,22.26
807,2016-08-21T07:35:00,22.26
808,2016-08-21T07:40:00,22.26
809,2016-08-21T07:45:00,22.26
810,2016-08-21T07:50:00,22.26
811,2016-08-21T07:55:00,22.26
812,2016-08-21T08:00:00,22.26
813,2016-08-21T08:05:00,22.26
814,2016-08-21T08:10:00,22.26
815,2016-08-21T08:15:00,22.26
816,2016-08-21T08:20:00,22.26
817,2016-08-21T08:25:00,22.26
818,2016-08-21T08:30:00,22.26
819,2016-08-21T08:35:00,22.26
820,2016-08-21T08:40:00,22.26
821,2016-08-21T08:45:00,22.26
822,2016-08-21T08:50:00,22.27
823,2016-08-21T08:55:00,22.26
824,2016-08-21T09:00:00,22.26
825,2016-08-21T09:05:00,22.29
826,2016-08-21T09:10:00,22.48
827,2016-08-21T09:15:00,22.57
828,2016-08-21T09:20:00,22.58
829,2016-08-21T09:25:00,22.57
830,2016-08-21T09:30:00,22.57
831,2016-08-21T09:35:00,22.57
832,2016-08-21T09:40:00,22.58
833,2016-08-21T09:45:00,22.58
834,2016-08-21T09:50:00,22.58
835,2016-08-21T09:55:00,22.58
836,2016-08-21T10:00:00,22.58
837,2016-08-21T10:05:00,22.58
838,2016-08-21T10:10:00,22.66
839,2016-08-21T10:15:00,22.86
840,2016-08-21T10:20:00,22.9
841,2016-08-21T10:25:00,22.9
842,2016-08-21T10:30:00,22.89
843,2016-08-21T10:35:00,22.9
844,2016-08-21T10:40:00,22.9
845,2016-08-21T10:45:00,22.9
846,2016-08-21T10:50:00,22.9
847,2016-08-21T10:55:00,22.94
848,2016-08-21T11:00:00,23.14
849,2016-08-21T11:05:00,23.23
850,2016-08-21T11:10:00,23.23
851,2016-08-21T11:15:00,23.38
852,2016-08-21T11:20:00,23.87
853,2016-08-21T11:25:00,23.93
854,2016-08-21T11:30:00,24.71
855,2016-08-21T11:35:00,25.95
856,2016-08-21T11:40:00,26.38
857,2016-08-21T11:45:00,25.99
858,2016-08-21T11:50:00,25.8
859,2016-08-21T11:55:00,25.73
860,2016-08-21T12:00:00,25.27
861,2016-08-21T12:05:00,24.93
862,2016-08-21T12:10:00,25.33
863,2016-08-21T12:15:00,25.65
864,2016-08-21T12:20:00,25.28
865,2016-08-21T12:25:00,24.84
866,2016-08-21T12:30:00,25.27
867,2016-08-21T12:35:00,26.39
868,2016-08-21T12:40:00,26.41
869,2016-08-21T12:45:00,25.76
870,2016-08-21T12:50:00,25.28
871,2016-08-21T12:55:00,25.16
872,2016-08-21T13:00:00,25.12
873,2016-08-21T13:05:00,25.2
874,2016-08-21T13:10:00,26.03
875,2016-08-21T13:15:00,26.35
876,2016-08-21T13:20:00,26.44
877,2016-08-21T13:25:00,27.63
878,2016-08-21T13:30:00,28.14
879,2016-08-21T13:35:00,28.02
880,2016-08-21T13:40:00,27.01
881,2016-08-21T13:45:00,27.74
882,2016-08-21T13:50:00,27.48
883,2016-08-21T13:55:00,28.16
884,2016-08-21T14:00:00,27.21
885,2016-08-21T14:05:00,27.43
886,2016-08-21T14:10:00,27.7
887,2016-08-21T14:15:00,27.77
888,2016-08-21T14:20:00,26.5
889,2016-08-21T14:25:00,25.76
890,2016-08-21T14:30:00,25.32
891,2016-08-21T14:35:00,25.13
892,2016-08-21T14:40:00,24.88
893,2016-08-21T14:45:00,24.84
894,2016-08-21T14:50:00,24.71
895,2016-08-21T14:55:00,24.54
896,2016-08-21T15:00:00,24.52
897,2016-08-21T15:05:00,24.52
898,2016-08-21T15:10:00,24.52
899,2016-08-21T15:15:00,24.52
900,2016-08-21T15:20:00,24.52
901,2016-08-21T15:25:00,24.52
902,2016-08-21T15:30:00,24.52
903,2016-08-21T15:35:00,24.51
904,2016-08-21T15:40:00,24.49
905,2016-08-21T15:45:00,24.44
906,2016-08-21T15:50:00,24.2
907,2016-08-21T15:55:00,24.19
908,2016-08-21T16:00:00,24.19
909,2016-08-21T16:05:00,24.19
910,2016-08-21T16:10:00,24.19
911,2016-08-21T16:15:00,24.19
912,2016-08-21T16:20:00,24.2
913,2016-08-21T16:25:00,24.19
914,2016-08-21T16:30:00,24.19
915,2016-08-21T16:35:00,24.23
916,2016-08-21T16:40:00,24.47
917,2016-08-21T16:45:00,24.52
918,2016-08-21T16:50:00,24.52
919,2016-08-21T16:55:00,24.52
920,2016-08-21T17:00:00,24.57
921,2016-08-21T17:05:00,24.8
922,2016-08-21T17:10:00,24.84
923,2016-08-21T17:15:00,24.83
924,2016-08-21T17:20:00,24.84
925,2016-08-21T17:25:00,24.84
926,2016-08-21T17:30:00,24.84
927,2016-08-21T17:35:00,24.88
928,2016-08-21T17:40:00,24.87
929,2016-08-21T17:45:00,24.85
930,2016-08-21T17:50:00,24.98
931,2016-08-21T17:55:00,25.02
932,2016-08-21T18:00:00,25.1
933,2016-08-21T18:05:00,25.12
934,2016-08-21T18:10:00,25.07
935,2016-08-21T18:15:00,25.06
936,2016-08-21T18:20:00,25.12
937,2016-08-21T18:25:00,25.07
938,2016-08-21T18:30:00,25.12
939,2016-08-21T18:35:00,25.12
940,2016-08-21T18:40:00,25.09
941,2016-08-21T18:45:00,25.06
942,2016-08-21T18:50:00,25.06
943,2016-08-21T18:55:00,24.94
944,2016-08-21T19:00:00,24.97
945,2016-08-21T19:05:00,24.99
946,2016-08-21T19:10:00,24.96
947,2016-08-21T19:15:00,24.9
948,2016-08-21T19:20:00,24.92
949,2016-08-21T19:25:00,24.98
950,2016-08-21T19:30:00,25.05
951,2016-08-21T19:35:00,24.97
952,2016-08-21T19:40:00,25.05
953,2016-08-21T19:45:00,25.1
954,2016-08-21T19:50:00,25.11
955,2016-08-21T19:55:00,25.12
956,2016-08-21T20:00:00,25.14
957,2016-08-21T20:05:00,25.15
958,2016-08-21T20:10:00,25.07
959,2016-08-21T20:15:00,25.07
960,2016-08-21T20:20:00,24.98
961,2016-08-21T20:25:00,24.89
962,2016-08-21T20:30:00,24.86
963,2016-08-21T20:35:00,24.84
964,2016-08-21T20:40:00,24.84
965,2016-08-21T20:45:00,24.84
966,2016-08-21T20:50:00,24.84
967,2016-08-21T20:55:00,24.84
968,2016-08-21T21:00:00,24.84
969,2016-08-21T21:05:00,24.84
970,2016-08-21T21:10:00,24.84
971,2016-08-21T21:15:00,24.84
972,2016-08-21T21:20:00,24.84
973,2016-08-21T21:25:00,24.84
974,2016-08-21T21:30:00,24.84
975,2016-08-21T21:35:00,24.84
976,2016-08-21T21:40:00,24.84
977,2016-08-21T21:45:00,24.76
978,2016-08-21T21:50:00,24.74
979,2016-08-21T21:55:00,24.73
980,2016-08-21T22:00:00,24.66
981,2016-08-21T22:05:00,24.55
982,2016-08-21T22:10:00,24.53
983,2016-08-21T22:15:00,24.53
984,2016-08-21T22:20:00,24.52
985,2016-08-21T22:25:00,24.52
986,2016-08-21T22:30:00,24.53
987,2016-08-21T22:35:00,24.52
988,2016-08-21T22:40:00,24.47
989,2016-08-21T22:45:00,24.52
990,2016-08-21T22:50:00,24.57
991,2016-08-21T22:55:00,24.44
992,2016-08-21T23:00:00,24.37
993,2016-08-21T23:05:00,24.24
994,2016-08-21T23:10:00,24.19
995,2016-08-21T23:15:00,24.19
996,2016-08-21T23:20:00,24.19
997,2016-08-21T23:25:00,24.19
998,2016-08-21T23:30:00,24.19
999,2016-08-21T23:35:00,24.19
1000,2016-08-21T23:40:00,24.19
1001,2016-08-21T23:45:00,24.19
1002,2016-08-21T23:50:00,24.19
1003,2016-08-21T23:55:00,24.19
1004,2016-08-22T00:00:00,24.19
1005,2016-08-22T00:05:00,24.18
1006,2016-08-22T00:10:00,24.19
1007,2016-08-22T00:15:00,24.12
1008,2016-08-22T00:20:00,24.14
1009,2016-08-22T00:25:00,24.14
1010,2016-08-22T00:30:00,24.04
1011,2016-08-22T00:35:00,24.02
1012,2016-08-22T00:40:00,23.91
1013,2016-08-22T00:45:00,23.96
1014,2016-08-22T00:50:00,23.87
1015,2016-08-22T00:55:00,23.87
1016,2016-08-22T01:00:00,23.87
1017,2016-08-22T01:05:00,23.87
1018,2016-08-22T01:10:00,23.87
1019,2016-08-22T01:15:00,23.87
1020,2016-08-22T01:20:00,23.87
1021,2016-08-22T01:25:00,23.87
1022,2016-08-22T01:30:00,23.87
1023,2016-08-22T01:35:00,23.87
1024,2016-08-22T01:40:00,23.87
1025,2016-08-22T01:45:00,23.87
1026,2016-08-22T01:50:00,23.87
1027,2016-08-22T01:55:00,23.87
1028,2016-08-22T02:00:00,23.83
1029,2016-08-22T02:05:00,23.76
1030,2016-08-22T02:10:00,23.69
1031,2016-08-22T02:15:00,23.65
1032,2016-08-22T02:20:00,23.59
1033,2016-08-22T02:25:00,23.6
1034,2016-08-22T02:30:00,23.56
1035,2016-08-22T02:35:00,23.55
1036,2016-08-22T02:40:00,23.56
1037,2016-08-22T02:45:00,23.55
1038,2016-08-22T02:50:00,23.55
1039,2016-08-22T02:55:00,23.55
1040,2016-08-22T03:00:00,23.55
1041,2016-08-22T03:05:00,23.55
1042,2016-08-22T03:10:00,23.55
1043,2016-08-22T03:15:00,23.55
1044,2016-08-22T03:20:00,23.55
1045,2016-08-22T03:25:00,23.55
1046,2016-08-22T03:30:00,23.55
1047,2016-08-22T03:35:00,23.55
1048,2016-08-22T03:40:00,23.55
1049,2016-08-22T03:45:00,23.55
1050,2016-08-22T03:50:00,23.55
1051,2016-08-22T03:55:00,23.55
1052,2016-08-22T04:00:00,23.55
1053,2016-08-22T04:05:00,23.53
1054,2016-08-22T04:10:00,23.55
1055,2016-08-22T04:15:00,23.46
1056,2016-08-22T04:20:00,23.53
1057,2016-08-22T04:25:00,23.44
1058,2016-08-22T04:30:00,23.4
1059,2016-08-22T04:35:00,23.38
1060,2016-08-22T04:40:00,23.3
1061,2016-08-22T04:45:00,23.29
1062,2016-08-22T04:50:00,23.3
1063,2016-08-22T04:55:00,23.33
1064,2016-08-22T05:00:00,23.3
1065,2016-08-22T05:05:00,23.36
1066,2016-08-22T05:10:00,23.24
1067,2016-08-22T05:15:00,23.28
1068,2016-08-22T05:20:00,23.26
1069,2016-08-22T05:25:00,23.23
1070,2016-08-22T05:30:00,23.23
1071,2016-08-22T05:35:00,23.23
1072,2016-08-22T05:40:00,23.23
1073,2016-08-22T05:45:00,23.24
1074,2016-08-22T05:50:00,23.25
1075,2016-08-22T05:55:00,23.23
1076,2016-08-22T06:00:00,23.23
1077,2016-08-22T06:05:00,23.23
1078,2016-08-22T06:10:00,23.23
1079,2016-08-22T06:15:00,23.23
1080,2016-08-22T06:20:00,23.23
1081,2016-08-22T06:25:00,23.26
1082,2016-08-22T06:30:00,23.23
1083,2016-08-22T06:35:00,23.23
1084,2016-08-22T06:40:00,23.23
1085,2016-08-22T06:45:00,23.23
1086,2016-08-22T06:50:00,23.23
1087,2016-08-22T06:55:00,23.23
1088,2016-08-22T07:00:00,23.23
1089,2016-08-22T07:05:00,23.23
1090,2016-08-22T07:10:00,23.2
1091,2016-08-22T07:15:00,23.22
1092,2016-08-22T07:20:00,23.23
1093,2016-08-22T07:25:00,23.23
1094,2016-08-22T07:30:00,23.19
1095,2016-08-22T07:35:00,23.16
1096,2016-08-22T07:40:00,23.14
1097,2016-08-22T07:45:00,23.13
1098,2016-08-22T07:50:00,23.11
1099,2016-08-22T07:55:00,23.13
1100,2016-08-22T08:00:00,23.08
1101,2016-08-22T08:05:00,22.97
1102,2016-08-22T08:10:00,23.06
1103,2016-08-22T08:15:00,23.08
1104,2016-08-22T08:20:00,23.13
1105,2016-08-22T08:25:00,23.18
1106,2016-08-22T08:30:00,23.18
1107,2016-08-22T08:35:00,23.18
1108,2016-08-22T08:40:00,23.22
1109,2016-08-22T08:45:00,23.23
1110,2016-08-22T08:50:00,23.23
1111,2016-08-22T08:55:00,23.23
1112,2016-08-22T09:00:00,23.23
1113,2016-08-22T09:05:00,23.23
1114,2016-08-22T09:10:00,23.23
1115,2016-08-22T09:15:00,23.23
1116,2016-08-22T09:20:00,23.23
1117,2016-08-22T09:25:00,23.23
1118,2016-08-22T09:30:00,23.23
1119,2016-08-22T09:35:00,23.23
1120,2016-08-22T09:40:00,23.28
1121,2016-08-22T09:45:00,23.35
1122,2016-08-22T09:50:00,23.35
1123,2016-08-22T09:55:00,23.54
1124,2016-08-22T10:00:00,23.55
1125,2016-08-22T10:05:00,23.76
1126,2016-08-22T10:10:00,23.64
1127,2016-08-22T10:15:00,23.69
1128,2016-08-22T10:20:00,23.6
1129,2016-08-22T10:25:00,23.78
1130,2016-08-22T10:30:00,23.85
1131,2016-08-22T10:35:00,23.87
1132,2016-08-22T10:40:00,23.86
1133,2016-08-22T10:45:00,23.87
1134,2016-08-22T10:50:00,23.86
1135,2016-08-22T10:55:00,23.87
1136,2016-08-22T11:00:00,23.87
1137,2016-08-22T11:05:00,23.87
1138,2016-08-22T11:10:00,23.88
1139,2016-08-22T11:15:00,23.87
1140,2016-08-22T11:20:00,24.12
1141,2016-08-22T11:25:00,24.19
1142,2016-08-22T11:30:00,24.05
1143,2016-08-22T11:35:00,23.87
1144,2016-08-22T11:40:00,23.87
1145,2016-08-22T11:45:00,23.87
1146,2016-08-22T11:50:00,23.87
1147,2016-08-22T11:55:00,23.78
1148,2016-08-22T12:00:00,23.56
1149,2016-08-22T12:05:00,23.57
1150,2016-08-22T12:10:00,23.56
1151,2016-08-22T12:15:00,23.55
1152,2016-08-22T12:20:00,23.55
1153,2016-08-22T12:25:00,23.55
1154,2016-08-22T12:30:00,23.55
1155,2016-08-22T12:35:00,23.66
1156,2016-08-22T12:40:00,23.83
1157,2016-08-22T12:45:00,23.87
1158,2016-08-22T12:50:00,23.87
1159,2016-08-22T12:55:00,23.87
1160,2016-08-22T13:00:00,23.87
1161,2016-08-22T13:05:00,23.87
1162,2016-08-22T13:10:00,23.87
1163,2016-08-22T13:15:00,23.87
1164,2016-08-22T13:20:00,23.86
1165,2016-08-22T13:25:00,23.83
1166,2016-08-22T13:30:00,23.81
1167,2016-08-22T13:35:00,23.72
1168,2016-08-22T13:40:00,23.61
1169,2016-08-22T13:45:00,23.56
1170,2016-08-22T13:50:00,23.55
1171,2016-08-22T13:55:00,23.61
1172,2016-08-22T14:00:00,23.6
1173,2016-08-22T14:05:00,23.56
1174,2016-08-22T14:10:00,23.78
1175,2016-08-22T14:15:00,23.73
1176,2016-08-22T14:20:00,23.61
1177,2016-08-22T14:25:00,23.75
1178,2016-08-22T14:30:00,23.88
1179,2016-08-22T14:35:00,23.87
1180,2016-08-22T14:40:00,23.87
1181,2016-08-22T14:45:00,23.86
1182,2016-08-22T14:50:00,23.88
1183,2016-08-22T14:55:00,24.05
1184,2016-08-22T15:00:00,25.1
1185,2016-08-22T15:05:00,25.29
1186,2016-08-22T15:15:00,26.45
1187,2016-08-22T15:20:00,26.45
1188,2016-08-22T15:25:00,25.88
1189,2016-08-22T15:30:00,25.35
1190,2016-08-22T15:35:00,25.16
1191,2016-08-22T15:40:00,24.97
1192,2016-08-22T15:45:00,24.84
1193,2016-08-22T15:50:00,24.81
1194,2016-08-22T15:55:00,24.59
1195,2016-08-22T16:00:00,24.55
1196,2016-08-22T16:05:00,24.65
1197,2016-08-22T16:10:00,24.84
1198,2016-08-22T16:15:00,24.84
1199,2016-08-22T16:20:00,24.74
1200,2016-08-22T16:25:00,24.65
1201,2016-08-22T16:30:00,24.73
1202,2016-08-22T16:35:00,24.84
1203,2016-08-22T16:40:00,24.71
1204,2016-08-22T16:45:00,24.58
1205,2016-08-22T16:50:00,24.52
1206,2016-08-22T16:55:00,24.55
1207,2016-08-22T17:00:00,24.52
1208,2016-08-22T17:05:00,24.74
1209,2016-08-22T17:10:00,25
1210,2016-08-22T17:15:00,25
1211,2016-08-22T17:20:00,24.84
1212,2016-08-22T17:25:00,24.84
1213,2016-08-22T17:30:00,24.62
1214,2016-08-22T17:35:00,24.52
1215,2016-08-22T17:40:00,24.52
1216,2016-08-22T17:45:00,24.52
1217,2016-08-22T17:50:00,24.52
1218,2016-08-22T17:55:00,24.52
1219,2016-08-22T18:00:00,24.52
1220,2016-08-22T18:05:00,24.52
1221,2016-08-22T18:10:00,24.52
1222,2016-08-22T18:15:00,24.52
1223,2016-08-22T18:20:00,24.52
1224,2016-08-22T18:25:00,24.52
1225,2016-08-22T18:30:00,24.52
1226,2016-08-22T18:35:00,24.52
1227,2016-08-22T18:40:00,24.52
1228,2016-08-22T18:45:00,24.52
1229,2016-08-22T18:50:00,24.45
1230,2016-08-22T18:55:00,24.26
1231,2016-08-22T19:00:00,24.22
1232,2016-08-22T19:05:00,24.19
1233,2016-08-22T19:10:00,24.19
1234,2016-08-22T19:15:00,24.19
1235,2016-08-22T19:20:00,24.19
1236,2016-08-22T19:25:00,24.06
1237,2016-08-22T19:30:00,23.93
1238,2016-08-22T19:35:00,23.87
1239,2016-08-22T19:40:00,23.87
1240,2016-08-22T19:45:00,23.87
1241,2016-08-22T19:50:00,23.87
1242,2016-08-22T19:55:00,23.87
1243,2016-08-22T20:00:00,23.87
1244,2016-08-22T20:05:00,23.87
1245,2016-08-22T20:10:00,23.81
1246,2016-08-22T20:15:00,23.65
1247,2016-08-22T20:20:00,23.55
1248,2016-08-22T20:25:00,23.55
1249,2016-08-22T20:30:00,23.55
1250,2016-08-22T20:35:00,23.55
1251,2016-08-22T20:40:00,23.55
1252,2016-08-22T20:45:00,23.55
1253,2016-08-22T20:50:00,23.51
1254,2016-08-22T20:55:00,23.55
1255,2016-08-22T21:00:00,23.55
1256,2016-08-22T21:05:00,23.52
1257,2016-08-22T21:10:00,23.32
1258,2016-08-22T21:15:00,23.33
1259,2016-08-22T21:20:00,23.29
1260,2016-08-22T21:25:00,23.23
1261,2016-08-22T21:30:00,23.23
1262,2016-08-22T21:35:00,23.23
1263,2016-08-22T21:40:00,23.23
1264,2016-08-22T21:45:00,23.23
1265,2016-08-22T21:50:00,23.23
1266,2016-08-22T21:55:00,23.23
1267,2016-08-22T22:00:00,23.23
1268,2016-08-22T22:05:00,23.23
1269,2016-08-22T22:10:00,23.23
1270,2016-08-22T22:15:00,23.23
1271,2016-08-22T22:20:00,23.23
1272,2016-08-22T22:25:00,23.16
1273,2016-08-22T22:30:00,23.06
1274,2016-08-22T22:35:00,22.99
1275,2016-08-22T22:40:00,22.94
1276,2016-08-22T22:45:00,22.9
1277,2016-08-22T22:50:00,22.9
1278,2016-08-22T22:55:00,22.9
1279,2016-08-22T23:00:00,22.9
1280,2016-08-22T23:05:00,22.9
1281,2016-08-22T23:10:00,22.9
1282,2016-08-22T23:15:00,22.9
1283,2016-08-22T23:20:00,22.9
1284,2016-08-22T23:25:00,22.9
1285,2016-08-22T23:30:00,22.9
1286,2016-08-22T23:35:00,22.9
1287,2016-08-22T23:40:00,22.9
1288,2016-08-22T23:45:00,22.87
1289,2016-08-22T23:50:00,22.9
1290,2016-08-22T23:55:00,22.9
1291,2016-08-23T00:00:00,22.87
1292,2016-08-23T00:05:00,22.86
1293,2016-08-23T00:10:00,22.78
1294,2016-08-23T00:15:00,22.79
1295,2016-08-23T00:20:00,22.85
1296,2016-08-23T00:25:00,22.63
1297,2016-08-23T00:30:00,22.68
1298,2016-08-23T00:35:00,22.69
1299,2016-08-23T00:40:00,22.58
1300,2016-08-23T00:45:00,22.62
1301,2016-08-23T00:50:00,22.58
1302,2016-08-23T00:55:00,22.58
1303,2016-08-23T01:00:00,22.61
1304,2016-08-23T01:05:00,22.58
1305,2016-08-23T01:10:00,22.58
1306,2016-08-23T01:15:00,22.58
1307,2016-08-23T01:20:00,22.62
1308,2016-08-23T01:25:00,22.58
1309,2016-08-23T01:30:00,22.58
1310,2016-08-23T01:35:00,22.58
1311,2016-08-23T01:40:00,22.58
1312,2016-08-23T01:45:00,22.58
1313,2016-08-23T01:50:00,22.58
1314,2016-08-23T01:55:00,22.58
1315,2016-08-23T02:00:00,22.58
1316,2016-08-23T02:05:00,22.58
1317,2016-08-23T02:10:00,22.58
1318,2016-08-23T02:15:00,22.58
1319,2016-08-23T02:20:00,22.58
1320,2016-08-23T02:25:00,22.54
1321,2016-08-23T02:30:00,22.58
1322,2016-08-23T02:35:00,22.58
1323,2016-08-23T02:40:00,22.55
1324,2016-08-23T02:45:00,22.58
1325,2016-08-23T02:50:00,22.54
1326,2016-08-23T02:55:00,22.55
1327,2016-08-23T03:00:00,22.52
1328,2016-08-23T03:05:00,22.55
1329,2016-08-23T03:10:00,22.51
1330,2016-08-23T03:15:00,22.55
1331,2016-08-23T03:20:00,22.47
1332,2016-08-23T03:25:00,22.45
1333,2016-08-23T03:30:00,22.54
1334,2016-08-23T03:35:00,22.44
1335,2016-08-23T03:40:00,22.42
1336,2016-08-23T03:45:00,22.32
1337,2016-08-23T03:50:00,22.47
1338,2016-08-23T03:55:00,22.37
1339,2016-08-23T04:00:00,22.26
1340,2016-08-23T04:05:00,22.29
1341,2016-08-23T04:10:00,22.32
1342,2016-08-23T04:15:00,22.29
1343,2016-08-23T04:20:00,22.26
1344,2016-08-23T04:25:00,22.3
1345,2016-08-23T04:30:00,22.26
1346,2016-08-23T04:35:00,22.31
1347,2016-08-23T04:40:00,22.26
1348,2016-08-23T04:45:00,22.3
1349,2016-08-23T04:50:00,22.26
1350,2016-08-23T04:55:00,22.26
1351,2016-08-23T05:00:00,22.26
1352,2016-08-23T05:05:00,22.26
1353,2016-08-23T05:10:00,22.26
1354,2016-08-23T05:15:00,22.26
1355,2016-08-23T05:20:00,22.26
1356,2016-08-23T05:25:00,22.26
1357,2016-08-23T05:30:00,22.26
1358,2016-08-23T05:35:00,22.26
1359,2016-08-23T05:40:00,22.26
1360,2016-08-23T05:45:00,22.26
1361,2016-08-23T05:50:00,22.26
1362,2016-08-23T05:55:00,22.29
1363,2016-08-23T06:00:00,22.26
1364,2016-08-23T06:05:00,22.29
1365,2016-08-23T06:10:00,22.26
1366,2016-08-23T06:15:00,22.26
1367,2016-08-23T06:20:00,22.42
1368,2016-08-23T06:25:00,22.26
1369,2016-08-23T06:30:00,22.26
1370,2016-08-23T06:35:00,22.26
1371,2016-08-23T06:40:00,22.26
1372,2016-08-23T06:45:00,22.23
1373,2016-08-23T06:50:00,22.23
1374,2016-08-23T06:55:00,22.2
1375,2016-08-23T07:00:00,22.15
1376,2016-08-23T07:05:00,22.04
1377,2016-08-23T07:10:00,22.15
1378,2016-08-23T07:15:00,22.2
1379,2016-08-23T07:20:00,22.23
1380,2016-08-23T07:25:00,22.08
1381,2016-08-23T07:30:00,22.16
1382,2016-08-23T07:35:00,22.26
1383,2016-08-23T07:40:00,22.26
1384,2016-08-23T07:45:00,22.26
1385,2016-08-23T07:50:00,22.26
1386,2016-08-23T07:55:00,22.26
1387,2016-08-23T08:00:00,22.26
1388,2016-08-23T08:05:00,22.26
1389,2016-08-23T08:10:00,22.26
1390,2016-08-23T08:15:00,22.26
1391,2016-08-23T08:20:00,22.29
1392,2016-08-23T08:25:00,22.45
1393,2016-08-23T08:30:00,22.58
1394,2016-08-23T08:35:00,22.58
1395,2016-08-23T08:40:00,22.58
1396,2016-08-23T08:45:00,22.58
1397,2016-08-23T08:50:00,22.62
1398,2016-08-23T08:55:00,22.8
1399,2016-08-23T09:00:00,22.83
1400,2016-08-23T09:05:00,22.9
1401,2016-08-23T09:10:00,22.9
1402,2016-08-23T09:15:00,22.9
1403,2016-08-23T09:20:00,22.9
1404,2016-08-23T09:25:00,22.9
1405,2016-08-23T09:30:00,22.9
1406,2016-08-23T09:35:00,22.94
1407,2016-08-23T09:40:00,23.1
1408,2016-08-23T09:45:00,23.19
1409,2016-08-23T09:50:00,23.23
1410,2016-08-23T09:55:00,23.23
1411,2016-08-23T10:00:00,23.23
1412,2016-08-23T10:05:00,23.23
1413,2016-08-23T10:10:00,23.26
1414,2016-08-23T10:15:00,23.39
1415,2016-08-23T10:20:00,23.55
1416,2016-08-23T10:25:00,23.55
1417,2016-08-23T10:30:00,23.55
1418,2016-08-23T10:35:00,23.55
1419,2016-08-23T10:40:00,23.55
1420,2016-08-23T10:45:00,23.55
1421,2016-08-23T10:50:00,23.55
1422,2016-08-23T10:55:00,23.55
1423,2016-08-23T11:00:00,23.64
1424,2016-08-23T11:05:00,23.71
1425,2016-08-23T11:10:00,23.58
1426,2016-08-23T11:15:00,23.61
1427,2016-08-23T11:20:00,23.77
1428,2016-08-23T11:25:00,23.87
1429,2016-08-23T11:30:00,23.87
1430,2016-08-23T11:35:00,23.87
1431,2016-08-23T11:40:00,23.87
1432,2016-08-23T11:45:00,23.84
1433,2016-08-23T11:50:00,23.8
1434,2016-08-23T11:55:00,23.71
1435,2016-08-23T12:00:00,23.64
1436,2016-08-23T12:05:00,23.74
1437,2016-08-23T12:10:00,23.84
1438,2016-08-23T12:15:00,23.87
1439,2016-08-23T12:20:00,23.87
1440,2016-08-23T12:25:00,23.87
1441,2016-08-23T12:30:00,23.87
1442,2016-08-23T12:35:00,23.87
1443,2016-08-23T12:40:00,23.87
1444,2016-08-23T12:45:00,24
1445,2016-08-23T12:50:00,24.06
1446,2016-08-23T12:55:00,24.15
1447,2016-08-23T13:00:00,24.16
1448,2016-08-23T13:05:00,24.19
1449,2016-08-23T13:10:00,24.19
1450,2016-08-23T13:15:00,24.22
1451,2016-08-23T13:20:00,24.32
1452,2016-08-23T13:25:00,24.45
1453,2016-08-23T13:30:00,24.45
1454,2016-08-23T13:35:00,24.45
1455,2016-08-23T13:40:00,24.49
1456,2016-08-23T13:45:00,24.52
1457,2016-08-23T13:50:00,24.52
1458,2016-08-23T13:55:00,24.52
1459,2016-08-23T14:00:00,24.52
1460,2016-08-23T14:05:00,24.74
1461,2016-08-23T14:10:00,24.84
1462,2016-08-23T14:15:00,24.9
1463,2016-08-23T14:20:00,24.81
1464,2016-08-23T14:25:00,24.58
1465,2016-08-23T14:30:00,24.52
1466,2016-08-23T14:35:00,24.52
1467,2016-08-23T14:40:00,24.52
1468,2016-08-23T14:45:00,24.65
1469,2016-08-23T14:50:00,24.58
1470,2016-08-23T14:55:00,24.77
1471,2016-08-23T15:00:00,24.84
1472,2016-08-23T15:05:00,24.84
1473,2016-08-23T15:10:00,24.84
1474,2016-08-23T15:15:00,25.74
1475,2016-08-23T15:20:00,25.87
1476,2016-08-23T15:25:00,25.45
1477,2016-08-23T15:30:00,25.22
1478,2016-08-23T15:35:00,25
1479,2016-08-23T15:40:00,24.84
1480,2016-08-23T15:45:00,24.77
1481,2016-08-23T15:50:00,24.52
1482,2016-08-23T15:55:00,24.52
1483,2016-08-23T16:00:00,24.52
1484,2016-08-23T16:05:00,24.52
1485,2016-08-23T16:10:00,24.52
1486,2016-08-23T16:15:00,24.52
1487,2016-08-23T16:20:00,24.52
1488,2016-08-23T16:25:00,24.58
1489,2016-08-23T16:30:00,24.68
1490,2016-08-23T16:35:00,25.16
1491,2016-08-23T16:40:00,25.16
1492,2016-08-23T16:45:00,25.42
1493,2016-08-23T16:50:00,25.48
1494,2016-08-23T16:55:00,25.16
1495,2016-08-23T17:00:00,25.16
1496,2016-08-23T17:05:00,25.16
1497,2016-08-23T17:10:00,25
1498,2016-08-23T17:15:00,24.87
1499,2016-08-23T17:20:00,25.12
1500,2016-08-23T17:25:00,25.16
1501,2016-08-23T17:30:00,24.97
1502,2016-08-23T17:35:00,24.84
1503,2016-08-23T17:40:00,24.84
1504,2016-08-23T17:45:00,24.84
1505,2016-08-23T17:50:00,24.84
1506,2016-08-23T17:55:00,24.84
1507,2016-08-23T18:00:00,24.84
1508,2016-08-23T18:05:00,24.84
1509,2016-08-23T18:10:00,24.84
1510,2016-08-23T18:15:00,24.81
1511,2016-08-23T18:20:00,24.62
1512,2016-08-23T18:25:00,24.61
1513,2016-08-23T18:30:00,24.52
1514,2016-08-23T18:35:00,24.52
1515,2016-08-23T18:40:00,24.52
1516,2016-08-23T18:45:00,24.52
1517,2016-08-23T18:50:00,24.52
1518,2016-08-23T18:55:00,24.71
1519,2016-08-23T19:00:00,24.78
1520,2016-08-23T19:05:00,24.84
1521,2016-08-23T19:10:00,24.84
1522,2016-08-23T19:15:00,24.84
1523,2016-08-23T19:20:00,24.84
1524,2016-08-23T19:25:00,24.84
1525,2016-08-23T19:30:00,24.84
1526,2016-08-23T19:35:00,24.84
1527,2016-08-23T19:40:00,24.65
1528,2016-08-23T19:45:00,24.52
1529,2016-08-23T19:50:00,24.52
1530,2016-08-23T19:55:00,24.52
1531,2016-08-23T20:00:00,24.52
1532,2016-08-23T20:05:00,24.52
1533,2016-08-23T20:10:00,24.52
1534,2016-08-23T20:15:00,24.52
1535,2016-08-23T20:20:00,24.52
1536,2016-08-23T20:25:00,24.52
1537,2016-08-23T20:30:00,24.48
1538,2016-08-23T20:35:00,24.31
1539,2016-08-23T20:40:00,24.22
1540,2016-08-23T20:45:00,24.19
1541,2016-08-23T20:50:00,24.19
1542,2016-08-23T20:55:00,24.19
1543,2016-08-23T21:00:00,24.19
1544,2016-08-23T21:05:00,24.19
1545,2016-08-23T21:10:00,24.19
1546,2016-08-23T21:15:00,24.16
1547,2016-08-23T21:20:00,24.03
1548,2016-08-23T21:25:00,23.93
1549,2016-08-23T21:30:00,23.87
1550,2016-08-23T21:35:00,23.87
1551,2016-08-23T21:40:00,23.87
1552,2016-08-23T21:45:00,23.87
1553,2016-08-23T21:50:00,23.87
1554,2016-08-23T21:55:00,23.84
1555,2016-08-23T22:00:00,23.84
1556,2016-08-23T22:05:00,23.71
1557,2016-08-23T22:10:00,23.65
1558,2016-08-23T22:15:00,23.55
1559,2016-08-23T22:20:00,23.55
1560,2016-08-23T22:25:00,23.55
1561,2016-08-23T22:30:00,23.55
1562,2016-08-23T22:35:00,23.55
1563,2016-08-23T22:40:00,23.55
1564,2016-08-23T22:45:00,23.55
1565,2016-08-23T22:50:00,23.55
1566,2016-08-23T22:55:00,23.55
1567,2016-08-23T23:00:00,23.36
1568,2016-08-23T23:05:00,23.33
1569,2016-08-23T23:10:00,23.38
1570,2016-08-23T23:15:00,23.23
1571,2016-08-23T23:20:00,23.26
1572,2016-08-23T23:25:00,23.23
1573,2016-08-23T23:30:00,23.23
1574,2016-08-23T23:35:00,23.23
1575,2016-08-23T23:40:00,23.23
1576,2016-08-23T23:45:00,23.23
1577,2016-08-23T23:50:00,23.23
1578,2016-08-23T23:55:00,23.23
1579,2016-08-24T00:00:00,23.23
1580,2016-08-24T00:05:00,23.2
1581,2016-08-24T00:10:00,22.97
1582,2016-08-24T00:15:00,23
1583,2016-08-24T00:20:00,22.99
1584,2016-08-24T00:25:00,22.93
1585,2016-08-24T00:30:00,22.9
1586,2016-08-24T00:35:00,22.9
1587,2016-08-24T00:40:00,22.9
1588,2016-08-24T00:45:00,22.9
1589,2016-08-24T00:50:00,22.9
1590,2016-08-24T00:55:00,22.9
1591,2016-08-24T01:00:00,22.9
1592,2016-08-24T01:05:00,22.9
1593,2016-08-24T01:10:00,22.9
1594,2016-08-24T01:15:00,22.9
1595,2016-08-24T01:20:00,22.9
1596,2016-08-24T01:25:00,22.86
1597,2016-08-24T01:30:00,22.87
1598,2016-08-24T01:35:00,22.87
1599,2016-08-24T01:40:00,22.72
1600,2016-08-24T01:45:00,22.58
1601,2016-08-24T01:50:00,22.58
1602,2016-08-24T01:55:00,22.61
1603,2016-08-24T02:00:00,22.58
1604,2016-08-24T02:05:00,22.58
1605,2016-08-24T02:10:00,22.58
1606,2016-08-24T02:15:00,22.61
1607,2016-08-24T02:20:00,22.58
1608,2016-08-24T02:25:00,22.58
1609,2016-08-24T02:30:00,22.58
1610,2016-08-24T02:35:00,22.58
1611,2016-08-24T02:40:00,22.55
1612,2016-08-24T02:45:00,22.58
1613,2016-08-24T02:50:00,22.58
1614,2016-08-24T02:55:00,22.58
1615,2016-08-24T03:00:00,22.58
1616,2016-08-24T03:05:00,22.49
1617,2016-08-24T03:10:00,22.52
1618,2016-08-24T03:15:00,22.39
1619,2016-08-24T03:20:00,22.32
1620,2016-08-24T03:25:00,22.37
1621,2016-08-24T03:30:00,22.35
1622,2016-08-24T03:35:00,22.29
1623,2016-08-24T03:40:00,22.26
1624,2016-08-24T03:45:00,22.26
1625,2016-08-24T03:50:00,22.26
1626,2016-08-24T03:55:00,22.26
1627,2016-08-24T04:00:00,22.26
1628,2016-08-24T04:05:00,22.26
1629,2016-08-24T04:10:00,22.26
1630,2016-08-24T04:15:00,22.26
1631,2016-08-24T04:20:00,22.26
1632,2016-08-24T04:25:00,22.22
1633,2016-08-24T04:30:00,22.26
1634,2016-08-24T04:35:00,22.26
1635,2016-08-24T04:40:00,22.26
1636,2016-08-24T04:45:00,22.26
1637,2016-08-24T04:50:00,22.26
1638,2016-08-24T04:55:00,22.26
1639,2016-08-24T05:00:00,22.23
1640,2016-08-24T05:05:00,22.22
1641,2016-08-24T05:10:00,22.26
1642,2016-08-24T05:15:00,22.26
1643,2016-08-24T05:20:00,22.26
1644,2016-08-24T05:25:00,22.26
1645,2016-08-24T05:30:00,22.26
1646,2016-08-24T05:35:00,22.23
1647,2016-08-24T05:40:00,22.26
1648,2016-08-24T05:45:00,22.15
1649,2016-08-24T05:50:00,22.07
1650,2016-08-24T05:55:00,22
1651,2016-08-24T06:00:00,22.04
1652,2016-08-24T06:05:00,22.08
1653,2016-08-24T06:10:00,22.01
1654,2016-08-24T06:15:00,22.04
1655,2016-08-24T06:20:00,21.94
1656,2016-08-24T06:25:00,21.94
1657,2016-08-24T06:30:00,21.94
1658,2016-08-24T06:35:00,21.94
1659,2016-08-24T06:40:00,21.94
1660,2016-08-24T06:45:00,21.94
1661,2016-08-24T06:50:00,21.94
1662,2016-08-24T06:55:00,21.94
1663,2016-08-24T07:00:00,21.94
1664,2016-08-24T07:05:00,21.94
1665,2016-08-24T07:10:00,21.94
1666,2016-08-24T07:15:00,21.94
1667,2016-08-24T07:20:00,21.97
1668,2016-08-24T07:25:00,22.19
1669,2016-08-24T07:30:00,22.2
1670,2016-08-24T07:35:00,22.19
1671,2016-08-24T07:40:00,22.26
1672,2016-08-24T07:45:00,22.26
1673,2016-08-24T07:50:00,22.26
1674,2016-08-24T07:55:00,22.26
1675,2016-08-24T08:00:00,22.26
1676,2016-08-24T08:05:00,22.26
1677,2016-08-24T08:10:00,22.26
1678,2016-08-24T08:15:00,22.26
1679,2016-08-24T08:20:00,22.45
1680,2016-08-24T08:25:00,22.55
1681,2016-08-24T08:30:00,22.58
1682,2016-08-24T08:35:00,22.58
1683,2016-08-24T08:40:00,22.58
1684,2016-08-24T08:45:00,22.58
1685,2016-08-24T08:50:00,22.71
1686,2016-08-24T08:55:00,22.87
1687,2016-08-24T09:00:00,22.87
1688,2016-08-24T09:05:00,22.9
1689,2016-08-24T09:10:00,22.9
1690,2016-08-24T09:15:00,22.9
1691,2016-08-24T09:20:00,22.9
1692,2016-08-24T09:25:00,22.9
1693,2016-08-24T09:30:00,22.93
1694,2016-08-24T09:35:00,23
1695,2016-08-24T09:40:00,23.16
1696,2016-08-24T09:45:00,23.23
1697,2016-08-24T09:50:00,23.23
1698,2016-08-24T09:55:00,23.23
1699,2016-08-24T10:00:00,23.23
1700,2016-08-24T10:05:00,23.23
1701,2016-08-24T10:10:00,23.23
1702,2016-08-24T10:15:00,23.23
1703,2016-08-24T10:20:00,23.23
1704,2016-08-24T10:25:00,23.29
1705,2016-08-24T10:30:00,23.45
1706,2016-08-24T10:35:00,23.55
1707,2016-08-24T10:40:00,23.55
1708,2016-08-24T10:45:00,23.55
1709,2016-08-24T10:50:00,23.55
1710,2016-08-24T10:55:00,23.81
1711,2016-08-24T11:00:00,23.59
1712,2016-08-24T11:05:00,23.59
1713,2016-08-24T11:10:00,23.84
1714,2016-08-24T11:15:00,23.87
1715,2016-08-24T11:20:00,23.87
1716,2016-08-24T11:25:00,23.87
1717,2016-08-24T11:30:00,23.93
1718,2016-08-24T11:35:00,24.06
1719,2016-08-24T11:40:00,24.06
1720,2016-08-24T11:45:00,24.29
1721,2016-08-24T11:50:00,24.12
1722,2016-08-24T11:55:00,24.15
1723,2016-08-24T12:00:00,24.16
1724,2016-08-24T12:05:00,24.19
1725,2016-08-24T12:10:00,24.19
1726,2016-08-24T12:15:00,24.19
1727,2016-08-24T12:20:00,24.19
1728,2016-08-24T12:25:00,24.19
1729,2016-08-24T12:30:00,24.23
1730,2016-08-24T12:35:00,24.19
1731,2016-08-24T12:40:00,24.19
1732,2016-08-24T12:45:00,24.19
1733,2016-08-24T12:50:00,24.29
1734,2016-08-24T12:55:00,24.36
1735,2016-08-24T13:00:00,24.45
1736,2016-08-24T13:05:00,24.52
1737,2016-08-24T13:10:00,24.52
1738,2016-08-24T13:15:00,24.52
1739,2016-08-24T13:20:00,24.52
1740,2016-08-24T13:25:00,24.52
1741,2016-08-24T13:30:00,24.62
1742,2016-08-24T13:35:00,24.68
1743,2016-08-24T13:40:00,24.81
1744,2016-08-24T13:45:00,24.84
1745,2016-08-24T13:50:00,24.84
1746,2016-08-24T13:55:00,24.84
1747,2016-08-24T14:00:00,24.84
1748,2016-08-24T14:05:00,24.84
1749,2016-08-24T14:10:00,24.9
1750,2016-08-24T14:15:00,25.13
1751,2016-08-24T14:20:00,25.16
1752,2016-08-24T14:25:00,25.16
1753,2016-08-24T14:30:00,25.16
1754,2016-08-24T14:35:00,25.16
1755,2016-08-24T14:40:00,25.19
1756,2016-08-24T14:45:00,25.42
1757,2016-08-24T14:50:00,25.81
1758,2016-08-24T14:55:00,27
1759,2016-08-24T15:00:00,28.35
1760,2016-08-24T15:05:00,28.84
1761,2016-08-24T15:10:00,29.1
1762,2016-08-24T15:15:00,29.35
1763,2016-08-24T15:20:00,29.35
1764,2016-08-24T15:25:00,29.45
1765,2016-08-24T15:30:00,29.42
1766,2016-08-24T15:35:00,29.19
1767,2016-08-24T15:40:00,28.9
1768,2016-08-24T15:45:00,28.52
1769,2016-08-24T15:50:00,29.16
1770,2016-08-24T15:55:00,29.38
1771,2016-08-24T16:00:00,29.32
1772,2016-08-24T16:05:00,29.35
1773,2016-08-24T16:10:00,29.35
1774,2016-08-24T16:15:00,29.29
1775,2016-08-24T16:20:00,29.35
1776,2016-08-24T16:25:00,29.19
1777,2016-08-24T16:30:00,29.19
1778,2016-08-24T16:35:00,29.07
1779,2016-08-24T16:40:00,29.22
1780,2016-08-24T16:45:00,29.16
1781,2016-08-24T16:50:00,29.35
1782,2016-08-24T16:55:00,29.29
1783,2016-08-24T17:00:00,29.21
1784,2016-08-24T17:05:00,29.35
1785,2016-08-24T17:10:00,29.35
1786,2016-08-24T17:15:00,29.38
1787,2016-08-24T17:20:00,29.42
1788,2016-08-24T17:25:00,29.13
1789,2016-08-24T17:30:00,28.58
1790,2016-08-24T17:35:00,27.87
1791,2016-08-24T17:40:00,27.64
1792,2016-08-24T17:45:00,27.7
1793,2016-08-24T17:50:00,27.74
1794,2016-08-24T17:55:00,27.74
1795,2016-08-24T18:00:00,27.74
1796,2016-08-24T18:05:00,27.74
1797,2016-08-24T18:10:00,27.77
1798,2016-08-24T18:15:00,27.85
1799,2016-08-24T18:20:00,27.77
1800,2016-08-24T18:25:00,27.74
1801,2016-08-24T18:30:00,27.74
1802,2016-08-24T18:35:00,27.74
1803,2016-08-24T18:40:00,27.74
1804,2016-08-24T18:45:00,27.74
1805,2016-08-24T18:50:00,27.74
1806,2016-08-24T18:55:00,27.74
1807,2016-08-24T19:00:00,27.74
1808,2016-08-24T19:05:00,27.74
1809,2016-08-24T19:10:00,27.71
1810,2016-08-24T19:15:00,27.48
1811,2016-08-24T19:20:00,27.42
1812,2016-08-24T19:25:00,27.42
1813,2016-08-24T19:30:00,27.42
1814,2016-08-24T19:35:00,27.42
1815,2016-08-24T19:40:00,27.35
1816,2016-08-24T19:45:00,27.1
1817,2016-08-24T19:50:00,27.1
1818,2016-08-24T19:55:00,27.1
1819,2016-08-24T20:00:00,26.99
1820,2016-08-24T20:05:00,26.77
1821,2016-08-24T20:10:00,26.77
1822,2016-08-24T20:15:00,26.77
1823,2016-08-24T20:20:00,26.71
1824,2016-08-24T20:25:00,26.49
1825,2016-08-24T20:30:00,26.45
1826,2016-08-24T20:35:00,26.58
1827,2016-08-24T20:40:00,26.74
1828,2016-08-24T20:45:00,26.73
1829,2016-08-24T20:50:00,26.77
1830,2016-08-24T20:55:00,26.57
1831,2016-08-24T21:00:00,26.48
1832,2016-08-24T21:05:00,26.45
1833,2016-08-24T21:10:00,26.45
1834,2016-08-24T21:15:00,26.33
1835,2016-08-24T21:20:00,26.42
1836,2016-08-24T21:25:00,26.61
1837,2016-08-24T21:30:00,26.07
1838,2016-08-24T21:35:00,26.13
1839,2016-08-24T21:40:00,25.99
1840,2016-08-24T21:45:00,26.13
1841,2016-08-24T21:50:00,26.13
1842,2016-08-24T21:55:00,26.13
1843,2016-08-24T22:00:00,26
1844,2016-08-24T22:05:00,25.9
1845,2016-08-24T22:10:00,25.81
1846,2016-08-24T22:15:00,25.81
1847,2016-08-24T22:20:00,25.81
1848,2016-08-24T22:25:00,25.81
1849,2016-08-24T22:30:00,25.81
1850,2016-08-24T22:35:00,25.64
1851,2016-08-24T22:40:00,25.52
1852,2016-08-24T22:45:00,25.48
1853,2016-08-24T22:50:00,25.48
1854,2016-08-24T22:55:00,25.48
1855,2016-08-24T23:00:00,25.19
1856,2016-08-24T23:05:00,25.26
1857,2016-08-24T23:10:00,25.16
1858,2016-08-24T23:15:00,25.19
1859,2016-08-24T23:20:00,25.16
1860,2016-08-24T23:25:00,25.16
1861,2016-08-24T23:30:00,25.28
1862,2016-08-24T23:35:00,25.07
1863,2016-08-24T23:40:00,24.87
1864,2016-08-24T23:45:00,24.84
1865,2016-08-24T23:50:00,24.84
1866,2016-08-24T23:55:00,24.84
1867,2016-08-25T00:00:00,24.97
1868,2016-08-25T00:05:00,24.84
1869,2016-08-25T00:10:00,24.97
1870,2016-08-25T00:15:00,24.8
1871,2016-08-25T00:20:00,24.84
1872,2016-08-25T00:25:00,24.84
1873,2016-08-25T00:30:00,24.63
1874,2016-08-25T00:35:00,24.63
1875,2016-08-25T00:40:00,24.52
1876,2016-08-25T00:45:00,24.52
1877,2016-08-25T00:50:00,24.52
1878,2016-08-25T00:55:00,24.52
1879,2016-08-25T01:00:00,24.52
1880,2016-08-25T01:05:00,24.52
1881,2016-08-25T01:10:00,24.52
1882,2016-08-25T01:15:00,24.52
1883,2016-08-25T01:20:00,24.52
1884,2016-08-25T01:25:00,24.49
1885,2016-08-25T01:30:00,24.52
1886,2016-08-25T01:35:00,24.34
1887,2016-08-25T01:40:00,24.26
1888,2016-08-25T01:45:00,24.19
1889,2016-08-25T01:50:00,24.26
1890,2016-08-25T01:55:00,24.22
1891,2016-08-25T02:00:00,24.19
1892,2016-08-25T02:05:00,24.19
1893,2016-08-25T02:10:00,24.19
1894,2016-08-25T02:15:00,24.19
1895,2016-08-25T02:20:00,24.19
1896,2016-08-25T02:25:00,24.19
1897,2016-08-25T02:30:00,24.19
1898,2016-08-25T02:35:00,24.19
1899,2016-08-25T02:40:00,24.19
1900,2016-08-25T02:45:00,24.13
1901,2016-08-25T02:50:00,24.19
1902,2016-08-25T02:55:00,24.05
1903,2016-08-25T03:00:00,23.99
1904,2016-08-25T03:05:00,23.9
1905,2016-08-25T03:10:00,23.87
1906,2016-08-25T03:15:00,23.9
1907,2016-08-25T03:20:00,23.9
1908,2016-08-25T03:25:00,23.87
1909,2016-08-25T03:30:00,23.87
1910,2016-08-25T03:35:00,23.87
1911,2016-08-25T03:40:00,23.87
1912,2016-08-25T03:45:00,23.87
1913,2016-08-25T03:50:00,23.87
1914,2016-08-25T03:55:00,23.87
1915,2016-08-25T04:00:00,23.87
1916,2016-08-25T04:05:00,23.87
1917,2016-08-25T04:10:00,23.84
1918,2016-08-25T04:15:00,23.87
1919,2016-08-25T04:20:00,23.87
1920,2016-08-25T04:25:00,23.8
1921,2016-08-25T04:30:00,23.61
1922,2016-08-25T04:35:00,23.59
1923,2016-08-25T04:40:00,23.61
1924,2016-08-25T04:45:00,23.58
1925,2016-08-25T04:50:00,23.55
1926,2016-08-25T04:55:00,23.55
1927,2016-08-25T05:00:00,23.55
1928,2016-08-25T05:05:00,23.55
1929,2016-08-25T05:10:00,23.55
1930,2016-08-25T05:15:00,23.55
1931,2016-08-25T05:20:00,23.55
1932,2016-08-25T05:25:00,23.55
1933,2016-08-25T05:30:00,23.55
1934,2016-08-25T05:35:00,23.55
1935,2016-08-25T05:40:00,23.55
1936,2016-08-25T05:45:00,23.55
1937,2016-08-25T05:50:00,23.55
1938,2016-08-25T05:55:00,23.55
1939,2016-08-25T06:00:00,23.55
1940,2016-08-25T06:05:00,23.55
1941,2016-08-25T06:10:00,23.52
1942,2016-08-25T06:15:00,23.55
1943,2016-08-25T06:20:00,23.52
1944,2016-08-25T06:25:00,23.42
1945,2016-08-25T06:30:00,23.48
1946,2016-08-25T06:35:00,23.33
1947,2016-08-25T06:40:00,23.36
1948,2016-08-25T06:45:00,23.26
1949,2016-08-25T06:50:00,23.26
1950,2016-08-25T06:55:00,23.45
1951,2016-08-25T07:00:00,23.46
1952,2016-08-25T07:05:00,23.45
1953,2016-08-25T07:10:00,23.48
1954,2016-08-25T07:15:00,23.55
1955,2016-08-25T07:20:00,23.55
1956,2016-08-25T07:25:00,23.55
1957,2016-08-25T07:30:00,23.51
1958,2016-08-25T07:35:00,23.55
1959,2016-08-25T07:40:00,23.52
1960,2016-08-25T07:45:00,23.55
1961,2016-08-25T07:50:00,23.55
1962,2016-08-25T07:55:00,23.55
1963,2016-08-25T08:00:00,23.55
1964,2016-08-25T08:05:00,23.55
1965,2016-08-25T08:10:00,23.55
1966,2016-08-25T08:15:00,23.58
1967,2016-08-25T08:20:00,23.66
1968,2016-08-25T08:25:00,23.75
1969,2016-08-25T08:30:00,23.83
1970,2016-08-25T08:35:00,23.87
1971,2016-08-25T08:40:00,23.87
1972,2016-08-25T08:45:00,23.87
1973,2016-08-25T08:50:00,23.87
1974,2016-08-25T08:55:00,23.87
1975,2016-08-25T09:00:00,24.03
1976,2016-08-25T09:05:00,24.16
1977,2016-08-25T09:10:00,24.19
1978,2016-08-25T09:15:00,24.19
1979,2016-08-25T09:20:00,24.19
1980,2016-08-25T09:25:00,24.19
1981,2016-08-25T09:30:00,24.19
1982,2016-08-25T09:35:00,24.22
1983,2016-08-25T09:40:00,24.26
1984,2016-08-25T09:45:00,24.49
1985,2016-08-25T09:50:00,24.52
1986,2016-08-25T09:55:00,24.52
1987,2016-08-25T10:00:00,24.52
1988,2016-08-25T10:05:00,24.52
1989,2016-08-25T10:10:00,24.52
1990,2016-08-25T10:15:00,24.58
1991,2016-08-25T10:20:00,24.71
1992,2016-08-25T10:25:00,24.81
1993,2016-08-25T10:30:00,24.84
1994,2016-08-25T10:35:00,24.84
1995,2016-08-25T10:40:00,24.84
1996,2016-08-25T10:45:00,24.87
1997,2016-08-25T10:50:00,25.06
1998,2016-08-25T10:55:00,25.16
1999,2016-08-25T11:00:00,25.16
2000,2016-08-25T11:05:00,25.16
2001,2016-08-28T22:30:00,23.91
2002,2016-08-28T22:35:00,23.87
2003,2016-08-28T22:40:00,23.87
2004,2016-08-28T22:45:00,23.77
2005,2016-08-28T22:50:00,23.65
2006,2016-08-28T22:55:00,23.71
2007,2016-08-28T23:00:00,23.69
2008,2016-08-28T23:05:00,23.64
2009,2016-08-28T23:10:00,23.55
2010,2016-08-28T23:15:00,23.55
2011,2016-08-28T23:20:00,23.55
2012,2016-08-28T23:25:00,23.55
2013,2016-08-28T23:30:00,23.55
2014,2016-08-28T23:35:00,23.55
2015,2016-08-28T23:40:00,23.55
2016,2016-08-28T23:45:00,23.55
2017,2016-08-28T23:50:00,23.52
2018,2016-08-28T23:55:00,23.55
2019,2016-08-29T00:00:00,23.52
2020,2016-08-29T00:05:00,23.55
2021,2016-08-29T00:10:00,23.55
2022,2016-08-29T00:15:00,23.55
2023,2016-08-29T00:20:00,23.55
2024,2016-08-29T00:25:00,23.55
2025,2016-08-29T00:30:00,23.64
2026,2016-08-29T00:35:00,23.74
2027,2016-08-29T00:40:00,23.83
2028,2016-08-29T00:45:00,23.87
2029,2016-08-29T00:50:00,23.87
2030,2016-08-29T00:55:00,23.87
2031,2016-08-29T01:00:00,23.93
2032,2016-08-29T01:05:00,23.99
2033,2016-08-29T01:10:00,24.13
2034,2016-08-29T01:15:00,24.19
2035,2016-08-29T01:20:00,24.37
2036,2016-08-29T01:25:00,24.25
2037,2016-08-29T01:30:00,24.23
2038,2016-08-29T01:35:00,24.34
2039,2016-08-25T11:10:00,25.23
2040,2016-08-25T11:15:00,25.42
2041,2016-08-25T11:20:00,25.45
2042,2016-08-25T11:25:00,25.48
2043,2016-08-25T11:30:00,25.48
2044,2016-08-25T11:35:00,25.48
2045,2016-08-25T11:40:00,25.48
2046,2016-08-25T11:45:00,25.48
2047,2016-08-25T11:50:00,25.48
2048,2016-08-25T11:55:00,25.55
2049,2016-08-25T12:00:00,25.68
2050,2016-08-25T12:05:00,25.68
2051,2016-08-25T12:10:00,25.73
2052,2016-08-25T12:15:00,25.74
2053,2016-08-25T12:20:00,25.81
2054,2016-08-25T12:25:00,25.81
2055,2016-08-25T12:30:00,25.81
2056,2016-08-25T12:35:00,25.81
2057,2016-08-25T12:40:00,25.81
2058,2016-08-25T12:45:00,25.87
2059,2016-08-25T12:50:00,25.94
2060,2016-08-25T12:55:00,26.03
2061,2016-08-25T13:00:00,26.13
2062,2016-08-25T13:05:00,26.13
2063,2016-08-25T13:10:00,26.13
2064,2016-08-25T13:15:00,26.13
2065,2016-08-25T13:20:00,26.13
2066,2016-08-25T13:25:00,26.13
2067,2016-08-25T13:30:00,26.06
2068,2016-08-25T13:35:00,26.13
2069,2016-08-25T13:40:00,26.16
2070,2016-08-25T13:45:00,26.23
2071,2016-08-25T13:50:00,26.26
2072,2016-08-25T13:55:00,26.39
2073,2016-08-25T14:00:00,26.39
2074,2016-08-25T14:05:00,26.45
2075,2016-08-25T14:10:00,26.45
2076,2016-08-25T14:15:00,26.45
2077,2016-08-25T14:20:00,26.45
2078,2016-08-25T14:25:00,26.45
2079,2016-08-25T14:30:00,26.45
2080,2016-08-25T14:35:00,26.45
2081,2016-08-25T14:40:00,26.63
2082,2016-08-25T14:45:00,26.87
2083,2016-08-25T14:50:00,27.71
2084,2016-08-25T14:55:00,29.32
2085,2016-08-25T15:00:00,30.22
2086,2016-08-25T15:05:00,30.57
2087,2016-08-25T15:10:00,30.71
2088,2016-08-25T15:15:00,30.97
2089,2016-08-25T15:20:00,31.23
2090,2016-08-25T15:25:00,31.29
2091,2016-08-25T15:30:00,31.61
2092,2016-08-25T15:35:00,31.61
2093,2016-08-25T15:40:00,31.64
2094,2016-08-25T15:45:00,31.61
2095,2016-08-25T15:50:00,31.61
2096,2016-08-25T15:55:00,31.61
2097,2016-08-25T16:00:00,31.68
2098,2016-08-25T16:05:00,31.61
2099,2016-08-25T16:10:00,31.45
2100,2016-08-25T16:15:00,31.61
2101,2016-08-25T16:20:00,31.61
2102,2016-08-25T16:25:00,31.51
2103,2016-08-25T16:30:00,31.36
2104,2016-08-25T16:35:00,31.29
2105,2016-08-25T16:40:00,31.19
2106,2016-08-25T16:45:00,31.29
2107,2016-08-25T16:50:00,31.23
2108,2016-08-25T16:55:00,30.72
2109,2016-08-25T17:00:00,30.22
2110,2016-08-25T17:05:00,30.03
2111,2016-08-25T17:10:00,30.29
2112,2016-08-25T17:15:00,30.29
2113,2016-08-25T17:20:00,30.39
2114,2016-08-25T17:25:00,30.65
2115,2016-08-25T17:30:00,30.29
2116,2016-08-25T17:35:00,29.48
2117,2016-08-25T17:40:00,29.35
2118,2016-08-25T17:45:00,29.48
2119,2016-08-25T17:50:00,29.31
2120,2016-08-25T17:55:00,29.1
2121,2016-08-25T18:00:00,29.03
2122,2016-08-25T18:05:00,29.03
2123,2016-08-25T18:10:00,29.03
2124,2016-08-25T18:15:00,29.03
2125,2016-08-25T18:20:00,29.03
2126,2016-08-25T18:25:00,29.03
2127,2016-08-25T18:30:00,29
2128,2016-08-25T18:35:00,29
2129,2016-08-25T18:40:00,29
2130,2016-08-25T18:45:00,28.84
2131,2016-08-25T18:50:00,28.78
2132,2016-08-25T18:55:00,28.71
2133,2016-08-25T19:00:00,28.71
2134,2016-08-25T19:05:00,28.67
2135,2016-08-25T19:10:00,28.42
2136,2016-08-25T19:15:00,28.39
2137,2016-08-25T19:20:00,28.19
2138,2016-08-25T19:25:00,28.06
2139,2016-08-25T19:30:00,28.06
2140,2016-08-25T19:35:00,28.06
2141,2016-08-25T19:40:00,28
2142,2016-08-25T19:45:00,27.9
2143,2016-08-25T19:50:00,27.74
2144,2016-08-25T19:55:00,27.74
2145,2016-08-25T20:00:00,27.74
2146,2016-08-25T20:05:00,27.74
2147,2016-08-25T20:10:00,27.6
2148,2016-08-25T20:15:00,27.48
2149,2016-08-25T20:20:00,27.48
2150,2016-08-25T20:25:00,27.42
2151,2016-08-25T20:30:00,27.42
2152,2016-08-25T20:35:00,27.42
2153,2016-08-25T20:40:00,27.55
2154,2016-08-25T20:45:00,27.68
2155,2016-08-25T20:50:00,27.7
2156,2016-08-25T20:55:00,27.45
2157,2016-08-25T21:00:00,27.45
2158,2016-08-25T21:05:00,27.42
2159,2016-08-25T21:10:00,27.42
2160,2016-08-25T21:15:00,27.42
2161,2016-08-25T21:20:00,27.42
2162,2016-08-25T21:25:00,27.42
2163,2016-08-25T21:30:00,27.42
2164,2016-08-25T21:35:00,27.26
2165,2016-08-25T21:40:00,27.16
2166,2016-08-25T21:45:00,27.1
2167,2016-08-25T21:50:00,27.1
2168,2016-08-25T21:55:00,27.1
2169,2016-08-25T22:00:00,27.1
2170,2016-08-25T22:05:00,27.1
2171,2016-08-25T22:10:00,27.03
2172,2016-08-25T22:15:00,26.84
2173,2016-08-25T22:20:00,26.81
2174,2016-08-25T22:25:00,26.77
2175,2016-08-25T22:30:00,26.77
2176,2016-08-25T22:35:00,26.77
2177,2016-08-25T22:40:00,26.77
2178,2016-08-25T22:45:00,26.77
2179,2016-08-25T22:50:00,26.7
2180,2016-08-25T22:55:00,26.48
2181,2016-08-25T23:00:00,26.45
2182,2016-08-25T23:05:00,26.45
2183,2016-08-25T23:10:00,26.45
2184,2016-08-25T23:15:00,26.45
2185,2016-08-25T23:20:00,26.45
2186,2016-08-25T23:25:00,26.45
2187,2016-08-25T23:30:00,26.45
2188,2016-08-25T23:35:00,26.26
2189,2016-08-25T23:40:00,26.17
2190,2016-08-25T23:45:00,26.13
2191,2016-08-25T23:50:00,26.13
2192,2016-08-25T23:55:00,26.13
2193,2016-08-26T00:00:00,26.13
2194,2016-08-26T00:05:00,26.13
2195,2016-08-26T00:10:00,26.1
2196,2016-08-26T00:15:00,25.99
2197,2016-08-26T00:20:00,25.86
2198,2016-08-26T00:25:00,25.81
2199,2016-08-26T00:30:00,25.81
2200,2016-08-26T00:35:00,25.84
2201,2016-08-26T00:40:00,25.81
2202,2016-08-26T00:45:00,25.81
2203,2016-08-26T00:50:00,25.81
2204,2016-08-26T00:55:00,25.81
2205,2016-08-26T01:00:00,25.81
2206,2016-08-26T01:05:00,25.78
2207,2016-08-26T01:10:00,25.63
2208,2016-08-26T01:15:00,25.54
2209,2016-08-26T01:20:00,25.52
2210,2016-08-26T01:25:00,25.48
2211,2016-08-26T01:30:00,25.48
2212,2016-08-26T01:35:00,25.48
2213,2016-08-26T01:40:00,25.48
2214,2016-08-26T01:45:00,25.48
2215,2016-08-26T01:50:00,25.48
2216,2016-08-26T01:55:00,25.45
2217,2016-08-26T02:00:00,25.45
2218,2016-08-26T02:05:00,25.35
2219,2016-08-26T02:10:00,25.29
2220,2016-08-26T02:15:00,25.2
2221,2016-08-26T02:20:00,25.16
2222,2016-08-26T02:25:00,25.16
2223,2016-08-26T02:30:00,25.16
2224,2016-08-26T02:35:00,25.16
2225,2016-08-26T02:40:00,25.19
2226,2016-08-26T02:45:00,25.16
2227,2016-08-26T02:50:00,25.16
2228,2016-08-26T02:55:00,25.09
2229,2016-08-26T03:00:00,25.16
2230,2016-08-26T03:05:00,24.97
2231,2016-08-26T03:10:00,25.16
2232,2016-08-26T03:15:00,25.03
2233,2016-08-26T03:20:00,24.97
2234,2016-08-26T03:25:00,24.91
2235,2016-08-26T03:30:00,24.95
2236,2016-08-26T03:35:00,24.84
2237,2016-08-26T03:40:00,24.84
2238,2016-08-26T03:45:00,24.84
2239,2016-08-26T03:50:00,24.84
2240,2016-08-26T03:55:00,24.84
2241,2016-08-26T04:00:00,24.84
2242,2016-08-26T04:05:00,24.84
2243,2016-08-26T04:10:00,24.84
2244,2016-08-26T04:15:00,24.78
2245,2016-08-26T04:20:00,24.8
2246,2016-08-26T04:25:00,24.77
2247,2016-08-26T04:30:00,24.66
2248,2016-08-26T04:35:00,24.59
2249,2016-08-26T04:40:00,24.72
2250,2016-08-26T04:45:00,24.55
2251,2016-08-26T04:50:00,24.52
2252,2016-08-26T04:55:00,24.52
2253,2016-08-26T05:00:00,24.52
2254,2016-08-26T05:05:00,24.52
2255,2016-08-26T05:10:00,24.52
2256,2016-08-26T05:15:00,24.52
2257,2016-08-26T05:20:00,24.52
2258,2016-08-26T05:25:00,24.52
2259,2016-08-26T05:30:00,24.52
2260,2016-08-26T05:35:00,24.52
2261,2016-08-26T05:40:00,24.52
2262,2016-08-26T05:45:00,24.49
2263,2016-08-26T05:50:00,24.52
2264,2016-08-26T05:55:00,24.49
2265,2016-08-26T06:00:00,24.49
2266,2016-08-26T06:05:00,24.48
2267,2016-08-26T06:10:00,24.42
2268,2016-08-26T06:15:00,24.49
2269,2016-08-26T06:20:00,24.28
2270,2016-08-26T06:25:00,24.19
2271,2016-08-26T06:30:00,24.19
2272,2016-08-26T06:35:00,24.19
2273,2016-08-26T06:40:00,24.19
2274,2016-08-26T06:45:00,24.19
2275,2016-08-26T06:50:00,24.19
2276,2016-08-26T06:55:00,24.19
2277,2016-08-26T07:00:00,24.19
2278,2016-08-26T07:05:00,24.19
2279,2016-08-26T07:10:00,24.22
2280,2016-08-26T07:15:00,24.19
2281,2016-08-26T07:20:00,24.19
2282,2016-08-26T07:25:00,24.19
2283,2016-08-26T07:30:00,24.19
2284,2016-08-26T07:35:00,24.19
2285,2016-08-26T07:40:00,24.19
2286,2016-08-26T07:45:00,24.19
2287,2016-08-26T07:50:00,24.34
2288,2016-08-26T07:55:00,24.45
2289,2016-08-26T08:00:00,24.42
2290,2016-08-26T08:05:00,24.52
2291,2016-08-26T08:10:00,24.52
2292,2016-08-26T08:15:00,24.52
2293,2016-08-26T08:20:00,24.52
2294,2016-08-26T08:25:00,24.49
2295,2016-08-26T08:30:00,24.52
2296,2016-08-26T08:35:00,24.55
2297,2016-08-26T08:40:00,24.65
2298,2016-08-26T08:45:00,24.81
2299,2016-08-26T08:50:00,24.84
2300,2016-08-26T08:55:00,24.84
2301,2016-08-26T09:00:00,24.84
2302,2016-08-26T09:05:00,24.84
2303,2016-08-26T09:10:00,24.84
2304,2016-08-26T09:15:00,24.84
2305,2016-08-26T09:20:00,24.84
2306,2016-08-26T09:25:00,24.88
2307,2016-08-26T09:30:00,24.96
2308,2016-08-26T09:35:00,25.04
2309,2016-08-26T09:40:00,25.06
2310,2016-08-26T09:45:00,25.1
2311,2016-08-26T09:50:00,25.13
2312,2016-08-26T09:55:00,25.16
2313,2016-08-26T10:00:00,25.16
2314,2016-08-26T10:05:00,25.16
2315,2016-08-26T10:10:00,25.16
2316,2016-08-26T10:15:00,25.16
2317,2016-08-26T10:20:00,25.16
2318,2016-08-26T10:25:00,25.16
2319,2016-08-26T10:30:00,25.16
2320,2016-08-26T10:35:00,25.16
2321,2016-08-26T10:40:00,25.19
2322,2016-08-26T10:45:00,25.16
2323,2016-08-26T10:50:00,25.48
2324,2016-08-26T10:55:00,25.48
2325,2016-08-26T11:00:00,25.48
2326,2016-08-26T11:05:00,25.48
2327,2016-08-26T11:10:00,25.48
2328,2016-08-26T11:15:00,25.48
2329,2016-08-26T11:20:00,25.51
2330,2016-08-26T11:25:00,25.48
2331,2016-08-26T11:30:00,25.48
2332,2016-08-26T11:35:00,25.48
2333,2016-08-26T11:40:00,25.56
2334,2016-08-26T11:45:00,25.55
2335,2016-08-26T11:50:00,25.61
2336,2016-08-26T11:55:00,25.77
2337,2016-08-26T12:00:00,25.78
2338,2016-08-26T12:05:00,25.74
2339,2016-08-26T12:10:00,25.78
2340,2016-08-26T12:15:00,25.81
2341,2016-08-26T12:20:00,25.85
2342,2016-08-26T12:25:00,25.68
2343,2016-08-26T12:30:00,25.84
2344,2016-08-26T12:35:00,26
2345,2016-08-26T12:40:00,26.1
2346,2016-08-26T12:45:00,26.13
2347,2016-08-26T12:50:00,26.13
2348,2016-08-26T12:55:00,26.13
2349,2016-08-26T13:00:00,26.17
2350,2016-08-26T13:05:00,26.32
2351,2016-08-26T13:10:00,26.45
2352,2016-08-26T13:15:00,26.45
2353,2016-08-26T13:20:00,26.45
2354,2016-08-26T13:25:00,26.45
2355,2016-08-26T13:30:00,26.55
2356,2016-08-26T13:35:00,26.74
2357,2016-08-26T13:40:00,26.77
2358,2016-08-26T13:45:00,26.77
2359,2016-08-26T13:50:00,26.77
2360,2016-08-26T13:55:00,26.77
2361,2016-08-26T14:00:00,26.77
2362,2016-08-26T14:05:00,26.77
2363,2016-08-26T14:10:00,26.81
2364,2016-08-26T14:15:00,26.94
2365,2016-08-26T14:20:00,27.1
2366,2016-08-26T14:25:00,27.07
2367,2016-08-26T14:30:00,27.1
2368,2016-08-26T14:35:00,27.1
2369,2016-08-26T14:40:00,27.39
2370,2016-08-26T14:45:00,27.77
2371,2016-08-26T14:50:00,28.74
2372,2016-08-26T14:55:00,29.35
2373,2016-08-26T15:00:00,29.74
2374,2016-08-26T15:05:00,29.74
2375,2016-08-26T15:10:00,30
2376,2016-08-26T15:15:00,30
2377,2016-08-26T15:20:00,30.1
2378,2016-08-26T15:25:00,30.22
2379,2016-08-26T15:30:00,29.82
2380,2016-08-26T15:35:00,30.06
2381,2016-08-26T15:40:00,30.32
2382,2016-08-26T15:45:00,30.32
2383,2016-08-26T15:50:00,30.32
2384,2016-08-26T15:55:00,30.62
2385,2016-08-26T16:00:00,30.87
2386,2016-08-26T16:05:00,30.97
2387,2016-08-26T16:10:00,31.04
2388,2016-08-26T16:15:00,31.07
2389,2016-08-26T16:20:00,31
2390,2016-08-26T16:25:00,30.75
2391,2016-08-26T16:30:00,29.9
2392,2016-08-26T16:35:00,29.1
2393,2016-08-26T16:40:00,29.03
2394,2016-08-26T16:45:00,29.35
2395,2016-08-26T16:50:00,29.35
2396,2016-08-26T16:55:00,29.35
2397,2016-08-26T17:00:00,29.38
2398,2016-08-26T17:05:00,29.55
2399,2016-08-26T17:10:00,29.64
2400,2016-08-26T17:15:00,29.68
2401,2016-08-26T17:20:00,29.68
2402,2016-08-26T17:25:00,29.68
2403,2016-08-26T17:30:00,29.65
2404,2016-08-26T17:35:00,29.68
2405,2016-08-26T17:40:00,29.65
2406,2016-08-26T17:45:00,29.68
2407,2016-08-26T17:50:00,29.68
2408,2016-08-26T17:55:00,29.35
2409,2016-08-26T18:00:00,29.42
2410,2016-08-26T18:05:00,29.35
2411,2016-08-26T18:10:00,29.35
2412,2016-08-26T18:15:00,29.35
2413,2016-08-26T18:20:00,29.35
2414,2016-08-26T18:25:00,29.35
2415,2016-08-26T18:30:00,29.35
2416,2016-08-26T18:35:00,29.35
2417,2016-08-26T18:40:00,29.16
2418,2016-08-26T18:45:00,29.03
2419,2016-08-26T18:50:00,29
2420,2016-08-26T18:55:00,29.03
2421,2016-08-26T19:00:00,29.03
2422,2016-08-26T19:05:00,28.97
2423,2016-08-26T19:10:00,28.84
2424,2016-08-26T19:15:00,28.71
2425,2016-08-26T19:20:00,28.71
2426,2016-08-26T19:25:00,28.71
2427,2016-08-26T19:30:00,28.65
2428,2016-08-26T19:35:00,28.43
2429,2016-08-26T19:40:00,28.39
2430,2016-08-26T19:45:00,28.39
2431,2016-08-26T19:50:00,28.39
2432,2016-08-26T19:55:00,28.21
2433,2016-08-26T20:00:00,28.06
2434,2016-08-26T20:05:00,28.06
2435,2016-08-26T20:10:00,28.06
2436,2016-08-26T20:15:00,27.8
2437,2016-08-26T20:20:00,27.74
2438,2016-08-26T20:25:00,27.74
2439,2016-08-26T20:30:00,27.74
2440,2016-08-26T20:35:00,27.74
2441,2016-08-26T20:40:00,27.74
2442,2016-08-26T20:45:00,27.74
2443,2016-08-26T20:50:00,27.7
2444,2016-08-26T20:55:00,27.64
2445,2016-08-26T21:00:00,27.42
2446,2016-08-26T21:05:00,27.42
2447,2016-08-26T21:10:00,27.42
2448,2016-08-26T21:15:00,27.42
2449,2016-08-26T21:20:00,27.39
2450,2016-08-26T21:25:00,27.2
2451,2016-08-26T21:30:00,27.1
2452,2016-08-26T21:35:00,27.1
2453,2016-08-26T21:40:00,27.1
2454,2016-08-26T21:45:00,27.1
2455,2016-08-26T21:50:00,26.92
2456,2016-08-26T21:55:00,26.77
2457,2016-08-26T22:00:00,26.77
2458,2016-08-26T22:05:00,26.74
2459,2016-08-26T22:10:00,26.59
2460,2016-08-26T22:15:00,26.45
2461,2016-08-26T22:20:00,26.45
2462,2016-08-26T22:25:00,26.45
2463,2016-08-26T22:30:00,26.32
2464,2016-08-26T22:35:00,26.13
2465,2016-08-26T22:40:00,26.13
2466,2016-08-26T22:45:00,26.13
2467,2016-08-26T22:50:00,26.13
2468,2016-08-26T22:55:00,26.13
2469,2016-08-26T23:00:00,26.04
2470,2016-08-26T23:05:00,25.88
2471,2016-08-26T23:10:00,25.81
2472,2016-08-26T23:15:00,25.81
2473,2016-08-26T23:20:00,25.81
2474,2016-08-26T23:25:00,25.81
2475,2016-08-26T23:30:00,25.78
2476,2016-08-26T23:35:00,25.66
2477,2016-08-26T23:40:00,25.52
2478,2016-08-26T23:45:00,25.48
2479,2016-08-26T23:50:00,25.48
2480,2016-08-26T23:55:00,25.48
2481,2016-08-27T00:00:00,25.48
2482,2016-08-27T00:05:00,25.45
2483,2016-08-27T00:10:00,25.29
2484,2016-08-27T00:15:00,25.16
2485,2016-08-27T00:20:00,25.16
2486,2016-08-27T00:25:00,25.16
2487,2016-08-27T00:30:00,25.16
2488,2016-08-27T00:35:00,25.16
2489,2016-08-27T00:40:00,25.13
2490,2016-08-27T00:45:00,25.1
2491,2016-08-27T00:50:00,24.91
2492,2016-08-27T00:55:00,24.84
2493,2016-08-27T01:00:00,24.84
2494,2016-08-27T01:05:00,24.84
2495,2016-08-27T01:10:00,24.84
2496,2016-08-27T01:15:00,24.84
2497,2016-08-27T01:20:00,24.84
2498,2016-08-27T01:25:00,24.8
2499,2016-08-27T01:30:00,24.67
2500,2016-08-27T01:35:00,24.52
2501,2016-08-27T01:40:00,24.52
2502,2016-08-27T01:45:00,24.52
2503,2016-08-27T01:50:00,24.52
2504,2016-08-27T01:55:00,24.52
2505,2016-08-27T02:00:00,24.52
2506,2016-08-27T02:05:00,24.52
2507,2016-08-27T02:10:00,24.52
2508,2016-08-27T02:15:00,24.44
2509,2016-08-27T02:20:00,24.39
2510,2016-08-27T02:25:00,24.26
2511,2016-08-27T02:30:00,24.22
2512,2016-08-27T02:35:00,24.19
2513,2016-08-27T02:40:00,24.19
2514,2016-08-27T02:45:00,24.19
2515,2016-08-27T02:50:00,24.19
2516,2016-08-27T02:55:00,24.19
2517,2016-08-27T03:00:00,24.19
2518,2016-08-27T03:05:00,24.19
2519,2016-08-27T03:10:00,24.19
2520,2016-08-27T03:15:00,24.11
2521,2016-08-27T03:20:00,23.93
2522,2016-08-27T03:25:00,23.92
2523,2016-08-27T03:30:00,23.87
2524,2016-08-27T03:35:00,23.87
2525,2016-08-27T03:40:00,23.87
2526,2016-08-27T03:45:00,23.87
2527,2016-08-27T03:50:00,23.87
2528,2016-08-27T03:55:00,23.87
2529,2016-08-27T04:00:00,23.87
2530,2016-08-27T04:05:00,23.87
2531,2016-08-27T04:10:00,23.84
2532,2016-08-27T04:15:00,23.77
2533,2016-08-27T04:20:00,23.71
2534,2016-08-27T04:25:00,23.71
2535,2016-08-27T04:30:00,23.66
2536,2016-08-27T04:35:00,23.6
2537,2016-08-27T04:40:00,23.55
2538,2016-08-27T04:45:00,23.55
2539,2016-08-27T04:50:00,23.55
2540,2016-08-27T04:55:00,23.55
2541,2016-08-27T05:00:00,23.55
2542,2016-08-27T05:05:00,23.55
2543,2016-08-27T05:10:00,23.55
2544,2016-08-27T05:15:00,23.55
2545,2016-08-27T05:20:00,23.51
2546,2016-08-27T05:25:00,23.48
2547,2016-08-27T05:30:00,23.42
2548,2016-08-27T05:35:00,23.43
2549,2016-08-27T05:40:00,23.36
2550,2016-08-27T05:45:00,23.26
2551,2016-08-27T05:50:00,23.23
2552,2016-08-27T05:55:00,23.23
2553,2016-08-27T06:00:00,23.23
2554,2016-08-27T06:05:00,23.23
2555,2016-08-27T06:10:00,23.23
2556,2016-08-27T06:15:00,23.23
2557,2016-08-27T06:20:00,23.23
2558,2016-08-27T06:25:00,23.23
2559,2016-08-27T06:30:00,23.23
2560,2016-08-27T06:35:00,23.23
2561,2016-08-27T06:40:00,23.23
2562,2016-08-27T06:45:00,23.23
2563,2016-08-27T06:50:00,23.23
2564,2016-08-27T06:55:00,23.23
2565,2016-08-27T07:00:00,23.23
2566,2016-08-27T07:05:00,23.16
2567,2016-08-27T07:10:00,23.1
2568,2016-08-27T07:15:00,23.1
2569,2016-08-27T07:20:00,23.23
2570,2016-08-27T07:25:00,23.14
2571,2016-08-27T07:30:00,23.06
2572,2016-08-27T07:35:00,23.16
2573,2016-08-27T07:40:00,23.16
2574,2016-08-27T07:45:00,23.13
2575,2016-08-27T07:50:00,23.03
2576,2016-08-27T07:55:00,23.05
2577,2016-08-27T08:00:00,23.23
2578,2016-08-27T08:05:00,23.23
2579,2016-08-27T08:10:00,23.23
2580,2016-08-27T08:15:00,23.23
2581,2016-08-27T08:20:00,23.23
2582,2016-08-27T08:25:00,23.23
2583,2016-08-27T08:30:00,23.23
2584,2016-08-27T08:35:00,23.23
2585,2016-08-27T08:40:00,23.23
2586,2016-08-27T08:45:00,23.23
2587,2016-08-27T08:50:00,23.23
2588,2016-08-27T08:55:00,23.23
2589,2016-08-27T09:00:00,23.23
2590,2016-08-27T09:05:00,23.23
2591,2016-08-27T09:10:00,23.23
2592,2016-08-27T09:15:00,23.23
2593,2016-08-27T09:20:00,23.23
2594,2016-08-27T09:25:00,23.23
2595,2016-08-27T09:30:00,23.23
2596,2016-08-27T09:35:00,23.23
2597,2016-08-27T09:40:00,23.23
2598,2016-08-27T09:45:00,23.23
2599,2016-08-27T09:50:00,23.23
2600,2016-08-27T09:55:00,23.27
2601,2016-08-27T10:00:00,23.37
2602,2016-08-27T10:05:00,23.35
2603,2016-08-27T10:10:00,23.55
2604,2016-08-27T10:15:00,23.33
2605,2016-08-27T10:20:00,23.42
2606,2016-08-27T10:25:00,23.55
2607,2016-08-27T10:30:00,23.49
2608,2016-08-27T10:35:00,23.52
2609,2016-08-27T10:40:00,23.47
2610,2016-08-27T10:45:00,23.42
2611,2016-08-27T10:50:00,23.55
2612,2016-08-27T10:55:00,23.51
2613,2016-08-27T11:00:00,23.55
2614,2016-08-27T11:05:00,23.55
2615,2016-08-27T11:10:00,23.55
2616,2016-08-27T11:15:00,23.55
2617,2016-08-27T11:20:00,23.55
2618,2016-08-27T11:25:00,23.59
2619,2016-08-27T11:30:00,23.74
2620,2016-08-27T11:35:00,23.81
2621,2016-08-27T11:40:00,23.87
2622,2016-08-27T11:45:00,23.87
2623,2016-08-27T11:50:00,23.87
2624,2016-08-27T11:55:00,23.87
2625,2016-08-27T12:00:00,23.87
2626,2016-08-27T12:05:00,23.87
2627,2016-08-27T12:10:00,24.01
2628,2016-08-27T12:15:00,24.09
2629,2016-08-27T12:20:00,24.07
2630,2016-08-27T12:25:00,24.19
2631,2016-08-27T12:30:00,24.19
2632,2016-08-27T12:35:00,24.19
2633,2016-08-27T12:40:00,24.19
2634,2016-08-27T12:45:00,24.19
2635,2016-08-27T12:50:00,24.19
2636,2016-08-27T12:55:00,24.22
2637,2016-08-27T13:00:00,24.26
2638,2016-08-27T13:05:00,24.49
2639,2016-08-27T13:10:00,24.52
2640,2016-08-27T13:15:00,24.52
2641,2016-08-27T13:20:00,24.52
2642,2016-08-27T13:25:00,24.52
2643,2016-08-27T13:30:00,24.52
2644,2016-08-27T13:35:00,24.52
2645,2016-08-27T13:40:00,24.52
2646,2016-08-27T13:45:00,24.52
2647,2016-08-27T13:50:00,24.58
2648,2016-08-27T13:55:00,24.52
2649,2016-08-27T14:00:00,24.56
2650,2016-08-27T14:05:00,24.56
2651,2016-08-27T14:10:00,24.72
2652,2016-08-27T14:15:00,24.8
2653,2016-08-27T14:20:00,24.84
2654,2016-08-27T14:25:00,24.84
2655,2016-08-27T14:30:00,24.84
2656,2016-08-27T14:35:00,24.9
2657,2016-08-27T14:40:00,24.84
2658,2016-08-27T14:45:00,24.87
2659,2016-08-27T14:50:00,24.84
2660,2016-08-27T14:55:00,24.81
2661,2016-08-27T15:00:00,24.84
2662,2016-08-27T15:05:00,25.48
2663,2016-08-27T15:10:00,26.52
2664,2016-08-27T15:15:00,26.92
2665,2016-08-27T15:20:00,27.53
2666,2016-08-27T15:25:00,27.92
2667,2016-08-27T15:30:00,28.09
2668,2016-08-27T15:35:00,28.39
2669,2016-08-27T15:40:00,28.39
2670,2016-08-27T15:45:00,28.39
2671,2016-08-27T15:50:00,27.74
2672,2016-08-27T15:55:00,27.1
2673,2016-08-27T16:00:00,26.81
2674,2016-08-27T16:05:00,26.45
2675,2016-08-27T16:10:00,26.48
2676,2016-08-27T16:15:00,27.52
2677,2016-08-27T16:20:00,28.16
2678,2016-08-27T16:25:00,28.39
2679,2016-08-27T16:30:00,28.49
2680,2016-08-27T16:35:00,28.71
2681,2016-08-27T16:40:00,28.58
2682,2016-08-27T16:45:00,28.16
2683,2016-08-27T16:50:00,28.09
2684,2016-08-27T16:55:00,28.52
2685,2016-08-27T17:00:00,28.68
2686,2016-08-27T17:05:00,28.55
2687,2016-08-27T17:10:00,28.67
2688,2016-08-27T17:15:00,28.71
2689,2016-08-27T17:20:00,28.71
2690,2016-08-27T17:25:00,28.67
2691,2016-08-27T17:30:00,28.77
2692,2016-08-27T17:35:00,29.03
2693,2016-08-27T17:40:00,29
2694,2016-08-27T17:45:00,28.46
2695,2016-08-27T17:50:00,27.78
2696,2016-08-27T17:55:00,27.42
2697,2016-08-27T18:00:00,27.39
2698,2016-08-27T18:05:00,27.32
2699,2016-08-27T18:10:00,27.74
2700,2016-08-27T18:15:00,27.7
2701,2016-08-27T18:20:00,27.48
2702,2016-08-27T18:25:00,27.42
2703,2016-08-27T18:30:00,27.42
2704,2016-08-27T18:35:00,27.55
2705,2016-08-27T18:40:00,27.74
2706,2016-08-27T18:45:00,27.74
2707,2016-08-27T18:50:00,27.61
2708,2016-08-27T18:55:00,27.35
2709,2016-08-27T19:00:00,27.13
2710,2016-08-27T19:05:00,27.16
2711,2016-08-27T19:10:00,27.32
2712,2016-08-27T19:15:00,27.23
2713,2016-08-27T19:20:00,27.1
2714,2016-08-27T19:25:00,27.1
2715,2016-08-27T19:30:00,27.07
2716,2016-08-27T19:35:00,26.88
2717,2016-08-27T19:40:00,26.77
2718,2016-08-27T19:45:00,26.77
2719,2016-08-27T19:50:00,26.77
2720,2016-08-27T19:55:00,26.71
2721,2016-08-27T20:00:00,26.48
2722,2016-08-27T20:05:00,26.64
2723,2016-08-27T20:10:00,26.45
2724,2016-08-27T20:15:00,26.45
2725,2016-08-27T20:20:00,26.45
2726,2016-08-27T20:25:00,26.45
2727,2016-08-27T20:30:00,26.45
2728,2016-08-27T20:35:00,26.45
2729,2016-08-27T20:40:00,26.45
2730,2016-08-27T20:45:00,26.42
2731,2016-08-27T20:50:00,26.25
2732,2016-08-27T20:55:00,26.13
2733,2016-08-27T21:00:00,26.13
2734,2016-08-27T21:05:00,26.13
2735,2016-08-27T21:10:00,26.13
2736,2016-08-27T21:15:00,26.13
2737,2016-08-27T21:20:00,26.06
2738,2016-08-27T21:25:00,25.84
2739,2016-08-27T21:30:00,25.81
2740,2016-08-27T21:35:00,25.81
2741,2016-08-27T21:40:00,25.81
2742,2016-08-27T21:45:00,25.78
2743,2016-08-27T21:50:00,25.64
2744,2016-08-27T21:55:00,25.48
2745,2016-08-27T22:00:00,25.51
2746,2016-08-27T22:05:00,25.48
2747,2016-08-27T22:10:00,25.48
2748,2016-08-27T22:15:00,25.45
2749,2016-08-27T22:20:00,25.36
2750,2016-08-27T22:25:00,25.16
2751,2016-08-27T22:30:00,25.16
2752,2016-08-27T22:35:00,25.16
2753,2016-08-27T22:40:00,25.16
2754,2016-08-27T22:45:00,25.16
2755,2016-08-27T22:50:00,25.16
2756,2016-08-27T22:55:00,25.12
2757,2016-08-27T23:00:00,25.03
2758,2016-08-27T23:05:00,24.87
2759,2016-08-27T23:10:00,24.84
2760,2016-08-27T23:15:00,24.84
2761,2016-08-27T23:20:00,24.84
2762,2016-08-27T23:25:00,24.84
2763,2016-08-27T23:30:00,24.84
2764,2016-08-27T23:35:00,24.84
2765,2016-08-27T23:40:00,24.76
2766,2016-08-27T23:45:00,24.7
2767,2016-08-27T23:50:00,24.63
2768,2016-08-27T23:55:00,24.52
2769,2016-08-28T00:00:00,24.52
2770,2016-08-28T00:05:00,24.52
2771,2016-08-28T00:10:00,24.52
2772,2016-08-28T00:15:00,24.52
2773,2016-08-28T00:20:00,24.52
2774,2016-08-28T00:25:00,24.52
2775,2016-08-28T00:30:00,24.52
2776,2016-08-28T00:35:00,24.41
2777,2016-08-28T00:40:00,24.26
2778,2016-08-28T00:45:00,24.26
2779,2016-08-28T00:50:00,24.19
2780,2016-08-28T00:55:00,24.19
2781,2016-08-28T01:00:00,24.19
2782,2016-08-28T01:05:00,24.19
2783,2016-08-28T01:10:00,24.19
2784,2016-08-28T01:15:00,24.19
2785,2016-08-28T01:20:00,24.19
2786,2016-08-28T01:25:00,24.19
2787,2016-08-28T01:30:00,24.06
2788,2016-08-28T01:35:00,24.03
2789,2016-08-28T01:40:00,23.93
2790,2016-08-28T01:45:00,23.87
2791,2016-08-28T01:50:00,23.9
2792,2016-08-28T01:55:00,23.87
2793,2016-08-28T02:00:00,23.87
2794,2016-08-28T02:05:00,23.87
2795,2016-08-28T02:10:00,23.87
2796,2016-08-28T02:15:00,23.87
2797,2016-08-28T02:20:00,23.87
2798,2016-08-28T02:25:00,23.87
2799,2016-08-28T02:30:00,23.87
2800,2016-08-28T02:35:00,23.87
2801,2016-08-28T02:40:00,23.87
2802,2016-08-28T02:45:00,23.87
2803,2016-08-28T02:50:00,23.87
2804,2016-08-28T02:55:00,23.81
2805,2016-08-28T03:00:00,23.76
2806,2016-08-28T03:05:00,23.74
2807,2016-08-28T03:10:00,23.73
2808,2016-08-28T03:15:00,23.77
2809,2016-08-28T03:20:00,23.65
2810,2016-08-28T03:25:00,23.55
2811,2016-08-28T03:30:00,23.55
2812,2016-08-28T03:35:00,23.58
2813,2016-08-28T03:40:00,23.55
2814,2016-08-28T03:45:00,23.55
2815,2016-08-28T03:50:00,23.58
2816,2016-08-28T03:55:00,23.55
2817,2016-08-28T04:00:00,23.4
2818,2016-08-28T04:05:00,23.55
2819,2016-08-28T04:10:00,23.58
2820,2016-08-28T04:15:00,23.55
2821,2016-08-28T04:20:00,23.55
2822,2016-08-28T04:25:00,23.55
2823,2016-08-28T04:30:00,23.55
2824,2016-08-28T04:35:00,23.55
2825,2016-08-28T04:40:00,23.52
2826,2016-08-28T04:45:00,23.55
2827,2016-08-28T04:50:00,23.55
2828,2016-08-28T04:55:00,23.52
2829,2016-08-28T05:00:00,23.55
2830,2016-08-28T05:05:00,23.52
2831,2016-08-28T05:10:00,23.34
2832,2016-08-28T05:15:00,23.29
2833,2016-08-28T05:20:00,23.26
2834,2016-08-28T05:25:00,23.33
2835,2016-08-28T05:30:00,23.23
2836,2016-08-28T05:35:00,23.26
2837,2016-08-28T05:40:00,23.23
2838,2016-08-28T05:45:00,23.23
2839,2016-08-28T05:50:00,23.23
2840,2016-08-28T05:55:00,23.23
2841,2016-08-28T06:00:00,23.23
2842,2016-08-28T06:05:00,23.23
2843,2016-08-28T06:10:00,23.23
2844,2016-08-28T06:15:00,23.23
2845,2016-08-28T06:20:00,23.23
2846,2016-08-28T06:25:00,23.23
2847,2016-08-28T06:30:00,23.23
2848,2016-08-28T06:35:00,23.23
2849,2016-08-28T06:40:00,23.23
2850,2016-08-28T06:45:00,23.23
2851,2016-08-28T06:50:00,23.03
2852,2016-08-28T06:55:00,23.1
2853,2016-08-28T07:00:00,23.1
2854,2016-08-28T07:05:00,23.13
2855,2016-08-28T07:10:00,23.12
2856,2016-08-28T07:15:00,23.02
2857,2016-08-28T07:20:00,23
2858,2016-08-28T07:25:00,22.93
2859,2016-08-28T07:30:00,22.9
2860,2016-08-28T07:35:00,22.9
2861,2016-08-28T07:40:00,22.9
2862,2016-08-28T07:45:00,22.9
2863,2016-08-28T07:50:00,22.9
2864,2016-08-28T07:55:00,22.9
2865,2016-08-28T08:00:00,22.9
2866,2016-08-28T08:05:00,22.9
2867,2016-08-28T08:10:00,22.9
2868,2016-08-28T08:15:00,22.9
2869,2016-08-28T08:20:00,22.9
2870,2016-08-28T08:25:00,22.9
2871,2016-08-28T08:30:00,22.9
2872,2016-08-28T08:35:00,22.9
2873,2016-08-28T08:40:00,22.9
2874,2016-08-28T08:45:00,22.9
2875,2016-08-28T08:50:00,22.93
2876,2016-08-28T08:55:00,22.93
2877,2016-08-28T09:00:00,22.9
2878,2016-08-28T09:05:00,22.9
2879,2016-08-28T09:10:00,22.9
2880,2016-08-28T09:15:00,22.93
2881,2016-08-28T09:20:00,22.93
2882,2016-08-28T09:25:00,23.02
2883,2016-08-28T09:30:00,22.94
2884,2016-08-28T09:35:00,22.97
2885,2016-08-28T09:40:00,23.06
2886,2016-08-28T09:45:00,23.16
2887,2016-08-28T09:50:00,23.23
2888,2016-08-28T09:55:00,23.19
2889,2016-08-28T10:00:00,22.99
2890,2016-08-28T10:05:00,22.93
2891,2016-08-28T10:10:00,23.03
2892,2016-08-28T10:15:00,22.93
2893,2016-08-28T10:20:00,22.94
2894,2016-08-28T10:25:00,22.94
2895,2016-08-28T10:30:00,22.93
2896,2016-08-28T10:35:00,22.97
2897,2016-08-28T10:40:00,22.97
2898,2016-08-28T10:45:00,22.97
2899,2016-08-28T10:50:00,22.99
2900,2016-08-28T10:55:00,23.1
2901,2016-08-28T11:00:00,23.05
2902,2016-08-28T11:05:00,23.13
2903,2016-08-28T11:10:00,23.1
2904,2016-08-28T11:15:00,23.19
2905,2016-08-28T11:20:00,23.23
2906,2016-08-28T11:25:00,23.23
2907,2016-08-28T11:30:00,23.23
2908,2016-08-28T11:35:00,23.23
2909,2016-08-28T11:40:00,23.26
2910,2016-08-28T11:45:00,23.36
2911,2016-08-28T11:50:00,23.41
2912,2016-08-28T11:55:00,23.52
2913,2016-08-28T12:00:00,23.52
2914,2016-08-28T12:05:00,23.55
2915,2016-08-28T12:10:00,23.55
2916,2016-08-28T12:15:00,23.42
2917,2016-08-28T12:20:00,23.52
2918,2016-08-28T12:25:00,23.45
2919,2016-08-28T12:30:00,23.26
2920,2016-08-28T12:35:00,23.23
2921,2016-08-28T12:40:00,23.23
2922,2016-08-28T12:45:00,23.23
2923,2016-08-28T12:50:00,23.23
2924,2016-08-28T12:55:00,23.23
2925,2016-08-28T13:00:00,23.23
2926,2016-08-28T13:05:00,23.23
2927,2016-08-28T13:10:00,23.23
2928,2016-08-28T13:15:00,23.23
2929,2016-08-28T13:20:00,23.49
2930,2016-08-28T13:25:00,23.55
2931,2016-08-28T13:30:00,23.39
2932,2016-08-28T13:35:00,23.26
2933,2016-08-28T13:40:00,23.26
2934,2016-08-28T13:45:00,23.23
2935,2016-08-28T13:50:00,23.23
2936,2016-08-28T13:55:00,23.23
2937,2016-08-28T14:00:00,23.23
2938,2016-08-28T14:05:00,23.23
2939,2016-08-28T14:10:00,23.23
2940,2016-08-28T14:15:00,23.23
2941,2016-08-28T14:20:00,23.23
2942,2016-08-28T14:25:00,23.23
2943,2016-08-28T14:30:00,23.23
2944,2016-08-28T14:35:00,23.23
2945,2016-08-28T14:40:00,23.23
2946,2016-08-28T14:45:00,23.23
2947,2016-08-28T14:50:00,23.26
2948,2016-08-28T14:55:00,23.23
2949,2016-08-28T15:00:00,23.44
2950,2016-08-28T15:05:00,23.55
2951,2016-08-28T15:10:00,23.55
2952,2016-08-28T15:15:00,23.55
2953,2016-08-28T15:20:00,23.55
2954,2016-08-28T15:25:00,23.55
2955,2016-08-28T15:30:00,23.52
2956,2016-08-28T15:35:00,23.55
2957,2016-08-28T15:40:00,23.62
2958,2016-08-28T15:45:00,24.15
2959,2016-08-28T15:50:00,24.29
2960,2016-08-28T15:55:00,24.19
2961,2016-08-28T16:00:00,24.13
2962,2016-08-28T16:05:00,24.19
2963,2016-08-28T16:10:00,24.19
2964,2016-08-28T16:15:00,24.19
2965,2016-08-28T16:20:00,24.13
2966,2016-08-28T16:25:00,24.19
2967,2016-08-28T16:30:00,24.39
2968,2016-08-28T16:35:00,24.87
2969,2016-08-28T16:40:00,24.78
2970,2016-08-28T16:45:00,24.52
2971,2016-08-28T16:50:00,24.52
2972,2016-08-28T16:55:00,24.52
2973,2016-08-28T17:00:00,24.52
2974,2016-08-28T17:05:00,24.52
2975,2016-08-28T17:10:00,24.56
2976,2016-08-28T17:15:00,24.87
2977,2016-08-28T17:20:00,25.19
2978,2016-08-28T17:25:00,25.58
2979,2016-08-28T17:30:00,25.78
2980,2016-08-28T17:35:00,25.81
2981,2016-08-28T17:40:00,25.84
2982,2016-08-28T17:45:00,26.06
2983,2016-08-28T17:50:00,26.03
2984,2016-08-28T17:55:00,26
2985,2016-08-28T18:00:00,25.61
2986,2016-08-28T18:05:00,25.48
2987,2016-08-28T18:10:00,25.48
2988,2016-08-28T18:15:00,25.61
2989,2016-08-28T18:20:00,25.78
2990,2016-08-28T18:25:00,25.81
2991,2016-08-28T18:30:00,25.48
2992,2016-08-28T18:35:00,25.29
2993,2016-08-28T18:40:00,25.16
2994,2016-08-28T18:45:00,25.13
2995,2016-08-28T18:50:00,24.97
2996,2016-08-28T18:55:00,24.87
2997,2016-08-28T19:00:00,24.84
2998,2016-08-28T19:05:00,24.84
2999,2016-08-28T19:10:00,25.03
3000,2016-08-28T19:15:00,25.03
3001,2016-08-28T19:20:00,25
3002,2016-08-28T19:25:00,24.84
3003,2016-08-28T19:30:00,24.84
3004,2016-08-28T19:35:00,24.84
3005,2016-08-28T19:40:00,24.84
3006,2016-08-28T19:45:00,24.84
3007,2016-08-28T19:50:00,24.84
3008,2016-08-28T19:55:00,24.84
3009,2016-08-28T20:00:00,24.71
3010,2016-08-28T20:05:00,24.62
3011,2016-08-28T20:10:00,24.56
3012,2016-08-28T20:15:00,24.52
3013,2016-08-28T20:20:00,24.52
3014,2016-08-28T20:25:00,24.52
3015,2016-08-28T20:30:00,24.52
3016,2016-08-28T20:35:00,24.52
3017,2016-08-28T20:40:00,24.52
3018,2016-08-28T20:45:00,24.52
3019,2016-08-28T20:50:00,24.52
3020,2016-08-28T20:55:00,24.49
3021,2016-08-28T21:00:00,24.39
3022,2016-08-28T21:05:00,24.23
3023,2016-08-28T21:10:00,24.19
3024,2016-08-28T21:15:00,24.19
3025,2016-08-28T21:20:00,24.19
3026,2016-08-28T21:25:00,24.16
3027,2016-08-28T21:30:00,24.19
3028,2016-08-28T21:35:00,24.19
3029,2016-08-28T21:40:00,24.06
3030,2016-08-28T21:45:00,24.01
3031,2016-08-28T21:50:00,24
3032,2016-08-28T21:55:00,23.9
3033,2016-08-28T22:00:00,23.87
3034,2016-08-28T22:05:00,23.87
3035,2016-08-28T22:10:00,23.87
3036,2016-08-28T22:15:00,23.87
3037,2016-08-28T22:20:00,23.87
3038,2016-08-28T22:25:00,23.87
3039,2016-10-16T06:20:00,7.74
3040,2016-10-16T06:40:00,8.39
3041,2016-10-16T07:00:00,8.71
3042,2016-10-16T07:20:00,8.71
3043,2016-10-16T07:40:00,8.71
3044,2016-10-16T08:00:00,8.71
3045,2016-10-16T08:20:00,8.71
3046,2016-10-16T08:40:00,8.71
3047,2016-10-16T09:00:00,8.71
3048,2016-10-16T09:20:00,8.71
3049,2016-10-16T09:40:00,8.71
3050,2016-10-16T10:00:00,8.71
3051,2016-10-16T10:20:00,8.71
3052,2016-10-16T10:40:00,8.71
3053,2016-10-16T11:00:00,8.39
3054,2016-10-16T11:20:00,8.39
3055,2016-10-16T11:40:00,8.39
3056,2016-10-16T12:00:00,8.39
3057,2016-10-16T12:20:00,8.39
3058,2016-10-16T12:40:00,8.39
3059,2016-10-16T13:00:00,8.39
3060,2016-10-16T13:20:00,8.39
3061,2016-10-16T13:45:00,8.39
3062,2016-10-16T14:05:00,8.39
3063,2016-10-16T14:25:00,8.39
3064,2016-10-16T14:45:00,8.39
3065,2016-10-16T15:05:00,8.39
3066,2016-10-16T15:25:00,8.39
3067,2016-10-16T15:45:00,8.39
3068,2016-10-16T16:05:00,8.71
3069,2016-10-16T16:25:00,8.71
3070,2016-10-16T16:45:00,8.71
3071,2016-10-16T17:05:00,8.71
3072,2016-10-16T17:25:00,8.71
3073,2016-10-16T17:45:00,8.71
3074,2016-10-16T18:05:00,8.71
3075,2016-10-16T18:25:00,8.71
3076,2016-10-16T18:45:00,8.71
3077,2016-10-16T19:05:00,8.71
3078,2016-10-16T19:25:00,8.71
3079,2016-10-16T19:45:00,8.71
3080,2016-10-16T20:05:00,8.71
3081,2016-10-16T20:25:00,8.71
3082,2016-10-16T20:45:00,8.71
3083,2016-10-16T21:05:00,8.71
3084,2016-10-16T21:25:00,8.71
3085,2016-10-16T21:45:00,8.71
3086,2016-10-16T22:05:00,8.71
3087,2016-10-16T22:25:00,8.71
3088,2016-10-16T22:45:00,8.71
3089,2016-08-29T01:40:00,24.49
3090,2016-08-29T01:45:00,24.52
3091,2016-08-29T01:50:00,24.52
3092,2016-08-29T01:55:00,24.52
3093,2016-08-29T02:00:00,24.55
3094,2016-08-29T02:05:00,24.77
3095,2016-08-29T02:10:00,24.81
3096,2016-08-29T02:15:00,24.84
3097,2016-08-29T02:20:00,24.84
3098,2016-08-29T02:25:00,24.9
3099,2016-08-29T02:30:00,25.04
3100,2016-08-29T02:35:00,25.13
3101,2016-08-29T02:40:00,25.19
3102,2016-08-29T02:45:00,25.16
3103,2016-08-29T02:50:00,25.29
3104,2016-08-29T02:55:00,25.37
3105,2016-08-29T03:00:00,25.48
3106,2016-08-29T03:05:00,25.48
3107,2016-08-29T03:10:00,25.51
3108,2016-08-29T03:15:00,25.74
3109,2016-08-29T03:20:00,25.81
3110,2016-08-29T03:25:00,25.81
3111,2016-08-29T03:30:00,25.81
3112,2016-08-29T03:35:00,25.88
3113,2016-08-29T03:40:00,26.13
3114,2016-08-29T03:45:00,26.13
3115,2016-08-29T03:50:00,26.13
3116,2016-08-29T03:55:00,26.21
3117,2016-08-29T04:00:00,26.45
3118,2016-08-29T04:05:00,26.45
3119,2016-08-29T04:10:00,26.48
3120,2016-08-29T04:15:00,26.71
3121,2016-08-29T04:20:00,26.77
3122,2016-08-29T04:25:00,26.77
3123,2016-08-29T04:30:00,26.84
3124,2016-08-29T04:35:00,27.1
3125,2016-08-29T04:40:00,27.1
3126,2016-08-29T04:45:00,27.17
3127,2016-08-29T04:50:00,27.38
3128,2016-08-29T04:55:00,27.42
3129,2016-08-29T05:00:00,27.42
3130,2016-08-29T05:05:00,27.58
3131,2016-08-29T05:10:00,27.74
3132,2016-08-29T05:15:00,27.74
3133,2016-08-29T05:20:00,27.84
3134,2016-08-29T05:25:00,28.06
3135,2016-08-29T05:30:00,28.06
3136,2016-08-29T05:35:00,28.36
3137,2016-08-29T05:40:00,28.35
3138,2016-08-29T05:45:00,28.5
3139,2016-08-29T05:50:00,28.71
3140,2016-08-29T05:55:00,28.75
3141,2016-08-29T06:00:00,29
3142,2016-08-29T06:05:00,29.03
3143,2016-08-29T06:10:00,29.29
3144,2016-08-29T06:15:00,29.35
3145,2016-08-29T06:20:00,29.52
3146,2016-08-29T06:25:00,29.68
3147,2016-08-29T06:30:00,29.89
3148,2016-08-29T06:35:00,30
3149,2016-08-29T06:40:00,30.06
3150,2016-08-29T06:45:00,30.28
3151,2016-08-29T06:50:00,30.39
3152,2016-08-29T06:55:00,30.65
3153,2016-08-29T07:00:00,30.76
3154,2016-08-29T07:05:00,30.97
3155,2016-08-29T07:10:00,31.16
3156,2016-08-29T07:15:00,31.29
3157,2016-08-29T07:20:00,31.5
3158,2016-08-29T07:25:00,31.84
3159,2016-08-29T07:30:00,32
3160,2016-08-29T07:35:00,32.19
3161,2016-08-29T07:40:00,32.58
3162,2016-08-29T07:45:00,32.84
3163,2016-08-29T07:50:00,33.07
3164,2016-08-29T07:55:00,33.48
3165,2016-08-29T08:00:00,33.87
3166,2016-08-29T08:05:00,34.22
3167,2016-08-29T08:10:00,34.52
3168,2016-08-29T08:15:00,34.9
3169,2016-08-29T08:20:00,35.32
3170,2016-08-29T08:25:00,35.48
3171,2016-08-29T08:30:00,35.48
3172,2016-08-29T09:40:00,36.29
3173,2016-08-29T09:55:00,36.29
3174,2016-08-29T10:00:00,36.13
3175,2016-08-29T10:05:00,36.45
3176,2016-08-29T10:10:00,36.45
3177,2016-09-27T10:25:00,24.95
3178,2016-09-27T10:30:00,25.14
3179,2016-09-27T10:35:00,25.42
3180,2016-09-27T10:50:00,21.94
3181,2016-09-27T11:20:00,-36.13
3182,2016-09-27T11:50:00,-36.45
3183,2016-09-27T12:20:00,-36.77
3184,2016-09-27T12:50:00,-36.13
3185,2016-09-27T13:20:00,-36.45
3186,2016-09-27T13:50:00,-37.42
3187,2016-09-27T14:25:00,-38.06
3188,2016-09-27T14:55:00,-38.06
3189,2016-09-27T15:25:00,-37.74
3190,2016-09-27T15:55:00,-38.06
3191,2016-09-27T16:25:00,-38.39
3192,2016-09-27T16:55:00,-38.39
3193,2016-09-27T17:25:00,-38.71
3194,2016-09-27T17:55:00,-38.39
3195,2016-09-27T18:25:00,-39.35
3196,2016-09-27T18:55:00,-38.39
3197,2016-09-27T19:25:00,-39.68
3198,2016-09-27T19:55:00,-39.35
3199,2016-09-27T20:25:00,-39.68
3200,2016-09-27T20:55:00,-39.35
3201,2016-09-27T21:25:00,-39.68
3202,2016-09-27T21:55:00,-39.35
3203,2016-09-27T22:25:00,-39.35
3204,2016-09-27T22:55:00,-39.68
3205,2016-09-27T23:25:00,-39.68
3206,2016-09-27T23:55:00,-39.68
3207,2016-09-28T00:25:00,-39.35
3208,2016-09-28T00:55:00,-39.35
3209,2016-09-28T01:25:00,-39.03
3210,2016-09-28T01:55:00,-39.68
3211,2016-09-28T02:25:00,-40
3212,2016-09-28T02:55:00,-39.35
3213,2016-09-28T03:25:00,-38.71
3214,2016-09-28T03:55:00,-39.68
3215,2016-09-28T04:25:00,-39.35
3216,2016-09-28T04:55:00,-39.03
3217,2016-09-28T05:25:00,-39.03
3218,2016-09-28T05:55:00,-38.06
3219,2016-09-28T06:25:00,-38.71
3220,2016-09-28T06:55:00,-38.06
3221,2016-09-28T07:25:00,-38.06
3222,2016-09-28T07:55:00,-38.39
3223,2016-09-28T08:25:00,-37.42
3224,2016-09-28T08:55:00,-38.39
3225,2016-09-28T09:25:00,-38.71
3226,2016-09-28T09:55:00,-38.39
3227,2016-09-28T10:25:00,-36.77
3228,2016-09-28T10:55:00,-37.42
3229,2016-09-28T11:25:00,-38.39
3230,2016-09-28T12:25:00,-38.71
3231,2016-09-28T12:55:00,-38.06
3232,2016-09-28T13:25:00,-37.42
3233,2016-09-28T13:55:00,-38.39
3234,2016-09-28T14:25:00,-37.42
3235,2016-09-28T14:55:00,-37.42
3236,2016-09-28T15:25:00,-37.42
3237,2016-09-28T15:55:00,-37.74
3238,2016-09-28T16:30:00,-38.39
3239,2016-09-28T17:00:00,-37.74
3240,2016-09-28T17:30:00,-38.71
3241,2016-09-28T18:00:00,-39.68
3242,2016-09-28T18:30:00,-39.68
3243,2016-09-28T19:00:00,-39.68
3244,2016-09-28T19:30:00,-40
3245,2016-09-28T20:00:00,-40
3246,2016-09-28T20:30:00,-39.35
3247,2016-09-28T21:00:00,-39.68
3248,2016-09-28T21:30:00,-39.68
3249,2016-09-28T22:00:00,-39.68
3250,2016-09-28T22:30:00,-39.68
3251,2016-09-28T23:00:00,-39.68
3252,2016-09-28T23:30:00,-39.35
3253,2016-09-29T00:00:00,-39.35
3254,2016-09-29T00:30:00,-39.03
3255,2016-09-29T01:00:00,-39.03
3256,2016-09-29T01:30:00,-40
3257,2016-09-29T02:00:00,-39.68
3258,2016-09-29T02:30:00,-39.35
3259,2016-09-29T03:00:00,-39.03
3260,2016-09-29T03:30:00,-39.35
3261,2016-09-29T04:00:00,-38.06
3262,2016-09-29T04:30:00,-38.39
3263,2016-09-29T05:00:00,-38.39
3264,2016-09-29T05:30:00,-37.1
3265,2016-09-29T06:00:00,-37.1
3266,2016-09-29T06:30:00,-38.39
3267,2016-09-29T07:00:00,-37.74
3268,2016-09-29T07:30:00,-37.74
3269,2016-09-29T08:00:00,-37.42
3270,2016-09-29T08:30:00,-37.42
3271,2016-09-29T09:00:00,-38.06
3272,2016-09-29T09:30:00,-37.74
3273,2016-09-29T10:00:00,-38.39
3274,2016-09-29T10:30:00,-37.1
3275,2016-09-29T11:30:00,-38.71
3276,2016-09-29T11:35:00,17.1
3277,2016-09-29T11:40:00,17.74
3278,2016-09-29T11:45:00,18.39
3279,2016-09-29T11:55:00,19.03
3280,2016-09-29T12:15:00,19.68
3281,2016-09-29T12:35:00,15.48
3282,2016-09-29T12:55:00,16.45
3283,2016-09-29T13:15:00,16.77
3284,2016-09-29T13:35:00,20
3285,2016-09-29T13:55:00,18.71
3286,2016-09-29T14:15:00,17.42
3287,2016-09-29T14:35:00,17.74
3288,2016-09-29T14:55:00,17.1
3289,2016-09-29T15:15:00,15.81
3290,2016-09-29T15:35:00,15.81
3291,2016-09-29T15:55:00,14.84
3292,2016-09-29T16:15:00,14.52
3293,2016-09-29T16:35:00,14.19
3294,2016-09-29T16:55:00,13.55
3295,2016-09-29T17:15:00,13.23
3296,2016-09-29T17:35:00,13.23
3297,2016-09-29T17:55:00,12.9
3298,2016-09-29T18:15:00,12.58
3299,2016-09-29T18:35:00,12.58
3300,2016-09-29T18:55:00,12.58
3301,2016-09-29T19:15:00,12.26
3302,2016-09-29T19:35:00,12.26
3303,2016-09-29T20:00:00,12.58
3304,2016-09-29T20:20:00,12.58
3305,2016-09-29T20:40:00,11.94
3306,2016-09-29T21:00:00,11.61
3307,2016-09-29T21:20:00,10.65
3308,2016-09-29T21:40:00,10.97
3309,2016-09-29T22:00:00,10.97
3310,2016-09-29T22:20:00,11.29
3311,2016-09-29T22:40:00,10.32
3312,2016-09-29T23:00:00,10.32
3313,2016-09-29T23:20:00,9.68
3314,2016-09-29T23:40:00,9.68
3315,2016-09-30T00:00:00,10.32
3316,2016-09-30T00:20:00,10.65
3317,2016-09-30T00:40:00,10.32
3318,2016-09-30T01:00:00,10
3319,2016-09-30T01:20:00,9.68
3320,2016-09-30T01:40:00,9.03
3321,2016-09-30T02:00:00,9.03
3322,2016-09-30T02:20:00,9.03
3323,2016-09-30T02:40:00,8.71
3324,2016-09-30T03:00:00,8.71
3325,2016-09-30T03:20:00,9.03
3326,2016-09-30T03:40:00,8.71
3327,2016-09-30T04:00:00,8.39
3328,2016-09-30T04:20:00,8.06
3329,2016-09-30T04:40:00,8.39
3330,2016-09-30T05:00:00,8.39
3331,2016-09-30T05:20:00,8.71
3332,2016-09-30T05:40:00,8.71
3333,2016-09-30T06:00:00,8.39
3334,2016-09-30T06:20:00,8.71
3335,2016-09-30T06:40:00,9.68
3336,2016-09-30T07:00:00,11.29
3337,2016-09-30T07:25:00,11.29
3338,2016-09-30T07:45:00,12.26
3339,2016-09-30T08:05:00,13.87
3340,2016-09-30T08:25:00,13.87
3341,2016-09-30T08:45:00,15.48
3342,2016-09-30T09:05:00,15.48
3343,2016-09-30T09:25:00,14.19
3344,2016-09-30T09:45:00,14.19
3345,2016-09-30T10:05:00,14.19
3346,2016-09-30T10:25:00,15.81
3347,2016-09-30T10:45:00,15.48
3348,2016-09-30T11:05:00,13.55
3349,2016-09-30T11:25:00,14.52
3350,2016-09-30T11:45:00,18.71
3351,2016-09-30T12:05:00,15.81
3352,2016-09-30T12:25:00,19.35
3353,2016-09-30T12:45:00,14.19
3354,2016-09-30T13:05:00,11.94
3355,2016-09-30T13:25:00,14.52
3356,2016-09-30T13:45:00,13.55
3357,2016-09-30T14:05:00,16.13
3358,2016-09-30T14:25:00,17.42
3359,2016-09-30T14:45:00,14.84
3360,2016-09-30T15:05:00,12.26
3361,2016-09-30T15:25:00,10.97
3362,2016-09-30T15:45:00,11.94
3363,2016-09-30T16:05:00,9.68
3364,2016-09-30T16:25:00,10.65
3365,2016-09-30T16:45:00,10.32
3366,2016-09-30T17:05:00,9.68
3367,2016-09-30T17:25:00,9.68
3368,2016-09-30T17:45:00,9.68
3369,2016-09-30T18:05:00,10
3370,2016-09-30T18:25:00,9.35
3371,2016-09-30T18:50:00,10
3372,2016-09-30T19:10:00,8.39
3373,2016-09-30T19:30:00,8.71
3374,2016-09-30T19:50:00,8.71
3375,2016-09-30T20:10:00,8.06
3376,2016-09-30T20:30:00,8.39
3377,2016-09-30T20:50:00,8.06
3378,2016-09-30T21:10:00,8.06
3379,2016-09-30T21:30:00,7.74
3380,2016-09-30T21:50:00,7.74
3381,2016-09-30T22:10:00,7.74
3382,2016-09-30T22:30:00,7.74
3383,2016-09-30T22:50:00,7.74
3384,2016-09-30T23:10:00,7.74
3385,2016-09-30T23:30:00,7.74
3386,2016-09-30T23:50:00,8.06
3387,2016-10-01T00:10:00,7.74
3388,2016-10-01T00:30:00,7.42
3389,2016-10-01T00:50:00,7.1
3390,2016-10-01T01:10:00,7.1
3391,2016-10-01T01:30:00,6.77
3392,2016-10-01T01:50:00,6.77
3393,2016-10-01T02:10:00,6.77
3394,2016-10-01T02:30:00,6.77
3395,2016-10-01T02:50:00,6.77
3396,2016-10-01T03:10:00,6.77
3397,2016-10-01T03:30:00,7.1
3398,2016-10-01T03:50:00,7.1
3399,2016-10-01T04:10:00,6.77
3400,2016-10-01T04:30:00,7.1
3401,2016-10-01T04:50:00,6.77
3402,2016-10-01T05:10:00,6.77
3403,2016-10-01T05:30:00,6.77
3404,2016-10-01T05:50:00,7.42
3405,2016-10-01T06:15:00,8.06
3406,2016-10-01T06:35:00,9.03
3407,2016-10-01T06:55:00,10
3408,2016-10-01T07:15:00,10.97
3409,2016-10-01T07:35:00,11.61
3410,2016-10-01T07:55:00,13.55
3411,2016-10-01T08:15:00,14.84
3412,2016-10-01T08:35:00,14.84
3413,2016-10-01T08:55:00,16.13
3414,2016-10-01T09:15:00,16.77
3415,2016-10-01T09:35:00,16.45
3416,2016-10-01T09:55:00,18.39
3417,2016-10-01T10:15:00,17.1
3418,2016-10-01T10:35:00,17.1
3419,2016-10-01T10:55:00,17.74
3420,2016-10-01T11:15:00,16.13
3421,2016-10-01T11:35:00,15.48
3422,2016-10-01T11:55:00,16.45
3423,2016-10-01T12:15:00,15.16
3424,2016-10-01T12:35:00,13.55
3425,2016-10-01T12:55:00,14.52
3426,2016-10-01T13:15:00,14.84
3427,2016-10-01T13:35:00,14.84
3428,2016-10-01T13:55:00,14.84
3429,2016-10-01T14:15:00,14.52
3430,2016-10-01T14:35:00,15.16
3431,2016-10-01T14:55:00,15.81
3432,2016-10-01T15:15:00,13.87
3433,2016-10-01T15:35:00,13.55
3434,2016-10-01T15:55:00,13.23
3435,2016-10-01T16:15:00,12.9
3436,2016-10-01T16:35:00,12.9
3437,2016-10-01T16:55:00,12.58
3438,2016-10-01T17:15:00,12.9
3439,2016-10-01T17:40:00,12.9
3440,2016-10-01T18:00:00,12.9
3441,2016-10-01T18:20:00,12.58
3442,2016-10-01T18:40:00,12.58
3443,2016-10-01T19:00:00,11.94
3444,2016-10-01T19:20:00,10.97
3445,2016-10-01T19:40:00,11.29
3446,2016-10-01T20:00:00,11.29
3447,2016-10-01T20:20:00,11.29
3448,2016-10-01T20:40:00,11.61
3449,2016-10-01T21:00:00,11.29
3450,2016-10-01T21:20:00,11.29
3451,2016-10-01T21:40:00,10.97
3452,2016-10-01T22:00:00,10.65
3453,2016-10-01T22:20:00,10.65
3454,2016-10-01T22:40:00,10.65
3455,2016-10-01T23:00:00,10.32
3456,2016-10-01T23:20:00,10.32
3457,2016-10-01T23:40:00,10.32
3458,2016-10-02T00:00:00,10.32
3459,2016-10-02T00:20:00,10
3460,2016-10-02T00:40:00,9.68
3461,2016-10-02T01:00:00,9.68
3462,2016-10-02T01:20:00,9.68
3463,2016-10-02T01:40:00,9.03
3464,2016-10-02T02:00:00,9.68
3465,2016-10-02T02:20:00,9.68
3466,2016-10-02T02:40:00,9.68
3467,2016-10-02T03:00:00,9.35
3468,2016-10-02T03:20:00,9.68
3469,2016-10-02T03:40:00,10
3470,2016-10-02T04:00:00,10.32
3471,2016-10-02T04:20:00,10.65
3472,2016-10-02T04:45:00,10.32
3473,2016-10-02T05:05:00,8.71
3474,2016-10-02T05:25:00,10.65
3475,2016-10-02T05:45:00,10.97
3476,2016-10-02T06:05:00,10.65
3477,2016-10-02T06:25:00,10.32
3478,2016-10-02T06:45:00,10.32
3479,2016-10-02T07:05:00,10.65
3480,2016-10-02T07:25:00,10.65
3481,2016-10-02T07:45:00,10.65
3482,2016-10-02T08:05:00,10.97
3483,2016-10-02T08:25:00,11.61
3484,2016-10-02T08:45:00,11.61
3485,2016-10-02T09:05:00,11.94
3486,2016-10-02T09:25:00,11.61
3487,2016-10-02T09:45:00,11.94
3488,2016-10-02T10:05:00,12.58
3489,2016-10-02T10:25:00,12.58
3490,2016-10-02T10:45:00,14.19
3491,2016-10-02T11:05:00,12.9
3492,2016-10-02T11:25:00,12.26
3493,2016-10-02T11:45:00,12.26
3494,2016-10-02T12:05:00,13.23
3495,2016-10-02T12:25:00,12.9
3496,2016-10-02T12:45:00,13.23
3497,2016-10-02T13:05:00,12.58
3498,2016-10-02T13:25:00,12.58
3499,2016-10-02T13:45:00,11.61
3500,2016-10-02T14:05:00,10.97
3501,2016-10-02T14:25:00,11.29
3502,2016-10-02T14:45:00,10
3503,2016-10-02T15:05:00,9.35
3504,2016-10-02T15:25:00,9.03
3505,2016-10-02T15:45:00,8.71
3506,2016-10-02T16:10:00,8.39
3507,2016-10-02T16:30:00,8.39
3508,2016-10-02T16:50:00,8.39
3509,2016-10-02T17:10:00,8.39
3510,2016-10-02T17:30:00,8.39
3511,2016-10-02T17:50:00,8.39
3512,2016-10-02T18:10:00,8.39
3513,2016-10-02T18:30:00,8.39
3514,2016-10-02T18:50:00,8.39
3515,2016-10-02T19:10:00,8.71
3516,2016-10-02T19:30:00,8.71
3517,2016-10-02T19:50:00,9.03
3518,2016-10-02T20:10:00,9.35
3519,2016-10-02T20:30:00,9.68
3520,2016-10-02T20:50:00,9.35
3521,2016-10-02T21:10:00,9.35
3522,2016-10-02T21:30:00,10.32
3523,2016-10-02T21:50:00,10
3524,2016-10-02T22:10:00,10
3525,2016-10-02T22:30:00,10
3526,2016-10-02T22:50:00,10
3527,2016-10-02T23:10:00,9.68
3528,2016-10-02T23:30:00,9.68
3529,2016-10-02T23:50:00,10
3530,2016-10-03T00:10:00,10
3531,2016-10-03T00:30:00,10.65
3532,2016-10-03T00:50:00,11.94
3533,2016-10-03T01:10:00,10.97
3534,2016-10-03T01:30:00,10.65
3535,2016-10-03T01:50:00,10.97
3536,2016-10-03T02:10:00,10.32
3537,2016-10-03T02:30:00,10.65
3538,2016-10-03T02:50:00,10.32
3539,2016-10-03T03:10:00,10.32
3540,2016-10-03T03:35:00,10
3541,2016-10-03T03:55:00,10
3542,2016-10-03T04:15:00,9.68
3543,2016-10-03T04:35:00,9.68
3544,2016-10-03T04:55:00,9.68
3545,2016-10-03T05:15:00,9.68
3546,2016-10-03T05:35:00,9.68
3547,2016-10-03T05:55:00,9.68
3548,2016-10-03T06:15:00,9.68
3549,2016-10-03T06:35:00,10
3550,2016-10-03T06:55:00,10.32
3551,2016-10-03T07:15:00,10.65
3552,2016-10-03T07:35:00,11.29
3553,2016-10-03T07:55:00,11.94
3554,2016-10-03T08:15:00,12.9
3555,2016-10-03T08:35:00,12.9
3556,2016-10-03T08:55:00,13.23
3557,2016-10-03T09:15:00,13.23
3558,2016-10-03T09:35:00,12.58
3559,2016-10-03T09:55:00,12.9
3560,2016-10-03T10:15:00,12.26
3561,2016-10-03T10:35:00,12.9
3562,2016-10-03T10:55:00,14.19
3563,2016-10-03T11:15:00,14.52
3564,2016-10-03T11:35:00,15.81
3565,2016-10-03T11:55:00,15.48
3566,2016-10-03T12:15:00,16.13
3567,2016-10-03T12:35:00,15.81
3568,2016-10-03T12:55:00,15.81
3569,2016-10-03T13:15:00,15.48
3570,2016-10-03T13:35:00,15.48
3571,2016-10-03T13:55:00,14.19
3572,2016-10-03T14:15:00,14.84
3573,2016-10-03T14:35:00,14.19
3574,2016-10-03T15:00:00,15.16
3575,2016-10-03T15:20:00,14.84
3576,2016-10-03T15:40:00,14.19
3577,2016-10-03T16:00:00,13.87
3578,2016-10-03T16:20:00,12.9
3579,2016-10-03T16:40:00,11.94
3580,2016-10-03T17:00:00,11.29
3581,2016-10-03T17:20:00,10.97
3582,2016-10-03T17:40:00,10.65
3583,2016-10-03T18:00:00,10.97
3584,2016-10-03T18:20:00,11.29
3585,2016-10-03T18:40:00,11.29
3586,2016-10-03T19:00:00,10.65
3587,2016-10-03T19:20:00,10.65
3588,2016-10-03T19:40:00,10.65
3589,2016-10-03T20:00:00,10.65
3590,2016-10-03T20:20:00,10.65
3591,2016-10-03T20:40:00,10.65
3592,2016-10-03T21:00:00,11.61
3593,2016-10-03T21:20:00,11.94
3594,2016-10-03T21:40:00,11.61
3595,2016-10-03T22:00:00,11.61
3596,2016-10-03T22:20:00,11.61
3597,2016-10-03T22:40:00,10.97
3598,2016-10-03T23:00:00,10
3599,2016-10-03T23:20:00,9.68
3600,2016-10-03T23:40:00,9.35
3601,2016-10-04T00:00:00,9.35
3602,2016-10-04T00:20:00,9.35
3603,2016-10-04T00:40:00,10.32
3604,2016-10-04T01:00:00,9.35
3605,2016-10-04T01:20:00,9.03
3606,2016-10-04T01:40:00,9.03
3607,2016-10-04T02:05:00,9.35
3608,2016-10-04T02:25:00,8.71
3609,2016-10-04T02:45:00,8.71
3610,2016-10-04T03:05:00,8.71
3611,2016-10-04T03:25:00,9.03
3612,2016-10-04T03:45:00,8.71
3613,2016-10-04T04:05:00,8.39
3614,2016-10-04T04:25:00,9.35
3615,2016-10-04T04:45:00,9.03
3616,2016-10-04T05:05:00,8.39
3617,2016-10-04T05:25:00,8.39
3618,2016-10-04T05:45:00,8.39
3619,2016-10-04T06:05:00,9.03
3620,2016-10-04T06:25:00,10
3621,2016-10-04T06:45:00,10.65
3622,2016-10-04T07:05:00,10.65
3623,2016-10-04T07:25:00,11.29
3624,2016-10-04T07:45:00,11.61
3625,2016-10-04T08:05:00,11.94
3626,2016-10-04T08:25:00,12.26
3627,2016-10-04T08:45:00,12.9
3628,2016-10-04T09:05:00,13.23
3629,2016-10-04T09:25:00,14.52
3630,2016-10-04T09:45:00,14.19
3631,2016-10-04T10:05:00,13.55
3632,2016-10-04T10:25:00,14.84
3633,2016-10-04T10:45:00,14.84
3634,2016-10-04T11:05:00,15.16
3635,2016-10-04T11:25:00,14.52
3636,2016-10-04T11:45:00,15.16
3637,2016-10-04T12:05:00,14.84
3638,2016-10-04T12:25:00,14.52
3639,2016-10-04T12:45:00,14.84
3640,2016-10-04T13:05:00,14.52
3641,2016-10-04T13:30:00,14.84
3642,2016-10-04T13:50:00,14.52
3643,2016-10-04T14:10:00,14.19
3644,2016-10-04T14:30:00,12.9
3645,2016-10-04T14:50:00,12.26
3646,2016-10-04T15:10:00,11.29
3647,2016-10-04T15:30:00,12.9
3648,2016-10-04T15:50:00,11.29
3649,2016-10-04T16:10:00,10.97
3650,2016-10-04T16:30:00,10.65
3651,2016-10-04T16:50:00,10.65
3652,2016-10-04T17:10:00,9.68
3653,2016-10-04T17:30:00,9.68
3654,2016-10-04T17:50:00,10
3655,2016-10-04T18:10:00,10
3656,2016-10-04T18:30:00,10.65
3657,2016-10-04T18:50:00,10.65
3658,2016-10-04T19:10:00,10.65
3659,2016-10-04T19:30:00,10.65
3660,2016-10-04T19:50:00,10.65
3661,2016-10-04T20:10:00,10.65
3662,2016-10-04T20:30:00,10.32
3663,2016-10-04T20:50:00,10
3664,2016-10-04T21:10:00,10.32
3665,2016-10-04T21:30:00,10.32
3666,2016-10-04T21:50:00,10
3667,2016-10-04T22:10:00,10
3668,2016-10-04T22:30:00,10
3669,2016-10-04T22:50:00,9.35
3670,2016-10-04T23:10:00,9.03
3671,2016-10-04T23:30:00,9.68
3672,2016-10-04T23:50:00,9.03
3673,2016-10-05T00:10:00,8.71
3674,2016-10-05T00:30:00,8.71
3675,2016-10-05T00:55:00,7.42
3676,2016-10-05T01:15:00,7.42
3677,2016-10-05T01:35:00,7.42
3678,2016-10-05T01:55:00,6.77
3679,2016-10-05T02:15:00,6.77
3680,2016-10-05T02:35:00,6.45
3681,2016-10-05T02:55:00,6.45
3682,2016-10-05T03:15:00,6.13
3683,2016-10-05T03:35:00,6.13
3684,2016-10-05T03:55:00,5.81
3685,2016-10-05T04:15:00,5.48
3686,2016-10-05T04:35:00,5.16
3687,2016-10-05T04:55:00,5.48
3688,2016-10-05T05:15:00,5.48
3689,2016-10-05T05:35:00,5.48
3690,2016-10-05T05:55:00,5.81
3691,2016-10-05T06:15:00,6.13
3692,2016-10-05T06:35:00,6.77
3693,2016-10-05T06:55:00,7.1
3694,2016-10-05T07:15:00,7.74
3695,2016-10-05T07:35:00,9.03
3696,2016-10-05T07:55:00,10
3697,2016-10-05T08:15:00,16.45
3698,2016-10-05T08:35:00,19.35
3699,2016-10-11T07:05:00,8.39
3700,2016-10-11T07:25:00,8.39
3701,2016-10-11T07:45:00,8.39
3702,2016-10-11T08:05:00,8.39
3703,2016-10-11T08:25:00,8.71
3704,2016-10-11T08:45:00,8.71
3705,2016-10-11T09:05:00,8.71
3706,2016-10-11T09:25:00,8.71
3707,2016-10-11T09:45:00,8.71
3708,2016-10-11T10:05:00,8.71
3709,2016-10-11T10:25:00,8.71
3710,2016-10-11T10:45:00,8.71
3711,2016-10-11T11:05:00,8.71
3712,2016-10-11T11:25:00,8.71
3713,2016-10-11T11:45:00,8.71
3714,2016-10-11T12:05:00,8.71
3715,2016-10-11T12:25:00,8.71
3716,2016-10-11T12:45:00,9.03
3717,2016-10-11T13:05:00,9.03
3718,2016-10-11T13:25:00,8.71
3719,2016-10-11T13:50:00,9.03
3720,2016-10-11T14:10:00,8.71
3721,2016-10-11T14:30:00,8.71
3722,2016-10-11T14:50:00,8.71
3723,2016-10-11T15:10:00,8.71
3724,2016-10-11T15:30:00,8.39
3725,2016-10-11T15:50:00,8.39
3726,2016-10-11T16:10:00,8.71
3727,2016-10-11T16:30:00,8.71
3728,2016-10-11T16:50:00,8.71
3729,2016-10-11T17:10:00,8.71
3730,2016-10-11T17:30:00,9.03
3731,2016-10-11T17:50:00,8.71
3732,2016-10-11T18:10:00,8.71
3733,2016-10-11T18:30:00,8.71
3734,2016-10-11T18:50:00,8.71
3735,2016-10-11T19:10:00,8.71
3736,2016-10-11T19:30:00,8.39
3737,2016-10-11T19:50:00,8.71
3738,2016-10-11T20:10:00,8.39
3739,2016-10-11T20:30:00,8.39
3740,2016-10-11T20:50:00,8.39
3741,2016-10-11T21:10:00,8.39
3742,2016-10-11T21:30:00,8.39
3743,2016-10-11T21:50:00,8.39
3744,2016-10-11T22:10:00,8.06
3745,2016-10-11T22:30:00,8.06
3746,2016-10-11T22:50:00,7.74
3747,2016-10-11T23:10:00,7.74
3748,2016-10-11T23:30:00,7.74
3749,2016-10-11T23:50:00,7.74
3750,2016-10-12T00:10:00,7.74
3751,2016-10-12T00:30:00,7.74
3752,2016-10-12T00:50:00,7.74
3753,2016-10-12T01:15:00,7.74
3754,2016-10-12T01:35:00,7.74
3755,2016-10-12T01:55:00,7.42
3756,2016-10-12T02:15:00,7.42
3757,2016-10-12T02:35:00,7.42
3758,2016-10-12T02:55:00,7.42
3759,2016-10-12T03:15:00,7.1
3760,2016-10-12T03:35:00,7.1
3761,2016-10-12T04:15:00,7.1
3762,2016-10-12T04:35:00,7.74
3763,2016-10-12T04:55:00,7.74
3764,2016-10-12T05:15:00,7.74
3765,2016-10-12T05:35:00,8.06
3766,2016-10-12T05:55:00,8.06
3767,2016-10-12T06:15:00,8.06
3768,2016-10-12T06:35:00,8.06
3769,2016-10-12T06:55:00,8.06
3770,2016-10-12T07:15:00,8.06
3771,2016-10-12T07:35:00,8.39
3772,2016-10-12T07:55:00,8.39
3773,2016-10-12T08:15:00,8.39
3774,2016-10-12T08:35:00,8.39
3775,2016-10-12T08:55:00,8.06
3776,2016-10-12T09:15:00,8.06
3777,2016-10-12T09:35:00,8.06
3778,2016-10-12T09:55:00,8.06
3779,2016-10-12T10:15:00,7.74
3780,2016-10-12T10:40:00,7.42
3781,2016-10-12T11:00:00,7.42
3782,2016-10-12T11:20:00,7.42
3783,2016-10-12T11:40:00,7.74
3784,2016-10-12T12:00:00,7.74
3785,2016-10-12T12:20:00,8.06
3786,2016-10-12T12:40:00,7.74
3787,2016-10-12T13:00:00,8.06
3788,2016-10-12T13:20:00,8.06
3789,2016-10-12T13:40:00,8.39
3790,2016-10-12T14:00:00,8.39
3791,2016-10-12T14:20:00,8.06
3792,2016-10-12T14:40:00,8.39
3793,2016-10-12T15:00:00,8.39
3794,2016-10-12T15:20:00,8.71
3795,2016-10-12T15:40:00,8.71
3796,2016-10-12T16:00:00,8.71
3797,2016-10-12T16:20:00,8.71
3798,2016-10-12T16:40:00,8.71
3799,2016-10-12T17:00:00,8.71
3800,2016-10-12T17:20:00,8.71
3801,2016-10-12T17:40:00,9.03
3802,2016-10-12T18:00:00,8.71
3803,2016-10-12T18:20:00,8.71
3804,2016-10-12T18:40:00,8.71
3805,2016-10-12T19:05:00,8.71
3806,2016-10-12T19:25:00,8.71
3807,2016-10-12T19:45:00,8.71
3808,2016-10-12T20:05:00,8.71
3809,2016-10-12T20:25:00,8.71
3810,2016-10-12T20:45:00,8.71
3811,2016-10-12T21:05:00,8.71
3812,2016-10-12T21:25:00,8.71
3813,2016-10-12T21:45:00,8.71
3814,2016-10-12T22:05:00,8.71
3815,2016-10-12T22:25:00,8.71
3816,2016-10-12T22:45:00,8.71
3817,2016-10-12T23:05:00,8.39
3818,2016-10-12T23:25:00,8.71
3819,2016-10-12T23:45:00,8.71
3820,2016-10-13T00:05:00,8.71
3821,2016-10-13T00:25:00,8.71
3822,2016-10-13T00:45:00,8.71
3823,2016-10-13T01:05:00,8.71
3824,2016-10-13T01:25:00,8.71
3825,2016-10-13T01:45:00,8.71
3826,2016-10-13T02:05:00,8.71
3827,2016-10-13T02:25:00,8.71
3828,2016-10-13T02:45:00,8.71
3829,2016-10-13T03:05:00,8.71
3830,2016-10-13T03:25:00,9.03
3831,2016-10-13T03:45:00,9.03
3832,2016-10-13T04:05:00,8.71
3833,2016-10-13T04:25:00,9.03
3834,2016-10-13T04:45:00,8.71
3835,2016-10-13T05:05:00,8.71
3836,2016-10-13T05:25:00,8.71
3837,2016-10-13T05:45:00,8.39
3838,2016-10-13T06:05:00,8.71
3839,2016-10-13T06:30:00,8.71
3840,2016-10-13T06:50:00,8.71
3841,2016-10-13T07:10:00,8.39
3842,2016-10-13T07:30:00,8.71
3843,2016-10-13T07:50:00,8.71
3844,2016-10-13T08:10:00,9.03
3845,2016-10-13T08:30:00,9.03
3846,2016-10-13T08:50:00,9.35
3847,2016-10-13T09:10:00,9.03
3848,2016-10-13T09:30:00,9.03
3849,2016-10-13T09:50:00,9.03
3850,2016-10-13T10:10:00,9.35
3851,2016-10-13T10:30:00,9.35
3852,2016-10-13T10:50:00,9.35
3853,2016-10-13T11:10:00,9.35
3854,2016-10-13T11:30:00,9.03
3855,2016-10-13T11:50:00,9.35
3856,2016-10-13T12:10:00,9.68
3857,2016-10-13T12:30:00,9.35
3858,2016-10-13T12:50:00,9.68
3859,2016-10-13T13:10:00,9.68
3860,2016-10-13T13:30:00,9.35
3861,2016-10-13T13:50:00,9.68
3862,2016-10-13T14:10:00,10
3863,2016-10-13T14:30:00,10
3864,2016-10-13T14:50:00,10
3865,2016-10-15T09:10:00,9.68
3866,2016-10-13T15:10:00,10
3867,2016-10-13T15:30:00,10
3868,2016-10-13T15:50:00,9.68
3869,2016-10-13T16:10:00,9.35
3870,2016-10-13T16:30:00,9.03
3871,2016-10-13T16:50:00,9.03
3872,2016-10-13T17:35:00,9.03
3873,2016-10-13T17:55:00,9.35
3874,2016-10-13T18:15:00,9.35
3875,2016-10-13T18:35:00,9.35
3876,2016-10-13T18:55:00,9.35
3877,2016-10-13T19:15:00,9.35
3878,2016-10-13T19:35:00,9.35
3879,2016-10-13T19:55:00,9.35
3880,2016-10-13T20:15:00,9.03
3881,2016-10-13T20:35:00,9.03
3882,2016-10-13T20:55:00,8.71
3883,2016-10-13T21:15:00,8.39
3884,2016-10-13T21:35:00,8.39
3885,2016-10-13T21:55:00,8.39
3886,2016-10-13T22:15:00,8.39
3887,2016-10-13T22:35:00,8.39
3888,2016-10-13T22:55:00,8.39
3889,2016-10-13T23:15:00,8.39
3890,2016-10-13T23:35:00,8.39
3891,2016-10-13T23:55:00,8.39
3892,2016-10-14T00:15:00,8.39
3893,2016-10-14T00:35:00,8.39
3894,2016-10-14T00:55:00,8.39
3895,2016-10-14T01:15:00,8.71
3896,2016-10-14T01:35:00,8.71
3897,2016-10-14T01:55:00,8.71
3898,2016-10-14T02:15:00,8.71
3899,2016-10-14T02:35:00,8.71
3900,2016-10-14T02:55:00,8.71
3901,2016-10-14T03:15:00,8.71
3902,2016-10-14T03:35:00,8.71
3903,2016-10-14T03:55:00,8.71
3904,2016-10-14T04:15:00,8.39
3905,2016-10-14T04:35:00,8.71
3906,2016-10-14T05:00:00,8.71
3907,2016-10-14T05:20:00,8.71
3908,2016-10-14T05:40:00,8.71
3909,2016-10-14T06:00:00,8.71
3910,2016-10-14T06:20:00,8.71
3911,2016-10-14T06:40:00,9.03
3912,2016-10-14T07:00:00,9.03
3913,2016-10-14T07:20:00,9.03
3914,2016-10-14T07:40:00,9.03
3915,2016-10-14T08:00:00,9.68
3916,2016-10-14T08:20:00,9.35
3917,2016-10-14T08:40:00,10
3918,2016-10-14T09:00:00,9.35
3919,2016-10-14T09:20:00,9.35
3920,2016-10-14T09:40:00,9.35
3921,2016-10-14T10:00:00,9.68
3922,2016-10-14T10:20:00,9.35
3923,2016-10-14T10:40:00,10.65
3924,2016-10-14T11:00:00,10
3925,2016-10-14T11:20:00,10.65
3926,2016-10-14T11:40:00,10.65
3927,2016-10-14T12:00:00,10.32
3928,2016-10-14T12:20:00,10.65
3929,2016-10-14T12:40:00,10.32
3930,2016-10-14T13:00:00,10.32
3931,2016-10-14T13:20:00,10
3932,2016-10-14T13:40:00,10
3933,2016-10-14T14:00:00,10
3934,2016-10-14T14:40:00,10.32
3935,2016-10-14T15:00:00,10
3936,2016-10-14T15:20:00,10
3937,2016-10-14T15:40:00,9.68
3938,2016-10-14T16:00:00,9.68
3939,2016-10-14T16:25:00,9.68
3940,2016-10-14T16:45:00,9.68
3941,2016-10-14T17:05:00,9.68
3942,2016-10-14T17:25:00,9.68
3943,2016-10-14T17:45:00,9.68
3944,2016-10-14T18:05:00,9.35
3945,2016-10-14T18:25:00,9.35
3946,2016-10-14T18:45:00,9.35
3947,2016-10-14T19:05:00,9.03
3948,2016-10-14T19:25:00,9.03
3949,2016-10-14T19:45:00,9.03
3950,2016-10-14T20:05:00,9.03
3951,2016-10-14T20:25:00,9.03
3952,2016-10-14T20:45:00,9.03
3953,2016-10-14T21:05:00,9.03
3954,2016-10-14T21:25:00,9.03
3955,2016-10-14T21:45:00,9.03
3956,2016-10-14T22:05:00,9.03
3957,2016-10-14T22:25:00,9.35
3958,2016-10-14T22:45:00,9.35
3959,2016-10-14T23:05:00,9.35
3960,2016-10-14T23:25:00,9.35
3961,2016-10-14T23:45:00,9.35
3962,2016-10-15T00:05:00,9.03
3963,2016-10-15T00:25:00,9.35
3964,2016-10-15T00:45:00,9.03
3965,2016-10-15T01:05:00,9.03
3966,2016-10-15T01:25:00,9.03
3967,2016-10-15T01:45:00,9.35
3968,2016-10-15T02:05:00,9.03
3969,2016-10-15T02:25:00,9.03
3970,2016-10-15T02:45:00,9.03
3971,2016-10-15T03:05:00,8.71
3972,2016-10-15T03:25:00,9.03
3973,2016-10-15T03:50:00,9.03
3974,2016-10-15T04:10:00,9.03
3975,2016-10-15T04:30:00,9.03
3976,2016-10-15T04:50:00,9.03
3977,2016-10-15T05:10:00,9.35
3978,2016-10-15T05:30:00,9.03
3979,2016-10-15T05:50:00,9.35
3980,2016-10-15T06:10:00,9.35
3981,2016-10-15T06:30:00,9.35
3982,2016-10-15T06:50:00,9.35
3983,2016-10-15T07:10:00,9.35
3984,2016-10-15T07:30:00,9.35
3985,2016-10-15T07:50:00,9.35
3986,2016-10-15T08:10:00,9.35
3987,2016-10-15T08:30:00,9.68
3988,2016-10-15T08:50:00,9.68
3989,2016-10-15T09:30:00,9.68
3990,2016-10-15T09:50:00,9.68
3991,2016-10-15T10:10:00,9.68
3992,2016-10-15T10:30:00,10
3993,2016-10-15T10:50:00,10
3994,2016-10-15T11:10:00,10
3995,2016-10-15T11:30:00,10
3996,2016-10-15T11:50:00,10
3997,2016-10-15T12:10:00,10.32
3998,2016-10-15T12:30:00,10
3999,2016-10-15T12:50:00,9.68
4000,2016-10-15T13:10:00,9.35
4001,2016-10-15T13:30:00,9.03
4002,2016-10-15T13:50:00,9.03
4003,2016-10-15T14:10:00,8.06
4004,2016-10-15T14:30:00,8.39
4005,2016-10-15T14:50:00,8.06
4006,2016-10-15T15:15:00,8.06
4007,2016-10-15T15:35:00,8.06
4008,2016-10-15T15:55:00,7.42
4009,2016-10-15T16:15:00,7.74
4010,2016-10-15T16:35:00,7.42
4011,2016-10-15T16:55:00,7.74
4012,2016-10-15T17:15:00,7.74
4013,2016-10-15T17:35:00,7.74
4014,2016-10-15T17:55:00,7.74
4015,2016-10-15T18:15:00,7.42
4016,2016-10-15T18:35:00,8.71
4017,2016-10-15T18:55:00,7.42
4018,2016-10-15T19:15:00,7.74
4019,2016-10-15T19:35:00,7.74
4020,2016-10-15T19:55:00,7.74
4021,2016-10-15T20:15:00,7.74
4022,2016-10-15T20:35:00,8.06
4023,2016-10-15T20:55:00,7.74
4024,2016-10-15T21:15:00,7.74
4025,2016-10-15T21:35:00,7.74
4026,2016-10-15T21:55:00,7.74
4027,2016-10-15T22:15:00,7.74
4028,2016-10-15T22:35:00,7.74
4029,2016-10-15T22:55:00,7.74
4030,2016-10-15T23:15:00,7.74
4031,2016-10-15T23:35:00,7.74
4032,2016-10-15T23:55:00,7.74
4033,2016-10-16T00:15:00,7.74
4034,2016-10-16T00:35:00,7.74
4035,2016-10-16T00:55:00,7.74
4036,2016-10-16T01:15:00,7.74
4037,2016-10-16T01:35:00,8.06
4038,2016-10-16T01:55:00,8.06
4039,2016-10-16T02:20:00,7.74
4040,2016-10-16T02:40:00,8.06
4041,2016-10-16T03:00:00,7.74
4042,2016-10-16T03:20:00,8.06
4043,2016-10-16T03:40:00,7.74
4044,2016-10-16T04:00:00,7.74
4045,2016-10-16T04:20:00,7.74
4046,2016-10-16T04:40:00,7.74
4047,2016-10-16T05:00:00,7.74
4048,2016-10-16T05:20:00,7.74
4049,2016-10-16T05:40:00,7.74
4050,2016-10-16T06:00:00,7.74
4051,2016-10-16T23:05:00,8.71
4052,2016-10-16T23:25:00,8.71
4053,2016-10-16T23:45:00,8.71
4054,2016-10-17T00:05:00,8.71
4055,2016-10-17T00:25:00,8.71
4056,2016-10-17T00:45:00,8.71
4057,2016-10-17T01:10:00,8.71
4058,2016-10-17T01:30:00,8.71
4059,2016-10-17T01:50:00,8.71
4060,2016-10-17T02:10:00,8.71
4061,2016-10-17T02:30:00,8.39
4062,2016-10-17T02:50:00,8.06
4063,2016-10-17T03:10:00,8.39
4064,2016-10-17T03:30:00,8.39
4065,2016-10-17T03:50:00,8.39
4066,2016-10-17T04:10:00,8.39
4067,2016-10-17T04:30:00,8.39
4068,2016-10-17T04:50:00,8.71
4069,2016-10-17T05:10:00,8.71
4070,2016-10-17T05:30:00,8.71
4071,2016-10-17T05:50:00,9.03
4072,2016-10-17T06:10:00,8.71
4073,2016-10-17T06:30:00,8.71
4074,2016-10-17T06:50:00,8.39
4075,2016-10-17T07:10:00,8.39
4076,2016-10-17T07:30:00,8.39
4077,2016-10-17T07:50:00,8.39
4078,2016-10-17T08:10:00,8.39
4079,2016-10-17T08:30:00,8.39
4080,2016-10-17T08:50:00,8.39
4081,2016-10-17T09:10:00,8.71
4082,2016-10-17T09:30:00,8.39
4083,2016-10-17T09:50:00,8.71
4084,2016-10-17T10:10:00,8.71
4085,2016-10-17T10:30:00,8.71
4086,2016-10-17T10:50:00,8.71
4087,2016-10-17T11:10:00,8.71
4088,2016-10-17T11:30:00,9.03
4089,2016-10-17T11:50:00,8.71
4090,2016-10-17T12:10:00,9.03
4091,2016-10-17T12:35:00,9.03
4092,2016-10-17T12:55:00,9.03
4093,2016-10-17T13:15:00,9.03
4094,2016-10-17T13:35:00,9.35
4095,2016-10-17T13:55:00,9.03
4096,2016-10-17T14:15:00,9.03
4097,2016-10-17T14:35:00,9.03
4098,2016-10-17T14:55:00,9.03
4099,2016-10-17T15:15:00,9.03
4100,2016-10-17T15:35:00,9.03
4101,2016-10-17T15:55:00,9.03
4102,2016-10-17T16:15:00,9.03
4103,2016-10-17T16:35:00,8.71
4104,2016-10-17T16:55:00,8.71
4105,2016-10-17T17:15:00,8.71
4106,2016-10-17T17:35:00,8.39
4107,2016-10-17T17:55:00,8.39
4108,2016-10-17T18:15:00,8.06
4109,2016-10-17T18:35:00,8.06
4110,2016-10-17T18:55:00,7.74
4111,2016-10-17T19:15:00,7.74
4112,2016-10-17T19:35:00,8.39
4113,2016-10-17T19:55:00,8.71
4114,2016-10-17T20:15:00,8.71
4115,2016-10-17T20:55:00,8.71
4116,2016-10-17T21:15:00,8.71
4117,2016-10-17T21:35:00,9.03
4118,2016-10-17T21:55:00,9.03
4119,2016-10-17T22:15:00,9.03
4120,2016-10-17T22:35:00,9.03
4121,2016-10-17T22:55:00,9.35
4122,2016-10-17T23:15:00,9.03
4123,2016-10-17T23:40:00,8.71
4124,2016-10-18T00:00:00,8.71
4125,2016-10-18T00:20:00,8.71
4126,2016-10-18T00:40:00,8.71
4127,2016-10-18T01:00:00,8.71
4128,2016-10-18T01:20:00,8.71
4129,2016-10-18T01:40:00,8.71
4130,2016-10-18T02:00:00,8.71
4131,2016-10-18T02:20:00,8.71
4132,2016-10-18T02:40:00,9.03
4133,2016-10-18T03:00:00,9.03
4134,2016-10-18T03:20:00,9.03
4135,2016-10-18T03:40:00,9.03
4136,2016-10-18T04:00:00,9.03
4137,2016-10-18T04:20:00,9.03
4138,2016-10-18T04:40:00,9.35
4139,2016-10-18T05:00:00,9.35
4140,2016-10-18T05:20:00,9.03
4141,2016-10-18T05:40:00,9.35
4142,2016-10-18T06:00:00,9.35
4143,2016-10-18T06:20:00,9.35
4144,2016-10-18T06:40:00,9.35
4145,2016-10-18T07:00:00,9.35
4146,2016-10-18T07:20:00,9.68
4147,2016-10-18T07:40:00,10
4148,2016-10-18T08:00:00,10
4149,2016-10-18T08:20:00,9.68
4150,2016-10-18T08:40:00,9.35
4151,2016-10-18T09:00:00,9.68
4152,2016-10-18T09:20:00,9.68
4153,2016-10-18T09:40:00,9.68
4154,2016-10-18T10:00:00,9.68
4155,2016-10-18T10:20:00,9.68
4156,2016-10-18T10:40:00,9.68
4157,2016-10-18T11:05:00,9.68
4158,2016-10-18T11:25:00,9.68
4159,2016-10-18T11:45:00,10
4160,2016-10-18T12:05:00,10
4161,2016-10-18T12:25:00,10.32
4162,2016-10-18T12:45:00,10.32
4163,2016-10-18T13:05:00,10.32
4164,2016-10-18T13:25:00,10.32
4165,2016-10-18T13:45:00,10.65
4166,2016-10-18T14:05:00,10.65
4167,2016-10-18T14:25:00,10.32
4168,2016-10-18T14:45:00,10.65
4169,2016-10-18T15:05:00,10.65
4170,2016-10-18T15:25:00,10.65
4171,2016-10-18T15:45:00,10.65
4172,2016-10-18T16:05:00,10.32
4173,2016-10-18T16:25:00,10.65
4174,2016-10-18T16:45:00,10.65
4175,2016-10-18T17:05:00,10.32
4176,2016-10-18T17:25:00,10.32
4177,2016-10-18T17:45:00,10.32
4178,2016-10-18T18:05:00,10
4179,2016-10-18T18:25:00,10
4180,2016-10-18T18:45:00,10.32
4181,2016-10-18T19:05:00,10
4182,2016-10-18T19:25:00,10.32
4183,2016-10-18T19:45:00,10
4184,2016-10-18T20:05:00,10
4185,2016-10-18T20:25:00,9.68
4186,2016-10-18T20:45:00,9.68
4187,2016-10-18T21:05:00,10
4188,2016-10-18T21:25:00,10
4189,2016-10-18T21:45:00,10.32
4190,2016-10-18T22:05:00,10
4191,2016-10-18T22:30:00,10.32
4192,2016-10-18T22:50:00,10.32
4193,2016-10-18T23:10:00,10
4194,2016-10-18T23:30:00,10
4195,2016-10-18T23:50:00,9.68
4196,2016-10-19T00:10:00,10
4197,2016-10-19T00:30:00,10
4198,2016-10-19T00:50:00,10
4199,2016-10-19T01:10:00,9.68
4200,2016-10-19T01:30:00,9.35
4201,2016-10-19T01:50:00,9.35
4202,2016-10-19T02:10:00,9.35
4203,2016-10-19T02:50:00,9.35
4204,2016-10-19T03:10:00,9.35
4205,2016-10-19T03:30:00,9.35
4206,2016-10-19T03:50:00,9.35
4207,2016-10-19T04:10:00,9.35
4208,2016-10-19T04:30:00,9.35
4209,2016-10-19T04:50:00,9.35
4210,2016-10-19T05:10:00,9.35
4211,2016-10-19T05:30:00,9.03
4212,2016-10-19T05:50:00,9.03
4213,2016-10-19T06:10:00,9.03
4214,2016-10-19T06:30:00,9.35
4215,2016-10-19T06:50:00,9.03
4216,2016-10-19T07:10:00,9.03
4217,2016-10-19T07:30:00,9.03
4218,2016-10-19T07:50:00,9.03
4219,2016-10-19T08:10:00,9.35
4220,2016-10-19T08:30:00,9.68
4221,2016-10-19T08:50:00,9.03
4222,2016-10-19T09:10:00,9.35
4223,2016-10-19T09:30:00,9.68
4224,2016-10-19T09:55:00,9.35
4225,2016-10-19T10:15:00,9.03
4226,2016-10-19T10:35:00,9.68
4227,2016-10-19T10:55:00,9.68
4228,2016-10-19T11:15:00,10
4229,2016-10-19T11:35:00,9.68
4230,2016-10-19T11:55:00,10
4231,2016-10-19T12:15:00,10
4232,2016-10-19T12:35:00,10
4233,2016-10-19T12:55:00,10
4234,2016-10-19T13:15:00,10
4235,2016-10-19T13:35:00,10
4236,2016-10-19T13:55:00,10
4237,2016-10-19T14:15:00,10.32
4238,2016-10-19T14:35:00,10
4239,2016-10-19T14:55:00,10
4240,2016-10-19T15:15:00,9.68
4241,2016-10-19T15:35:00,9.68
4242,2016-10-19T15:55:00,9.68
4243,2016-10-19T16:15:00,9.68
4244,2016-10-19T16:35:00,9.68
4245,2016-10-19T16:55:00,10
4246,2016-10-19T17:15:00,9.35
4247,2016-10-19T17:35:00,9.35
4248,2016-10-19T17:55:00,9.68
4249,2016-10-19T18:15:00,9.68
4250,2016-10-19T18:35:00,9.68
4251,2016-10-19T18:55:00,9.68
4252,2016-10-19T19:15:00,9.68
4253,2016-10-19T19:35:00,9.35
4254,2016-10-19T19:55:00,9.68
4255,2016-10-19T20:15:00,9.68
4256,2016-10-19T20:35:00,9.68
4257,2016-10-19T20:55:00,9.68
4258,2016-10-19T21:20:00,9.68
4259,2016-10-19T21:40:00,9.35
4260,2016-10-19T22:00:00,9.35
4261,2016-10-19T22:20:00,9.35
4262,2016-10-19T22:40:00,9.35
4263,2016-10-19T23:00:00,9.03
4264,2016-10-19T23:20:00,9.03
4265,2016-10-19T23:40:00,9.03
4266,2016-10-20T00:00:00,8.71
4267,2016-10-20T00:20:00,8.71
4268,2016-10-20T00:40:00,8.71
4269,2016-10-20T01:00:00,8.39
4270,2016-10-20T01:20:00,8.39
4271,2016-10-20T01:40:00,8.39
4272,2016-10-20T02:00:00,8.71
4273,2016-10-20T02:20:00,8.71
4274,2016-10-20T02:40:00,8.71
4275,2016-10-20T03:00:00,8.71
4276,2016-10-20T03:20:00,8.71
4277,2016-10-20T03:40:00,8.71
4278,2016-10-20T04:00:00,8.71
4279,2016-10-20T04:20:00,8.71
4280,2016-10-20T04:40:00,8.71
4281,2016-10-20T05:00:00,8.39
4282,2016-10-20T05:20:00,8.39
4283,2016-10-20T05:40:00,8.39
4284,2016-10-20T06:00:00,8.39
4285,2016-10-20T06:20:00,9.03
4286,2016-10-20T06:40:00,9.35
4287,2016-10-20T07:00:00,9.03
4288,2016-10-20T07:20:00,11.94
4289,2016-10-20T07:40:00,13.55
4290,2016-10-20T08:00:00,15.16
4291,2016-10-20T08:25:00,11.94
4292,2016-10-20T08:45:00,14.19
4293,2016-10-20T09:05:00,11.94
4294,2016-10-20T09:25:00,12.26
4295,2016-10-20T09:45:00,14.52
4296,2016-10-20T10:05:00,10.65
4297,2016-10-20T10:25:00,10.32
4298,2016-10-20T10:45:00,13.87
4299,2016-10-20T11:05:00,14.84
4300,2016-10-20T11:25:00,14.84
4301,2016-10-20T11:45:00,14.84
4302,2016-10-20T12:05:00,13.55
4303,2016-10-20T12:25:00,11.29
4304,2016-10-20T12:45:00,10.65
4305,2016-10-20T13:05:00,10.65
4306,2016-10-20T13:25:00,10.97
4307,2016-10-20T13:45:00,11.29
4308,2016-10-20T14:05:00,10.97
4309,2016-10-20T14:25:00,10.65
4310,2016-10-20T14:45:00,10.32
4311,2016-10-20T15:05:00,10.32
4312,2016-10-20T15:25:00,10
4313,2016-10-20T15:45:00,9.68
4314,2016-10-20T16:05:00,9.35
4315,2016-10-20T16:25:00,9.03
4316,2016-10-20T16:45:00,9.03
4317,2016-10-20T17:05:00,9.03
4318,2016-10-20T17:25:00,8.71
4319,2016-10-20T17:45:00,9.03
4320,2016-10-20T18:05:00,8.71
4321,2016-10-20T18:25:00,9.03
4322,2016-10-20T18:45:00,9.03
4323,2016-10-20T19:05:00,9.03
4324,2016-10-20T19:25:00,9.35
4325,2016-10-20T19:50:00,9.68
4326,2016-10-20T20:10:00,9.68
4327,2016-10-20T20:30:00,9.68
4328,2016-10-20T20:50:00,9.68
4329,2016-10-20T21:10:00,9.68
4330,2016-10-20T21:30:00,9.68
4331,2016-10-20T21:50:00,9.35
4332,2016-10-20T22:10:00,9.35
4333,2016-10-20T22:30:00,9.35
4334,2016-10-20T22:50:00,9.35
4335,2016-10-20T23:10:00,9.03
4336,2016-10-20T23:30:00,9.03
4337,2016-10-20T23:50:00,9.03
4338,2016-10-21T00:10:00,9.03
4339,2016-10-21T00:30:00,8.71
4340,2016-10-21T00:50:00,8.71
4341,2016-10-21T01:10:00,8.71
4342,2016-10-21T01:30:00,8.39
4343,2016-10-21T01:50:00,8.39
4344,2016-10-21T02:10:00,8.39
4345,2016-10-21T02:30:00,8.39
4346,2016-10-21T02:50:00,8.06
4347,2016-10-21T03:10:00,8.06
4348,2016-10-21T03:30:00,8.06
4349,2016-10-21T03:50:00,8.39
4350,2016-10-21T04:10:00,8.06
4351,2016-10-21T04:30:00,7.42
4352,2016-10-21T04:50:00,7.42
4353,2016-10-21T05:10:00,7.42
4354,2016-10-21T05:30:00,7.42
4355,2016-10-21T05:50:00,7.1
4356,2016-10-21T06:10:00,7.1
4357,2016-10-21T06:30:00,7.1
4358,2016-10-21T06:50:00,7.1
4359,2016-10-21T07:15:00,7.1
4360,2016-10-21T07:35:00,7.1
4361,2016-10-21T07:55:00,7.1
4362,2016-10-21T08:15:00,7.42
4363,2016-10-21T08:35:00,7.42
4364,2016-10-21T08:55:00,7.42
4365,2016-10-21T09:15:00,7.42
4366,2016-10-21T09:35:00,7.1
4367,2016-10-21T09:55:00,7.42
4368,2016-10-21T10:15:00,7.42
4369,2016-10-21T10:35:00,7.1
4370,2016-10-21T10:55:00,7.42
4371,2016-10-21T11:15:00,7.42
4372,2016-10-21T11:35:00,5.81
4373,2016-10-21T11:55:00,7.1
4374,2016-10-21T12:15:00,7.1
4375,2016-10-21T12:35:00,6.77
4376,2016-10-21T12:55:00,6.77
4377,2016-10-21T13:15:00,6.77
4378,2016-10-21T13:35:00,6.77
4379,2016-10-21T13:55:00,6.77
4380,2016-10-21T14:15:00,6.77
4381,2016-10-21T14:35:00,6.77
4382,2016-10-21T14:55:00,6.77
4383,2016-10-21T15:15:00,6.77
4384,2016-10-21T15:35:00,6.45
4385,2016-10-21T15:55:00,6.45
4386,2016-10-21T16:15:00,6.45
4387,2016-10-21T16:35:00,6.45
4388,2016-10-21T16:55:00,6.45
4389,2016-10-21T17:15:00,6.45
4390,2016-10-21T17:35:00,6.45
4391,2016-10-21T17:55:00,6.45
4392,2016-10-21T18:15:00,6.45
4393,2016-10-21T18:40:00,6.45
4394,2016-10-21T19:00:00,6.45
4395,2016-10-21T19:20:00,6.45
4396,2016-10-21T19:40:00,6.45
4397,2016-10-21T20:00:00,6.45
4398,2016-10-21T20:20:00,6.45
4399,2016-10-21T20:40:00,6.77
4400,2016-10-21T21:00:00,6.77
4401,2016-10-21T21:20:00,6.77
4402,2016-10-21T21:40:00,6.77
4403,2016-10-21T22:00:00,7.42
4404,2016-10-21T22:20:00,7.42
4405,2016-10-21T22:40:00,7.74
4406,2016-10-21T23:00:00,7.74
4407,2016-10-21T23:20:00,7.74
4408,2016-10-21T23:40:00,8.06
4409,2016-10-22T00:00:00,7.74
4410,2016-10-22T00:20:00,7.42
4411,2016-10-22T00:40:00,7.74
4412,2016-10-22T01:00:00,7.42
4413,2016-10-22T01:20:00,7.42
4414,2016-10-22T01:40:00,7.74
4415,2016-10-22T02:00:00,7.42
4416,2016-10-22T02:20:00,7.42
4417,2016-10-22T02:40:00,7.1
4418,2016-10-22T03:00:00,7.42
4419,2016-10-22T03:20:00,7.42
4420,2016-10-22T03:40:00,7.1
4421,2016-10-22T04:00:00,7.1
4422,2016-10-22T04:20:00,6.77
4423,2016-10-22T04:40:00,6.77
4424,2016-10-22T05:00:00,6.77
4425,2016-10-22T05:20:00,6.45
4426,2016-10-22T05:45:00,6.45
4427,2016-10-22T06:05:00,6.45
4428,2016-10-22T06:25:00,6.45
4429,2016-10-22T06:45:00,6.45
4430,2016-10-22T07:05:00,6.13
4431,2016-10-22T07:25:00,5.81
4432,2016-10-22T07:45:00,5.81
4433,2016-10-22T08:05:00,5.48
4434,2016-10-22T08:25:00,5.16
4435,2016-10-22T08:45:00,4.84
4436,2016-10-22T09:05:00,4.52
4437,2016-10-22T09:25:00,4.19
4438,2016-10-22T09:45:00,4.52
4439,2016-10-22T10:05:00,4.52
4440,2016-10-22T10:25:00,4.52
4441,2016-10-22T10:45:00,4.84
4442,2016-10-22T11:05:00,4.84
4443,2016-10-22T11:25:00,4.84
4444,2016-10-22T11:45:00,4.84
4445,2016-10-22T12:05:00,4.84
4446,2016-10-22T12:25:00,4.84
4447,2016-10-22T12:45:00,4.84
4448,2016-10-22T13:05:00,4.84
4449,2016-10-22T13:25:00,4.84
4450,2016-10-22T13:45:00,4.52
4451,2016-10-22T14:05:00,4.52
4452,2016-10-22T14:25:00,4.52
4453,2016-10-22T14:45:00,4.52
4454,2016-10-22T15:05:00,4.52
4455,2016-10-22T15:25:00,4.52
4456,2016-10-22T15:45:00,4.52
4457,2016-10-22T16:05:00,4.84
4458,2016-10-22T16:25:00,4.84
4459,2016-10-22T16:45:00,4.84
4460,2016-10-22T17:10:00,5.16
4461,2016-10-22T17:30:00,5.48
4462,2016-10-22T17:50:00,5.48
4463,2016-10-22T18:10:00,5.16
4464,2016-10-22T18:30:00,5.48
4465,2016-10-22T18:50:00,5.48
4466,2016-10-22T19:10:00,5.81
4467,2016-10-22T19:30:00,6.13
4468,2016-10-22T19:50:00,6.45
4469,2016-10-22T20:10:00,6.45
4470,2016-10-22T20:30:00,7.1
4471,2016-10-22T20:50:00,7.1
4472,2016-10-22T21:10:00,6.77
4473,2016-10-22T21:30:00,7.1
4474,2016-10-22T21:50:00,7.1
4475,2016-10-22T22:10:00,6.77
4476,2016-10-22T22:30:00,6.45
4477,2016-10-22T22:50:00,7.1
4478,2016-10-22T23:10:00,7.1
4479,2016-10-22T23:30:00,7.1
4480,2016-10-22T23:50:00,6.77
4481,2016-10-23T00:10:00,6.45
4482,2016-10-23T00:30:00,6.45
4483,2016-10-23T00:50:00,6.45
4484,2016-10-23T01:10:00,6.77
4485,2016-10-23T01:30:00,6.45
4486,2016-10-23T01:50:00,6.13
4487,2016-10-23T02:10:00,5.81
4488,2016-10-23T02:30:00,5.81
4489,2016-10-23T02:50:00,6.13
4490,2016-10-23T03:10:00,5.81
4491,2016-10-23T03:30:00,5.81
4492,2016-10-23T03:50:00,5.48
4493,2016-10-23T04:10:00,5.81
4494,2016-10-23T04:35:00,5.81
4495,2016-10-23T04:55:00,5.81
4496,2016-10-23T05:15:00,5.48
4497,2016-10-23T05:35:00,5.81
4498,2016-10-23T05:55:00,5.48
4499,2016-10-23T06:15:00,5.48
4500,2016-10-23T06:35:00,5.48
4501,2016-10-23T06:55:00,5.48
4502,2016-10-23T07:15:00,5.48
4503,2016-10-23T07:35:00,5.48
4504,2016-10-23T07:55:00,5.48
4505,2016-10-23T08:15:00,5.81
4506,2016-10-23T08:35:00,5.81
4507,2016-10-23T08:55:00,5.81
4508,2016-10-23T09:15:00,5.81
4509,2016-10-23T09:35:00,5.81
4510,2016-10-23T09:55:00,6.13
4511,2016-10-23T10:15:00,6.13
4512,2016-10-23T10:35:00,6.13
4513,2016-10-23T10:55:00,6.13
4514,2016-10-23T11:15:00,6.45
4515,2016-10-23T11:35:00,6.45
4516,2016-10-23T11:55:00,6.45
4517,2016-10-23T12:15:00,6.45
4518,2016-10-23T12:35:00,6.45
4519,2016-10-23T12:55:00,6.45
4520,2016-10-23T13:15:00,6.77
4521,2016-10-23T13:35:00,6.45
4522,2016-10-23T13:55:00,6.77
4523,2016-10-23T14:15:00,6.77
4524,2016-10-23T14:35:00,6.77
4525,2016-10-23T14:55:00,6.77
4526,2016-10-23T15:15:00,7.1
4527,2016-10-23T15:35:00,6.77
4528,2016-10-23T16:00:00,7.1
4529,2016-10-23T16:20:00,7.1
4530,2016-10-23T16:40:00,7.1
4531,2016-10-23T17:00:00,7.1
4532,2016-10-23T17:20:00,7.1
4533,2016-10-23T17:40:00,7.1
4534,2016-10-23T18:00:00,7.1
4535,2016-10-23T18:20:00,7.42
4536,2016-10-23T18:40:00,7.74
4537,2016-10-23T19:00:00,7.74
4538,2016-10-23T19:20:00,7.42
4539,2016-10-23T19:40:00,6.45
4540,2016-10-23T20:00:00,6.45
4541,2016-10-23T20:20:00,6.13
4542,2016-10-23T20:40:00,6.45
4543,2016-10-23T21:00:00,6.45
4544,2016-10-23T21:20:00,6.45
4545,2016-10-23T21:40:00,6.45
4546,2016-10-23T22:00:00,6.13
4547,2016-10-23T22:20:00,6.13
4548,2016-10-23T22:40:00,6.13
4549,2016-10-23T23:00:00,6.13
4550,2016-10-23T23:20:00,5.81
4551,2016-10-23T23:40:00,5.48
4552,2016-10-24T00:00:00,5.16
4553,2016-10-24T00:20:00,5.48
4554,2016-10-24T00:40:00,5.16
4555,2016-10-24T01:00:00,5.48
4556,2016-10-24T01:20:00,5.48
4557,2016-10-24T01:40:00,5.48
4558,2016-10-24T02:00:00,5.48
4559,2016-10-24T02:20:00,5.81
4560,2016-10-24T02:40:00,6.13
4561,2016-10-24T03:00:00,6.45
4562,2016-10-24T03:25:00,6.77
4563,2016-10-24T03:45:00,6.45
4564,2016-10-24T04:05:00,6.77
4565,2016-10-24T04:25:00,6.77
4566,2016-10-24T04:45:00,6.13
4567,2016-10-24T05:05:00,6.13
4568,2016-10-24T05:25:00,6.13
4569,2016-10-24T05:45:00,6.45
4570,2016-10-24T06:05:00,6.77
4571,2016-10-24T06:25:00,6.45
4572,2016-10-24T06:45:00,6.45
4573,2016-10-24T07:05:00,8.39
4574,2016-10-24T07:25:00,7.74
4575,2016-10-24T07:45:00,7.1
4576,2016-10-24T08:05:00,7.1
4577,2016-10-24T08:25:00,8.06
4578,2016-10-24T08:45:00,8.39
4579,2016-10-24T09:05:00,7.1
4580,2016-10-24T09:25:00,7.42
4581,2016-10-24T09:45:00,7.42
4582,2016-10-24T10:05:00,7.74
4583,2016-10-24T10:25:00,10.65
4584,2016-10-24T10:45:00,8.39
4585,2016-10-24T11:05:00,8.39
4586,2016-10-24T11:25:00,8.39
4587,2016-10-24T11:45:00,10
4588,2016-10-24T12:05:00,9.03
4589,2016-10-24T12:25:00,8.39
4590,2016-10-24T12:45:00,8.39
4591,2016-10-24T13:05:00,8.06
4592,2016-10-24T13:25:00,8.06
4593,2016-10-24T13:45:00,7.74
4594,2016-10-24T14:05:00,7.74
4595,2016-10-24T14:30:00,7.42
4596,2016-10-24T14:50:00,7.1
4597,2016-10-24T15:10:00,7.1
4598,2016-10-24T15:30:00,7.1
4599,2016-10-24T15:50:00,7.1
4600,2016-10-24T16:10:00,6.77
4601,2016-10-24T16:30:00,6.77
4602,2016-10-24T16:50:00,7.1
4603,2016-10-24T17:10:00,6.77
4604,2016-10-24T17:30:00,6.77
4605,2016-10-24T17:50:00,6.77
4606,2016-10-24T18:10:00,6.77
4607,2016-10-24T18:30:00,6.77
4608,2016-10-24T18:50:00,6.77
4609,2016-10-24T19:10:00,6.77
4610,2016-10-24T19:30:00,6.77
4611,2016-10-24T19:50:00,6.45
4612,2016-10-24T20:10:00,6.77
4613,2016-10-24T20:30:00,6.77
4614,2016-10-24T20:50:00,6.13
4615,2016-10-24T21:10:00,5.81
4616,2016-10-24T21:30:00,5.81
4617,2016-10-24T21:50:00,5.81
4618,2016-10-24T22:10:00,5.81
4619,2016-10-24T22:30:00,5.48
4620,2016-10-24T22:50:00,5.48
4621,2016-10-24T23:10:00,5.16
4622,2016-10-24T23:30:00,5.16
4623,2016-10-24T23:50:00,5.16
4624,2016-10-25T00:10:00,4.84
4625,2016-10-25T00:30:00,4.84
4626,2016-10-25T00:50:00,4.84
4627,2016-10-25T01:10:00,5.16
4628,2016-10-25T01:30:00,4.84
4629,2016-10-25T01:55:00,4.84
4630,2016-10-25T02:15:00,4.52
4631,2016-10-25T02:35:00,4.84
4632,2016-10-25T02:55:00,4.84
4633,2016-10-25T03:15:00,4.84
4634,2016-10-25T03:35:00,5.16
4635,2016-10-25T03:55:00,5.48
4636,2016-10-25T04:15:00,5.16
4637,2016-10-25T04:35:00,4.84
4638,2016-10-25T04:55:00,4.52
4639,2016-10-25T05:15:00,4.19
4640,2016-10-25T05:35:00,4.19
4641,2016-10-25T05:55:00,3.87
4642,2016-10-25T06:15:00,3.55
4643,2016-10-25T06:35:00,3.87
4644,2016-10-25T06:55:00,7.1
4645,2016-10-25T07:15:00,5.48
4646,2016-10-25T07:35:00,7.1
4647,2016-10-25T07:55:00,7.1
4648,2016-10-25T08:15:00,6.13
4649,2016-10-25T08:35:00,8.06
4650,2016-10-25T08:55:00,8.39
4651,2016-10-25T09:15:00,16.77
4652,2016-10-25T09:35:00,14.52
4653,2016-10-25T09:55:00,20.32
4654,2016-10-25T10:15:00,11.29
4655,2016-10-25T10:35:00,10.97
4656,2016-10-25T10:55:00,10.97
4657,2016-10-25T11:15:00,10.97
4658,2016-10-25T11:35:00,8.06
4659,2016-10-25T11:55:00,8.06
4660,2016-10-25T12:15:00,8.39
4661,2016-10-25T12:35:00,9.35
4662,2016-10-25T12:55:00,10.32
4663,2016-10-25T13:20:00,9.35
4664,2016-10-25T13:40:00,9.35
4665,2016-10-25T14:00:00,9.35
4666,2016-10-25T14:20:00,8.39
4667,2016-10-25T14:40:00,8.06
4668,2016-10-25T15:00:00,7.74
4669,2016-10-25T15:20:00,7.74
4670,2016-10-25T15:40:00,7.42
4671,2016-10-25T16:00:00,7.42
4672,2016-10-25T16:20:00,7.42
4673,2016-10-25T16:40:00,7.1
4674,2016-10-25T17:00:00,7.1
4675,2016-10-25T17:20:00,6.77
4676,2016-10-25T17:40:00,6.45
4677,2016-10-25T18:00:00,6.13
4678,2016-10-25T18:20:00,5.81
4679,2016-10-25T18:40:00,5.48
4680,2016-10-25T19:00:00,5.48
4681,2016-10-25T19:20:00,5.48
4682,2016-10-25T19:40:00,5.81
4683,2016-10-25T20:00:00,5.81
4684,2016-10-25T20:20:00,5.81
4685,2016-10-25T20:40:00,5.81
4686,2016-10-25T21:00:00,5.81
4687,2016-10-25T21:20:00,5.81
4688,2016-10-25T21:40:00,5.81
4689,2016-10-25T22:00:00,5.81
4690,2016-10-25T22:20:00,5.81
4691,2016-10-25T22:40:00,6.13
4692,2016-10-25T23:00:00,5.81
4693,2016-10-25T23:20:00,5.81
4694,2016-10-25T23:40:00,5.81
4695,2016-10-26T00:00:00,6.13
4696,2016-10-26T00:20:00,5.81
4697,2016-10-26T00:45:00,5.16
4698,2016-10-26T01:05:00,5.48
4699,2016-10-26T01:25:00,5.48
4700,2016-10-26T01:45:00,5.48
4701,2016-10-26T02:05:00,5.48
4702,2016-10-26T02:25:00,5.16
4703,2016-10-26T02:45:00,5.48
4704,2016-10-26T03:05:00,5.48
4705,2016-10-26T03:25:00,5.48
4706,2016-10-26T03:45:00,5.48
4707,2016-10-26T04:05:00,5.16
4708,2016-10-26T04:25:00,4.84
4709,2016-10-26T04:45:00,5.48
4710,2016-10-26T05:05:00,6.13
4711,2016-10-26T05:25:00,5.81
4712,2016-10-26T05:45:00,5.16
4713,2016-10-26T06:05:00,4.52
4714,2016-10-26T06:25:00,4.52
4715,2016-10-26T06:45:00,4.52
4716,2016-10-26T07:05:00,4.19
4717,2016-10-26T07:25:00,4.52
4718,2016-10-26T07:45:00,5.16
4719,2016-10-26T08:05:00,5.16
4720,2016-10-26T08:25:00,5.48
4721,2016-10-26T08:45:00,5.48
4722,2016-10-26T09:05:00,5.81
4723,2016-10-26T09:25:00,6.13
4724,2016-10-26T09:45:00,6.77
4725,2016-10-26T10:05:00,7.1
4726,2016-10-26T10:25:00,7.42
4727,2016-10-26T10:45:00,7.42
4728,2016-10-26T11:05:00,7.42
4729,2016-10-26T11:25:00,8.71
4730,2016-10-26T11:50:00,8.39
4731,2016-10-26T12:10:00,7.74
4732,2016-10-26T12:30:00,7.42
4733,2016-10-26T12:50:00,7.42
4734,2016-10-26T13:10:00,7.74
4735,2016-10-26T13:30:00,7.42
4736,2016-10-26T13:50:00,7.74
4737,2016-10-26T14:10:00,7.74
4738,2016-10-26T14:30:00,7.74
4739,2016-10-26T14:50:00,7.74
4740,2016-10-26T15:10:00,7.42
4741,2016-10-26T15:30:00,7.42
4742,2016-10-26T15:50:00,7.42
4743,2016-10-26T16:10:00,7.42
4744,2016-10-26T16:30:00,7.42
4745,2016-10-26T16:50:00,7.42
4746,2016-10-26T17:10:00,7.1
4747,2016-10-26T17:30:00,7.42
4748,2016-10-26T17:50:00,6.77
4749,2016-10-26T18:10:00,6.77
4750,2016-10-26T18:30:00,6.77
4751,2016-10-26T18:50:00,6.77
4752,2016-10-26T19:10:00,6.77
4753,2016-10-26T19:30:00,7.1
4754,2016-10-26T19:50:00,7.1
4755,2016-10-26T20:10:00,7.1
4756,2016-10-26T20:30:00,7.42
4757,2016-10-26T20:50:00,7.42
4758,2016-10-26T21:10:00,7.42
4759,2016-10-26T21:30:00,7.1
4760,2016-10-26T21:50:00,7.1
4761,2016-10-26T22:10:00,7.74
4762,2016-10-26T22:30:00,7.74
4763,2016-10-26T22:50:00,8.06
4764,2016-10-26T23:15:00,8.06
4765,2016-10-26T23:35:00,8.06
4766,2016-10-26T23:55:00,8.06
4767,2016-10-27T00:15:00,8.06
4768,2016-10-27T00:35:00,8.39
4769,2016-10-27T00:55:00,8.06
4770,2016-10-27T01:15:00,8.39
4771,2016-10-27T01:35:00,8.39
4772,2016-10-27T01:55:00,8.71
4773,2016-10-27T02:15:00,8.71
4774,2016-10-27T02:35:00,9.03
4775,2016-10-27T02:55:00,9.35
4776,2016-10-27T03:15:00,9.35
4777,2016-10-27T03:35:00,9.68
4778,2016-10-27T03:55:00,9.68
4779,2016-10-27T04:15:00,10
4780,2016-10-27T04:35:00,10
4781,2016-10-27T04:55:00,10
4782,2016-10-27T05:15:00,10
4783,2016-10-27T05:35:00,10
4784,2016-10-27T05:55:00,10.32
4785,2016-10-27T06:15:00,10
4786,2016-10-27T06:35:00,10
4787,2016-10-27T06:55:00,12.26
4788,2016-10-27T07:15:00,14.19
4789,2016-10-27T07:35:00,15.48
4790,2016-10-27T07:55:00,18.06
4791,2016-10-27T08:15:00,17.1
4792,2016-10-27T08:35:00,16.45
4793,2016-10-27T08:55:00,16.77
4794,2016-10-27T09:15:00,14.19
4795,2016-10-27T09:35:00,16.13
4796,2016-10-27T09:55:00,16.13
4797,2016-10-27T10:15:00,16.77
4798,2016-10-27T10:40:00,14.84
4799,2016-10-27T11:00:00,16.13
4800,2016-10-27T11:20:00,16.45
4801,2016-10-27T11:40:00,13.87
4802,2016-10-27T12:00:00,12.9
4803,2016-10-27T12:20:00,15.48
4804,2016-10-27T12:40:00,13.87
4805,2016-10-27T13:00:00,16.45
4806,2016-10-27T13:20:00,12.9
4807,2016-10-27T13:40:00,12.58
4808,2016-10-27T14:00:00,12.58
4809,2016-10-27T14:20:00,12.9
4810,2016-10-27T14:40:00,12.58
4811,2016-10-27T15:00:00,12.26
4812,2016-10-27T15:20:00,11.94
4813,2016-10-27T15:40:00,11.94
4814,2016-10-27T16:00:00,11.94
4815,2016-10-27T16:20:00,11.94
4816,2016-10-27T16:40:00,11.61
4817,2016-10-27T17:00:00,11.61
4818,2016-10-27T17:20:00,11.61
4819,2016-10-27T17:40:00,11.61
4820,2016-10-27T18:00:00,11.94
4821,2016-10-27T18:20:00,11.94
4822,2016-10-27T18:40:00,11.94
4823,2016-10-27T19:00:00,11.94
4824,2016-10-27T19:20:00,11.94
4825,2016-10-27T19:40:00,11.94
4826,2016-10-27T20:00:00,11.94
4827,2016-10-27T20:20:00,11.94
4828,2016-10-27T20:40:00,11.94
4829,2016-10-27T21:00:00,11.94
4830,2016-10-27T21:20:00,11.94
4831,2016-10-27T21:40:00,11.61
4832,2016-10-27T22:05:00,11.61
4833,2016-10-27T22:25:00,11.61
4834,2016-10-27T22:45:00,11.61
4835,2016-10-27T23:05:00,11.61
4836,2016-10-27T23:25:00,11.29
4837,2016-10-27T23:45:00,11.29
4838,2016-10-28T00:05:00,11.29
4839,2016-10-28T00:25:00,11.61
4840,2016-10-28T00:45:00,11.61
4841,2016-10-28T01:05:00,11.61
4842,2016-10-28T01:25:00,11.94
4843,2016-10-28T01:45:00,10.97
4844,2016-10-28T02:05:00,11.29
4845,2016-10-28T02:25:00,10.97
4846,2016-10-28T02:45:00,11.29
4847,2016-10-28T03:05:00,11.29
4848,2016-10-28T03:25:00,11.94
4849,2016-10-28T03:45:00,10.97
4850,2016-10-28T04:05:00,10.65
4851,2016-10-28T04:25:00,10.65
4852,2016-10-28T04:45:00,10.97
4853,2016-10-28T05:05:00,10.97
4854,2016-10-28T05:25:00,11.29
4855,2016-10-28T05:45:00,10.97
4856,2016-10-28T06:05:00,10.32
4857,2016-10-28T06:25:00,10.32
4858,2016-10-28T06:45:00,10
4859,2016-10-28T07:05:00,9.68
4860,2016-10-28T07:25:00,12.9
4861,2016-10-28T07:45:00,14.52
4862,2016-10-28T08:05:00,15.16
4863,2016-10-28T08:25:00,15.81
4864,2016-10-28T08:45:00,16.45
4865,2016-10-28T09:05:00,15.16
4866,2016-10-28T09:30:00,15.81
4867,2016-10-28T09:50:00,16.45
4868,2016-10-28T10:10:00,16.45
4869,2016-10-28T10:30:00,15.48
4870,2016-10-28T10:50:00,12.9
4871,2016-10-28T11:10:00,16.45
4872,2016-10-28T11:30:00,14.52
4873,2016-10-28T11:50:00,11.61
4874,2016-10-28T12:10:00,15.81
4875,2016-10-28T12:30:00,14.52
4876,2016-10-28T12:50:00,15.48
4877,2016-10-28T13:10:00,14.84
4878,2016-10-28T13:30:00,10.97
4879,2016-10-28T13:50:00,11.29
4880,2016-10-28T14:10:00,11.61
4881,2016-10-28T14:30:00,10.65
4882,2016-10-28T14:50:00,10.65
4883,2016-10-31T08:40:00,10
4884,2016-10-31T09:00:00,10.65
4885,2016-10-31T09:20:00,10.32
4886,2016-10-31T09:40:00,10
4887,2016-10-31T10:00:00,10.32
4888,2016-10-31T10:20:00,10.65
4889,2016-10-31T10:45:00,10.97
4890,2016-10-31T11:05:00,10.97
4891,2016-10-31T11:25:00,11.29
4892,2016-10-31T11:45:00,12.58
4893,2016-10-31T12:05:00,12.58
4894,2016-10-31T12:25:00,12.58
4895,2016-10-31T12:45:00,12.58
4896,2016-10-31T13:05:00,12.26
4897,2016-10-31T13:25:00,11.94
4898,2016-10-31T13:45:00,11.61
4899,2016-10-31T14:05:00,11.61
4900,2016-10-31T14:25:00,11.29
4901,2016-10-31T14:45:00,11.29
4902,2016-10-31T15:05:00,11.29
4903,2016-10-31T15:25:00,10.97
4904,2016-10-31T15:45:00,10.97
4905,2016-10-31T16:05:00,10.65
4906,2016-10-31T16:25:00,10.32
4907,2016-10-31T16:45:00,10.32
4908,2016-10-31T17:05:00,10
4909,2016-10-31T17:25:00,10
4910,2016-10-31T17:45:00,10.32
4911,2016-10-31T18:05:00,10.32
4912,2016-10-31T18:25:00,10.32
4913,2016-10-31T18:45:00,10.32
4914,2016-10-31T19:05:00,10
4915,2016-10-31T19:25:00,10
4916,2016-10-31T19:45:00,10
4917,2016-10-31T20:05:00,10
4918,2016-10-31T20:25:00,10.32
4919,2016-10-31T20:45:00,10.32
4920,2016-10-31T21:05:00,10.32
4921,2016-10-31T21:25:00,10.32
4922,2016-10-31T21:45:00,10.65
4923,2016-10-31T22:10:00,10.65
4924,2016-10-31T22:30:00,10.65
4925,2016-10-31T22:50:00,10.65
4926,2016-10-31T23:10:00,10.65
4927,2016-10-31T23:30:00,10.65
4928,2016-10-31T23:50:00,10.65
4929,2016-11-01T00:10:00,10.65
4930,2016-11-01T00:30:00,10.65
4931,2016-11-01T00:50:00,10.65
4932,2016-11-01T01:10:00,10.65
4933,2016-11-01T01:30:00,10.97
4934,2016-11-01T01:50:00,10.97
4935,2016-11-01T02:10:00,11.29
4936,2016-11-01T02:30:00,11.29
4937,2016-11-01T02:50:00,10.97
4938,2016-11-01T03:10:00,10.97
4939,2016-11-01T03:30:00,10.97
4940,2016-11-01T03:50:00,10.97
4941,2016-11-01T04:10:00,10.97
4942,2016-11-01T04:30:00,10.65
4943,2016-11-01T04:50:00,10.32
4944,2016-11-01T05:10:00,9.68
4945,2016-11-01T05:30:00,9.35
4946,2016-11-01T05:50:00,9.03
4947,2016-11-01T06:10:00,9.03
4948,2016-11-01T06:30:00,9.03
4949,2016-11-01T06:50:00,8.39
4950,2016-11-01T07:10:00,8.71
4951,2016-11-01T07:30:00,8.39
4952,2016-11-01T07:50:00,8.39
4953,2016-11-01T08:10:00,8.71
4954,2016-11-01T08:50:00,9.35
4955,2016-11-01T09:10:00,10
4956,2016-11-01T09:35:00,10.32
4957,2016-11-01T10:15:00,11.94
4958,2016-11-01T10:35:00,12.9
4959,2016-11-01T10:55:00,13.55
4960,2016-11-01T11:15:00,14.52
4961,2016-11-01T11:35:00,12.9
4962,2016-11-01T11:55:00,11.29
4963,2016-11-01T12:15:00,11.29
4964,2016-11-01T12:35:00,14.52
4965,2016-11-01T12:55:00,11.29
4966,2016-11-01T13:15:00,11.29
4967,2016-11-01T13:35:00,12.9
4968,2016-11-01T13:55:00,11.61
4969,2016-11-01T14:15:00,10
4970,2016-11-01T14:35:00,10.65
4971,2016-11-01T14:55:00,9.35
4972,2016-11-01T15:15:00,7.42
4973,2016-11-01T15:35:00,7.1
4974,2016-11-01T15:55:00,6.77
4975,2016-11-01T16:15:00,6.77
4976,2016-11-01T16:35:00,6.77
4977,2016-11-01T16:55:00,6.77
4978,2016-11-01T17:15:00,6.77
4979,2016-11-01T17:35:00,6.77
4980,2016-11-01T17:55:00,6.77
4981,2016-11-01T18:15:00,6.13
4982,2016-11-01T18:35:00,6.45
4983,2016-11-01T18:55:00,6.45
4984,2016-11-01T19:15:00,6.13
4985,2016-11-01T19:35:00,6.13
4986,2016-11-01T19:55:00,6.45
4987,2016-11-01T20:15:00,6.13
4988,2016-11-01T20:40:00,6.13
4989,2016-11-01T21:00:00,6.13
4990,2016-11-01T21:20:00,6.13
4991,2016-11-01T21:40:00,6.45
4992,2016-11-01T22:00:00,6.77
4993,2016-11-01T22:20:00,6.77
4994,2016-11-01T22:40:00,6.77
4995,2016-11-01T23:00:00,6.77
4996,2016-11-01T23:20:00,6.77
4997,2016-11-01T23:40:00,6.77
4998,2016-11-02T00:00:00,6.77
4999,2016-11-02T00:20:00,6.45
5000,2016-11-02T00:40:00,6.45
5001,2016-11-02T01:00:00,6.13
5002,2016-11-02T01:20:00,5.48
5003,2016-11-02T01:40:00,5.81
5004,2016-11-02T02:00:00,5.16
5005,2016-11-02T02:20:00,4.84
5006,2016-11-02T02:40:00,4.52
5007,2016-11-02T03:00:00,4.52
5008,2016-11-02T03:20:00,4.19
5009,2016-11-02T03:40:00,3.87
5010,2016-11-02T04:00:00,3.87
5011,2016-11-02T04:20:00,3.87
5012,2016-11-02T04:40:00,3.87
5013,2016-11-02T05:00:00,3.55
5014,2016-11-02T05:20:00,3.87
5015,2016-11-02T05:40:00,3.87
5016,2016-11-02T06:00:00,3.23
5017,2016-11-02T06:20:00,2.9
5018,2016-11-02T06:40:00,2.9
5019,2016-11-02T07:00:00,3.55
5020,2016-11-02T07:20:00,4.19
5021,2016-11-02T07:40:00,3.87
5022,2016-11-02T08:05:00,5.48
5023,2016-11-02T08:25:00,9.03
5024,2016-11-02T08:45:00,12.26
5025,2016-11-02T09:05:00,13.23
5026,2016-11-02T09:25:00,6.45
5027,2016-11-02T09:45:00,5.48
5028,2016-11-02T10:05:00,9.03
5029,2016-11-02T10:25:00,7.42
5030,2016-11-02T10:45:00,12.26
5031,2016-11-02T11:05:00,5.48
5032,2016-11-02T11:25:00,5.16
5033,2016-11-02T11:45:00,9.68
5034,2016-11-02T12:05:00,6.45
5035,2016-11-02T12:25:00,8.06
5036,2016-11-02T12:45:00,7.42
5037,2016-11-02T13:05:00,10.65
5038,2016-11-02T13:25:00,5.16
5039,2016-11-02T13:45:00,5.48
5040,2016-11-02T14:05:00,10
5041,2016-11-02T14:25:00,5.16
5042,2016-11-02T14:45:00,4.52
5043,2016-11-02T15:05:00,4.19
5044,2016-11-02T15:25:00,3.87
5045,2016-11-02T15:45:00,3.55
5046,2016-11-02T16:05:00,3.87
5047,2016-11-02T16:25:00,3.55
5048,2016-11-02T16:45:00,3.23
5049,2016-11-02T17:05:00,2.9
5050,2016-11-02T17:25:00,2.58
5051,2016-11-02T17:45:00,2.26
5052,2016-11-02T18:05:00,1.94
5053,2016-11-02T18:25:00,1.94
5054,2016-11-02T18:45:00,1.61
5055,2016-11-02T19:05:00,1.29
5056,2016-11-02T19:30:00,1.61
5057,2016-11-02T19:50:00,1.61
5058,2016-11-02T20:10:00,1.61
5059,2016-11-02T20:30:00,1.61
5060,2016-11-02T20:50:00,1.61
5061,2016-11-02T21:10:00,1.61
5062,2016-11-02T21:30:00,1.61
5063,2016-11-02T21:50:00,1.61
5064,2016-11-02T22:10:00,1.94
5065,2016-11-02T22:30:00,1.61
5066,2016-11-02T22:50:00,1.61
5067,2016-11-02T23:10:00,1.29
5068,2016-11-02T23:30:00,1.29
5069,2016-11-02T23:50:00,1.61
5070,2016-11-03T00:10:00,1.29
5071,2016-11-03T00:30:00,0.97
5072,2016-11-03T00:50:00,1.29
5073,2016-11-03T01:10:00,0.97
5074,2016-11-03T01:30:00,0.32
5075,2016-11-03T01:50:00,0.32
5076,2016-11-03T02:10:00,0.32
5077,2016-11-03T02:30:00,-0.65
5078,2016-11-03T02:50:00,-0.32
5079,2016-11-03T03:10:00,-0.97
5080,2016-11-03T03:30:00,-0.65
5081,2016-11-03T03:50:00,-0.65
5082,2016-11-03T04:10:00,-0.65
5083,2016-11-03T04:30:00,-0.97
5084,2016-11-03T04:50:00,-0.97
5085,2016-11-03T05:10:00,-0.97
5086,2016-11-03T05:30:00,-1.29
5087,2016-11-03T05:50:00,-1.61
5088,2016-11-03T06:10:00,-1.29
5089,2016-11-03T06:30:00,-1.29
5090,2016-11-03T06:55:00,0.65
5091,2016-11-03T07:15:00,4.19
5092,2016-11-03T07:35:00,6.77
5093,2016-11-03T07:55:00,10
5094,2016-11-03T08:15:00,9.68
5095,2016-11-03T08:35:00,10.97
5096,2016-11-03T08:55:00,9.03
5097,2016-11-03T09:15:00,11.94
5098,2016-11-03T09:35:00,10.32
5099,2016-11-03T09:55:00,6.45
5100,2016-11-03T10:15:00,4.19
5101,2016-11-03T10:35:00,4.52
5102,2016-11-03T10:55:00,4.84
5103,2016-11-03T11:15:00,5.16
5104,2016-11-03T11:35:00,4.84
5105,2016-11-03T11:55:00,5.16
5106,2016-11-03T12:15:00,5.48
5107,2016-11-03T12:35:00,5.16
5108,2016-11-03T12:55:00,4.84
5109,2016-11-03T13:15:00,4.84
5110,2016-11-03T13:35:00,5.48
5111,2016-11-03T13:55:00,5.16
5112,2016-11-03T14:15:00,4.84
5113,2016-11-03T14:35:00,4.52
5114,2016-11-03T14:55:00,4.52
5115,2016-11-03T15:15:00,4.52
5116,2016-11-03T15:35:00,4.19
5117,2016-11-03T15:55:00,3.87
5118,2016-11-03T16:15:00,4.19
5119,2016-11-03T16:35:00,2.9
5120,2016-11-03T16:55:00,3.23
5121,2016-11-03T17:15:00,3.55
5122,2016-11-03T17:35:00,3.87
5123,2016-11-03T18:00:00,4.19
5124,2016-11-03T18:20:00,4.19
5125,2016-11-03T18:40:00,4.19
5126,2016-11-03T19:00:00,4.19
5127,2016-11-03T19:20:00,4.19
5128,2016-11-03T19:40:00,4.52
5129,2016-11-03T20:00:00,4.52
5130,2016-11-03T20:20:00,4.19
5131,2016-11-03T20:40:00,4.19
5132,2016-11-03T21:00:00,3.87
5133,2016-11-03T21:20:00,3.87
5134,2016-11-03T21:40:00,3.87
5135,2016-11-03T22:00:00,3.87
5136,2016-11-03T22:20:00,4.19
5137,2016-11-03T22:40:00,4.19
5138,2016-11-03T23:00:00,4.19
5139,2016-11-03T23:20:00,3.87
5140,2016-11-03T23:40:00,4.19
5141,2016-11-04T00:00:00,3.87
5142,2016-11-04T00:20:00,3.87
5143,2016-11-04T00:40:00,3.87
5144,2016-11-04T01:00:00,3.87
5145,2016-11-04T01:20:00,4.19
5146,2016-11-04T01:40:00,4.19
5147,2016-11-04T02:00:00,4.19
5148,2016-11-04T02:20:00,4.52
5149,2016-11-04T02:40:00,4.52
5150,2016-11-04T03:00:00,4.52
5151,2016-11-04T03:20:00,4.84
5152,2016-11-04T03:40:00,4.84
5153,2016-11-04T04:00:00,4.84
5154,2016-11-04T04:20:00,5.16
5155,2016-11-04T04:40:00,5.16
5156,2016-11-04T05:00:00,5.16
5157,2016-11-04T05:25:00,5.48
5158,2016-11-04T05:45:00,5.48
5159,2016-11-04T06:05:00,5.48
5160,2016-11-04T06:25:00,5.48
5161,2016-11-04T06:45:00,5.48
5162,2016-11-04T07:05:00,5.48
5163,2016-11-04T07:25:00,5.48
5164,2016-11-04T07:45:00,5.48
5165,2016-11-04T08:05:00,5.81
5166,2016-11-04T08:25:00,5.81
5167,2016-11-04T08:45:00,5.81
5168,2016-11-04T09:05:00,5.81
5169,2016-11-04T09:25:00,5.81
5170,2016-11-04T09:45:00,6.13
5171,2016-11-04T10:05:00,6.13
5172,2016-11-04T10:25:00,6.77
5173,2016-11-04T10:45:00,7.42
5174,2016-11-04T11:05:00,8.06
5175,2016-11-04T11:25:00,8.39
5176,2016-11-04T11:45:00,8.06
5177,2016-11-04T12:05:00,8.39
5178,2016-11-04T12:25:00,8.71
5179,2016-11-04T12:45:00,8.06
5180,2016-11-04T13:05:00,7.74
5181,2016-11-04T13:25:00,7.74
5182,2016-11-04T13:45:00,7.74
5183,2016-11-04T14:05:00,7.42
5184,2016-11-04T14:25:00,11.29
5185,2016-11-04T14:45:00,7.74
5186,2016-11-04T15:05:00,7.74
5187,2016-11-04T15:25:00,6.77
5188,2016-11-04T15:45:00,6.45
5189,2016-11-04T16:05:00,6.45
5190,2016-11-04T16:25:00,6.45
5191,2016-11-04T16:50:00,6.13
5192,2016-11-04T17:10:00,6.45
5193,2016-11-04T17:30:00,6.77
5194,2016-11-04T17:50:00,6.77
5195,2016-11-04T18:10:00,7.1
5196,2016-11-04T18:30:00,7.1
5197,2016-11-04T18:50:00,7.1
5198,2016-11-04T19:10:00,7.42
5199,2016-11-04T19:30:00,7.1
5200,2016-11-04T19:50:00,7.42
5201,2016-11-04T20:10:00,7.1
5202,2016-11-04T20:30:00,7.42
5203,2016-11-04T20:50:00,7.42
5204,2016-11-04T21:10:00,7.1
5205,2016-11-04T21:30:00,7.1
5206,2016-11-04T21:50:00,7.1
5207,2016-11-04T22:10:00,7.1
5208,2016-11-04T22:30:00,7.1
5209,2016-11-04T22:50:00,7.1
5210,2016-11-04T23:10:00,7.1
5211,2016-11-04T23:30:00,6.77
5212,2016-11-04T23:50:00,6.77
5213,2016-11-05T00:10:00,6.77
5214,2016-11-05T00:30:00,6.45
5215,2016-11-05T00:50:00,6.45
5216,2016-11-05T01:10:00,6.45
5217,2016-11-05T01:30:00,6.77
5218,2016-11-05T01:50:00,6.77
5219,2016-11-05T02:10:00,6.77
5220,2016-11-05T02:30:00,6.77
5221,2016-11-05T02:50:00,6.77
5222,2016-11-05T03:10:00,6.77
5223,2016-11-05T03:30:00,6.77
5224,2016-11-05T03:50:00,6.45
5225,2016-11-05T04:15:00,6.45
5226,2016-11-05T04:35:00,6.45
5227,2016-11-05T04:55:00,6.45
5228,2016-11-05T05:15:00,6.77
5229,2016-11-05T05:35:00,6.45
5230,2016-11-05T05:55:00,6.13
5231,2016-11-05T06:15:00,5.81
5232,2016-11-05T06:35:00,5.81
5233,2016-11-05T06:55:00,5.81
5234,2016-11-05T07:15:00,5.48
5235,2016-11-05T07:35:00,6.13
5236,2016-11-05T07:55:00,5.81
5237,2016-11-05T08:15:00,5.81
5238,2016-11-05T08:35:00,5.16
5239,2016-11-05T08:55:00,5.48
5240,2016-11-05T09:15:00,6.13
5241,2016-11-05T09:35:00,5.48
5242,2016-11-05T09:55:00,5.16
5243,2016-11-05T10:15:00,5.16
5244,2016-11-05T10:35:00,4.84
5245,2016-11-05T10:55:00,4.52
5246,2016-11-05T11:15:00,4.52
5247,2016-11-05T11:35:00,4.84
5248,2016-11-05T11:55:00,4.52
5249,2016-11-05T12:15:00,4.52
5250,2016-11-05T12:35:00,4.52
5251,2016-11-05T12:55:00,4.52
5252,2016-11-05T13:15:00,4.19
5253,2016-11-05T13:35:00,3.87
5254,2016-11-05T13:55:00,3.55
5255,2016-11-05T14:15:00,3.87
5256,2016-11-05T14:35:00,3.87
5257,2016-11-05T14:55:00,3.55
5258,2016-11-05T15:15:00,3.87
5259,2016-11-05T15:40:00,4.19
5260,2016-11-05T16:00:00,4.52
5261,2016-11-05T16:20:00,4.52
5262,2016-11-05T16:40:00,4.52
5263,2016-11-05T17:00:00,4.52
5264,2016-11-05T17:20:00,4.84
5265,2016-11-05T17:40:00,4.84
5266,2016-11-05T18:00:00,4.84
5267,2016-11-05T18:20:00,4.84
5268,2016-11-05T18:40:00,4.84
5269,2016-11-05T19:00:00,5.16
5270,2016-11-05T19:20:00,5.16
5271,2016-11-05T19:40:00,4.84
5272,2016-11-05T20:00:00,4.84
5273,2016-11-05T20:20:00,5.16
5274,2016-11-05T20:40:00,5.48
5275,2016-11-05T21:00:00,5.48
5276,2016-11-05T21:20:00,5.48
5277,2016-11-05T21:40:00,5.81
5278,2016-11-05T22:00:00,5.81
5279,2016-11-05T22:20:00,5.16
5280,2016-11-05T22:40:00,5.16
5281,2016-11-05T23:00:00,5.48
5282,2016-11-05T23:20:00,5.16
5283,2016-11-05T23:40:00,5.81
5284,2016-11-06T00:00:00,5.81
5285,2016-11-06T00:20:00,6.13
5286,2016-11-06T00:40:00,6.13
5287,2016-11-06T01:00:00,5.81
5288,2016-11-06T01:20:00,5.81
5289,2016-11-06T01:40:00,6.13
5290,2016-11-06T02:00:00,6.45
5291,2016-11-06T02:20:00,6.13
5292,2016-11-06T02:45:00,6.13
5293,2016-11-06T03:05:00,6.13
5294,2016-11-06T03:25:00,6.13
5295,2016-11-06T03:45:00,5.81
5296,2016-11-06T04:05:00,5.48
5297,2016-11-06T04:25:00,5.16
5298,2016-11-06T04:45:00,4.84
5299,2016-11-06T05:05:00,4.84
5300,2016-11-06T05:25:00,4.84
5301,2016-11-06T05:45:00,4.52
5302,2016-11-06T06:05:00,4.52
5303,2016-11-06T06:25:00,4.52
5304,2016-11-06T06:45:00,4.52
5305,2016-11-06T07:05:00,4.84
5306,2016-11-06T07:25:00,4.52
5307,2016-11-06T07:45:00,4.52
5308,2016-11-06T08:05:00,4.52
5309,2016-11-06T08:25:00,4.19
5310,2016-11-06T08:45:00,4.19
5311,2016-11-06T09:05:00,3.87
5312,2016-11-06T09:25:00,3.87
5313,2016-11-06T09:45:00,3.87
5314,2016-11-06T10:05:00,3.55
5315,2016-11-06T10:25:00,3.23
5316,2016-11-06T10:45:00,3.23
5317,2016-11-06T11:05:00,3.55
5318,2016-11-06T11:25:00,3.23
5319,2016-11-06T11:45:00,3.23
5320,2016-11-06T12:05:00,3.23
5321,2016-11-06T12:25:00,3.23
5322,2016-11-06T12:45:00,3.23
5323,2016-11-06T13:05:00,3.23
5324,2016-11-06T13:45:00,2.9
5325,2016-11-06T14:10:00,2.58
5326,2016-11-06T14:30:00,2.26
5327,2016-11-06T14:50:00,2.58
5328,2016-11-06T15:10:00,2.58
5329,2016-11-06T15:30:00,2.26
5330,2016-11-06T15:50:00,2.26
5331,2016-11-06T16:10:00,2.58
5332,2016-11-06T16:30:00,2.26
5333,2016-11-06T16:50:00,2.58
5334,2016-11-06T17:10:00,2.58
5335,2016-11-06T17:30:00,2.9
5336,2016-11-06T17:50:00,2.58
5337,2016-11-06T18:10:00,2.58
5338,2016-11-06T18:30:00,2.26
5339,2016-11-06T18:50:00,2.26
5340,2016-11-06T19:10:00,2.26
5341,2016-11-06T19:30:00,2.26
5342,2016-11-06T19:50:00,1.94
5343,2016-11-06T20:10:00,1.94
5344,2016-11-06T20:30:00,1.61
5345,2016-11-06T20:50:00,1.29
5346,2016-11-06T21:10:00,1.29
5347,2016-11-06T21:30:00,1.29
5348,2016-11-06T21:50:00,0.97
5349,2016-11-06T22:10:00,1.29
5350,2016-11-06T22:30:00,1.29
5351,2016-11-06T22:50:00,1.29
5352,2016-11-06T23:10:00,1.29
5353,2016-11-06T23:30:00,1.61
5354,2016-11-06T23:50:00,0.65
5355,2016-11-07T00:10:00,0.65
5356,2016-11-07T00:30:00,0.65
5357,2016-11-07T00:50:00,0.65
5358,2016-11-07T01:10:00,0.65
5359,2016-11-07T01:35:00,0.65
5360,2016-11-07T01:55:00,0.65
5361,2016-11-07T02:15:00,0.65
5362,2016-11-07T02:35:00,0.32
5363,2016-11-07T02:55:00,0.32
5364,2016-11-07T03:15:00,0.32
5365,2016-11-07T03:35:00,0.32
5366,2016-11-07T03:55:00,0.65
5367,2016-11-07T04:15:00,0.32
5368,2016-11-07T04:35:00,0.32
5369,2016-11-07T04:55:00,0
5370,2016-11-07T05:15:00,0
5371,2016-11-07T05:35:00,0
5372,2016-11-07T05:55:00,0.32
5373,2016-11-07T06:15:00,0.32
5374,2016-11-07T06:35:00,0.65
5375,2016-11-07T06:55:00,0.65
5376,2016-11-07T07:15:00,0.65
5377,2016-11-07T07:35:00,0.97
5378,2016-11-07T07:55:00,0.65
5379,2016-11-07T08:15:00,0.97
5380,2016-11-07T08:35:00,0.97
5381,2016-11-07T08:55:00,0.97
5382,2016-11-07T09:15:00,1.29
5383,2016-11-07T09:35:00,1.29
5384,2016-11-07T09:55:00,1.29
5385,2016-11-07T10:15:00,0.97
5386,2016-11-07T10:35:00,1.29
5387,2016-11-07T10:55:00,1.29
5388,2016-11-07T11:15:00,1.61
5389,2016-11-07T11:35:00,1.29
5390,2016-11-07T11:55:00,1.61
5391,2016-11-07T12:15:00,1.29
5392,2016-11-07T12:35:00,1.29
5393,2016-11-07T13:00:00,0.65
5394,2016-11-07T13:20:00,0.65
5395,2016-11-07T13:40:00,0.65
5396,2016-11-07T14:00:00,0.32
5397,2016-11-07T14:20:00,0.32
5398,2016-11-07T14:40:00,0
5399,2016-11-07T15:00:00,0
5400,2016-11-07T15:20:00,-0.65
5401,2016-11-07T15:40:00,-0.65
5402,2016-11-07T16:00:00,-0.65
5403,2016-11-07T16:20:00,-0.32
5404,2016-11-07T16:40:00,-0.32
5405,2016-11-07T17:00:00,-0.65
5406,2016-11-07T17:20:00,-0.65
5407,2016-11-07T17:40:00,-0.65
5408,2016-11-07T18:00:00,-0.97
5409,2016-11-07T18:20:00,-0.97
5410,2016-11-07T18:40:00,-0.97
5411,2016-11-07T19:00:00,-0.97
5412,2016-11-07T19:20:00,-1.29
5413,2016-11-07T19:40:00,-1.61
5414,2016-11-07T20:00:00,-1.61
5415,2016-11-07T20:20:00,-1.94
5416,2016-11-07T20:40:00,-1.94
5417,2016-11-07T21:00:00,-1.94
5418,2016-11-07T21:20:00,-1.61
5419,2016-11-07T21:40:00,-1.61
5420,2016-11-07T22:00:00,-1.61
5421,2016-11-07T22:20:00,-1.61
5422,2016-11-07T22:40:00,-1.94
5423,2016-11-07T23:00:00,-1.94
5424,2016-11-07T23:20:00,-1.94
5425,2016-11-07T23:40:00,-1.94
5426,2016-11-08T00:05:00,-2.26
5427,2016-11-08T00:25:00,-2.26
5428,2016-11-08T00:45:00,-2.26
5429,2016-11-08T01:05:00,-2.26
5430,2016-11-08T01:25:00,-2.58
5431,2016-11-08T01:45:00,-2.58
5432,2016-11-08T02:05:00,-2.58
5433,2016-11-08T02:25:00,-2.9
5434,2016-11-08T02:45:00,-2.58
5435,2016-11-08T03:05:00,-2.9
5436,2016-11-08T03:25:00,-3.23
5437,2016-11-08T03:45:00,-2.9
5438,2016-11-08T04:05:00,-2.9
5439,2016-11-08T04:25:00,-2.9
5440,2016-11-08T04:45:00,-2.9
5441,2016-11-08T05:05:00,-3.23
5442,2016-11-08T05:25:00,-2.9
5443,2016-11-08T05:45:00,-3.55
5444,2016-11-08T06:05:00,-4.19
5445,2016-11-08T06:25:00,-3.87
5446,2016-11-08T06:45:00,-3.55
5447,2016-11-08T07:05:00,-2.9
5448,2016-11-08T07:25:00,2.58
5449,2016-11-08T07:45:00,5.48
5450,2016-11-08T08:05:00,9.35
5451,2016-11-08T08:25:00,9.03
5452,2016-11-08T08:45:00,10.97
5453,2016-11-08T09:05:00,10.97
5454,2016-11-08T09:25:00,6.13
5455,2016-11-08T09:45:00,2.26
5456,2016-11-08T10:05:00,6.77
5457,2016-11-08T10:25:00,1.61
5458,2016-11-08T10:45:00,1.94
5459,2016-11-08T11:05:00,2.9
5460,2016-11-08T11:30:00,-0.65
5461,2016-11-08T11:50:00,5.16
5462,2016-11-08T12:10:00,8.71
5463,2016-11-08T12:30:00,9.03
5464,2016-11-08T12:50:00,8.39
5465,2016-11-08T13:10:00,5.81
5466,2016-11-08T13:30:00,6.77
5467,2016-11-08T13:50:00,-0.32
5468,2016-11-08T14:10:00,-0.97
5469,2016-11-08T14:30:00,-0.97
5470,2016-11-08T14:50:00,-1.29
5471,2016-11-08T15:10:00,-1.29
5472,2016-11-08T15:30:00,-1.61
5473,2016-11-08T15:50:00,-1.61
5474,2016-11-08T16:10:00,-1.61
5475,2016-11-08T16:30:00,-1.29
5476,2016-11-08T16:50:00,-1.29
5477,2016-11-08T17:10:00,-1.29
5478,2016-11-08T17:30:00,-0.97
5479,2016-11-08T17:50:00,-0.97
5480,2016-11-08T18:10:00,-0.97
5481,2016-11-08T18:30:00,-0.65
5482,2016-11-08T18:50:00,-0.32
5483,2016-11-08T19:10:00,-0.97
5484,2016-11-08T19:30:00,-0.97
5485,2016-11-08T19:50:00,-1.29
5486,2016-11-08T20:10:00,-0.97
5487,2016-11-08T20:30:00,-0.97
5488,2016-11-08T20:50:00,-0.97
5489,2016-11-08T21:10:00,-0.97
5490,2016-11-08T21:30:00,-0.97
5491,2016-11-08T21:50:00,-0.97
5492,2016-11-08T22:10:00,-1.29
5493,2016-11-08T22:30:00,-1.61
5494,2016-11-08T22:55:00,-0.97
5495,2016-11-08T23:15:00,-0.97
5496,2016-11-08T23:35:00,-0.97
5497,2016-11-08T23:55:00,-0.97
5498,2016-11-09T00:15:00,-0.97
5499,2016-11-09T00:35:00,-0.97
5500,2016-11-09T00:55:00,-1.29
5501,2016-11-09T01:15:00,-1.29
5502,2016-11-09T01:35:00,-1.61
5503,2016-11-09T01:55:00,-1.61
5504,2016-11-09T02:15:00,-1.61
5505,2016-11-09T02:35:00,-1.61
5506,2016-11-09T02:55:00,-1.61
5507,2016-11-09T03:15:00,-1.61
5508,2016-11-09T03:35:00,-1.29
5509,2016-11-09T03:55:00,-1.29
5510,2016-11-09T04:15:00,-1.29
5511,2016-11-09T04:35:00,-0.97
5512,2016-11-09T04:55:00,-0.97
5513,2016-11-09T05:15:00,-0.97
5514,2016-11-09T05:35:00,-0.65
5515,2016-11-09T05:55:00,-0.32
5516,2016-11-09T06:15:00,-0.32
5517,2016-11-09T06:35:00,-0.32
5518,2016-11-09T06:55:00,0.97
5519,2016-11-09T07:15:00,1.61
5520,2016-11-09T07:35:00,1.61
5521,2016-11-09T07:55:00,1.29
5522,2016-11-09T08:15:00,1.29
5523,2016-11-09T08:35:00,1.61
5524,2016-11-09T08:55:00,1.61
5525,2016-11-09T09:15:00,1.94
5526,2016-11-09T09:35:00,1.61
5527,2016-11-09T09:55:00,1.61
5528,2016-11-09T10:20:00,1.94
5529,2016-11-09T10:40:00,2.58
5530,2016-11-09T11:00:00,2.58
5531,2016-11-09T11:20:00,2.26
5532,2016-11-09T11:40:00,2.9
5533,2016-11-09T12:00:00,2.58
5534,2016-11-09T12:20:00,3.23
5535,2016-11-09T12:40:00,2.58
5536,2016-11-09T13:00:00,3.23
5537,2016-11-09T13:20:00,3.23
5538,2016-11-09T13:40:00,2.9
5539,2016-11-09T14:00:00,3.23
5540,2016-11-09T14:20:00,2.9
5541,2016-11-09T14:40:00,2.9
5542,2016-11-09T15:00:00,2.58
5543,2016-11-09T15:20:00,2.58
5544,2016-11-09T15:40:00,2.58
5545,2016-11-09T16:00:00,2.9
5546,2016-11-09T16:20:00,2.9
5547,2016-11-09T16:40:00,2.58
5548,2016-11-09T17:00:00,1.29
5549,2016-11-09T17:20:00,1.29
5550,2016-11-09T17:40:00,1.29
5551,2016-11-09T18:00:00,1.29
5552,2016-11-09T18:20:00,0.97
5553,2016-11-09T18:40:00,0.97
5554,2016-11-09T19:00:00,0.65
5555,2016-11-09T19:20:00,0.32
5556,2016-11-09T19:40:00,0.32
5557,2016-11-09T20:00:00,1.29
5558,2016-11-09T20:20:00,0.65
5559,2016-11-09T20:40:00,0.97
5560,2016-11-09T21:00:00,1.29
5561,2016-11-09T21:20:00,1.29
5562,2016-11-09T21:45:00,1.29
5563,2016-11-09T22:05:00,1.61
5564,2016-11-09T22:25:00,1.94
5565,2016-11-09T22:45:00,1.29
5566,2016-11-09T23:05:00,1.61
5567,2016-11-09T23:25:00,1.61
5568,2016-11-09T23:45:00,1.61
5569,2016-11-10T00:05:00,1.61
5570,2016-11-10T00:25:00,1.61
5571,2016-11-10T00:45:00,1.94
5572,2016-11-10T01:05:00,1.94
5573,2016-11-10T01:25:00,1.94
5574,2016-11-10T01:45:00,1.94
5575,2016-11-10T02:05:00,2.26
5576,2016-11-10T02:25:00,2.26
5577,2016-11-10T02:45:00,2.26
5578,2016-11-10T03:05:00,2.26
5579,2016-11-10T03:25:00,2.58
5580,2016-11-10T03:45:00,2.58
5581,2016-11-10T04:05:00,2.58
5582,2016-11-10T04:25:00,1.94
5583,2016-11-10T04:45:00,2.26
5584,2016-11-10T05:05:00,2.58
5585,2016-11-10T05:25:00,2.58
5586,2016-11-10T05:45:00,2.58
5587,2016-11-10T06:05:00,2.58
5588,2016-11-10T06:25:00,1.29
5589,2016-11-10T06:45:00,2.26
5590,2016-11-10T07:05:00,2.58
5591,2016-11-10T07:25:00,2.9
5592,2016-11-10T07:45:00,2.9
5593,2016-11-10T08:05:00,5.16
5594,2016-11-10T08:25:00,5.81
5595,2016-11-10T08:50:00,6.13
5596,2016-11-10T09:10:00,6.45
5597,2016-11-10T09:30:00,6.77
5598,2016-11-10T09:50:00,4.84
5599,2016-11-10T10:10:00,3.87
5600,2016-11-10T10:30:00,3.55
5601,2016-11-10T10:50:00,3.55
5602,2016-11-10T11:10:00,3.55
5603,2016-11-10T11:30:00,6.13
5604,2016-11-10T11:50:00,4.52
5605,2016-11-10T12:10:00,6.13
5606,2016-11-10T12:30:00,7.1
5607,2016-11-10T12:50:00,3.87
5608,2016-11-10T13:10:00,3.55
5609,2016-11-10T13:30:00,2.9
5610,2016-11-10T13:50:00,4.19
5611,2016-11-10T14:10:00,3.55
5612,2016-11-10T14:30:00,3.87
5613,2016-11-10T14:50:00,2.26
5614,2016-11-10T15:10:00,1.94
5615,2016-11-10T15:30:00,1.94
5616,2016-11-10T15:50:00,1.94
5617,2016-11-10T16:10:00,1.61
5618,2016-11-10T16:30:00,1.29
5619,2016-11-10T16:50:00,1.29
5620,2016-11-10T17:10:00,1.29
5621,2016-11-10T17:30:00,1.61
5622,2016-11-10T17:50:00,0.97
5623,2016-11-10T18:10:00,0.97
5624,2016-11-10T18:30:00,0.65
5625,2016-11-10T18:50:00,2.26
5626,2016-11-10T19:10:00,1.94
5627,2016-11-10T19:30:00,1.61
5628,2016-11-10T19:50:00,1.61
5629,2016-11-10T20:15:00,1.94
5630,2016-11-10T20:35:00,1.94
5631,2016-11-10T20:55:00,1.61
5632,2016-11-10T21:15:00,1.29
5633,2016-11-10T21:35:00,1.61
5634,2016-11-10T21:55:00,1.61
5635,2016-11-10T22:15:00,0.65
5636,2016-11-10T22:35:00,1.29
5637,2016-11-10T22:55:00,0.97
5638,2016-11-10T23:15:00,0.97
5639,2016-11-10T23:35:00,0.97
5640,2016-11-10T23:55:00,1.29
5641,2016-11-11T00:15:00,1.29
5642,2016-11-11T00:35:00,1.29
5643,2016-11-11T00:55:00,1.61
5644,2016-11-11T01:15:00,1.61
5645,2016-11-11T01:35:00,1.61
5646,2016-11-11T01:55:00,1.29
5647,2016-11-11T02:15:00,0.97
5648,2016-11-11T02:35:00,0.97
5649,2016-11-11T02:55:00,1.29
5650,2016-11-11T03:15:00,1.61
5651,2016-11-11T03:35:00,1.61
5652,2016-11-11T03:55:00,1.94
5653,2016-11-11T04:15:00,2.58
5654,2016-11-11T04:35:00,2.58
5655,2016-11-11T04:55:00,2.26
5656,2016-11-11T05:15:00,1.29
5657,2016-11-11T05:35:00,1.61
5658,2016-11-11T05:55:00,1.29
5659,2016-11-11T06:15:00,1.29
5660,2016-11-11T06:35:00,1.29
5661,2016-11-11T06:55:00,1.61
5662,2016-11-11T07:15:00,1.61
5663,2016-11-11T07:40:00,2.26
5664,2016-11-11T08:00:00,2.9
5665,2016-11-11T08:20:00,2.26
5666,2016-11-11T08:40:00,2.26
5667,2016-11-11T09:00:00,10
5668,2016-11-11T09:20:00,9.68
5669,2016-11-11T09:40:00,9.68
5670,2016-11-11T10:00:00,9.03
5671,2016-11-11T10:20:00,10.97
5672,2016-11-11T10:40:00,7.42
5673,2016-11-11T11:00:00,6.77
5674,2016-11-11T11:20:00,9.35
5675,2016-11-11T11:40:00,10.32
5676,2016-11-11T12:00:00,9.68
5677,2016-11-11T12:20:00,7.1
5678,2016-11-11T12:40:00,10.65
5679,2016-11-11T13:00:00,7.74
5680,2016-11-11T13:20:00,6.13
5681,2016-11-11T13:40:00,6.77
5682,2016-11-11T14:00:00,7.42
5683,2016-11-11T14:20:00,6.45
5684,2016-11-11T14:40:00,4.52
5685,2016-11-11T15:00:00,2.26
5686,2016-11-11T15:20:00,1.61
5687,2016-11-11T15:40:00,1.29
5688,2016-11-11T16:00:00,1.29
5689,2016-11-11T16:20:00,1.29
5690,2016-11-11T16:40:00,0.97
5691,2016-11-11T17:00:00,0.65
5692,2016-11-11T17:20:00,0.32
5693,2016-11-11T17:40:00,0.32
5694,2016-11-11T18:00:00,0.32
5695,2016-11-11T18:20:00,-0.32
5696,2016-11-11T18:40:00,0
5697,2016-11-11T19:05:00,-0.65
5698,2016-11-11T19:25:00,-0.97
5699,2016-11-11T19:45:00,-1.29
5700,2016-11-11T20:05:00,-1.61
5701,2016-11-11T20:25:00,-1.61
5702,2016-11-11T20:45:00,-1.94
5703,2016-11-11T21:05:00,-2.26
5704,2016-11-11T21:25:00,-2.26
5705,2016-11-11T21:45:00,-2.58
5706,2016-11-11T22:05:00,-2.58
5707,2016-11-11T22:25:00,-2.58
5708,2016-11-11T22:45:00,-2.9
5709,2016-11-11T23:05:00,-2.9
5710,2016-11-11T23:25:00,-2.58
5711,2016-11-11T23:45:00,-2.9
5712,2016-11-12T00:05:00,-2.9
5713,2016-11-12T00:25:00,-2.9
5714,2016-11-12T00:45:00,-3.23
5715,2016-11-12T01:05:00,-2.9
5716,2016-11-12T01:25:00,-3.23
5717,2016-11-12T01:45:00,-2.9
5718,2016-11-12T02:05:00,-3.55
5719,2016-11-12T02:25:00,-3.87
5720,2016-11-12T02:45:00,-3.55
5721,2016-11-12T03:05:00,-2.9
5722,2016-11-12T03:25:00,-2.26
5723,2016-11-12T03:45:00,-2.9
5724,2016-11-12T04:05:00,-1.29
5725,2016-11-12T04:25:00,-2.9
5726,2016-11-12T04:45:00,-2.26
5727,2016-11-12T05:05:00,-2.9
5728,2016-11-12T05:25:00,-3.55
5729,2016-11-12T05:45:00,-3.55
5730,2016-11-12T06:10:00,-3.23
5731,2016-11-12T06:30:00,-3.55
5732,2016-11-12T06:50:00,-3.55
5733,2016-11-12T07:10:00,-2.9
5734,2016-11-12T07:30:00,1.94
5735,2016-11-12T07:50:00,9.68
5736,2016-11-12T08:10:00,14.52
5737,2016-11-12T08:30:00,14.52
5738,2016-11-12T08:50:00,17.74
5739,2016-11-12T09:10:00,10.97
5740,2016-11-12T09:30:00,9.35
5741,2016-11-12T09:50:00,8.71
5742,2016-11-12T10:10:00,9.35
5743,2016-11-12T10:30:00,6.77
5744,2016-11-12T10:50:00,6.13
5745,2016-11-12T11:10:00,7.42
5746,2016-11-12T11:30:00,6.45
5747,2016-11-12T11:50:00,5.81
5748,2016-11-12T12:10:00,8.39
5749,2016-11-12T12:30:00,8.06
5750,2016-11-12T12:50:00,7.74
5751,2016-11-12T13:10:00,8.71
5752,2016-11-12T13:30:00,8.06
5753,2016-11-12T13:50:00,4.84
5754,2016-11-12T14:10:00,2.9
5755,2016-11-12T14:30:00,2.9
5756,2016-11-12T14:50:00,2.26
5757,2016-11-12T15:10:00,1.94
5758,2016-11-12T15:30:00,1.61
5759,2016-11-12T15:50:00,1.61
5760,2016-11-12T16:10:00,1.29
5761,2016-11-12T16:30:00,1.29
5762,2016-11-12T16:50:00,1.29
5763,2016-11-12T17:10:00,1.29
5764,2016-11-12T17:35:00,1.29
5765,2016-11-12T17:55:00,1.29
5766,2016-11-12T18:15:00,0.97
5767,2016-11-12T18:35:00,1.29
5768,2016-11-12T18:55:00,0.97
5769,2016-11-12T19:15:00,0.97
5770,2016-11-12T19:35:00,0.97
5771,2016-11-12T19:55:00,0.97
5772,2016-11-12T20:15:00,0.97
5773,2016-11-12T20:35:00,0.97
5774,2016-11-12T20:55:00,1.29
5775,2016-11-12T21:15:00,1.29
5776,2016-11-12T21:35:00,0.97
5777,2016-11-12T21:55:00,0.97
5778,2016-11-12T22:15:00,0.97
5779,2016-11-12T22:35:00,0.65
5780,2016-11-12T22:55:00,0.65
5781,2016-11-12T23:15:00,0.65
5782,2016-11-12T23:35:00,0.97
5783,2016-11-12T23:55:00,0.97
5784,2016-11-13T00:15:00,0.97
5785,2016-11-13T00:35:00,0.97
5786,2016-11-13T00:55:00,0.97
5787,2016-11-13T01:15:00,0.97
5788,2016-11-13T01:35:00,0.65
5789,2016-11-13T01:55:00,0.32
5790,2016-11-13T02:15:00,0.65
5791,2016-11-13T02:35:00,0.65
5792,2016-11-13T02:55:00,0.65
5793,2016-11-13T03:15:00,0.32
5794,2016-11-13T03:35:00,0.32
5795,2016-11-13T03:55:00,0.65
5796,2016-11-13T04:15:00,0.65
5797,2016-11-13T04:35:00,0.65
5798,2016-11-13T05:00:00,0.97
5799,2016-11-13T05:20:00,0.97
5800,2016-11-13T05:40:00,0.97
5801,2016-11-13T06:00:00,0.97
5802,2016-11-13T06:20:00,0.97
5803,2016-11-13T06:40:00,0.97
5804,2016-11-13T07:00:00,0.97
5805,2016-11-13T07:20:00,0.97
5806,2016-11-13T07:40:00,0.97
5807,2016-11-13T08:00:00,1.61
5808,2016-11-13T08:20:00,2.58
5809,2016-11-13T08:40:00,1.61
5810,2016-11-13T09:00:00,1.61
5811,2016-11-13T09:20:00,1.94
5812,2016-11-13T09:40:00,1.94
5813,2016-11-13T10:00:00,1.94
5814,2016-11-13T10:20:00,1.94
5815,2016-11-13T10:40:00,1.94
5816,2016-11-13T11:00:00,2.26
5817,2016-11-13T11:20:00,4.19
5818,2016-11-13T11:40:00,7.1
5819,2016-11-13T12:00:00,6.77
5820,2016-11-13T12:20:00,6.13
5821,2016-11-13T12:40:00,6.13
5822,2016-11-13T13:00:00,6.45
5823,2016-11-13T13:20:00,5.81
5824,2016-11-13T13:40:00,5.81
5825,2016-11-13T14:00:00,4.52
5826,2016-11-13T14:20:00,4.19
5827,2016-11-13T14:40:00,2.26
5828,2016-11-13T15:00:00,1.29
5829,2016-11-13T15:20:00,0.65
5830,2016-11-13T15:40:00,0.65
5831,2016-11-13T16:25:00,0.32
5832,2016-11-13T16:45:00,0.32
5833,2016-11-13T17:05:00,0
5834,2016-11-13T17:25:00,0
5835,2016-11-13T17:45:00,-0.32
5836,2016-11-13T18:05:00,-0.32
5837,2016-11-13T18:25:00,-0.65
5838,2016-11-13T18:45:00,-0.97
5839,2016-11-13T19:05:00,-0.97
5840,2016-11-13T19:25:00,-0.97
5841,2016-11-13T19:45:00,-0.97
5842,2016-11-13T20:05:00,-1.29
5843,2016-11-13T20:25:00,-1.29
5844,2016-11-13T20:45:00,-1.29
5845,2016-11-13T21:05:00,-1.29
5846,2016-11-13T21:25:00,-1.29
5847,2016-11-13T21:45:00,-1.29
5848,2016-11-13T22:05:00,-1.29
5849,2016-11-13T22:25:00,-1.61
5850,2016-11-13T22:45:00,-1.61
5851,2016-11-13T23:05:00,-1.61
5852,2016-11-13T23:25:00,-1.61
5853,2016-11-13T23:45:00,-1.61
5854,2016-11-14T00:05:00,-1.61
5855,2016-11-14T00:25:00,-1.94
5856,2016-11-14T00:45:00,-1.94
5857,2016-11-14T01:05:00,-1.61
5858,2016-11-14T01:25:00,-1.94
5859,2016-11-14T01:45:00,-1.94
5860,2016-11-14T02:05:00,-1.94
5861,2016-11-14T02:25:00,-1.61
5862,2016-11-14T02:45:00,-1.61
5863,2016-11-14T03:05:00,-1.61
5864,2016-11-14T03:30:00,-1.29
5865,2016-11-14T03:50:00,-1.29
5866,2016-11-14T04:10:00,-1.29
5867,2016-11-14T04:30:00,-1.29
5868,2016-11-14T04:50:00,-1.29
5869,2016-11-14T05:10:00,-1.29
5870,2016-11-14T05:30:00,-0.97
5871,2016-11-14T05:50:00,-1.29
5872,2016-11-14T06:10:00,-0.97
5873,2016-11-14T06:30:00,-0.97
5874,2016-11-14T06:50:00,-0.97
5875,2016-11-14T07:10:00,-0.65
5876,2016-11-14T07:30:00,0
5877,2016-11-14T07:50:00,0.97
5878,2016-11-14T08:10:00,1.61
5879,2016-11-14T08:30:00,3.55
5880,2016-11-14T08:50:00,2.26
5881,2016-11-14T09:10:00,1.94
5882,2016-11-14T09:30:00,1.94
5883,2016-11-14T09:50:00,1.61
5884,2016-11-14T10:10:00,1.29
5885,2016-11-14T10:30:00,0.97
5886,2016-11-14T10:50:00,0.97
5887,2016-11-14T11:10:00,1.61
5888,2016-11-14T11:30:00,1.94
5889,2016-11-14T11:50:00,2.26
5890,2016-11-14T12:10:00,2.58
5891,2016-11-14T12:30:00,2.58
5892,2016-11-14T12:50:00,2.9
5893,2016-11-14T13:10:00,2.58
5894,2016-11-14T13:30:00,2.26
5895,2016-11-14T13:50:00,2.26
5896,2016-11-14T14:10:00,2.26
5897,2016-11-14T14:30:00,2.26
5898,2016-11-14T14:55:00,2.26
5899,2016-11-14T15:15:00,2.58
5900,2016-11-14T15:35:00,2.58
5901,2016-11-14T15:55:00,2.58
5902,2016-11-14T16:15:00,2.9
5903,2016-11-14T16:35:00,2.58
5904,2016-11-14T16:55:00,2.58
5905,2016-11-14T17:15:00,2.58
5906,2016-11-14T17:35:00,2.58
5907,2016-11-14T17:55:00,2.26
5908,2016-11-14T18:15:00,2.58
5909,2016-11-14T18:35:00,2.58
5910,2016-11-14T18:55:00,2.58
5911,2016-11-14T19:15:00,2.58
5912,2016-11-14T19:35:00,2.58
5913,2016-11-14T19:55:00,2.58
5914,2016-11-14T20:15:00,2.26
5915,2016-11-14T20:35:00,2.26
5916,2016-11-14T20:55:00,2.26
5917,2016-11-14T21:15:00,2.26
5918,2016-11-14T21:35:00,2.26
5919,2016-11-14T21:55:00,2.58
5920,2016-11-14T22:15:00,3.23
5921,2016-11-14T22:35:00,2.9
5922,2016-11-14T22:55:00,2.9
5923,2016-11-14T23:15:00,3.55
5924,2016-11-14T23:35:00,3.55
5925,2016-11-14T23:55:00,4.19
5926,2016-11-15T00:15:00,4.52
5927,2016-11-15T00:35:00,4.84
5928,2016-11-15T00:55:00,5.16
5929,2016-11-15T01:15:00,5.16
5930,2016-11-15T01:35:00,5.48
5931,2016-11-15T01:55:00,5.81
5932,2016-11-15T02:20:00,5.81
5933,2016-11-15T02:40:00,6.13
5934,2016-11-15T03:00:00,6.45
5935,2016-11-15T03:20:00,6.45
5936,2016-11-15T03:40:00,6.77
5937,2016-11-15T04:00:00,6.77
5938,2016-11-15T04:20:00,7.1
5939,2016-11-15T04:40:00,6.77
5940,2016-11-15T05:00:00,7.1
5941,2016-11-15T05:20:00,7.1
5942,2016-11-15T05:40:00,7.1
5943,2016-11-15T06:00:00,7.42
5944,2016-11-15T06:20:00,7.42
5945,2016-11-15T06:40:00,7.74
5946,2016-11-15T07:00:00,7.74
5947,2016-11-15T07:20:00,8.06
5948,2016-11-15T07:40:00,8.06
5949,2016-11-15T08:00:00,8.39
5950,2016-11-15T08:20:00,8.39
5951,2016-11-15T08:40:00,8.39
5952,2016-11-15T09:00:00,8.71
5953,2016-11-15T09:20:00,8.71
5954,2016-11-15T09:40:00,9.35
5955,2016-11-15T10:00:00,9.35
5956,2016-11-15T10:20:00,9.68
5957,2016-11-15T10:40:00,10
5958,2016-11-15T11:00:00,10.65
5959,2016-11-15T11:20:00,10.97
5960,2016-11-15T11:40:00,10.97
5961,2016-11-15T12:00:00,10.97
5962,2016-11-15T12:20:00,10.65
5963,2016-11-15T12:40:00,10.65
5964,2016-11-15T13:00:00,11.29
5965,2016-11-15T13:20:00,10.97
5966,2016-11-15T13:45:00,10.32
5967,2016-11-15T14:05:00,10
5968,2016-11-15T14:25:00,9.35
5969,2016-11-15T14:45:00,8.71
5970,2016-11-15T15:05:00,8.06
5971,2016-11-15T15:25:00,7.42
5972,2016-11-15T15:45:00,7.42
5973,2016-11-15T16:05:00,7.1
5974,2016-11-15T16:25:00,7.1
5975,2016-11-15T16:45:00,6.77
5976,2016-11-15T17:05:00,6.77
5977,2016-11-15T17:25:00,6.77
5978,2016-11-15T17:45:00,6.45
5979,2016-11-15T18:05:00,6.45
5980,2016-11-15T18:25:00,6.13
5981,2016-11-15T18:45:00,6.13
5982,2016-11-15T19:05:00,5.81
5983,2016-11-15T19:25:00,5.81
5984,2016-11-15T19:45:00,5.48
5985,2016-11-15T20:05:00,5.48
5986,2016-11-15T20:25:00,5.48
5987,2016-11-15T20:45:00,5.48
5988,2016-11-15T21:05:00,5.48
5989,2016-11-15T21:25:00,5.48
5990,2016-11-15T21:45:00,5.48
5991,2016-11-15T22:05:00,5.81
5992,2016-11-15T22:25:00,5.48
5993,2016-11-15T22:45:00,5.16
5994,2016-11-15T23:05:00,5.48
5995,2016-11-15T23:25:00,5.16
5996,2016-11-15T23:45:00,5.48
5997,2016-11-16T00:05:00,5.48
5998,2016-11-16T00:25:00,5.16
5999,2016-11-16T00:45:00,4.84
6000,2016-11-16T01:10:00,4.52
6001,2016-11-16T01:30:00,4.52
6002,2016-11-16T01:50:00,4.19
6003,2016-11-16T02:10:00,3.87
6004,2016-11-16T02:30:00,3.87
6005,2016-11-16T02:50:00,3.87
6006,2016-11-16T03:10:00,3.55
6007,2016-11-16T03:30:00,3.23
6008,2016-11-16T03:50:00,3.87
6009,2016-11-16T04:10:00,3.87
6010,2016-11-16T04:30:00,3.55
6011,2016-11-16T04:50:00,3.87
6012,2016-11-16T05:10:00,3.55
6013,2016-11-16T05:30:00,4.19
6014,2016-11-16T05:50:00,4.52
6015,2016-11-16T06:10:00,4.84
6016,2016-11-16T06:30:00,5.48
6017,2016-11-16T06:50:00,5.48
6018,2016-11-16T07:10:00,5.48
6019,2016-11-16T07:30:00,5.48
6020,2016-11-16T07:50:00,5.81
6021,2016-11-16T08:10:00,5.48
6022,2016-11-16T08:30:00,5.48
6023,2016-11-16T08:50:00,6.13
6024,2016-11-16T09:10:00,6.13
6025,2016-11-16T09:30:00,6.45
6026,2016-11-16T09:50:00,6.45
6027,2016-11-16T10:10:00,6.77
6028,2016-11-16T10:30:00,7.1
6029,2016-11-16T10:50:00,6.77
6030,2016-11-16T11:10:00,7.1
6031,2016-11-16T11:30:00,6.77
6032,2016-11-16T11:50:00,6.77
6033,2016-11-16T12:15:00,5.81
6034,2016-11-16T12:35:00,5.81
6035,2016-11-16T12:55:00,5.81
6036,2016-11-16T13:15:00,6.45
6037,2016-11-16T13:35:00,6.77
6038,2016-11-16T13:55:00,6.77
6039,2016-11-16T14:15:00,6.45
6040,2016-11-16T14:35:00,6.77
6041,2016-11-16T14:55:00,7.1
6042,2016-11-16T15:15:00,7.1
6043,2016-11-16T15:35:00,7.42
6044,2016-11-16T15:55:00,7.74
6045,2016-11-16T16:15:00,7.74
6046,2016-11-16T16:35:00,8.06
6047,2016-11-16T16:55:00,7.74
6048,2016-11-16T17:15:00,7.74
6049,2016-11-16T17:35:00,8.06
6050,2016-11-16T17:55:00,8.39
6051,2016-11-16T18:15:00,8.06
6052,2016-11-16T18:35:00,8.06
6053,2016-11-16T18:55:00,8.06
6054,2016-11-16T19:15:00,7.74
6055,2016-11-16T19:35:00,7.42
6056,2016-11-16T19:55:00,7.1
6057,2016-11-16T20:15:00,6.77
6058,2016-11-16T20:35:00,6.45
6059,2016-11-16T20:55:00,6.13
6060,2016-11-16T21:15:00,5.81
6061,2016-11-16T21:35:00,5.48
6062,2016-11-16T21:55:00,5.16
6063,2016-11-16T22:15:00,4.84
6064,2016-11-16T22:35:00,4.52
6065,2016-11-16T22:55:00,4.52
6066,2016-11-16T23:15:00,4.52
6067,2016-11-16T23:40:00,4.19
6068,2016-11-17T00:00:00,4.19
6069,2016-11-17T00:20:00,4.52
6070,2016-11-17T00:40:00,4.52
6071,2016-11-17T01:00:00,4.19
6072,2016-11-17T01:20:00,4.52
6073,2016-11-17T01:40:00,4.19
6074,2016-11-17T02:00:00,4.19
6075,2016-11-17T02:20:00,3.87
6076,2016-11-17T02:40:00,4.19
6077,2016-11-17T03:00:00,4.19
6078,2016-11-17T03:20:00,4.19
6079,2016-11-17T03:40:00,4.19
6080,2016-11-17T04:00:00,4.19
6081,2016-11-17T04:20:00,3.87
6082,2016-11-17T04:40:00,3.87
6083,2016-11-17T05:00:00,3.87
6084,2016-11-17T05:20:00,3.87
6085,2016-11-17T05:40:00,3.55
6086,2016-11-17T06:00:00,3.55
6087,2016-11-17T06:20:00,3.55
6088,2016-11-17T06:40:00,3.23
6089,2016-11-17T07:00:00,3.23
6090,2016-11-17T07:20:00,3.55
6091,2016-11-17T07:40:00,3.87
6092,2016-11-17T08:00:00,4.52
6093,2016-11-17T08:20:00,4.52
6094,2016-11-17T08:40:00,7.1
6095,2016-11-17T09:00:00,5.48
6096,2016-11-17T09:20:00,5.48
6097,2016-11-17T09:40:00,6.77
6098,2016-11-17T10:00:00,6.45
6099,2016-11-17T10:20:00,6.13
6100,2016-11-17T10:40:00,6.13
6101,2016-11-17T11:05:00,6.13
6102,2016-11-17T11:25:00,6.45
6103,2016-11-17T11:45:00,8.71
6104,2016-11-17T12:05:00,6.77
6105,2016-11-17T12:25:00,7.1
6106,2016-11-17T12:45:00,6.45
6107,2016-11-17T13:05:00,6.45
6108,2016-11-17T13:25:00,7.74
6109,2016-11-17T13:45:00,6.77
6110,2016-11-17T14:05:00,5.81
6111,2016-11-17T14:25:00,5.16
6112,2016-11-17T14:45:00,5.48
6113,2016-11-17T15:05:00,5.16
6114,2016-11-17T15:25:00,5.16
6115,2016-11-17T15:45:00,4.84
6116,2016-11-17T16:05:00,4.52
6117,2016-11-17T16:25:00,4.52
6118,2016-11-17T16:45:00,4.19
6119,2016-11-17T17:05:00,4.19
6120,2016-11-17T17:25:00,4.19
6121,2016-11-17T17:45:00,4.19
6122,2016-11-17T18:05:00,4.19
6123,2016-11-17T18:25:00,4.52
6124,2016-11-17T18:45:00,4.52
6125,2016-11-17T19:05:00,4.52
6126,2016-11-17T19:25:00,4.52
6127,2016-11-17T19:45:00,4.84
6128,2016-11-17T20:05:00,5.16
6129,2016-11-17T20:25:00,5.16
6130,2016-11-17T20:45:00,5.48
6131,2016-11-17T21:05:00,5.81
6132,2016-11-17T21:25:00,5.16
6133,2016-11-17T21:45:00,4.52
6134,2016-11-17T22:05:00,5.16
6135,2016-11-17T22:30:00,4.84
6136,2016-11-17T22:50:00,5.48
6137,2016-11-17T23:10:00,6.13
6138,2016-11-17T23:30:00,6.45
6139,2016-11-17T23:50:00,6.77
6140,2016-11-18T00:10:00,6.77
6141,2016-11-18T00:30:00,6.77
6142,2016-11-18T00:50:00,7.1
6143,2016-11-18T01:10:00,6.77
6144,2016-11-18T01:30:00,6.45
6145,2016-11-18T01:50:00,6.45
6146,2016-11-18T02:10:00,6.45
6147,2016-11-18T02:30:00,6.13
6148,2016-11-18T02:50:00,5.81
6149,2016-11-18T03:10:00,5.81
6150,2016-11-18T03:30:00,5.48
6151,2016-11-18T03:50:00,5.48
6152,2016-11-18T04:10:00,5.16
6153,2016-11-18T04:30:00,5.16
6154,2016-11-18T04:50:00,5.16
6155,2016-11-18T05:10:00,5.16
6156,2016-11-18T05:30:00,5.16
6157,2016-11-18T05:50:00,5.16
6158,2016-11-18T06:10:00,5.48
6159,2016-11-18T06:30:00,5.16
6160,2016-11-18T06:50:00,5.16
6161,2016-11-18T07:10:00,5.16
6162,2016-11-18T07:30:00,5.48
6163,2016-11-18T07:50:00,6.45
6164,2016-11-18T08:10:00,6.13
6165,2016-11-18T08:30:00,5.48
6166,2016-11-18T08:50:00,3.23
6167,2016-11-18T09:15:00,2.9
6168,2016-11-18T09:35:00,3.87
6169,2016-11-18T09:55:00,4.52
6170,2016-11-18T10:15:00,4.19
6171,2016-11-18T10:35:00,3.55
6172,2016-11-18T10:55:00,2.58
6173,2016-11-18T11:15:00,1.94
6174,2016-11-18T11:35:00,1.94
6175,2016-11-18T11:55:00,4.19
6176,2016-11-18T12:15:00,6.77
6177,2016-11-18T12:35:00,5.81
6178,2016-11-18T12:55:00,5.16
6179,2016-11-18T13:15:00,8.39
6180,2016-11-18T13:35:00,8.39
6181,2016-11-18T13:55:00,7.42
6182,2016-11-18T14:15:00,6.13
6183,2016-11-18T14:35:00,5.16
6184,2016-11-18T14:55:00,4.52
6185,2016-11-18T15:15:00,3.87
6186,2016-11-18T15:35:00,3.87
6187,2016-11-18T15:55:00,3.87
6188,2016-11-18T16:15:00,3.87
6189,2016-11-18T16:35:00,3.87
6190,2016-11-18T16:55:00,2.9
6191,2016-11-18T17:15:00,2.9
6192,2016-11-18T17:35:00,2.9
6193,2016-11-18T17:55:00,2.9
6194,2016-11-18T18:15:00,2.9
6195,2016-11-18T18:35:00,2.9
6196,2016-11-18T18:55:00,3.23
6197,2016-11-18T19:15:00,3.55
6198,2016-11-18T19:35:00,3.55
6199,2016-11-18T19:55:00,3.55
6200,2016-11-18T20:15:00,3.23
6201,2016-11-18T20:40:00,3.23
6202,2016-11-18T21:00:00,3.55
6203,2016-11-18T21:20:00,3.87
6204,2016-11-18T21:40:00,3.23
6205,2016-11-18T22:00:00,3.23
6206,2016-11-18T22:20:00,3.23
6207,2016-11-18T22:40:00,3.55
6208,2016-11-18T23:00:00,3.55
6209,2016-11-18T23:20:00,3.55
6210,2016-11-18T23:40:00,2.9
6211,2016-11-19T00:00:00,2.58
6212,2016-11-19T00:20:00,3.55
6213,2016-11-19T00:40:00,3.55
6214,2016-11-19T01:00:00,3.55
6215,2016-11-19T01:20:00,3.55
6216,2016-11-19T01:40:00,3.23
6217,2016-11-19T02:00:00,3.55
6218,2016-11-19T02:20:00,3.87
6219,2016-11-19T02:40:00,3.55
6220,2016-11-19T03:00:00,3.55
6221,2016-11-19T03:20:00,3.55
6222,2016-11-19T03:40:00,3.23
6223,2016-11-19T04:00:00,3.23
6224,2016-11-19T04:20:00,2.9
6225,2016-11-19T04:40:00,2.9
6226,2016-11-19T05:00:00,3.23
6227,2016-11-19T05:20:00,3.55
6228,2016-11-19T05:40:00,3.55
6229,2016-11-19T06:00:00,3.55
6230,2016-11-19T06:20:00,2.58
6231,2016-11-19T06:40:00,2.9
6232,2016-11-19T07:00:00,2.9
6233,2016-11-19T07:20:00,3.55
6234,2016-11-19T07:40:00,3.55
6235,2016-11-19T08:05:00,4.19
6236,2016-11-19T08:25:00,3.55
6237,2016-11-19T08:45:00,3.55
6238,2016-11-19T09:05:00,3.55
6239,2016-11-19T09:25:00,3.87
6240,2016-11-19T09:45:00,3.87
6241,2016-11-19T10:05:00,3.87
6242,2016-11-19T10:25:00,3.87
6243,2016-11-19T10:45:00,3.87
6244,2016-11-19T11:05:00,3.87
6245,2016-11-19T11:25:00,4.52
6246,2016-11-19T11:45:00,4.84
6247,2016-11-19T12:05:00,4.84
6248,2016-11-19T12:25:00,4.84
6249,2016-11-19T12:45:00,5.16
6250,2016-11-19T13:05:00,5.16
6251,2016-11-19T13:25:00,5.16
6252,2016-11-19T13:45:00,5.16
6253,2016-11-19T14:05:00,5.16
6254,2016-11-19T14:25:00,5.16
6255,2016-11-19T14:45:00,5.16
6256,2016-11-19T15:05:00,4.84
6257,2016-11-19T15:25:00,4.84
6258,2016-11-19T15:45:00,4.52
6259,2016-11-19T16:05:00,3.87
6260,2016-11-19T16:25:00,3.87
6261,2016-11-19T16:45:00,3.87
6262,2016-11-19T17:05:00,3.87
6263,2016-11-19T17:25:00,3.87
6264,2016-11-19T17:45:00,4.19
6265,2016-11-19T18:05:00,4.19
6266,2016-11-19T18:25:00,3.23
6267,2016-11-19T18:45:00,2.58
6268,2016-11-19T19:05:00,2.9
6269,2016-11-19T19:30:00,2.9
6270,2016-11-19T19:50:00,3.55
6271,2016-11-19T20:10:00,2.9
6272,2016-11-19T20:30:00,3.23
6273,2016-11-19T20:50:00,2.9
6274,2016-11-19T21:10:00,3.23
6275,2016-11-19T21:30:00,2.9
6276,2016-11-19T21:50:00,2.9
6277,2016-11-19T22:10:00,2.9
6278,2016-11-19T22:30:00,3.23
6279,2016-11-19T22:50:00,3.55
6280,2016-11-19T23:10:00,3.23
6281,2016-11-19T23:30:00,2.9
6282,2016-11-19T23:50:00,1.94
6283,2016-11-20T00:10:00,1.94
6284,2016-11-20T00:30:00,2.26
6285,2016-11-20T00:50:00,2.26
6286,2016-11-20T01:10:00,1.94
6287,2016-11-20T01:30:00,1.94
6288,2016-11-20T01:50:00,1.94
6289,2016-11-20T02:10:00,2.26
6290,2016-11-20T02:30:00,2.26
6291,2016-11-20T02:50:00,2.58
6292,2016-11-20T03:10:00,3.55
6293,2016-11-20T03:30:00,3.23
6294,2016-11-20T03:50:00,3.23
6295,2016-11-20T04:10:00,3.23
6296,2016-11-20T04:30:00,3.23
6297,2016-11-20T04:50:00,2.9
6298,2016-11-20T05:10:00,2.9
6299,2016-11-20T05:30:00,2.9
6300,2016-11-20T05:50:00,3.23
6301,2016-11-20T06:10:00,3.23
6302,2016-11-20T06:35:00,3.55
6303,2016-11-20T06:55:00,3.87
6304,2016-11-20T07:15:00,3.87
6305,2016-11-20T07:35:00,3.87
6306,2016-11-20T07:55:00,4.19
6307,2016-11-20T08:15:00,4.52
6308,2016-11-20T08:35:00,4.84
6309,2016-11-20T08:55:00,5.16
6310,2016-11-20T09:15:00,6.45
6311,2016-11-20T09:35:00,5.81
6312,2016-11-20T09:55:00,5.81
6313,2016-11-20T10:15:00,5.48
6314,2016-11-20T10:35:00,5.48
6315,2016-11-20T10:55:00,5.48
6316,2016-11-20T11:15:00,5.16
6317,2016-11-20T11:35:00,5.16
6318,2016-11-20T11:55:00,5.16
6319,2016-11-20T12:15:00,5.48
6320,2016-11-20T12:35:00,5.48
6321,2016-11-20T12:55:00,5.48
6322,2016-11-20T13:15:00,4.52
6323,2016-11-20T13:35:00,3.87
6324,2016-11-20T13:55:00,4.19
6325,2016-11-20T14:15:00,3.87
6326,2016-11-20T14:35:00,4.19
6327,2016-11-20T14:55:00,4.84
6328,2016-11-20T15:15:00,5.16
6329,2016-11-20T15:35:00,4.52
6330,2016-11-20T15:55:00,4.52
6331,2016-11-20T16:15:00,4.84
6332,2016-11-20T16:35:00,4.84
6333,2016-11-20T16:55:00,5.16
6334,2016-11-20T17:15:00,5.48
6335,2016-11-20T17:35:00,6.45
6336,2016-11-20T18:00:00,6.45
6337,2016-11-20T18:20:00,6.45
6338,2016-11-20T18:40:00,6.45
6339,2016-11-20T19:00:00,6.77
6340,2016-11-20T19:20:00,6.77
6341,2016-11-20T19:40:00,7.1
6342,2016-11-20T20:00:00,7.42
6343,2016-11-20T20:20:00,7.1
6344,2016-11-20T20:40:00,7.1
6345,2016-11-20T21:00:00,7.1
6346,2016-11-20T21:20:00,7.42
6347,2016-11-20T21:40:00,7.42
6348,2016-11-20T22:00:00,7.74
6349,2016-11-20T22:20:00,7.74
6350,2016-11-20T22:40:00,8.06
6351,2016-11-20T23:00:00,8.39
6352,2016-11-20T23:20:00,8.39
6353,2016-11-20T23:40:00,8.06
6354,2016-11-21T00:00:00,7.1
6355,2016-11-21T00:20:00,7.74
6356,2016-11-21T00:40:00,7.42
6357,2016-11-21T01:00:00,7.74
6358,2016-11-21T01:20:00,7.74
6359,2016-11-21T01:40:00,7.42
6360,2016-11-21T02:00:00,7.42
6361,2016-11-21T02:20:00,7.42
6362,2016-11-21T02:40:00,7.42
6363,2016-11-21T03:00:00,7.1
6364,2016-11-21T03:20:00,7.1
6365,2016-11-21T03:40:00,7.1
6366,2016-11-21T04:00:00,7.42
6367,2016-11-21T04:20:00,7.1
6368,2016-11-21T04:40:00,7.1
6369,2016-11-21T05:00:00,6.77
6370,2016-11-21T05:25:00,7.1
6371,2016-11-21T05:45:00,6.77
6372,2016-11-21T06:05:00,7.1
6373,2016-11-21T06:25:00,6.77
6374,2016-11-21T06:45:00,6.45
6375,2016-11-21T07:05:00,6.45
6376,2016-11-21T07:25:00,6.45
6377,2016-11-21T07:45:00,6.45
6378,2016-11-21T08:05:00,6.77
6379,2016-11-21T08:25:00,6.77
6380,2016-11-21T08:45:00,6.45
6381,2016-11-21T09:05:00,6.13
6382,2016-11-21T09:25:00,6.45
6383,2016-11-21T09:45:00,6.13
6384,2016-11-21T10:05:00,5.81
6385,2016-11-21T10:25:00,5.81
6386,2016-11-21T10:45:00,6.13
6387,2016-11-21T11:05:00,6.45
6388,2016-11-21T11:25:00,6.77
6389,2016-11-21T11:45:00,6.77
6390,2016-11-21T12:05:00,6.77
6391,2016-11-21T12:25:00,6.45
6392,2016-11-21T12:45:00,6.77
6393,2016-11-21T13:05:00,6.45
6394,2016-11-21T13:25:00,6.77
6395,2016-11-21T13:45:00,6.77
6396,2016-11-21T14:05:00,7.1
6397,2016-11-21T14:25:00,7.42
6398,2016-11-21T14:45:00,7.42
6399,2016-11-21T15:05:00,7.42
6400,2016-11-21T15:25:00,7.1
6401,2016-12-07T14:20:00,4.84
6402,2016-12-07T14:40:00,5.16
6403,2016-12-07T15:00:00,5.48
6404,2016-12-07T15:40:00,6.45
6405,2016-12-07T16:00:00,6.77
6406,2016-12-07T16:20:00,6.77
6407,2016-12-07T16:40:00,7.1
6408,2016-12-07T17:00:00,7.42
6409,2016-12-07T17:20:00,7.74
6410,2016-12-07T17:40:00,8.06
6411,2016-12-07T18:05:00,8.06
6412,2016-12-07T18:25:00,8.39
6413,2016-12-07T18:45:00,9.03
6414,2016-12-07T19:05:00,9.03
6415,2016-12-07T19:25:00,9.35
6416,2016-12-07T19:45:00,9.35
6417,2016-12-07T20:05:00,9.68
6418,2016-12-07T20:45:00,10
6419,2016-12-07T21:05:00,10
6420,2016-12-07T21:25:00,10
6421,2016-12-07T21:45:00,10
6422,2016-12-07T22:05:00,10.32
6423,2016-12-07T22:25:00,10
6424,2016-12-07T22:45:00,10.32
6425,2016-12-07T23:05:00,10
6426,2016-12-07T23:25:00,9.35
6427,2016-12-07T23:45:00,9.35
6428,2016-12-08T00:05:00,9.68
6429,2016-12-08T00:25:00,9.68
6430,2016-12-08T00:45:00,9.35
6431,2016-12-08T01:05:00,9.68
6432,2016-12-08T01:25:00,10
6433,2016-12-08T01:45:00,10.65
6434,2016-12-08T02:05:00,10.65
6435,2016-12-08T02:25:00,10.65
6436,2016-12-08T02:45:00,10.65
6437,2016-12-08T03:05:00,10.65
6438,2016-12-08T03:25:00,10.65
6439,2016-12-08T03:45:00,10.97
6440,2016-12-08T04:05:00,10.97
6441,2016-12-08T04:25:00,10.97
6442,2016-12-08T04:45:00,10.65
6443,2016-12-08T05:10:00,10.65
6444,2016-12-08T05:30:00,10.65
6445,2016-12-08T05:50:00,10.65
6446,2016-12-08T06:10:00,10.97
6447,2016-12-08T06:30:00,10.97
6448,2016-12-08T06:50:00,10.97
6449,2016-12-08T07:10:00,11.29
6450,2016-12-08T07:30:00,11.29
6451,2016-12-08T07:50:00,10.97
6452,2016-12-08T08:10:00,10.97
6453,2016-12-08T08:30:00,10.97
6454,2016-12-08T08:50:00,10.97
6455,2016-12-08T09:10:00,11.94
6456,2016-12-08T09:30:00,10.97
6457,2016-12-08T09:50:00,10.65
6458,2016-12-08T10:10:00,10.65
6459,2016-12-08T10:30:00,14.52
6460,2016-12-08T10:50:00,12.9
6461,2016-12-08T11:10:00,13.23
6462,2016-12-08T11:30:00,14.19
6463,2016-12-08T11:50:00,12.58
6464,2016-12-08T12:10:00,11.61
6465,2016-12-08T12:30:00,11.29
6466,2016-12-08T13:10:00,10.32
6467,2016-12-08T13:30:00,10
6468,2016-12-08T13:50:00,10
6469,2016-12-08T14:10:00,9.68
6470,2016-12-08T14:30:00,9.35
6471,2016-12-08T14:50:00,9.35
6472,2016-12-08T15:10:00,9.03
6473,2016-12-08T15:30:00,9.03
6474,2016-12-08T15:50:00,9.03
6475,2016-12-08T16:10:00,9.03
6476,2016-12-08T16:35:00,8.71
6477,2016-12-08T16:55:00,8.71
6478,2016-12-08T17:15:00,8.39
6479,2016-12-08T17:35:00,8.39
6480,2016-12-08T17:55:00,8.06
6481,2016-12-08T18:15:00,8.39
6482,2016-12-08T18:35:00,8.06
6483,2016-12-08T18:55:00,8.06
6484,2016-12-08T19:15:00,8.06
6485,2016-12-08T19:35:00,7.74
6486,2016-12-08T19:55:00,8.06
6487,2016-12-08T20:15:00,8.06
6488,2016-12-08T20:35:00,8.06
6489,2016-12-08T20:55:00,8.06
6490,2016-12-08T21:15:00,8.06
6491,2016-12-08T21:35:00,8.06
6492,2016-12-08T21:55:00,8.06
6493,2016-12-08T22:15:00,8.06
6494,2016-12-08T22:35:00,7.74
6495,2016-12-08T22:55:00,8.06
6496,2016-12-08T23:15:00,7.74
6497,2016-12-08T23:35:00,7.74
6498,2016-12-08T23:55:00,7.74
6499,2016-12-09T00:15:00,7.74
6500,2016-12-09T00:35:00,7.42
6501,2016-12-09T00:55:00,7.42
6502,2016-12-09T01:15:00,7.42
6503,2016-12-09T01:35:00,7.42
6504,2016-12-09T01:55:00,7.42
6505,2016-12-09T02:15:00,7.42
6506,2016-12-09T02:35:00,7.42
6507,2016-12-09T02:55:00,7.42
6508,2016-12-09T03:15:00,7.1
6509,2016-12-09T03:35:00,6.77
6510,2016-12-09T04:00:00,6.77
6511,2016-12-09T04:20:00,7.1
6512,2016-12-09T04:40:00,7.1
6513,2016-12-09T05:00:00,7.42
6514,2016-12-09T05:20:00,7.42
6515,2016-12-09T05:40:00,7.42
6516,2016-12-09T06:00:00,7.1
6517,2016-12-09T06:20:00,7.1
6518,2016-12-09T06:40:00,7.1
6519,2016-12-09T07:00:00,7.42
6520,2016-12-09T07:20:00,7.74
6521,2016-12-09T07:40:00,7.42
6522,2016-12-09T08:00:00,7.42
6523,2016-12-09T08:20:00,7.42
6524,2016-12-09T08:40:00,8.71
6525,2016-12-09T09:00:00,9.35
6526,2016-12-09T09:20:00,9.03
6527,2016-12-09T09:40:00,8.06
6528,2016-12-09T10:00:00,8.06
6529,2016-12-09T10:20:00,8.39
6530,2016-12-09T10:40:00,8.39
6531,2016-12-09T11:00:00,8.39
6532,2016-12-09T11:20:00,8.71
6533,2016-12-09T11:40:00,8.39
6534,2016-12-09T12:00:00,8.39
6535,2016-12-09T12:20:00,8.39
6536,2016-12-09T12:40:00,8.06
6537,2016-12-09T13:00:00,8.06
6538,2016-12-09T13:20:00,8.39
6539,2016-12-09T13:40:00,8.39
6540,2016-12-09T14:00:00,8.39
6541,2016-12-09T14:20:00,8.39
6542,2016-12-09T14:40:00,8.06
6543,2016-12-09T15:00:00,8.71
6544,2016-12-09T15:25:00,8.39
6545,2016-12-09T15:45:00,8.39
6546,2016-12-09T16:05:00,8.39
6547,2016-12-09T16:25:00,8.06
6548,2016-12-09T16:45:00,8.39
6549,2016-12-09T17:05:00,8.39
6550,2016-12-09T17:25:00,8.71
6551,2016-12-09T17:45:00,8.39
6552,2016-12-09T18:05:00,8.39
6553,2016-12-09T18:25:00,8.71
6554,2016-12-09T18:45:00,8.71
6555,2016-12-09T19:05:00,8.39
6556,2016-12-09T19:25:00,8.39
6557,2016-12-09T19:45:00,8.39
6558,2016-12-09T20:05:00,8.39
6559,2016-12-09T20:25:00,8.71
6560,2016-12-09T20:45:00,8.71
6561,2016-12-09T21:05:00,8.71
6562,2016-12-09T21:25:00,8.71
6563,2016-12-09T21:45:00,8.71
6564,2016-12-09T22:05:00,8.71
6565,2016-12-09T22:25:00,9.03
6566,2016-12-09T22:45:00,9.03
6567,2016-12-09T23:05:00,9.03
6568,2016-12-09T23:25:00,9.03
6569,2016-12-09T23:45:00,9.03
6570,2016-12-10T00:05:00,9.03
6571,2016-12-10T00:25:00,9.35
6572,2016-12-10T00:45:00,9.35
6573,2016-12-10T01:05:00,9.68
6574,2016-12-10T01:25:00,9.68
6575,2016-12-10T01:45:00,9.68
6576,2016-12-10T02:05:00,10
6577,2016-12-10T02:30:00,10
6578,2016-12-10T02:50:00,10
6579,2016-12-10T03:10:00,9.68
6580,2016-12-10T03:30:00,10
6581,2016-12-10T03:50:00,9.68
6582,2016-12-10T04:10:00,9.68
6583,2016-12-10T04:30:00,9.68
6584,2016-12-10T04:50:00,9.68
6585,2016-12-10T05:10:00,9.35
6586,2016-12-10T05:30:00,9.35
6587,2016-12-10T05:50:00,9.35
6588,2016-12-10T06:10:00,9.03
6589,2016-12-10T06:30:00,9.35
6590,2016-12-10T06:50:00,9.35
6591,2016-12-10T07:10:00,9.35
6592,2016-12-10T07:30:00,9.35
6593,2016-12-10T07:50:00,9.35
6594,2016-12-10T08:10:00,9.35
6595,2016-12-10T08:30:00,9.35
6596,2016-12-10T08:50:00,9.35
6597,2016-12-10T09:10:00,9.35
6598,2016-12-10T09:30:00,9.35
6599,2016-12-10T09:50:00,9.35
6600,2016-12-10T10:10:00,9.35
6601,2016-12-10T10:30:00,9.68
6602,2016-12-10T10:50:00,10
6603,2016-12-10T11:10:00,10.32
6604,2016-12-10T11:30:00,9.68
6605,2016-12-10T11:50:00,10.32
6606,2016-12-10T12:10:00,9.68
6607,2016-12-10T12:30:00,9.68
6608,2016-12-10T12:50:00,9.68
6609,2016-12-10T13:10:00,9.35
6610,2016-12-10T13:30:00,9.35
6611,2016-12-10T13:55:00,9.03
6612,2016-12-10T14:15:00,9.03
6613,2016-12-10T14:35:00,8.71
6614,2016-12-10T14:55:00,8.71
6615,2016-12-10T15:15:00,8.71
6616,2016-12-10T15:35:00,8.39
6617,2016-12-10T15:55:00,8.39
6618,2016-12-10T16:15:00,8.39
6619,2016-12-10T16:35:00,8.39
6620,2016-12-10T16:55:00,8.39
6621,2016-12-10T17:15:00,8.39
6622,2016-12-10T17:35:00,8.39
6623,2016-12-10T17:55:00,8.39
6624,2016-12-10T18:15:00,8.39
6625,2016-12-10T18:35:00,8.06
6626,2016-12-10T18:55:00,8.06
6627,2016-12-10T19:15:00,7.74
6628,2016-12-10T19:35:00,7.42
6629,2016-12-10T19:55:00,7.1
6630,2016-12-10T20:15:00,7.1
6631,2016-12-10T20:35:00,7.1
6632,2016-12-10T20:55:00,6.77
6633,2016-12-10T21:15:00,7.1
6634,2016-12-10T21:35:00,7.1
6635,2016-12-10T21:55:00,7.1
6636,2016-12-10T22:15:00,7.1
6637,2016-12-10T22:35:00,7.1
6638,2016-12-10T22:55:00,7.1
6639,2016-12-10T23:15:00,7.1
6640,2016-12-10T23:35:00,7.42
6641,2016-12-10T23:55:00,7.1
6642,2016-12-11T00:15:00,7.42
6643,2016-12-11T00:35:00,7.42
6644,2016-12-11T00:55:00,7.1
6645,2016-12-11T01:20:00,7.1
6646,2016-12-11T01:40:00,7.1
6647,2016-12-11T02:00:00,7.1
6648,2016-12-11T02:20:00,7.1
6649,2016-12-11T02:40:00,7.1
6650,2016-12-11T03:00:00,7.1
6651,2016-12-11T03:20:00,7.1
6652,2016-12-11T03:40:00,6.77
6653,2016-12-11T04:00:00,6.77
6654,2016-12-11T04:20:00,6.77
6655,2016-12-11T04:40:00,6.77
6656,2016-12-11T05:00:00,6.77
6657,2016-12-11T05:20:00,7.1
6658,2016-12-11T05:40:00,6.13
6659,2016-12-11T06:00:00,7.1
6660,2016-12-11T06:20:00,6.77
6661,2016-12-11T06:40:00,6.77
6662,2016-12-11T07:00:00,6.45
6663,2016-12-11T07:20:00,6.45
6664,2016-12-11T07:40:00,6.45
6665,2016-12-11T08:00:00,6.77
6666,2016-12-11T08:20:00,7.1
6667,2016-12-11T08:40:00,7.1
6668,2016-12-11T09:00:00,7.42
6669,2016-12-11T09:20:00,7.42
6670,2016-12-11T09:40:00,7.42
6671,2016-12-11T10:00:00,7.1
6672,2016-12-11T10:20:00,7.1
6673,2016-12-11T10:40:00,10
6674,2016-12-11T11:00:00,12.26
6675,2016-12-11T11:20:00,12.26
6676,2016-12-11T11:40:00,11.94
6677,2016-12-11T12:00:00,9.68
6678,2016-12-11T12:20:00,8.71
6679,2016-12-11T12:45:00,9.03
6680,2016-12-11T13:05:00,10.65
6681,2016-12-11T13:25:00,10
6682,2016-12-11T13:45:00,9.35
6683,2016-12-11T14:05:00,7.74
6684,2016-12-11T14:25:00,6.45
6685,2016-12-11T14:45:00,5.81
6686,2016-12-11T15:05:00,5.81
6687,2016-12-11T15:25:00,5.81
6688,2016-12-11T15:45:00,6.13
6689,2016-12-11T16:05:00,6.45
6690,2016-12-11T16:25:00,6.45
6691,2016-12-11T16:45:00,6.45
6692,2016-12-11T17:05:00,6.13
6693,2016-12-11T17:25:00,6.13
6694,2016-12-11T17:45:00,6.13
6695,2016-12-11T18:05:00,6.45
6696,2016-12-11T18:25:00,6.45
6697,2016-12-11T18:45:00,6.45
6698,2016-12-11T19:05:00,6.45
6699,2016-12-11T19:25:00,5.81
6700,2016-12-11T19:45:00,6.13
6701,2016-12-11T20:05:00,6.13
6702,2016-12-11T20:45:00,5.81
6703,2016-12-11T21:05:00,5.81
6704,2016-12-11T21:25:00,4.84
6705,2016-12-11T21:45:00,4.52
6706,2016-12-11T22:05:00,4.52
6707,2016-12-11T22:25:00,3.87
6708,2016-12-11T22:45:00,3.55
6709,2016-12-11T23:05:00,3.23
6710,2016-12-11T23:25:00,3.23
6711,2016-12-11T23:45:00,2.9
6712,2016-12-12T00:10:00,2.58
6713,2016-12-12T00:30:00,2.58
6714,2016-12-12T00:50:00,2.58
6715,2016-12-12T01:30:00,2.26
6716,2016-12-12T01:50:00,2.26
6717,2016-12-12T02:10:00,2.58
6718,2016-12-12T02:30:00,2.58
6719,2016-12-12T02:50:00,2.26
6720,2016-12-12T03:10:00,2.26
6721,2016-12-12T03:30:00,1.94
6722,2016-12-12T03:50:00,2.26
6723,2016-12-12T04:10:00,2.26
6724,2016-12-12T04:30:00,2.58
6725,2016-12-12T04:50:00,2.58
6726,2016-12-12T05:10:00,2.58
6727,2016-12-12T05:30:00,2.9
6728,2016-12-12T05:50:00,2.58
6729,2016-12-12T06:10:00,2.58
6730,2016-12-12T06:30:00,2.58
6731,2016-12-12T06:50:00,2.58
6732,2016-12-12T07:10:00,2.26
6733,2016-12-12T07:30:00,1.94
6734,2016-12-12T07:50:00,1.94
6735,2016-12-12T08:10:00,1.94
6736,2016-12-12T08:30:00,3.87
6737,2016-12-12T08:50:00,5.16
6738,2016-12-12T09:10:00,2.58
6739,2016-12-12T09:30:00,2.9
6740,2016-12-12T09:50:00,2.58
6741,2016-12-12T10:15:00,2.9
6742,2016-12-12T10:35:00,2.58
6743,2016-12-12T10:55:00,2.58
6744,2016-12-12T11:15:00,2.26
6745,2016-12-12T11:35:00,2.26
6746,2016-12-12T11:55:00,2.26
6747,2016-12-12T12:15:00,2.26
6748,2016-12-12T12:35:00,2.26
6749,2016-12-12T12:55:00,2.26
6750,2016-12-12T13:15:00,2.58
6751,2016-12-12T13:35:00,2.26
6752,2016-12-12T13:55:00,2.58
6753,2016-12-12T14:15:00,2.58
6754,2016-12-12T14:35:00,2.58
6755,2016-12-12T14:55:00,2.58
6756,2016-12-12T15:15:00,2.58
6757,2016-12-12T15:35:00,2.9
6758,2016-12-12T15:55:00,2.58
6759,2016-12-12T16:15:00,2.58
6760,2016-12-12T16:35:00,2.58
6761,2016-12-12T16:55:00,2.58
6762,2016-12-12T17:15:00,2.58
6763,2016-12-12T17:35:00,2.26
6764,2016-12-12T17:55:00,2.58
6765,2016-12-12T18:15:00,2.58
6766,2016-12-12T18:35:00,2.58
6767,2016-12-12T18:55:00,2.58
6768,2016-12-12T19:15:00,2.9
6769,2016-12-12T19:35:00,2.58
6770,2016-12-12T19:55:00,2.9
6771,2016-12-12T20:15:00,2.9
6772,2016-12-12T20:35:00,2.58
6773,2016-12-12T20:55:00,2.58
6774,2016-12-12T21:20:00,2.58
6775,2016-12-12T21:40:00,2.58
6776,2016-12-12T22:00:00,2.58
6777,2016-12-12T22:20:00,2.58
6778,2016-12-12T22:40:00,2.58
6779,2016-12-12T23:00:00,2.58
6780,2016-12-12T23:20:00,2.26
6781,2016-12-12T23:40:00,2.58
6782,2016-12-13T00:00:00,2.26
6783,2016-12-13T00:20:00,2.58
6784,2016-12-13T00:40:00,2.58
6785,2016-12-13T01:00:00,2.58
6786,2016-12-13T01:20:00,2.58
6787,2016-12-13T01:40:00,2.58
6788,2016-12-13T02:00:00,2.9
6789,2016-12-13T02:20:00,2.9
6790,2016-12-13T02:40:00,2.9
6791,2016-12-13T03:00:00,2.9
6792,2016-12-13T03:20:00,2.58
6793,2016-12-13T03:40:00,2.9
6794,2016-12-13T04:00:00,2.9
6795,2016-12-13T04:20:00,2.9
6796,2016-12-13T04:40:00,2.9
6797,2016-12-13T05:00:00,3.23
6798,2016-12-13T05:20:00,3.55
6799,2016-12-13T05:40:00,3.55
6800,2016-12-13T06:00:00,3.55
6801,2016-12-13T06:20:00,3.87
6802,2016-12-13T06:40:00,3.87
6803,2016-12-13T07:00:00,3.87
6804,2016-12-13T07:20:00,3.87
6805,2016-12-13T07:40:00,4.19
6806,2016-12-13T08:00:00,4.52
6807,2016-12-13T08:25:00,4.52
6808,2016-12-13T08:45:00,4.84
6809,2016-12-13T09:05:00,4.84
6810,2016-12-13T09:25:00,5.16
6811,2016-12-13T09:45:00,5.48
6812,2016-12-13T10:05:00,5.81
6813,2016-12-13T10:25:00,6.13
6814,2016-12-13T10:45:00,6.13
6815,2016-12-13T11:05:00,6.13
6816,2016-12-13T11:45:00,9.03
6817,2016-12-13T12:05:00,7.1
6818,2016-12-13T12:25:00,6.77
6819,2016-12-13T12:45:00,6.77
6820,2016-12-13T13:05:00,6.77
6821,2016-12-13T13:25:00,6.77
6822,2016-12-13T13:45:00,6.45
6823,2016-12-13T14:05:00,6.45
6824,2016-12-13T14:25:00,6.13
6825,2016-12-13T14:45:00,6.13
6826,2016-12-13T15:05:00,6.13
6827,2016-12-13T15:25:00,5.81
6828,2016-12-13T15:45:00,5.81
6829,2016-12-13T16:05:00,5.16
6830,2016-12-13T16:25:00,5.16
6831,2016-12-13T16:45:00,4.84
6832,2016-12-13T17:05:00,4.84
6833,2016-12-13T17:25:00,4.84
6834,2016-12-13T17:45:00,4.52
6835,2016-12-13T18:05:00,4.84
6836,2016-12-13T18:25:00,4.52
6837,2016-12-13T18:45:00,4.52
6838,2016-12-13T19:05:00,4.52
6839,2016-12-13T19:25:00,4.52
6840,2016-12-13T19:50:00,4.52
6841,2016-12-13T20:10:00,4.19
6842,2016-12-13T20:30:00,4.19
6843,2016-12-13T20:50:00,4.52
6844,2016-12-13T21:10:00,4.52
6845,2016-12-13T21:30:00,4.52
6846,2016-12-13T21:50:00,4.52
6847,2016-12-13T22:10:00,4.52
6848,2016-12-13T22:30:00,4.52
6849,2016-12-13T22:50:00,4.52
6850,2016-12-13T23:10:00,4.52
6851,2016-12-13T23:30:00,4.52
6852,2016-12-13T23:50:00,4.52
6853,2016-12-14T00:10:00,4.52
6854,2016-12-14T00:30:00,4.52
6855,2016-12-14T00:50:00,4.52
6856,2016-12-14T01:10:00,4.84
6857,2016-12-14T01:30:00,4.84
6858,2016-12-14T01:50:00,3.87
6859,2016-12-14T02:10:00,3.87
6860,2016-12-14T02:30:00,3.23
6861,2016-12-14T02:50:00,2.9
6862,2016-12-14T03:10:00,2.9
6863,2016-12-14T03:30:00,2.58
6864,2016-12-14T03:50:00,2.58
6865,2016-12-14T04:10:00,2.9
6866,2016-12-14T04:30:00,2.9
6867,2016-12-14T04:50:00,2.9
6868,2016-12-14T05:10:00,2.9
6869,2016-12-14T05:30:00,2.58
6870,2016-12-14T05:50:00,2.58
6871,2016-12-14T06:10:00,2.26
6872,2016-12-14T06:30:00,1.94
6873,2016-12-14T06:50:00,1.29
6874,2016-12-14T07:15:00,1.61
6875,2016-12-14T07:35:00,1.29
6876,2016-12-14T07:55:00,0.97
6877,2016-12-14T08:15:00,1.94
6878,2016-12-14T08:35:00,6.77
6879,2016-12-14T08:55:00,9.68
6880,2016-12-14T09:15:00,12.9
6881,2016-12-14T09:35:00,16.45
6882,2016-12-14T09:55:00,16.45
6883,2016-12-14T10:15:00,17.1
6884,2016-12-14T10:35:00,15.81
6885,2016-12-14T10:55:00,12.9
6886,2016-12-14T11:15:00,10.97
6887,2016-12-14T11:35:00,10.65
6888,2016-12-14T11:55:00,13.23
6889,2016-12-14T12:15:00,10.65
6890,2016-12-14T12:35:00,9.03
6891,2016-12-14T12:55:00,10
6892,2016-12-14T13:15:00,10.65
6893,2016-12-14T13:35:00,8.39
6894,2016-12-14T13:55:00,6.77
6895,2016-12-14T14:15:00,4.19
6896,2016-12-14T14:35:00,3.23
6897,2016-12-14T14:55:00,2.9
6898,2016-12-14T15:15:00,2.58
6899,2016-12-14T15:35:00,2.58
6900,2016-12-14T15:55:00,2.26
6901,2016-12-14T16:15:00,2.58
6902,2016-12-14T16:35:00,2.26
6903,2016-12-14T16:55:00,1.94
6904,2016-12-14T17:15:00,1.61
6905,2016-12-14T17:35:00,0.97
6906,2016-12-14T17:55:00,1.29
6907,2016-12-14T18:15:00,0.65
6908,2016-12-14T18:40:00,0
6909,2016-12-14T19:00:00,-0.32
6910,2016-12-14T19:20:00,-0.32
6911,2016-12-14T19:40:00,-0.32
6912,2016-12-14T20:00:00,-0.65
6913,2016-12-14T20:20:00,-0.65
6914,2016-12-14T20:40:00,0
6915,2016-12-14T21:00:00,0.32
6916,2016-12-14T21:20:00,0.65
6917,2016-12-14T21:40:00,0.65
6918,2016-12-14T22:00:00,0.97
6919,2016-12-14T22:20:00,0.65
6920,2016-12-14T22:40:00,0.32
6921,2016-12-14T23:00:00,0.32
6922,2016-12-14T23:20:00,0.32
6923,2016-12-14T23:40:00,0.32
6924,2016-12-15T00:00:00,0.32
6925,2016-12-15T00:20:00,0
6926,2016-12-15T00:40:00,0
6927,2016-12-15T01:00:00,2.26
6928,2016-12-15T01:20:00,2.26
6929,2016-12-15T01:40:00,1.94
6930,2016-12-15T02:00:00,2.26
6931,2016-12-15T02:20:00,2.26
6932,2016-12-15T02:40:00,1.94
6933,2016-12-15T03:00:00,1.94
6934,2016-12-15T03:20:00,2.58
6935,2016-12-15T03:40:00,2.26
6936,2016-12-15T04:00:00,1.61
6937,2016-12-15T04:20:00,-0.65
6938,2016-12-15T04:40:00,-3.23
6939,2016-12-15T05:00:00,-2.58
6940,2016-12-15T05:20:00,-0.97
6941,2016-12-15T05:45:00,0
6942,2016-12-15T06:05:00,0.32
6943,2016-12-15T06:25:00,0.32
6944,2016-12-15T06:45:00,-0.32
6945,2016-12-15T07:05:00,-0.32
6946,2016-12-15T07:25:00,0
6947,2016-12-15T07:45:00,0
6948,2016-12-15T08:05:00,0
6949,2016-12-15T08:25:00,-0.32
6950,2016-12-15T08:45:00,-0.32
6951,2016-12-15T09:05:00,-0.32
6952,2016-12-15T09:25:00,-0.32
6953,2016-12-15T09:45:00,0
6954,2016-12-15T10:05:00,0.32
6955,2016-12-15T10:25:00,0
6956,2016-12-15T10:45:00,0.32
6957,2016-12-15T11:05:00,0
6958,2016-12-15T11:25:00,0.32
6959,2016-12-15T11:45:00,0.65
6960,2016-12-15T12:05:00,0.65
6961,2016-12-15T12:25:00,0.65
6962,2016-12-15T12:45:00,0.97
6963,2016-12-15T13:05:00,0.65
6964,2016-12-15T13:25:00,0.97
6965,2016-12-15T13:45:00,0.97
6966,2016-12-15T14:05:00,1.61
6967,2016-12-15T14:25:00,1.29
6968,2016-12-15T14:45:00,1.61
6969,2016-12-15T15:05:00,1.61
6970,2016-12-15T15:25:00,1.61
6971,2016-12-15T15:45:00,1.29
6972,2016-12-15T16:05:00,1.29
6973,2016-12-15T16:25:00,1.29
6974,2016-12-15T16:45:00,1.61
6975,2016-12-15T17:10:00,1.61
6976,2016-12-15T17:30:00,1.61
6977,2016-12-15T17:50:00,1.61
6978,2016-12-15T18:10:00,1.61
6979,2016-12-15T18:30:00,1.61
6980,2016-12-15T18:50:00,1.29
6981,2016-12-15T19:10:00,1.29
6982,2016-12-15T19:30:00,1.61
6983,2016-12-15T19:50:00,1.29
6984,2016-12-15T20:10:00,1.29
6985,2016-12-15T20:30:00,1.29
6986,2016-12-15T20:50:00,1.29
6987,2016-12-15T21:10:00,1.29
6988,2016-12-15T21:30:00,1.29
6989,2016-12-15T21:50:00,1.29
6990,2016-12-15T22:10:00,1.29
6991,2016-12-15T22:30:00,1.29
6992,2016-12-15T22:50:00,1.29
6993,2016-12-15T23:10:00,1.29
6994,2016-12-15T23:30:00,1.29
6995,2016-12-15T23:50:00,1.29
6996,2016-12-16T00:10:00,1.29
6997,2016-12-16T00:30:00,1.29
6998,2016-12-16T00:50:00,1.29
6999,2016-12-16T01:10:00,1.29
7000,2016-12-16T01:30:00,1.29
7001,2016-12-16T01:50:00,1.29
7002,2016-12-16T02:10:00,0.97
7003,2016-12-16T02:30:00,0.97
7004,2016-12-16T02:50:00,0.97
7005,2016-12-16T03:10:00,0.97
7006,2016-12-16T03:30:00,0.97
7007,2016-12-16T03:50:00,0.97
7008,2016-12-16T04:10:00,0.97
7009,2016-12-16T04:55:00,0.97
7010,2016-12-16T05:15:00,0.97
7011,2016-12-16T05:35:00,0.97
7012,2016-12-16T05:55:00,0.97
7013,2016-12-16T06:15:00,0.97
7014,2016-12-16T06:35:00,0.97
7015,2016-12-16T06:55:00,0.97
7016,2016-12-16T07:15:00,0.97
7017,2016-12-16T07:35:00,0.97
7018,2016-12-16T07:55:00,0.97
7019,2016-12-16T08:15:00,0.97
7020,2016-12-16T08:35:00,1.29
7021,2016-12-16T08:55:00,1.29
7022,2016-12-16T09:15:00,1.61
7023,2016-12-16T09:35:00,1.61
7024,2016-12-16T09:55:00,1.61
7025,2016-12-16T10:15:00,1.61
7026,2016-12-16T10:35:00,1.61
7027,2016-12-16T10:55:00,1.61
7028,2016-12-16T11:15:00,1.29
7029,2016-12-16T11:35:00,1.61
7030,2016-12-16T11:55:00,1.29
7031,2016-12-16T12:15:00,1.29
7032,2016-12-16T12:35:00,1.61
7033,2016-12-16T12:55:00,1.61
7034,2016-12-16T13:15:00,1.61
7035,2016-12-16T13:35:00,1.61
7036,2016-12-16T13:55:00,1.61
7037,2016-12-16T14:15:00,1.29
7038,2016-12-16T14:35:00,1.29
7039,2016-12-16T14:55:00,1.29
7040,2016-12-16T15:15:00,1.29
7041,2016-12-16T15:35:00,1.61
7042,2016-12-16T16:00:00,1.29
7043,2016-12-16T16:20:00,1.29
7044,2016-12-16T16:40:00,1.61
7045,2016-12-16T17:00:00,1.61
7046,2016-12-16T17:20:00,1.29
7047,2016-12-16T17:40:00,1.29
7048,2016-12-16T18:00:00,1.29
7049,2016-12-16T18:20:00,1.29
7050,2016-12-16T18:40:00,1.29
7051,2016-12-16T19:00:00,1.29
7052,2016-12-16T19:20:00,0.97
7053,2016-12-16T19:40:00,0.97
7054,2016-12-16T20:00:00,0.97
7055,2016-12-16T20:20:00,0.97
7056,2016-12-16T20:40:00,0.65
7057,2016-12-16T21:00:00,0.65
7058,2016-12-16T21:20:00,0.65
7059,2016-12-16T21:40:00,0.65
7060,2016-12-16T22:00:00,0.97
7061,2016-12-16T22:20:00,0.65
7062,2016-12-16T22:40:00,0.65
7063,2016-12-16T23:00:00,0.32
7064,2016-12-16T23:20:00,0.32
7065,2016-12-16T23:40:00,0.32
7066,2016-12-17T00:00:00,0
7067,2016-12-17T00:20:00,0.32
7068,2016-12-17T00:40:00,0
7069,2016-12-17T01:00:00,0
7070,2016-12-17T01:20:00,0
7071,2016-12-17T01:40:00,0
7072,2016-12-17T02:00:00,0
7073,2016-12-17T02:20:00,0
7074,2016-12-17T02:40:00,0.32
7075,2016-12-17T03:05:00,0.32
7076,2016-12-17T03:25:00,0.32
7077,2016-12-17T03:45:00,0.32
7078,2016-12-17T04:05:00,0.32
7079,2016-12-17T04:25:00,0.32
7080,2016-12-17T04:45:00,0.32
7081,2016-12-17T05:05:00,0.32
7082,2016-12-17T05:25:00,0.32
7083,2016-12-17T05:45:00,0.65
7084,2016-12-17T06:05:00,0.65
7085,2016-12-17T06:25:00,0.97
7086,2016-12-17T06:45:00,0.97
7087,2016-12-17T07:05:00,0.97
7088,2016-12-17T07:25:00,0.97
7089,2016-12-17T07:45:00,0.97
7090,2016-12-17T08:05:00,1.29
7091,2016-12-17T08:25:00,1.29
7092,2016-12-17T08:45:00,1.29
7093,2016-12-17T09:05:00,1.61
7094,2016-12-17T09:25:00,1.94
7095,2016-12-17T09:45:00,2.26
7096,2016-12-17T10:05:00,2.26
7097,2016-12-17T10:25:00,2.58
7098,2016-12-17T10:45:00,2.9
7099,2016-12-17T11:05:00,3.23
7100,2016-12-17T11:25:00,3.87
7101,2016-12-17T11:45:00,3.87
7102,2016-12-17T12:05:00,4.19
7103,2016-12-17T12:25:00,4.19
7104,2016-12-17T12:45:00,4.19
7105,2016-12-17T13:05:00,4.19
7106,2016-12-17T13:25:00,4.19
7107,2016-12-17T13:45:00,4.52
7108,2016-12-17T14:05:00,4.52
7109,2016-12-17T14:30:00,4.52
7110,2016-12-17T14:50:00,4.52
7111,2016-12-17T15:10:00,4.84
7112,2016-12-17T15:30:00,4.52
7113,2016-12-17T15:50:00,4.84
7114,2016-12-17T16:10:00,5.16
7115,2016-12-17T16:30:00,5.16
7116,2016-12-17T16:50:00,4.84
7117,2016-12-17T17:10:00,4.84
7118,2016-12-17T17:30:00,4.84
7119,2016-12-17T17:50:00,4.84
7120,2016-12-17T18:10:00,4.84
7121,2016-12-17T18:30:00,4.84
7122,2016-12-17T18:50:00,4.84
7123,2016-12-17T19:10:00,5.16
7124,2016-12-17T19:30:00,5.48
7125,2016-12-17T19:50:00,5.48
7126,2016-12-17T20:10:00,5.48
7127,2016-12-17T20:30:00,5.81
7128,2016-12-17T20:50:00,5.81
7129,2016-12-17T21:10:00,5.81
7130,2016-12-17T21:30:00,5.81
7131,2016-12-17T21:50:00,6.13
7132,2016-12-17T22:10:00,6.13
7133,2016-12-17T22:30:00,5.81
7134,2016-12-17T22:50:00,5.48
7135,2016-12-17T23:10:00,5.48
7136,2016-12-17T23:30:00,5.48
7137,2016-12-17T23:50:00,5.16
7138,2016-12-18T00:10:00,4.84
7139,2016-12-18T00:30:00,4.84
7140,2016-12-18T00:50:00,4.84
7141,2016-12-18T01:10:00,5.16
7142,2016-12-18T01:30:00,5.16
7143,2016-12-18T01:55:00,5.16
7144,2016-12-18T02:15:00,5.81
7145,2016-12-18T02:35:00,5.81
7146,2016-12-18T02:55:00,6.13
7147,2016-12-18T03:15:00,6.45
7148,2016-12-18T03:35:00,6.13
7149,2016-12-18T03:55:00,6.13
7150,2016-12-18T04:15:00,6.13
7151,2016-12-18T04:35:00,6.13
7152,2016-12-18T04:55:00,5.81
7153,2016-12-18T05:15:00,5.81
7154,2016-12-18T05:35:00,5.81
7155,2016-12-18T05:55:00,5.48
7156,2016-12-18T06:15:00,5.48
7157,2016-12-18T06:35:00,5.48
7158,2016-12-18T06:55:00,5.16
7159,2016-12-18T07:15:00,5.16
7160,2016-12-18T07:35:00,4.84
7161,2016-12-18T07:55:00,4.84
7162,2016-12-18T08:15:00,4.84
7163,2016-12-18T08:35:00,4.84
7164,2016-12-18T08:55:00,4.84
7165,2016-12-18T09:15:00,4.84
7166,2016-12-18T09:35:00,4.52
7167,2016-12-18T09:55:00,3.87
7168,2016-12-18T10:15:00,4.84
7169,2016-12-18T10:35:00,4.84
7170,2016-12-18T10:55:00,4.52
7171,2016-12-18T11:15:00,4.52
7172,2016-12-18T11:35:00,4.52
7173,2016-12-18T11:55:00,3.87
7174,2016-12-18T12:15:00,4.19
7175,2016-12-18T12:35:00,3.55
7176,2016-12-18T12:55:00,3.87
7177,2016-12-18T13:20:00,3.87
7178,2016-12-18T13:40:00,4.19
7179,2016-12-18T14:00:00,3.55
7180,2016-12-18T14:20:00,3.23
7181,2016-12-18T14:40:00,2.9
7182,2016-12-18T15:00:00,2.9
7183,2016-12-18T15:20:00,2.58
7184,2016-12-18T15:40:00,2.58
7185,2016-12-18T16:00:00,2.58
7186,2016-12-18T16:20:00,2.26
7187,2016-12-18T16:40:00,2.26
7188,2016-12-18T17:00:00,1.94
7189,2016-12-18T17:20:00,1.94
7190,2016-12-18T17:40:00,1.61
7191,2016-12-18T18:00:00,1.61
7192,2016-12-18T18:20:00,1.61
7193,2016-12-18T18:40:00,1.94
7194,2016-12-18T19:00:00,1.94
7195,2016-12-18T19:20:00,1.61
7196,2016-12-18T19:40:00,1.61
7197,2016-12-18T20:00:00,1.61
7198,2016-12-18T20:20:00,1.61
7199,2016-12-18T20:40:00,1.94
7200,2016-12-18T21:00:00,1.94
7201,2016-12-18T21:20:00,1.94
7202,2016-12-18T21:40:00,2.26
7203,2016-12-18T22:00:00,2.58
7204,2016-12-18T22:20:00,2.9
7205,2016-12-18T22:40:00,2.9
7206,2016-12-18T23:00:00,2.9
7207,2016-12-18T23:20:00,3.23
7208,2016-12-18T23:40:00,3.23
7209,2016-12-19T00:00:00,3.23
7210,2016-12-19T00:20:00,3.23
7211,2016-12-19T00:45:00,3.23
7212,2016-12-19T01:05:00,3.23
7213,2016-12-19T01:25:00,3.23
7214,2016-12-19T01:45:00,3.23
7215,2016-12-19T02:05:00,3.55
7216,2016-12-19T02:25:00,3.23
7217,2016-12-19T02:45:00,3.55
7218,2016-12-19T03:05:00,3.23
7219,2016-12-19T03:25:00,3.55
7220,2016-12-19T03:45:00,3.87
7221,2016-12-19T04:05:00,3.87
7222,2016-12-19T04:25:00,4.19
7223,2016-12-19T04:45:00,4.19
7224,2016-12-19T05:05:00,4.19
7225,2016-12-19T05:25:00,4.19
7226,2016-12-19T05:45:00,4.19
7227,2016-12-19T06:05:00,4.52
7228,2016-12-19T06:25:00,4.52
7229,2016-12-19T06:45:00,4.52
7230,2016-12-19T07:25:00,3.87
7231,2016-12-19T07:45:00,4.52
7232,2016-12-19T08:05:00,4.52
7233,2016-12-19T08:25:00,5.16
7234,2016-12-19T08:45:00,5.16
7235,2016-12-19T09:05:00,6.13
7236,2016-12-19T09:25:00,7.1
7237,2016-12-19T09:45:00,9.68
7238,2016-12-19T10:05:00,9.03
7239,2016-12-19T10:25:00,6.45
7240,2016-12-19T10:45:00,5.48
7241,2016-12-19T11:05:00,5.48
7242,2016-12-19T11:25:00,5.48
7243,2016-12-19T11:50:00,6.13
7244,2016-12-19T12:10:00,5.81
7245,2016-12-19T12:30:00,5.81
7246,2016-12-19T13:10:00,5.81
7247,2016-12-19T13:30:00,5.81
7248,2016-12-19T13:50:00,5.81
7249,2016-12-19T14:10:00,5.81
7250,2016-12-19T14:30:00,5.48
7251,2016-12-19T14:50:00,5.48
7252,2016-12-19T15:10:00,5.48
7253,2016-12-19T15:30:00,5.48
7254,2016-12-19T15:50:00,5.16
7255,2016-12-19T16:10:00,5.16
7256,2016-12-19T16:50:00,5.48
7257,2016-12-19T17:10:00,5.48
7258,2016-12-19T17:30:00,5.48
7259,2016-12-19T17:50:00,5.48
7260,2016-12-19T18:10:00,5.48
7261,2016-12-19T18:30:00,5.16
7262,2016-12-19T18:50:00,5.16
7263,2016-12-19T19:10:00,5.16
7264,2016-12-19T19:30:00,5.16
7265,2016-12-19T20:10:00,4.84
7266,2016-12-19T20:30:00,4.84
7267,2016-12-19T20:50:00,4.84
7268,2016-12-19T21:10:00,4.52
7269,2016-12-19T21:30:00,4.52
7270,2016-12-19T21:50:00,4.52
7271,2016-12-19T22:10:00,4.52
7272,2016-12-19T22:30:00,4.52
7273,2016-12-19T22:50:00,4.52
7274,2016-12-19T23:55:00,4.19
7275,2016-12-20T00:15:00,4.19
7276,2016-12-20T00:35:00,4.19
7277,2016-12-20T00:55:00,4.19
7278,2016-12-20T01:15:00,3.87
7279,2016-12-20T01:35:00,3.87
7280,2016-12-20T01:55:00,3.87
7281,2016-12-20T02:15:00,3.87
7282,2016-12-20T02:55:00,3.87
7283,2016-12-20T03:15:00,3.87
7284,2016-12-20T03:35:00,3.87
7285,2016-12-20T03:55:00,3.87
7286,2016-12-20T04:15:00,3.87
7287,2016-12-20T04:35:00,3.55
7288,2016-12-20T04:55:00,3.55
7289,2016-12-20T05:15:00,3.55
7290,2016-12-20T05:35:00,3.23
7291,2016-12-20T06:35:00,2.9
7292,2016-12-20T06:55:00,2.9
7293,2016-12-20T07:15:00,2.58
7294,2016-12-20T07:35:00,2.58
7295,2016-12-20T07:55:00,2.58
7296,2016-12-20T08:15:00,2.58
7297,2016-12-20T08:35:00,2.58
7298,2016-12-20T08:55:00,2.58
7299,2016-12-20T09:15:00,2.9
7300,2016-12-20T09:55:00,2.58
7301,2016-12-20T10:15:00,2.58
7302,2016-12-20T10:40:00,2.58
7303,2016-12-20T11:00:00,2.58
7304,2016-12-20T11:20:00,2.58
7305,2016-12-20T11:40:00,2.58
7306,2016-12-20T12:00:00,2.26
7307,2016-12-20T12:20:00,2.26
7308,2016-12-20T12:40:00,2.26
7309,2016-12-20T13:00:00,2.26
7310,2016-12-20T13:20:00,1.94
7311,2016-12-20T13:40:00,1.94
7312,2016-12-20T14:00:00,1.94
7313,2016-12-20T14:20:00,1.94
7314,2016-12-20T14:40:00,1.94
7315,2016-12-20T15:00:00,1.94
7316,2016-12-20T15:20:00,1.94
7317,2016-12-20T15:40:00,1.61
7318,2016-12-20T16:00:00,1.94
7319,2016-12-20T16:20:00,1.94
7320,2016-12-20T16:40:00,1.61
7321,2016-12-20T17:00:00,2.26
7322,2016-12-20T17:20:00,1.94
7323,2016-12-20T17:40:00,1.94
7324,2016-12-20T18:00:00,1.94
7325,2016-12-20T18:20:00,1.94
7326,2016-12-20T18:40:00,1.94
7327,2016-12-20T19:00:00,1.94
7328,2016-12-20T19:20:00,1.94
7329,2016-12-20T19:40:00,1.94
7330,2016-12-20T20:00:00,1.94
7331,2016-12-20T20:20:00,1.61
7332,2016-12-20T20:40:00,1.61
7333,2016-12-20T21:00:00,1.61
7334,2016-12-20T21:20:00,1.29
7335,2016-12-20T21:40:00,1.61
7336,2016-12-20T22:05:00,1.61
7337,2016-12-20T22:25:00,1.61
7338,2016-12-20T22:45:00,1.61
7339,2016-12-20T23:05:00,0.97
7340,2016-12-20T23:25:00,0.97
7341,2016-12-20T23:45:00,0.65
7342,2016-12-21T00:05:00,0.97
7343,2016-12-21T00:25:00,0.97
7344,2016-12-21T00:45:00,0.97
7345,2016-12-21T01:05:00,0.97
7346,2016-12-21T01:25:00,0.97
7347,2016-12-21T01:45:00,0.97
7348,2016-12-21T02:05:00,0.97
7349,2016-12-21T02:25:00,0.97
7350,2016-12-21T02:45:00,0.65
7351,2016-12-21T03:05:00,0.32
7352,2016-12-21T03:25:00,0
7353,2016-12-21T03:45:00,0
7354,2016-12-21T04:05:00,-0.32
7355,2016-12-21T04:25:00,-0.32
7356,2016-12-21T04:45:00,-0.32
7357,2016-12-21T05:05:00,-0.32
7358,2016-12-21T05:25:00,-0.65
7359,2016-12-21T05:45:00,-0.32
7360,2016-12-21T06:05:00,-0.65
7361,2016-12-21T06:25:00,-0.32
7362,2016-12-21T06:45:00,0.32
7363,2016-12-21T07:05:00,0.32
7364,2016-12-21T07:25:00,0.65
7365,2016-12-21T07:45:00,0.65
7366,2016-12-21T08:05:00,0.97
7367,2016-12-21T08:25:00,0.97
7368,2016-12-21T08:45:00,1.29
7369,2016-12-21T09:10:00,0.97
7370,2016-12-21T09:30:00,1.61
7371,2016-12-21T09:50:00,1.94
7372,2016-12-21T10:10:00,1.94
7373,2016-12-21T10:30:00,2.26
7374,2016-12-21T10:50:00,2.58
7375,2016-12-21T11:10:00,2.58
7376,2016-12-21T11:30:00,2.9
7377,2016-12-21T11:50:00,3.23
7378,2016-12-21T12:10:00,3.55
7379,2016-12-21T12:30:00,3.55
7380,2016-12-21T12:50:00,3.87
7381,2016-12-21T13:10:00,3.87
7382,2016-12-21T13:30:00,3.87
7383,2016-12-21T13:50:00,3.55
7384,2016-12-21T14:10:00,3.55
7385,2016-12-21T14:30:00,3.55
7386,2016-12-21T14:50:00,3.23
7387,2016-12-21T15:10:00,3.55
7388,2016-12-21T15:30:00,3.87
7389,2016-12-21T15:50:00,4.19
7390,2016-12-21T16:10:00,4.52
7391,2016-12-21T16:30:00,5.16
7392,2016-12-21T16:50:00,5.16
7393,2016-12-21T17:10:00,5.16
7394,2016-12-21T17:30:00,5.81
7395,2016-12-21T17:50:00,5.81
7396,2016-12-21T18:10:00,6.13
7397,2016-12-21T18:30:00,6.13
7398,2016-12-21T18:50:00,6.45
7399,2016-12-21T19:10:00,6.45
7400,2016-12-21T19:30:00,6.45
7401,2016-12-21T19:50:00,6.45
7402,2016-12-21T20:10:00,6.45
7403,2016-12-21T20:35:00,6.45
7404,2016-12-21T20:55:00,6.77
7405,2016-12-21T21:15:00,6.77
7406,2016-12-21T21:35:00,6.77
7407,2016-12-21T21:55:00,6.77
7408,2016-12-21T22:15:00,6.45
7409,2016-12-21T22:35:00,6.45
7410,2016-12-21T22:55:00,6.45
7411,2016-12-21T23:15:00,6.45
7412,2016-12-21T23:35:00,6.45
7413,2016-12-21T23:55:00,6.13
7414,2016-12-22T00:15:00,6.13
7415,2016-12-22T00:35:00,5.48
7416,2016-12-22T00:55:00,5.48
7417,2016-12-22T01:15:00,5.48
7418,2016-12-22T01:35:00,5.48
7419,2016-12-22T01:55:00,5.81
7420,2016-12-22T02:15:00,5.48
7421,2016-12-22T02:35:00,5.81
7422,2016-12-22T02:55:00,5.81
7423,2016-12-22T03:15:00,6.13
7424,2016-12-22T03:35:00,5.81
7425,2016-12-22T03:55:00,5.81
7426,2016-12-22T04:15:00,5.48
7427,2016-12-22T04:35:00,5.81
7428,2016-12-22T04:55:00,5.48
7429,2016-12-22T05:15:00,5.48
7430,2016-12-22T05:35:00,5.16
7431,2016-12-22T05:55:00,5.16
7432,2016-12-22T06:15:00,5.16
7433,2016-12-22T06:35:00,5.16
7434,2016-12-22T06:55:00,5.16
7435,2016-12-22T07:15:00,4.84
7436,2016-12-22T07:35:00,4.52
7437,2016-12-22T08:00:00,4.52
7438,2016-12-22T08:20:00,4.52
7439,2016-12-22T08:40:00,5.16
7440,2016-12-22T09:00:00,7.42
7441,2016-12-22T09:20:00,8.71
7442,2016-12-22T09:40:00,9.03
7443,2016-12-22T10:00:00,9.03
7444,2016-12-22T10:20:00,9.35
7445,2016-12-22T10:40:00,9.35
7446,2016-12-22T11:00:00,8.39
7447,2016-12-22T11:20:00,7.1
7448,2016-12-22T11:40:00,8.71
7449,2016-12-22T12:00:00,8.71
7450,2016-12-22T12:20:00,8.71
7451,2016-12-22T12:40:00,8.71
7452,2016-12-22T13:00:00,9.03
7453,2016-12-22T13:20:00,8.39
7454,2016-12-22T13:40:00,6.77
7455,2016-12-22T14:00:00,6.77
7456,2016-12-22T14:20:00,5.48
7457,2016-12-22T14:40:00,5.48
7458,2016-12-22T15:00:00,5.16
7459,2016-12-22T15:20:00,5.16
7460,2016-12-22T15:40:00,5.16
7461,2016-12-22T16:00:00,5.16
7462,2016-12-22T16:20:00,5.16
7463,2016-12-22T16:40:00,5.16
7464,2016-12-22T17:00:00,4.84
7465,2016-12-22T17:20:00,4.84
7466,2016-12-22T17:40:00,5.16
7467,2016-12-22T18:00:00,5.16
7468,2016-12-22T18:20:00,4.84
7469,2016-12-22T18:40:00,5.16
7470,2016-12-22T19:00:00,5.16
7471,2016-12-22T19:25:00,5.16
7472,2016-12-22T19:45:00,5.16
7473,2016-12-22T20:05:00,5.16
7474,2016-12-22T20:25:00,5.16
7475,2016-12-22T20:45:00,4.84
7476,2016-12-22T21:05:00,4.84
7477,2016-12-22T21:25:00,4.84
7478,2016-12-22T21:45:00,4.84
7479,2016-12-22T22:05:00,5.16
7480,2016-12-22T22:25:00,5.16
7481,2016-12-22T22:45:00,5.16
7482,2016-12-22T23:05:00,4.52
7483,2016-12-22T23:25:00,4.84
7484,2016-12-22T23:45:00,5.16
7485,2016-12-23T00:05:00,4.84
7486,2016-12-23T00:25:00,3.87
7487,2016-12-23T00:45:00,3.23
7488,2016-12-23T01:05:00,3.23
7489,2016-12-23T01:25:00,4.52
7490,2016-12-23T01:45:00,4.84
7491,2016-12-23T02:05:00,4.19
7492,2016-12-23T02:25:00,5.16
7493,2016-12-23T02:45:00,4.19
7494,2016-12-23T03:05:00,4.19
7495,2016-12-23T03:25:00,3.87
7496,2016-12-23T03:45:00,3.87
7497,2016-12-23T04:05:00,4.19
7498,2016-12-23T04:25:00,3.87
7499,2016-12-23T04:45:00,3.87
7500,2016-12-23T05:05:00,3.55
7501,2016-12-23T05:25:00,3.23
7502,2016-12-23T05:45:00,3.23
7503,2016-12-23T06:05:00,2.9
7504,2016-12-23T06:25:00,2.9
7505,2016-12-23T06:50:00,2.58
7506,2016-12-23T07:10:00,2.9
7507,2016-12-23T07:30:00,2.9
7508,2016-12-23T07:50:00,2.26
7509,2016-12-23T08:10:00,2.9
7510,2016-12-23T08:30:00,3.87
7511,2016-12-23T08:50:00,5.16
7512,2016-12-23T09:10:00,7.74
7513,2016-12-23T09:30:00,6.13
7514,2016-12-23T09:50:00,9.03
7515,2016-12-23T10:10:00,9.35
7516,2016-12-23T10:30:00,9.35
7517,2016-12-23T10:50:00,9.03
7518,2016-12-23T11:10:00,9.03
7519,2016-12-23T11:30:00,7.42
7520,2016-12-23T11:50:00,6.13
7521,2016-12-23T12:10:00,5.81
7522,2016-12-23T12:30:00,5.81
7523,2016-12-23T12:50:00,5.48
7524,2016-12-23T13:10:00,5.81
7525,2016-12-23T13:30:00,6.13
7526,2016-12-23T13:50:00,6.13
7527,2016-12-23T14:10:00,5.81
7528,2016-12-23T14:30:00,5.48
7529,2016-12-23T14:50:00,5.48
7530,2016-12-23T15:10:00,6.13
7531,2016-12-23T15:30:00,6.13
7532,2016-12-23T15:50:00,6.13
7533,2016-12-23T16:10:00,5.81
7534,2016-12-23T16:30:00,5.81
7535,2016-12-23T16:50:00,5.81
7536,2016-12-23T17:10:00,5.48
7537,2016-12-23T17:30:00,5.48
7538,2016-12-23T17:55:00,5.48
7539,2016-12-23T18:15:00,5.48
7540,2016-12-23T18:35:00,5.16
7541,2016-12-23T18:55:00,4.84
7542,2016-12-23T19:15:00,4.84
7543,2016-12-23T19:35:00,5.16
7544,2016-12-23T19:55:00,5.81
7545,2016-12-23T20:15:00,6.13
7546,2016-12-23T20:35:00,6.13
7547,2016-12-23T20:55:00,6.13
7548,2016-12-23T21:15:00,6.45
7549,2016-12-23T21:35:00,6.45
7550,2016-12-23T21:55:00,5.48
7551,2016-12-23T22:15:00,4.84
7552,2016-12-23T22:35:00,4.52
7553,2016-12-23T22:55:00,4.84
7554,2016-12-23T23:15:00,4.84
7555,2016-12-23T23:35:00,4.84
7556,2016-12-23T23:55:00,4.84
7557,2016-12-24T00:15:00,5.16
7558,2016-12-24T00:35:00,5.16
7559,2016-12-24T00:55:00,6.45
7560,2016-12-24T01:15:00,6.13
7561,2016-12-24T01:35:00,6.77
7562,2016-12-24T01:55:00,6.77
7563,2016-12-24T02:15:00,6.77
7564,2016-12-24T02:35:00,6.45
7565,2016-12-24T02:55:00,6.45
7566,2016-12-24T03:15:00,6.13
7567,2016-12-24T03:35:00,6.13
7568,2016-12-24T03:55:00,6.13
7569,2016-12-24T04:15:00,5.81
7570,2016-12-24T04:35:00,5.81
7571,2016-12-24T04:55:00,5.81
7572,2016-12-24T05:20:00,5.48
7573,2016-12-24T05:40:00,5.48
7574,2016-12-24T06:00:00,5.16
7575,2016-12-24T06:20:00,5.16
7576,2016-12-24T06:40:00,5.16
7577,2016-12-24T07:00:00,5.16
7578,2016-12-24T07:20:00,4.84
7579,2016-12-24T07:40:00,4.52
7580,2016-12-24T08:00:00,4.52
7581,2016-12-24T08:20:00,4.84
7582,2016-12-24T08:40:00,5.48
7583,2016-12-24T09:00:00,6.13
7584,2016-12-24T09:20:00,7.1
7585,2016-12-24T09:40:00,6.77
7586,2016-12-24T10:00:00,6.45
7587,2016-12-24T10:20:00,4.84
7588,2016-12-24T10:40:00,3.23
7589,2016-12-24T11:00:00,3.87
7590,2016-12-24T11:20:00,3.87
7591,2016-12-24T11:40:00,6.13
7592,2016-12-24T12:00:00,5.81
7593,2016-12-24T12:20:00,5.16
7594,2016-12-24T12:40:00,5.81
7595,2016-12-24T13:00:00,6.77
7596,2016-12-24T13:20:00,7.1
7597,2016-12-24T13:40:00,6.13
7598,2016-12-24T14:00:00,5.48
7599,2016-12-24T14:20:00,5.48
7600,2016-12-24T14:40:00,4.52
7601,2016-12-24T15:00:00,2.26
7602,2016-12-24T15:40:00,2.26
7603,2016-12-24T16:00:00,2.26
7604,2016-12-24T16:20:00,2.58
7605,2016-12-24T16:45:00,2.9
7606,2016-12-24T17:05:00,2.9
7607,2016-12-24T17:25:00,3.55
7608,2016-12-24T17:45:00,3.87
7609,2016-12-24T18:05:00,2.9
7610,2016-12-24T18:25:00,1.61
7611,2016-12-24T18:45:00,1.29
7612,2016-12-24T19:05:00,1.29
7613,2016-12-24T19:25:00,0.97
7614,2016-12-24T19:45:00,0.97
7615,2016-12-24T20:05:00,1.29
7616,2016-12-24T20:25:00,1.29
7617,2016-12-24T20:45:00,1.29
7618,2016-12-24T21:05:00,1.61
7619,2016-12-24T21:25:00,1.94
7620,2016-12-24T21:45:00,1.94
7621,2016-12-24T22:05:00,1.94
7622,2016-12-24T22:25:00,1.61
7623,2016-12-24T22:45:00,1.61
7624,2016-12-24T23:05:00,1.61
7625,2016-12-24T23:25:00,1.61
7626,2016-12-24T23:45:00,1.94
7627,2016-12-25T00:05:00,1.94
7628,2016-12-25T00:25:00,1.94
7629,2016-12-25T00:45:00,2.26
7630,2016-12-25T01:05:00,2.26
7631,2016-12-25T01:25:00,2.58
7632,2016-12-25T01:45:00,2.26
7633,2016-12-25T02:05:00,1.94
7634,2016-12-25T02:25:00,1.94
7635,2016-12-25T02:45:00,2.26
7636,2016-12-25T03:05:00,1.94
7637,2016-12-25T03:25:00,1.94
7638,2016-12-25T03:45:00,1.94
7639,2016-12-25T04:10:00,1.94
7640,2016-12-25T04:30:00,2.58
7641,2016-12-25T04:50:00,2.9
7642,2016-12-25T05:10:00,3.23
7643,2016-12-25T05:30:00,3.55
7644,2016-12-25T05:50:00,3.55
7645,2016-12-25T06:10:00,3.55
7646,2016-12-25T06:30:00,3.87
7647,2016-12-25T06:50:00,4.52
7648,2016-12-25T07:10:00,4.52
7649,2016-12-25T07:30:00,4.19
7650,2016-12-25T07:50:00,4.52
7651,2016-12-25T08:10:00,4.84
7652,2016-12-25T08:30:00,4.84
7653,2016-12-25T08:50:00,4.84
7654,2016-12-25T09:10:00,5.16
7655,2016-12-25T09:30:00,5.81
7656,2016-12-25T09:50:00,5.81
7657,2016-12-25T10:10:00,6.13
7658,2016-12-25T10:30:00,6.45
7659,2016-12-25T10:50:00,6.77
7660,2016-12-25T11:10:00,7.1
7661,2016-12-25T11:30:00,7.74
7662,2016-12-25T11:50:00,8.06
7663,2016-12-25T12:10:00,8.39
7664,2016-12-25T12:30:00,8.39
7665,2016-12-25T12:50:00,8.71
7666,2016-12-25T13:10:00,8.71
7667,2016-12-25T13:30:00,8.71
7668,2016-12-25T13:50:00,8.71
7669,2016-12-25T14:10:00,9.03
7670,2016-12-25T14:30:00,9.35
7671,2016-12-25T14:50:00,9.35
7672,2016-12-25T15:15:00,9.35
7673,2016-12-25T15:35:00,9.35
7674,2016-12-25T15:55:00,9.35
7675,2016-12-25T16:15:00,9.35
7676,2016-12-25T16:35:00,9.35
7677,2016-12-25T16:55:00,9.68
7678,2016-12-25T17:15:00,9.68
7679,2016-12-25T17:35:00,9.68
7680,2016-12-25T17:55:00,9.68
7681,2016-12-25T18:15:00,9.68
7682,2016-12-25T18:35:00,9.68
7683,2016-12-25T18:55:00,9.68
7684,2016-12-25T19:15:00,9.35
7685,2016-12-25T19:35:00,9.68
7686,2016-12-25T19:55:00,9.68
7687,2016-12-25T20:15:00,10
7688,2016-12-25T20:35:00,10
7689,2016-12-25T20:55:00,10
7690,2016-12-25T21:15:00,10.32
7691,2016-12-25T21:35:00,10.32
7692,2016-12-25T21:55:00,10
7693,2016-12-25T22:15:00,10
7694,2016-12-25T22:35:00,9.68
7695,2016-12-25T22:55:00,9.68
7696,2016-12-25T23:15:00,9.68
7697,2016-12-25T23:35:00,9.03
7698,2016-12-25T23:55:00,8.71
7699,2016-12-26T00:15:00,8.71
7700,2016-12-26T00:35:00,8.39
7701,2016-12-26T00:55:00,9.03
7702,2016-12-26T01:15:00,9.03
7703,2016-12-26T01:35:00,8.71
7704,2016-12-26T01:55:00,8.71
7705,2016-12-26T02:15:00,8.71
7706,2017-01-04T08:00:00,2.26
7707,2017-01-04T08:20:00,1.94
7708,2017-01-04T08:40:00,1.61
7709,2017-01-04T09:00:00,1.29
7710,2017-01-04T09:20:00,1.29
7711,2017-01-04T09:40:00,1.29
7712,2017-01-04T10:00:00,1.61
7713,2017-01-04T10:20:00,1.61
7714,2017-01-04T10:40:00,1.61
7715,2017-01-04T11:00:00,1.61
7716,2017-01-04T11:20:00,2.58
7717,2017-01-04T11:40:00,1.94
7718,2017-01-04T12:00:00,3.23
7719,2017-01-04T12:20:00,7.1
7720,2017-01-04T12:40:00,2.58
7721,2017-01-04T13:00:00,1.94
7722,2017-01-04T13:20:00,2.58
7723,2017-01-04T13:40:00,0.65
7724,2017-01-04T14:00:00,2.58
7725,2017-01-04T14:20:00,0.32
7726,2017-01-04T14:40:00,-0.65
7727,2017-01-04T15:00:00,-0.97
7728,2017-01-04T15:20:00,-0.97
7729,2017-01-04T15:40:00,-0.65
7730,2017-01-04T16:00:00,-0.65
7731,2017-01-04T16:20:00,-0.65
7732,2017-01-04T16:40:00,-0.97
7733,2017-01-04T17:00:00,-1.29
7734,2017-01-04T17:20:00,-1.29
7735,2017-01-04T17:45:00,-1.61
7736,2017-01-04T18:05:00,-1.94
7737,2017-01-04T18:25:00,-1.94
7738,2017-01-04T18:45:00,-2.26
7739,2017-01-04T19:05:00,-2.26
7740,2017-01-04T19:25:00,-2.26
7741,2017-01-04T19:45:00,-2.26
7742,2017-01-04T20:05:00,-2.58
7743,2017-01-04T20:25:00,-2.58
7744,2017-01-04T20:45:00,-2.9
7745,2017-01-04T21:05:00,-2.9
7746,2017-01-04T21:25:00,-3.23
7747,2017-01-04T21:45:00,-2.9
7748,2017-01-04T22:05:00,-2.9
7749,2017-01-04T22:25:00,-3.55
7750,2017-01-04T22:45:00,-3.23
7751,2017-01-04T23:05:00,-3.55
7752,2017-01-04T23:25:00,-3.23
7753,2017-01-04T23:45:00,-3.23
7754,2017-01-05T00:05:00,-3.55
7755,2017-01-05T00:25:00,-3.87
7756,2017-01-05T00:45:00,-3.87
7757,2017-01-05T01:05:00,-3.87
7758,2017-01-05T01:25:00,-4.19
7759,2017-01-05T01:45:00,-4.19
7760,2017-01-05T02:05:00,-3.87
7761,2017-01-05T02:25:00,-4.19
7762,2017-01-05T02:45:00,-4.52
7763,2017-01-05T03:05:00,-4.52
7764,2017-01-05T03:25:00,-4.52
7765,2017-01-05T03:45:00,-4.19
7766,2017-01-05T04:05:00,-4.52
7767,2017-01-05T04:25:00,-4.52
7768,2017-01-05T04:45:00,-4.19
7769,2017-01-05T05:10:00,-4.52
7770,2017-01-05T05:30:00,-4.19
7771,2017-01-05T05:50:00,-4.52
7772,2017-01-05T06:10:00,-4.19
7773,2017-01-05T06:30:00,-3.87
7774,2017-01-05T06:50:00,-4.19
7775,2017-01-05T07:10:00,-4.19
7776,2017-01-05T07:30:00,-4.52
7777,2017-01-05T07:50:00,-4.52
7778,2017-01-05T08:10:00,-4.52
7779,2017-01-05T08:30:00,-4.19
7780,2017-01-05T08:50:00,-4.52
7781,2017-01-05T09:10:00,-4.52
7782,2017-01-05T09:30:00,-1.61
7783,2017-01-05T09:50:00,-0.97
7784,2017-01-05T10:10:00,1.94
7785,2017-01-05T10:30:00,-0.32
7786,2017-01-05T10:50:00,-0.65
7787,2017-01-05T11:10:00,-3.55
7788,2017-01-05T11:30:00,-3.55
7789,2017-01-05T11:50:00,-4.19
7790,2017-01-05T12:10:00,-3.87
7791,2017-01-05T12:30:00,-4.52
7792,2017-01-05T12:50:00,-4.52
7793,2017-01-05T13:10:00,-4.52
7794,2017-01-05T13:30:00,-4.84
7795,2017-01-05T13:50:00,-4.84
7796,2017-01-05T14:10:00,-4.52
7797,2017-01-05T14:30:00,-5.16
7798,2017-01-05T14:50:00,-5.81
7799,2017-01-05T15:10:00,-6.13
7800,2017-01-05T15:30:00,-6.13
7801,2017-01-05T15:50:00,-6.45
7802,2017-01-05T16:15:00,-6.45
7803,2017-01-05T16:35:00,-6.13
7804,2017-01-05T16:55:00,-6.45
7805,2017-01-05T17:15:00,-6.45
7806,2017-01-05T17:35:00,-6.13
7807,2017-01-05T17:55:00,-6.13
7808,2017-01-05T18:15:00,-6.45
7809,2017-01-05T18:35:00,-6.77
7810,2017-01-05T18:55:00,-7.1
7811,2017-01-05T19:15:00,-7.74
7812,2017-01-05T19:35:00,-7.42
7813,2017-01-05T19:55:00,-7.74
7814,2017-01-05T20:15:00,-7.42
7815,2017-01-05T20:35:00,-7.1
7816,2017-01-05T20:55:00,-7.42
7817,2017-01-05T21:15:00,-7.1
7818,2017-01-05T21:35:00,-7.42
7819,2017-01-05T21:55:00,-7.42
7820,2017-01-05T22:15:00,-7.42
7821,2017-01-05T22:35:00,-7.42
7822,2017-01-05T22:55:00,-7.1
7823,2017-01-05T23:15:00,-7.1
7824,2017-01-05T23:35:00,-7.1
7825,2017-01-05T23:55:00,-7.42
7826,2017-01-06T00:15:00,-7.74
7827,2017-01-06T00:35:00,-8.06
7828,2017-01-06T00:55:00,-8.06
7829,2017-01-06T01:15:00,-7.74
7830,2017-01-06T01:35:00,-7.74
7831,2017-01-06T01:55:00,-8.06
7832,2017-01-06T02:15:00,-8.06
7833,2017-01-06T02:35:00,-8.06
7834,2017-01-06T02:55:00,-8.39
7835,2017-01-06T03:15:00,-8.71
7836,2017-01-06T03:40:00,-8.39
7837,2017-01-06T04:00:00,-8.06
7838,2017-01-06T04:20:00,-8.39
7839,2017-01-06T04:40:00,-8.39
7840,2017-01-06T05:00:00,-8.71
7841,2017-01-06T05:20:00,-8.39
7842,2017-01-06T05:40:00,-8.06
7843,2017-01-06T06:00:00,-7.74
7844,2017-01-06T06:20:00,-7.74
7845,2017-01-06T06:40:00,-7.42
7846,2017-01-06T07:00:00,-7.42
7847,2017-01-06T07:20:00,-7.42
7848,2017-01-06T07:40:00,-6.77
7849,2017-01-06T08:00:00,-6.13
7850,2017-01-06T08:20:00,-6.45
7851,2017-01-06T08:40:00,-2.58
7852,2017-01-06T09:00:00,-0.65
7853,2017-01-06T09:20:00,0.97
7854,2017-01-06T09:40:00,0.65
7855,2017-01-06T10:00:00,1.61
7856,2017-01-06T10:20:00,1.94
7857,2017-01-06T10:40:00,1.61
7858,2017-01-06T11:00:00,1.61
7859,2017-01-06T11:20:00,0.97
7860,2017-01-06T11:40:00,1.29
7861,2017-01-06T12:00:00,0.65
7862,2017-01-06T12:20:00,0.65
7863,2017-01-06T12:40:00,-0.65
7864,2017-01-06T13:00:00,-2.58
7865,2017-01-06T13:20:00,-3.55
7866,2017-01-06T13:40:00,-3.87
7867,2017-01-06T14:00:00,-3.87
7868,2017-01-06T14:20:00,-3.87
7869,2017-01-06T14:40:00,-3.87
7870,2017-01-06T15:05:00,-3.87
7871,2017-01-06T15:25:00,-3.55
7872,2017-01-06T15:45:00,-3.55
7873,2017-01-06T16:05:00,-3.55
7874,2017-01-06T16:25:00,-3.55
7875,2017-01-06T16:45:00,-3.55
7876,2017-01-06T17:05:00,-3.87
7877,2017-01-06T17:25:00,-3.87
7878,2017-01-06T17:45:00,-3.87
7879,2017-01-06T18:05:00,-3.87
7880,2017-01-06T18:25:00,-3.87
7881,2017-01-06T18:45:00,-3.87
7882,2017-01-06T19:05:00,-3.87
7883,2017-01-06T19:25:00,-3.87
7884,2017-01-06T19:45:00,-3.87
7885,2017-01-06T20:05:00,-3.87
7886,2017-01-06T20:25:00,-3.87
7887,2017-01-06T20:45:00,-3.87
7888,2017-01-06T21:05:00,-3.55
7889,2017-01-06T21:25:00,-3.55
7890,2017-01-06T21:45:00,-3.55
7891,2017-01-06T22:05:00,-3.55
7892,2017-01-06T22:25:00,-3.55
7893,2017-01-06T22:45:00,-3.55
7894,2017-01-06T23:05:00,-3.55
7895,2017-01-06T23:25:00,-3.55
7896,2017-01-06T23:45:00,-3.55
7897,2017-01-07T00:05:00,-3.87
7898,2017-01-07T00:25:00,-4.19
7899,2017-01-07T00:45:00,-4.19
7900,2017-01-07T01:05:00,-4.19
7901,2017-01-07T01:25:00,-4.19
7902,2017-01-07T01:45:00,-3.87
7903,2017-01-07T02:05:00,-3.55
7904,2017-01-07T02:30:00,-3.55
7905,2017-01-07T02:50:00,-3.23
7906,2017-01-07T03:10:00,-2.9
7907,2017-01-07T03:30:00,-2.58
7908,2017-01-07T03:50:00,-2.58
7909,2017-01-07T04:10:00,-2.58
7910,2017-01-07T04:30:00,-2.26
7911,2017-01-07T04:50:00,-2.26
7912,2017-01-07T05:10:00,-2.26
7913,2017-01-07T05:30:00,-1.61
7914,2017-01-07T05:50:00,-1.61
7915,2017-01-07T06:10:00,-1.29
7916,2017-01-07T06:30:00,-0.65
7917,2017-01-07T06:50:00,0.32
7918,2017-01-07T07:10:00,0.32
7919,2017-01-07T07:30:00,0.65
7920,2017-01-07T07:50:00,0.97
7921,2017-01-07T08:10:00,1.29
7922,2017-01-07T08:30:00,1.29
7923,2017-01-07T08:50:00,1.29
7924,2017-01-07T09:10:00,1.61
7925,2017-01-07T09:30:00,2.26
7926,2017-01-07T09:50:00,2.58
7927,2017-01-07T10:10:00,3.23
7928,2017-01-07T10:30:00,3.23
7929,2017-01-07T10:50:00,3.55
7930,2017-01-07T11:10:00,3.87
7931,2017-01-07T11:30:00,4.52
7932,2017-01-07T11:50:00,5.16
7933,2017-01-07T12:10:00,5.16
7934,2017-01-07T12:30:00,5.16
7935,2017-01-07T12:50:00,5.16
7936,2017-01-07T13:10:00,4.84
7937,2017-01-07T13:35:00,4.52
7938,2017-01-07T13:55:00,4.84
7939,2017-01-07T14:15:00,4.19
7940,2017-01-07T14:35:00,3.55
7941,2017-01-07T14:55:00,3.23
7942,2017-01-07T15:15:00,2.9
7943,2017-01-07T15:35:00,2.58
7944,2017-01-07T15:55:00,2.26
7945,2017-01-07T16:15:00,2.9
7946,2017-01-07T16:35:00,3.23
7947,2017-01-07T16:55:00,2.9
7948,2017-01-07T17:15:00,2.9
7949,2017-01-07T17:35:00,2.58
7950,2017-01-07T17:55:00,2.58
7951,2017-01-07T18:15:00,2.58
7952,2017-01-07T18:35:00,2.58
7953,2017-01-07T18:55:00,2.58
7954,2017-01-07T19:15:00,2.26
7955,2017-01-07T19:35:00,1.94
7956,2017-01-07T19:55:00,1.94
7957,2017-01-07T20:15:00,1.94
7958,2017-01-07T20:35:00,1.94
7959,2017-01-07T20:55:00,1.94
7960,2017-01-07T21:15:00,1.94
7961,2017-01-07T21:35:00,1.61
7962,2017-01-07T21:55:00,1.61
7963,2017-01-07T22:15:00,1.61
7964,2017-01-07T22:35:00,1.29
7965,2017-01-07T22:55:00,1.29
7966,2017-01-07T23:15:00,1.29
7967,2017-01-07T23:35:00,1.29
7968,2017-01-07T23:55:00,1.29
7969,2017-01-08T00:15:00,0.97
7970,2017-01-08T00:35:00,0.97
7971,2017-01-08T01:00:00,0.97
7972,2017-01-08T01:20:00,0.97
7973,2017-01-08T01:40:00,0.97
7974,2017-01-08T02:00:00,0.97
7975,2017-01-08T02:20:00,0.65
7976,2017-01-08T02:40:00,0.65
7977,2017-01-08T03:00:00,0.65
7978,2017-01-08T03:20:00,0.97
7979,2017-01-08T03:40:00,0.65
7980,2017-01-08T04:00:00,0.65
7981,2017-01-08T04:20:00,0.32
7982,2017-01-08T04:40:00,0.32
7983,2017-01-08T05:00:00,0
7984,2017-01-08T05:20:00,-0.65
7985,2017-01-08T05:40:00,-0.65
7986,2017-01-08T06:00:00,-0.97
7987,2017-01-08T06:20:00,-0.97
7988,2017-01-08T06:40:00,-0.97
7989,2017-01-08T07:00:00,-0.97
7990,2017-01-08T07:20:00,-0.97
7991,2017-01-08T07:40:00,-0.97
7992,2017-01-08T08:00:00,-0.97
7993,2017-01-08T08:20:00,-0.65
7994,2017-01-08T08:40:00,-0.32
7995,2017-01-08T09:00:00,0
7996,2017-01-08T09:20:00,0.32
7997,2017-01-08T09:40:00,0.32
7998,2017-01-08T10:00:00,0.32
7999,2017-01-08T10:20:00,0.32
8000,2017-01-08T10:40:00,0.65
8001,2017-01-08T11:00:00,0.65
8002,2017-01-08T11:20:00,0.65
8003,2017-01-08T11:40:00,1.29
8004,2017-01-08T12:00:00,3.23
8005,2017-01-08T12:25:00,1.61
8006,2017-01-08T12:45:00,1.94
8007,2017-01-08T13:05:00,0.97
8008,2017-01-08T13:25:00,0.65
8009,2017-01-08T13:45:00,0.32
8010,2017-01-08T14:05:00,0.32
8011,2017-01-08T14:25:00,0
8012,2017-01-08T14:45:00,-0.32
8013,2017-01-08T15:05:00,-0.32
8014,2017-01-08T15:25:00,-0.65
8015,2017-01-08T15:45:00,-0.32
8016,2017-01-08T16:05:00,-0.65
8017,2017-01-08T16:25:00,-0.32
8018,2017-01-08T16:45:00,-0.32
8019,2017-01-08T17:05:00,-0.32
8020,2017-01-08T17:25:00,-0.32
8021,2017-01-08T17:45:00,-0.32
8022,2017-01-08T18:05:00,-0.32
8023,2017-01-08T18:25:00,-0.32
8024,2017-01-08T18:45:00,-0.32
8025,2017-01-08T19:05:00,-0.32
8026,2017-01-08T19:25:00,-0.32
8027,2017-01-08T19:45:00,0
8028,2017-01-08T20:05:00,0
8029,2017-01-08T20:25:00,0.32
8030,2017-01-08T20:45:00,0.65
8031,2017-01-08T21:05:00,0.97
8032,2017-01-08T21:25:00,0.97
8033,2017-01-08T21:45:00,1.29
8034,2017-01-08T22:05:00,1.29
8035,2017-01-08T22:25:00,1.61
8036,2017-01-08T22:45:00,1.61
8037,2017-01-08T23:05:00,1.61
8038,2017-01-08T23:25:00,1.61
8039,2017-01-08T23:50:00,1.94
8040,2017-01-09T05:30:00,3.23
8041,2017-01-09T05:50:00,2.9
8042,2017-01-09T06:10:00,3.23
8043,2017-01-09T06:30:00,3.55
8044,2017-01-09T06:50:00,3.87
8045,2017-01-09T07:10:00,3.87
8046,2017-01-09T07:30:00,3.87
8047,2017-01-09T07:50:00,3.87
8048,2017-01-09T08:10:00,3.87
8049,2017-01-09T08:30:00,3.87
8050,2017-01-09T08:50:00,3.87
8051,2017-01-09T09:10:00,3.55
8052,2017-01-09T09:30:00,3.55
8053,2017-01-09T09:50:00,3.55
8054,2017-01-09T10:10:00,3.55
8055,2017-01-09T10:30:00,3.55
8056,2017-01-09T10:50:00,3.87
8057,2017-01-09T11:15:00,3.87
8058,2017-01-09T11:35:00,4.84
8059,2017-01-09T11:55:00,4.52
8060,2017-01-09T12:15:00,4.19
8061,2017-01-09T12:35:00,4.19
8062,2017-01-09T12:55:00,3.87
8063,2017-01-09T13:15:00,3.87
8064,2017-01-09T13:35:00,3.87
8065,2017-01-09T13:55:00,3.87
8066,2017-01-09T14:15:00,3.87
8067,2017-01-09T14:35:00,3.55
8068,2017-01-09T14:55:00,3.55
8069,2017-01-09T15:15:00,3.23
8070,2017-01-09T15:35:00,3.23
8071,2017-01-09T15:55:00,2.9
8072,2017-01-09T16:15:00,2.58
8073,2017-01-09T16:35:00,2.58
8074,2017-01-09T16:55:00,2.26
8075,2017-01-09T17:15:00,2.26
8076,2017-01-09T17:35:00,2.26
8077,2017-01-09T17:55:00,2.26
8078,2017-01-09T18:15:00,2.26
8079,2017-01-09T18:35:00,2.26
8080,2017-01-09T18:55:00,1.94
8081,2017-01-09T19:15:00,1.94
8082,2017-01-09T19:35:00,1.61
8083,2017-01-09T19:55:00,1.61
8084,2017-01-09T20:15:00,1.29
8085,2017-01-09T20:35:00,1.29
8086,2017-01-09T20:55:00,1.29
8087,2017-01-09T21:15:00,1.29
8088,2017-01-09T21:35:00,1.29
8089,2017-01-09T21:55:00,1.61
8090,2017-01-09T22:20:00,1.61
8091,2017-01-09T22:40:00,1.61
8092,2017-01-09T23:00:00,1.29
8093,2017-01-09T23:20:00,1.29
8094,2017-01-09T23:40:00,0.97
8095,2017-01-10T00:00:00,1.29
8096,2017-01-10T00:20:00,0.97
8097,2017-01-10T00:40:00,0.97
8098,2017-01-10T01:00:00,0.97
8099,2017-01-10T01:20:00,1.29
8100,2017-01-10T01:40:00,1.29
8101,2017-01-10T02:00:00,1.29
8102,2017-01-10T02:20:00,1.29
8103,2017-01-10T02:40:00,1.29
8104,2017-01-10T03:00:00,1.29
8105,2017-01-10T03:20:00,1.29
8106,2017-01-10T03:40:00,1.29
8107,2017-01-10T04:00:00,1.29
8108,2017-01-10T04:20:00,1.29
8109,2017-01-10T04:40:00,1.61
8110,2017-01-10T05:00:00,1.61
8111,2017-01-10T05:20:00,1.61
8112,2017-01-10T05:40:00,1.61
8113,2017-01-10T06:00:00,1.29
8114,2017-01-10T06:20:00,1.61
8115,2017-01-10T06:40:00,1.61
8116,2017-01-10T07:00:00,1.94
8117,2017-01-10T07:20:00,1.94
8118,2017-01-10T07:40:00,1.61
8119,2017-01-10T08:00:00,1.61
8120,2017-01-10T08:20:00,1.29
8121,2017-01-10T08:40:00,1.29
8122,2017-01-10T09:00:00,1.61
8123,2017-01-10T09:20:00,1.61
8124,2017-01-10T09:45:00,1.61
8125,2017-01-11T07:55:00,2.26
8126,2017-01-11T08:15:00,2.58
8127,2017-01-11T08:35:00,2.9
8128,2017-01-11T08:55:00,2.9
8129,2017-01-11T09:15:00,2.9
8130,2017-01-13T20:40:00,-0.32
8131,2017-01-13T21:00:00,-0.32
8132,2017-01-13T21:20:00,-0.65
8133,2017-01-13T21:40:00,-0.97
8134,2017-01-13T22:00:00,-0.65
8135,2017-01-13T22:20:00,-0.65
8136,2017-01-13T22:40:00,-0.97
8137,2017-01-13T23:00:00,-1.29
8138,2017-01-13T23:20:00,-1.61
8139,2017-01-13T23:40:00,-1.94
8140,2017-01-14T00:00:00,-2.58
8141,2017-01-14T00:20:00,-2.58
8142,2017-01-14T00:40:00,-2.26
8143,2017-01-14T01:00:00,-1.94
8144,2017-01-14T01:25:00,-2.26
8145,2017-01-14T01:45:00,-2.26
8146,2017-01-14T02:05:00,-1.94
8147,2017-01-14T02:25:00,-1.61
8148,2017-01-14T02:45:00,-1.61
8149,2017-01-14T03:05:00,-1.29
8150,2017-01-14T03:25:00,-0.97
8151,2017-01-14T03:45:00,-0.65
8152,2017-01-14T04:05:00,-0.32
8153,2017-01-14T04:25:00,0
8154,2017-01-14T04:45:00,0.65
8155,2017-01-14T05:05:00,0.97
8156,2017-01-14T05:25:00,0.65
8157,2017-01-14T05:45:00,0.65
8158,2017-01-14T06:05:00,0.32
8159,2017-01-14T06:25:00,0
8160,2017-01-14T06:45:00,-0.32
8161,2017-01-14T07:05:00,0
8162,2017-01-14T07:25:00,0
8163,2017-01-14T07:45:00,-0.32
8164,2017-01-14T08:05:00,0.32
8165,2017-01-14T08:25:00,1.94
8166,2017-01-14T08:45:00,1.61
8167,2017-01-14T09:05:00,0.65
8168,2017-01-14T09:25:00,1.29
8169,2017-01-14T09:45:00,6.77
8170,2017-01-14T10:05:00,2.58
8171,2017-01-14T10:25:00,2.58
8172,2017-01-14T10:45:00,6.45
8173,2017-01-14T11:05:00,4.52
8174,2017-01-14T11:25:00,4.19
8175,2017-01-14T11:45:00,3.87
8176,2017-01-14T12:05:00,2.26
8177,2017-01-14T12:25:00,1.94
8178,2017-01-14T12:50:00,1.61
8179,2017-01-14T13:10:00,1.29
8180,2017-01-14T13:30:00,0.97
8181,2017-01-14T13:50:00,0.65
8182,2017-01-14T14:10:00,0.32
8183,2017-01-14T14:30:00,0.32
8184,2017-01-14T14:50:00,0.32
8185,2017-01-14T15:10:00,0.32
8186,2017-01-14T15:30:00,0.32
8187,2017-01-14T15:50:00,0.32
8188,2017-01-14T16:10:00,0.32
8189,2017-01-14T16:30:00,0.32
8190,2017-01-14T16:50:00,0.32
8191,2017-01-14T17:10:00,0.32
8192,2017-01-14T17:30:00,0
8193,2017-01-14T17:50:00,0
8194,2017-01-14T18:10:00,0
8195,2017-01-14T18:30:00,0
8196,2017-01-14T18:50:00,0
8197,2017-01-14T19:10:00,-0.32
8198,2017-01-14T19:30:00,0
8199,2017-01-14T19:50:00,0
8200,2017-01-14T20:10:00,0
8201,2017-01-14T20:30:00,-0.32
8202,2017-01-14T20:50:00,-0.32
8203,2017-01-14T21:10:00,-0.32
8204,2017-01-14T21:30:00,-0.32
8205,2017-01-14T21:50:00,-0.32
8206,2017-01-14T22:10:00,-0.65
8207,2017-01-14T22:30:00,-0.65
8208,2017-01-14T22:50:00,-0.32
8209,2017-01-14T23:10:00,-0.32
8210,2017-01-14T23:30:00,-0.32
8211,2017-01-14T23:50:00,0
8212,2017-01-15T00:15:00,0
8213,2017-01-15T00:35:00,-0.32
8214,2017-01-15T00:55:00,-0.32
8215,2017-01-15T01:15:00,-0.65
8216,2017-01-15T01:35:00,-0.32
8217,2017-01-15T01:55:00,-0.32
8218,2017-01-15T02:15:00,-0.32
8219,2017-01-15T02:35:00,-0.32
8220,2017-01-15T02:55:00,-0.32
8221,2017-01-15T03:15:00,-0.65
8222,2017-01-15T03:35:00,-0.65
8223,2017-01-15T03:55:00,-0.65
8224,2017-01-15T04:15:00,-0.97
8225,2017-01-15T04:35:00,-0.97
8226,2017-01-15T04:55:00,-1.29
8227,2017-01-15T05:15:00,-1.29
8228,2017-01-15T05:35:00,-1.94
8229,2017-01-15T05:55:00,-1.94
8230,2017-01-15T06:15:00,-2.26
8231,2017-01-15T06:35:00,-2.26
8232,2017-01-15T06:55:00,-2.58
8233,2017-01-15T07:15:00,-2.58
8234,2017-01-15T07:35:00,-2.58
8235,2017-01-15T07:55:00,-2.58
8236,2017-01-15T08:15:00,0.97
8237,2017-01-15T08:35:00,4.52
8238,2017-01-15T08:55:00,7.74
8239,2017-01-15T09:15:00,10
8240,2017-01-15T09:35:00,10
8241,2017-01-15T09:55:00,10.65
8242,2017-01-15T10:15:00,10.65
8243,2017-01-15T10:35:00,8.71
8244,2017-01-15T10:55:00,8.71
8245,2017-01-15T11:15:00,9.03
8246,2017-01-15T11:40:00,10
8247,2017-01-15T12:00:00,10
8248,2017-01-15T12:20:00,10
8249,2017-01-15T12:40:00,8.39
8250,2017-01-15T13:00:00,7.1
8251,2017-01-15T13:20:00,8.06
8252,2017-01-15T13:40:00,7.42
8253,2017-01-15T14:00:00,7.1
8254,2017-01-15T14:20:00,5.81
8255,2017-01-15T14:40:00,0
8256,2017-01-15T15:00:00,-0.97
8257,2017-01-15T15:20:00,-1.61
8258,2017-01-15T15:40:00,-1.94
8259,2017-01-15T16:00:00,-1.94
8260,2017-01-15T16:20:00,-2.26
8261,2017-01-15T16:40:00,-2.26
8262,2017-01-15T17:00:00,-2.26
8263,2017-01-15T17:20:00,-2.26
8264,2017-01-15T17:40:00,-2.58
8265,2017-01-15T18:00:00,-2.58
8266,2017-01-15T18:20:00,-2.58
8267,2017-01-15T18:40:00,-2.58
8268,2017-01-15T19:00:00,-2.9
8269,2017-01-15T19:20:00,-2.9
8270,2017-01-15T19:40:00,-2.9
8271,2017-01-15T20:00:00,-2.9
8272,2017-01-15T20:20:00,-3.55
8273,2017-01-15T20:40:00,-3.87
8274,2017-01-15T21:00:00,-4.19
8275,2017-01-15T21:20:00,-3.55
8276,2017-01-15T21:40:00,-3.23
8277,2017-01-15T22:00:00,-3.55
8278,2017-01-15T22:20:00,-3.23
8279,2017-01-15T22:45:00,-3.23
8280,2017-01-15T23:05:00,-3.23
8281,2017-01-15T23:25:00,-3.23
8282,2017-01-15T23:45:00,-4.52
8283,2017-01-16T00:05:00,-4.52
8284,2017-01-16T00:25:00,-3.87
8285,2017-01-16T00:45:00,-4.52
8286,2017-01-16T01:05:00,-4.84
8287,2017-01-16T01:25:00,-4.84
8288,2017-01-16T01:45:00,-4.84
8289,2017-01-16T02:05:00,-5.16
8290,2017-01-16T02:25:00,-5.16
8291,2017-01-16T02:45:00,-5.16
8292,2017-01-16T03:05:00,-4.84
8293,2017-01-16T03:25:00,-4.52
8294,2017-01-16T03:45:00,-4.19
8295,2017-01-16T04:05:00,-3.87
8296,2017-01-16T04:25:00,-4.19
8297,2017-01-16T04:45:00,-3.87
8298,2017-01-16T05:05:00,-4.19
8299,2017-01-16T05:25:00,-4.52
8300,2017-01-16T05:45:00,-4.84
8301,2017-01-16T06:05:00,-4.84
8302,2017-01-16T06:25:00,-4.84
8303,2017-01-16T06:45:00,-4.52
8304,2017-01-16T07:05:00,-4.84
8305,2017-01-16T07:25:00,-4.84
8306,2017-01-16T07:45:00,-4.52
8307,2017-01-16T08:05:00,-2.26
8308,2017-01-16T08:25:00,0
8309,2017-01-16T08:45:00,3.55
8310,2017-01-16T09:05:00,6.45
8311,2017-01-16T09:25:00,9.68
8312,2017-01-16T09:45:00,7.74
8313,2017-01-16T10:10:00,7.1
8314,2017-01-16T10:30:00,8.06
8315,2017-01-16T10:50:00,5.48
8316,2017-01-16T11:10:00,8.71
8317,2017-01-16T11:30:00,9.35
8318,2017-01-16T11:50:00,10
8319,2017-01-16T12:10:00,10.65
8320,2017-01-16T12:30:00,10.65
8321,2017-01-16T12:50:00,9.68
8322,2017-01-16T13:10:00,10.32
8323,2017-01-16T13:30:00,9.35
8324,2017-01-16T13:50:00,7.42
8325,2017-01-16T14:10:00,6.77
8326,2017-01-16T14:30:00,3.87
8327,2017-01-16T14:50:00,0
8328,2017-01-16T15:10:00,-0.65
8329,2017-01-16T15:30:00,-0.97
8330,2017-01-16T15:50:00,-0.97
8331,2017-01-16T16:10:00,-0.97
8332,2017-01-16T16:30:00,-0.97
8333,2017-01-16T16:50:00,-1.61
8334,2017-01-16T17:10:00,-1.94
8335,2017-01-16T17:30:00,-2.26
8336,2017-01-16T17:50:00,-2.58
8337,2017-01-16T18:10:00,-2.26
8338,2017-01-16T18:30:00,-2.58
8339,2017-01-16T18:50:00,-2.58
8340,2017-01-16T19:10:00,-2.58
8341,2017-01-16T19:30:00,-2.9
8342,2017-01-16T19:50:00,-2.9
8343,2017-01-16T20:10:00,-3.23
8344,2017-01-16T20:30:00,-3.23
8345,2017-01-16T20:50:00,-3.23
8346,2017-01-16T21:10:00,-3.23
8347,2017-01-16T21:35:00,-3.23
8348,2017-01-16T21:55:00,-4.19
8349,2017-01-16T22:15:00,-4.19
8350,2017-01-16T22:35:00,-4.19
8351,2017-01-16T22:55:00,-2.58
8352,2017-01-16T23:15:00,-4.19
8353,2017-01-16T23:35:00,-4.52
8354,2017-01-16T23:55:00,-4.84
8355,2017-01-17T00:15:00,-5.16
8356,2017-01-17T00:35:00,-5.81
8357,2017-01-17T00:55:00,-5.48
8358,2017-01-17T01:15:00,-5.48
8359,2017-01-17T01:35:00,-5.48
8360,2017-01-17T01:55:00,-5.81
8361,2017-01-17T02:15:00,-5.48
8362,2017-01-17T02:35:00,-6.13
8363,2017-01-17T02:55:00,-6.13
8364,2017-01-17T03:15:00,-5.81
8365,2017-01-17T03:35:00,-5.81
8366,2017-01-17T03:55:00,-5.81
8367,2017-01-17T04:15:00,-5.48
8368,2017-01-17T04:35:00,-5.16
8369,2017-01-17T04:55:00,-5.16
8370,2017-01-17T05:15:00,-4.84
8371,2017-01-17T05:35:00,-4.52
8372,2017-01-17T05:55:00,-4.52
8373,2017-01-17T06:15:00,-3.87
8374,2017-01-17T06:35:00,-3.55
8375,2017-01-17T06:55:00,-3.55
8376,2017-01-17T07:15:00,-3.23
8377,2017-01-17T07:35:00,-2.9
8378,2017-01-17T07:55:00,-2.26
8379,2017-01-17T08:15:00,-1.94
8380,2017-01-17T08:35:00,-1.61
8381,2017-01-17T09:00:00,-1.29
8382,2017-01-17T09:20:00,-0.97
8383,2017-01-17T09:40:00,-0.65
8384,2017-01-17T10:00:00,-0.65
8385,2017-01-17T10:20:00,-0.65
8386,2017-01-17T10:40:00,-0.32
8387,2017-01-17T11:00:00,0
8388,2017-01-17T11:20:00,0
8389,2017-01-17T11:40:00,0
8390,2017-01-17T12:00:00,0.32
8391,2017-01-17T12:20:00,0.32
8392,2017-01-17T12:40:00,0.65
8393,2017-01-17T13:00:00,0.97
8394,2017-01-17T13:20:00,1.29
8395,2017-01-17T13:40:00,1.29
8396,2017-01-17T14:00:00,0.97
8397,2017-01-17T14:20:00,0.97
8398,2017-01-17T14:40:00,0.97
8399,2017-01-17T15:00:00,0.97
8400,2017-01-17T15:20:00,0.97
8401,2017-01-17T15:40:00,0.97
8402,2017-01-17T16:00:00,0.97
8403,2017-01-17T16:20:00,0.97
8404,2017-01-17T16:40:00,0.97
8405,2017-01-17T17:00:00,0.97
8406,2017-01-17T17:20:00,0.97
8407,2017-01-17T17:40:00,0.97
8408,2017-01-17T18:00:00,1.29
8409,2017-01-17T18:20:00,1.29
8410,2017-01-17T18:40:00,1.29
8411,2017-01-17T19:00:00,1.29
8412,2017-01-17T19:20:00,1.61
8413,2017-01-17T19:40:00,1.61
8414,2017-01-17T20:05:00,1.61
8415,2017-01-17T20:25:00,1.61
8416,2017-01-17T20:45:00,1.94
8417,2017-01-17T21:05:00,1.94
8418,2017-01-17T21:25:00,1.94
8419,2017-01-17T21:45:00,1.94
8420,2017-01-17T22:05:00,1.94
8421,2017-01-17T22:25:00,1.94
8422,2017-01-17T22:45:00,1.61
8423,2017-01-17T23:05:00,1.61
8424,2017-01-17T23:25:00,1.61
8425,2017-01-17T23:45:00,1.61
8426,2017-01-18T00:05:00,1.61
8427,2017-01-18T00:25:00,1.61
8428,2017-01-18T00:45:00,1.61
8429,2017-01-18T01:05:00,1.94
8430,2017-01-18T01:25:00,1.94
8431,2017-01-18T01:45:00,2.26
8432,2017-01-18T02:05:00,1.94
8433,2017-01-18T02:25:00,2.26
8434,2017-01-18T02:45:00,2.26
8435,2017-01-18T03:05:00,2.26
8436,2017-01-18T03:45:00,2.26
8437,2017-01-18T04:05:00,2.58
8438,2017-01-18T04:25:00,2.58
8439,2017-01-18T04:45:00,2.58
8440,2017-01-18T05:05:00,2.58
8441,2017-01-18T05:25:00,2.9
8442,2017-01-18T05:45:00,2.9
8443,2017-01-18T06:05:00,2.58
8444,2017-01-18T06:25:00,2.58
8445,2017-01-18T06:45:00,2.58
8446,2017-01-18T07:05:00,2.9
8447,2017-01-18T07:30:00,2.9
8448,2017-01-18T07:50:00,2.9
8449,2017-01-18T08:10:00,2.9
8450,2017-01-18T08:30:00,3.23
8451,2017-01-18T08:50:00,3.23
8452,2017-01-18T09:10:00,3.55
8453,2017-01-18T09:30:00,3.55
8454,2017-01-18T09:50:00,3.55
8455,2017-01-18T10:10:00,3.87
8456,2017-01-18T10:30:00,4.19
8457,2017-01-18T10:50:00,3.87
8458,2017-01-18T11:10:00,4.19
8459,2017-01-18T11:30:00,4.19
8460,2017-01-18T11:50:00,4.19
8461,2017-01-18T12:10:00,4.19
8462,2017-01-18T12:30:00,4.19
8463,2017-01-18T12:50:00,4.19
8464,2017-01-18T13:10:00,3.87
8465,2017-01-18T13:30:00,4.19
8466,2017-01-18T13:50:00,3.87
8467,2017-01-18T14:10:00,3.87
8468,2017-01-18T14:30:00,3.87
8469,2017-01-18T14:50:00,3.87
8470,2017-01-18T15:10:00,3.55
8471,2017-01-18T15:30:00,3.55
8472,2017-01-18T15:50:00,3.55
8473,2017-01-18T16:10:00,3.55
8474,2017-01-18T16:30:00,3.55
8475,2017-01-18T16:50:00,3.87
8476,2017-01-18T17:10:00,3.55
8477,2017-01-18T17:30:00,3.55
8478,2017-01-18T17:50:00,3.87
8479,2017-01-18T18:10:00,3.87
8480,2017-01-18T18:30:00,3.87
8481,2017-01-18T18:55:00,3.87
8482,2017-01-18T19:15:00,4.19
8483,2017-01-18T19:35:00,3.87
8484,2017-01-18T19:55:00,3.87
8485,2017-01-18T20:15:00,4.19
8486,2017-01-18T20:35:00,4.19
8487,2017-01-18T20:55:00,4.52
8488,2017-01-18T21:15:00,4.52
8489,2017-01-18T21:35:00,4.52
8490,2017-01-18T21:55:00,4.52
8491,2017-01-18T22:15:00,4.52
8492,2017-01-18T22:35:00,4.52
8493,2017-01-18T22:55:00,4.52
8494,2017-01-18T23:15:00,4.52
8495,2017-01-18T23:35:00,4.52
8496,2017-01-18T23:55:00,4.84
8497,2017-01-19T00:15:00,4.52
8498,2017-01-19T00:35:00,4.84
8499,2017-01-19T00:55:00,4.84
8500,2017-01-19T01:15:00,4.52
8501,2017-01-19T01:35:00,4.84
8502,2017-01-19T01:55:00,4.52
8503,2017-01-19T02:15:00,4.52
8504,2017-01-19T02:35:00,4.19
8505,2017-01-19T02:55:00,4.19
8506,2017-01-19T03:15:00,3.87
8507,2017-01-19T03:35:00,3.87
8508,2017-01-19T03:55:00,4.19
8509,2017-01-19T04:15:00,4.52
8510,2017-01-19T04:35:00,4.52
8511,2017-01-19T04:55:00,4.52
8512,2017-01-19T05:15:00,4.52
8513,2017-01-19T05:35:00,4.84
8514,2017-01-19T05:55:00,5.16
8515,2017-01-19T06:20:00,5.16
8516,2017-01-19T06:40:00,5.16
8517,2017-01-19T07:00:00,5.16
8518,2017-01-19T07:20:00,4.84
8519,2017-01-19T07:40:00,4.84
8520,2017-01-19T08:00:00,4.84
8521,2017-01-19T08:20:00,5.81
8522,2017-01-19T08:40:00,8.06
8523,2017-01-19T09:00:00,10
8524,2017-01-19T09:20:00,10.32
8525,2017-01-19T09:40:00,10.97
8526,2017-01-19T10:00:00,11.29
8527,2017-01-19T10:20:00,10.97
8528,2017-01-19T10:40:00,10
8529,2017-01-19T11:00:00,10
8530,2017-01-19T11:20:00,10.97
8531,2017-01-19T11:40:00,11.29
8532,2017-01-19T12:00:00,10.65
8533,2017-01-19T12:20:00,11.29
8534,2017-01-19T12:40:00,10.97
8535,2017-01-19T13:00:00,10.65
8536,2017-01-19T13:20:00,10
8537,2017-01-19T13:40:00,9.68
8538,2017-01-19T14:00:00,9.35
8539,2017-01-19T14:20:00,8.39
8540,2017-01-19T14:40:00,6.45
8541,2017-01-19T15:00:00,6.13
8542,2017-01-19T15:20:00,5.48
8543,2017-01-19T15:40:00,5.16
8544,2017-01-19T16:00:00,5.16
8545,2017-01-19T16:20:00,5.16
8546,2017-01-19T16:40:00,4.84
8547,2017-01-19T17:00:00,4.52
8548,2017-01-19T17:20:00,4.52
8549,2017-01-19T17:45:00,4.52
8550,2017-01-19T18:05:00,4.52
8551,2017-01-19T18:25:00,4.52
8552,2017-01-19T18:45:00,4.84
8553,2017-01-19T19:05:00,4.52
8554,2017-01-19T19:25:00,4.52
8555,2017-01-19T19:45:00,4.52
8556,2017-01-19T20:05:00,4.52
8557,2017-01-19T20:25:00,4.19
8558,2017-01-19T20:45:00,4.19
8559,2017-01-19T21:05:00,4.52
8560,2017-01-19T21:25:00,4.52
8561,2017-01-19T21:45:00,4.84
8562,2017-01-19T22:05:00,4.52
8563,2017-01-19T22:25:00,4.52
8564,2017-01-19T22:45:00,4.52
8565,2017-01-19T23:05:00,4.52
8566,2017-01-19T23:25:00,4.52
8567,2017-01-19T23:45:00,3.87
8568,2017-01-20T00:05:00,4.52
8569,2017-01-20T00:25:00,4.52
8570,2017-01-20T00:45:00,4.52
8571,2017-01-20T01:05:00,4.19
8572,2017-01-20T01:25:00,4.19
8573,2017-01-20T01:45:00,4.19
8574,2017-01-20T02:05:00,4.19
8575,2017-01-20T02:25:00,4.19
8576,2017-01-20T02:45:00,4.19
8577,2017-01-20T03:05:00,4.19
8578,2017-01-20T03:25:00,4.19
8579,2017-01-20T03:45:00,4.52
8580,2017-01-20T04:05:00,4.84
8581,2017-01-20T04:25:00,4.84
8582,2017-01-20T04:50:00,5.16
8583,2017-01-20T05:10:00,4.84
8584,2017-01-20T05:30:00,4.84
8585,2017-01-20T05:50:00,4.84
8586,2017-01-20T06:10:00,4.52
8587,2017-01-20T06:30:00,4.19
8588,2017-01-20T06:50:00,4.19
8589,2017-01-20T07:10:00,4.19
8590,2017-01-20T07:30:00,4.19
8591,2017-01-20T07:50:00,5.16
8592,2017-01-20T08:10:00,6.45
8593,2017-01-20T08:30:00,7.74
8594,2017-01-20T08:50:00,9.68
8595,2017-01-20T09:10:00,10.32
8596,2017-01-20T09:30:00,11.29
8597,2017-01-20T09:50:00,11.94
8598,2017-01-20T10:10:00,12.58
8599,2017-01-20T10:30:00,12.9
8600,2017-01-20T10:50:00,12.58
8601,2017-01-20T11:10:00,12.58
8602,2017-01-20T11:30:00,10.97
8603,2017-01-20T11:50:00,8.71
8604,2017-01-20T12:10:00,9.03
8605,2017-01-20T12:30:00,9.35
8606,2017-01-20T12:50:00,9.35
8607,2017-01-20T13:10:00,11.61
8608,2017-01-20T13:30:00,11.61
8609,2017-01-20T13:50:00,10.32
8610,2017-01-20T14:10:00,10.65
8611,2017-01-20T14:30:00,8.71
8612,2017-01-20T14:50:00,7.74
8613,2017-01-20T15:10:00,6.13
8614,2017-01-20T15:30:00,5.48
8615,2017-01-20T15:50:00,5.48
8616,2017-01-20T16:15:00,5.16
8617,2017-01-20T16:35:00,4.84
8618,2017-01-20T16:55:00,5.16
8619,2017-01-20T17:15:00,4.84
8620,2017-01-20T17:35:00,4.19
8621,2017-01-20T17:55:00,4.52
8622,2017-01-20T18:15:00,4.19
8623,2017-01-20T18:35:00,4.19
8624,2017-01-20T18:55:00,4.19
8625,2017-01-20T19:15:00,4.19
8626,2017-01-20T19:35:00,3.87
8627,2017-01-20T19:55:00,3.87
8628,2017-01-20T20:15:00,3.87
8629,2017-01-20T20:35:00,3.55
8630,2017-01-20T20:55:00,3.55
8631,2017-01-20T21:15:00,3.55
8632,2017-01-20T21:35:00,3.55
8633,2017-01-20T21:55:00,3.87
8634,2017-01-20T22:15:00,3.55
8635,2017-01-20T22:35:00,3.23
8636,2017-01-20T22:55:00,3.55
8637,2017-01-20T23:15:00,3.23
8638,2017-01-20T23:35:00,3.55
8639,2017-01-20T23:55:00,3.87
8640,2017-01-21T00:15:00,3.87
8641,2017-01-21T00:35:00,4.19
8642,2017-01-21T00:55:00,4.52
8643,2017-01-21T01:15:00,4.52
8644,2017-01-21T01:35:00,4.52
8645,2017-01-21T01:55:00,4.52
8646,2017-01-21T02:15:00,4.52
8647,2017-01-21T02:35:00,4.52
8648,2017-01-21T02:55:00,4.52
8649,2017-01-21T03:15:00,4.19
8650,2017-01-21T03:40:00,4.52
8651,2017-01-21T04:00:00,4.19
8652,2017-01-21T04:20:00,4.19
8653,2017-01-21T04:40:00,4.19
8654,2017-01-21T05:00:00,4.19
8655,2017-01-21T05:20:00,4.19
8656,2017-01-21T05:40:00,4.19
8657,2017-01-21T06:00:00,4.19
8658,2017-01-21T06:20:00,4.19
8659,2017-01-21T06:40:00,4.52
8660,2017-01-21T07:00:00,4.52
8661,2017-01-21T07:20:00,4.52
8662,2017-01-21T07:40:00,4.52
8663,2017-01-21T08:00:00,4.52
8664,2017-01-21T08:20:00,4.84
8665,2017-01-21T08:40:00,4.84
8666,2017-01-21T09:00:00,4.84
8667,2017-01-21T09:20:00,5.16
8668,2017-01-21T09:40:00,5.48
8669,2017-01-21T10:00:00,5.81
8670,2017-01-21T10:20:00,6.45
8671,2017-01-21T10:40:00,6.13
8672,2017-01-21T11:00:00,5.81
8673,2017-01-21T11:20:00,5.81
8674,2017-01-21T11:40:00,5.81
8675,2017-01-21T12:00:00,5.81
8676,2017-01-21T12:20:00,8.06
8677,2017-01-21T12:40:00,6.45
8678,2017-01-21T13:00:00,7.1
8679,2017-01-21T13:20:00,8.71
8680,2017-01-21T13:40:00,12.9
8681,2017-01-21T14:00:00,8.71
8682,2017-01-21T14:20:00,6.13
8683,2017-01-21T14:40:00,5.48
8684,2017-01-21T15:05:00,6.45
8685,2017-01-21T15:25:00,6.13
8686,2017-01-21T15:45:00,5.81
8687,2017-01-21T16:05:00,6.13
8688,2017-01-21T16:25:00,5.48
8689,2017-01-21T16:45:00,4.84
8690,2017-01-21T17:05:00,4.19
8691,2017-01-21T17:25:00,4.19
8692,2017-01-21T17:45:00,4.19
8693,2017-01-21T18:05:00,4.52
8694,2017-01-21T18:25:00,4.19
8695,2017-01-21T18:45:00,4.84
8696,2017-01-21T19:05:00,5.48
8697,2017-01-21T19:25:00,5.48
8698,2017-01-21T19:45:00,5.48
8699,2017-01-21T20:05:00,5.48
8700,2017-01-21T20:25:00,5.16
8701,2017-01-21T20:45:00,5.48
8702,2017-01-21T21:05:00,5.16
8703,2017-01-21T21:25:00,5.16
8704,2017-01-21T21:45:00,5.16
8705,2017-01-21T22:05:00,5.16
8706,2017-01-21T22:25:00,4.84
8707,2017-01-21T22:45:00,4.84
8708,2017-01-21T23:05:00,4.84
8709,2017-01-21T23:25:00,5.16
8710,2017-01-21T23:45:00,4.84
8711,2017-01-22T00:05:00,4.84
8712,2017-01-22T00:25:00,4.84
8713,2017-01-22T00:45:00,4.84
8714,2017-01-22T01:05:00,4.84
8715,2017-01-22T01:25:00,4.84
8716,2017-01-22T01:45:00,4.52
8717,2017-01-22T02:10:00,4.84
8718,2017-01-22T02:30:00,4.84
8719,2017-01-22T02:50:00,4.52
8720,2017-01-22T03:10:00,4.52
8721,2017-01-22T03:30:00,4.84
8722,2017-01-22T03:50:00,4.84
8723,2017-01-22T04:10:00,4.84
8724,2017-01-22T04:30:00,4.52
8725,2017-01-22T04:50:00,4.52
8726,2017-01-22T05:10:00,4.52
8727,2017-01-22T05:30:00,4.52
8728,2017-01-22T05:50:00,4.52
8729,2017-01-22T06:10:00,4.52
8730,2017-01-22T06:30:00,4.52
8731,2017-01-22T06:50:00,4.52
8732,2017-01-22T07:10:00,4.52
8733,2017-01-22T07:30:00,4.52
8734,2017-01-22T07:50:00,4.52
8735,2017-01-22T08:10:00,4.52
8736,2017-01-22T08:30:00,4.52
8737,2017-01-22T08:50:00,4.52
8738,2017-01-22T09:10:00,4.52
8739,2017-01-22T09:30:00,4.52
8740,2017-01-22T09:50:00,4.52
8741,2017-01-22T10:10:00,4.52
8742,2017-01-22T10:30:00,4.19
8743,2017-01-22T10:50:00,4.19
8744,2017-01-22T11:10:00,4.19
8745,2017-01-22T11:30:00,4.19
8746,2017-01-22T11:50:00,4.19
8747,2017-01-22T12:10:00,3.87
8748,2017-01-22T12:30:00,3.87
8749,2017-01-22T12:50:00,3.87
8750,2017-01-22T13:10:00,3.87
8751,2017-01-22T13:35:00,3.87
8752,2017-01-22T13:55:00,3.87
8753,2017-01-22T14:15:00,3.87
8754,2017-01-22T14:35:00,3.55
8755,2017-01-22T14:55:00,3.55
8756,2017-01-22T15:15:00,3.55
8757,2017-01-22T15:35:00,3.55
8758,2017-01-22T15:55:00,3.55
8759,2017-01-22T16:15:00,3.23
8760,2017-01-22T16:35:00,3.23
8761,2017-01-22T16:55:00,3.23
8762,2017-01-22T17:15:00,3.23
8763,2017-01-22T17:35:00,3.23
8764,2017-01-22T17:55:00,2.9
8765,2017-01-22T18:15:00,2.9
8766,2017-01-22T18:35:00,2.9
8767,2017-01-22T18:55:00,2.9
8768,2017-01-22T19:15:00,2.9
8769,2017-01-22T19:35:00,2.58
8770,2017-01-22T19:55:00,2.58
8771,2017-01-22T20:15:00,2.58
8772,2017-01-22T20:35:00,2.58
8773,2017-01-22T20:55:00,2.58
8774,2017-01-22T21:15:00,2.58
8775,2017-01-22T21:35:00,2.26
8776,2017-01-22T21:55:00,1.94
8777,2017-01-22T22:15:00,1.94
8778,2017-01-22T22:35:00,1.61
8779,2017-01-22T22:55:00,1.61
8780,2017-01-22T23:15:00,1.61
8781,2017-01-22T23:35:00,1.61
8782,2017-01-22T23:55:00,1.29
8783,2017-01-23T00:15:00,1.29
8784,2017-01-23T00:35:00,1.29
8785,2017-01-23T01:00:00,0.97
8786,2017-01-23T01:20:00,0.97
8787,2017-01-23T01:40:00,0.65
8788,2017-01-23T02:00:00,0.65
8789,2017-01-23T02:20:00,0.65
8790,2017-01-23T02:40:00,0.65
8791,2017-01-23T03:00:00,0.97
8792,2017-01-23T03:20:00,0.97
8793,2017-01-23T03:40:00,0.97
8794,2017-01-23T04:00:00,0.97
8795,2017-01-23T04:20:00,0.97
8796,2017-01-23T04:40:00,0.97
8797,2017-01-23T05:00:00,1.29
8798,2017-01-23T05:20:00,1.29
8799,2017-01-23T05:40:00,0.97
8800,2017-01-23T06:00:00,1.29
8801,2017-01-23T06:20:00,1.29
8802,2017-01-23T06:40:00,0.97
8803,2017-01-23T07:00:00,0.65
8804,2017-01-23T07:20:00,0.65
8805,2017-01-23T07:40:00,0.65
8806,2017-01-23T08:00:00,1.29
8807,2017-01-23T08:20:00,1.29
8808,2017-01-23T08:40:00,1.61
8809,2017-01-23T09:00:00,3.23
8810,2017-01-23T09:20:00,4.84
8811,2017-01-23T09:40:00,6.13
8812,2017-01-23T10:00:00,6.13
8813,2017-01-23T10:20:00,3.87
8814,2017-01-23T10:40:00,4.52
8815,2017-01-23T11:00:00,5.81
8816,2017-01-23T11:20:00,4.19
8817,2017-01-23T11:40:00,3.23
8818,2017-01-23T12:00:00,3.23
8819,2017-01-23T12:25:00,5.48
8820,2017-01-23T12:45:00,6.45
8821,2017-01-23T13:05:00,6.13
8822,2017-01-23T13:25:00,6.45
8823,2017-01-23T13:45:00,6.45
8824,2017-01-23T14:05:00,6.13
8825,2017-01-23T14:25:00,5.48
8826,2017-01-23T14:45:00,3.87
8827,2017-01-23T15:05:00,2.58
8828,2017-01-23T15:25:00,2.26
8829,2017-01-23T15:45:00,2.26
8830,2017-01-23T16:05:00,2.26
8831,2017-01-23T16:25:00,2.26
8832,2017-01-23T16:45:00,2.26
8833,2017-01-23T17:05:00,2.26
8834,2017-01-23T17:25:00,2.26
8835,2017-01-23T17:45:00,2.26
8836,2017-01-23T18:05:00,1.94
8837,2017-01-23T18:25:00,1.61
8838,2017-01-23T18:45:00,1.61
8839,2017-01-23T19:05:00,1.29
8840,2017-01-23T19:25:00,0.97
8841,2017-01-23T19:45:00,0.65
8842,2017-01-23T20:05:00,0.65
8843,2017-01-23T20:25:00,0.65
8844,2017-01-23T20:45:00,0.65
8845,2017-01-23T21:05:00,0.32
8846,2017-01-23T21:25:00,0.65
8847,2017-01-23T21:45:00,0.32
8848,2017-01-23T22:05:00,0.32
8849,2017-01-23T22:25:00,0
8850,2017-01-23T22:45:00,0
8851,2017-01-23T23:05:00,0
8852,2017-01-23T23:25:00,0
8853,2017-01-23T23:50:00,-0.65
8854,2017-01-24T00:10:00,-0.97
8855,2017-01-24T00:30:00,-0.97
8856,2017-01-24T00:50:00,-0.97
8857,2017-01-24T01:10:00,-1.29
8858,2017-01-24T01:30:00,-1.29
8859,2017-01-24T01:50:00,-1.29
8860,2017-01-24T02:10:00,-1.29
8861,2017-01-24T02:30:00,-1.29
8862,2017-01-24T02:50:00,-1.29
8863,2017-01-24T03:10:00,-1.29
8864,2017-01-24T03:30:00,-1.29
8865,2017-01-24T03:50:00,-0.97
8866,2017-01-24T04:10:00,-1.29
8867,2017-01-24T04:30:00,-1.29
8868,2017-01-24T04:50:00,-0.97
8869,2017-01-24T05:10:00,-0.97
8870,2017-01-24T05:30:00,-0.65
8871,2017-01-24T05:50:00,-0.65
8872,2017-01-24T06:10:00,-0.32
8873,2017-01-24T06:30:00,0
8874,2017-01-24T06:50:00,0.32
8875,2017-01-24T07:10:00,0.65
8876,2017-01-24T07:30:00,0.65
8877,2017-01-24T07:50:00,0.65
8878,2017-01-24T08:10:00,0.97
8879,2017-01-24T08:30:00,1.29
8880,2017-01-24T08:50:00,1.29
8881,2017-01-24T09:10:00,1.61
8882,2017-01-24T09:30:00,3.87
8883,2017-01-24T09:50:00,5.81
8884,2017-01-24T10:10:00,3.55
8885,2017-01-24T10:30:00,3.55
8886,2017-01-24T10:55:00,4.52
8887,2017-01-24T11:15:00,4.52
8888,2017-01-24T11:35:00,5.16
8889,2017-01-24T11:55:00,4.52
8890,2017-01-24T12:15:00,4.84
8891,2017-01-24T12:35:00,4.84
8892,2017-01-24T12:55:00,5.16
8893,2017-01-24T13:15:00,5.16
8894,2017-01-24T13:35:00,5.16
8895,2017-01-24T13:55:00,5.16
8896,2017-01-24T14:15:00,5.48
8897,2017-01-24T14:35:00,4.84
8898,2017-01-24T14:55:00,4.52
8899,2017-01-24T15:15:00,4.52
8900,2017-01-24T15:35:00,4.52
8901,2017-01-24T15:55:00,4.52
8902,2017-01-24T16:15:00,4.52
8903,2017-01-24T16:35:00,4.52
8904,2017-01-24T16:55:00,4.52
8905,2017-01-24T17:15:00,4.19
8906,2017-01-24T17:35:00,4.19
8907,2017-01-24T17:55:00,3.87
8908,2017-01-24T18:15:00,3.23
8909,2017-01-24T18:35:00,2.9
8910,2017-01-24T18:55:00,2.9
8911,2017-01-24T19:15:00,2.58
8912,2017-01-24T19:35:00,2.58
8913,2017-01-24T19:55:00,2.26
8914,2017-01-24T20:15:00,2.26
8915,2017-01-24T20:35:00,1.94
8916,2017-01-24T20:55:00,1.61
8917,2017-01-24T21:15:00,1.29
8918,2017-01-24T21:35:00,1.29
8919,2017-01-24T21:55:00,0.97
8920,2017-01-24T22:20:00,0.97
8921,2017-01-24T22:40:00,0.65
8922,2017-01-24T23:00:00,0.65
8923,2017-01-24T23:20:00,0.32
8924,2017-01-24T23:40:00,0.32
8925,2017-01-25T00:00:00,0.32
8926,2017-01-25T00:20:00,0.65
8927,2017-01-25T00:40:00,0.65
8928,2017-01-25T01:00:00,0.97
8929,2017-01-25T01:20:00,0.97
8930,2017-01-25T01:40:00,0.97
8931,2017-01-25T02:00:00,0.97
8932,2017-01-25T02:20:00,1.29
8933,2017-01-25T02:40:00,0.97
8934,2017-01-25T03:00:00,1.29
8935,2017-01-25T03:20:00,1.29
8936,2017-01-25T03:40:00,1.29
8937,2017-01-25T04:00:00,1.29
8938,2017-01-25T04:20:00,1.29
8939,2017-01-25T04:40:00,1.29
8940,2017-01-25T05:00:00,1.29
8941,2017-01-25T05:20:00,1.29
8942,2017-01-25T05:40:00,1.29
8943,2017-01-25T06:00:00,1.29
8944,2017-01-25T06:20:00,1.61
8945,2017-01-25T06:40:00,1.29
8946,2017-01-25T07:00:00,1.29
8947,2017-01-25T07:20:00,1.29
8948,2017-01-25T07:40:00,0.97
8949,2017-01-25T08:00:00,0.97
8950,2017-01-25T08:20:00,0.97
8951,2017-01-25T08:40:00,0.97
8952,2017-01-25T09:00:00,0.97
8953,2017-01-25T09:20:00,0.97
8954,2017-01-25T09:45:00,0.97
8955,2017-01-25T10:05:00,0.65
8956,2017-01-25T10:25:00,1.29
8957,2017-01-25T10:45:00,1.29
8958,2017-01-25T11:05:00,1.29
8959,2017-01-25T11:25:00,1.29
8960,2017-01-25T11:45:00,1.29
8961,2017-01-25T12:05:00,1.29
8962,2017-01-25T12:25:00,1.29
8963,2017-01-25T12:45:00,1.29
8964,2017-01-25T13:05:00,1.61
8965,2017-01-26T11:55:00,-0.97
8966,2017-01-26T12:15:00,-0.97
8967,2017-01-26T12:35:00,-0.65
8968,2017-01-26T12:55:00,-0.97
8969,2017-01-26T13:15:00,-0.97
8970,2017-01-26T13:35:00,-0.97
8971,2017-01-26T13:55:00,-0.97
8972,2017-01-26T14:15:00,-0.65
8973,2017-01-26T14:35:00,-0.65
8974,2017-01-26T14:55:00,-0.32
8975,2017-01-26T15:15:00,0
8976,2017-01-26T15:40:00,0
8977,2017-01-26T16:00:00,0
8978,2017-01-26T16:20:00,0
8979,2017-01-26T16:40:00,0
8980,2017-01-26T17:00:00,0.32
8981,2017-01-26T17:20:00,0.32
8982,2017-01-26T17:40:00,0.32
8983,2017-01-26T18:00:00,0
8984,2017-01-26T18:20:00,0.32
8985,2017-01-26T18:40:00,0
8986,2017-01-26T19:20:00,0.32
8987,2017-01-26T19:40:00,0.32
8988,2017-01-26T20:00:00,0.32
8989,2017-01-26T20:20:00,0.32
8990,2017-01-26T20:40:00,0
8991,2017-01-26T21:00:00,0.32
8992,2017-01-26T21:20:00,0
8993,2017-01-31T14:50:00,1.61
8994,2017-01-31T15:10:00,1.61
8995,2017-01-31T15:30:00,1.61
8996,2017-01-31T15:50:00,1.61
8997,2017-01-31T16:10:00,1.61
8998,2017-01-31T16:30:00,1.61
8999,2017-01-31T16:50:00,1.61
9000,2017-01-31T17:10:00,1.61
9001,2017-01-31T17:30:00,1.61
9002,2017-01-31T17:50:00,1.61
9003,2017-01-31T18:10:00,1.61
9004,2017-01-31T18:30:00,1.29
9005,2017-01-31T18:55:00,1.29
9006,2017-01-31T19:15:00,0.97
9007,2017-01-31T19:35:00,0.97
9008,2017-01-31T19:55:00,0.65
9009,2017-01-31T20:15:00,0.65
9010,2017-01-31T20:35:00,0.32
9011,2017-01-31T20:55:00,0.32
9012,2017-01-31T21:15:00,0.32
9013,2017-02-02T13:10:00,0.32
9014,2017-02-02T13:30:00,0.65
9015,2017-02-02T13:50:00,0.65
9016,2017-02-02T14:10:00,0.65
9017,2017-02-02T14:30:00,0.65
9018,2017-02-02T14:50:00,0.32
9019,2017-02-02T15:10:00,0.32
9020,2017-02-02T15:35:00,0.65
9021,2017-02-02T15:55:00,0.32
9022,2017-02-02T16:15:00,0.65
9023,2017-02-02T16:35:00,0.65
9024,2017-02-02T16:55:00,0.97
9025,2017-02-02T17:15:00,0.97
9026,2017-02-02T17:35:00,0.97
9027,2017-02-02T17:55:00,0.97
9028,2017-02-02T18:15:00,0.97
9029,2017-02-02T18:35:00,0.97
9030,2017-02-02T18:55:00,0.97
9031,2017-02-02T19:35:00,0.97
9032,2017-02-02T19:55:00,0.97
9033,2017-02-02T20:15:00,0.97
9034,2017-02-02T20:35:00,0.97
9035,2017-02-02T20:55:00,0.97
9036,2017-02-02T21:15:00,0.97
9037,2017-02-03T07:40:00,0.65
9038,2017-02-03T08:00:00,0.65
9039,2017-02-03T08:20:00,0.65
9040,2017-02-03T08:40:00,0.65
9041,2017-02-03T09:00:00,0.97
9042,2017-02-03T09:20:00,0.97
9043,2017-02-03T09:40:00,0.97
9044,2017-02-06T09:55:00,1.29
9045,2017-02-06T10:15:00,1.61
9046,2017-02-06T10:35:00,1.94
9047,2017-02-06T10:55:00,1.94
9048,2017-02-06T11:15:00,1.61
9049,2017-02-06T11:35:00,1.61
9050,2017-02-06T11:55:00,1.61
9051,2017-02-06T12:15:00,1.29
9052,2017-02-06T12:35:00,1.29
9053,2017-02-06T12:55:00,0.97
9054,2017-02-06T13:15:00,0.97
9055,2017-02-06T13:35:00,0.97
9056,2017-02-06T13:55:00,0.97
9057,2017-02-06T14:15:00,0.65
9058,2017-02-06T14:35:00,0.65
9059,2017-02-06T14:55:00,0.65
9060,2017-02-06T15:15:00,0.32
9061,2017-02-06T15:35:00,0.32
9062,2017-02-06T15:55:00,0.32
9063,2017-02-06T16:15:00,0.32
9064,2017-02-06T16:35:00,0.65
9065,2017-02-06T16:55:00,0.65
9066,2017-02-06T17:15:00,0.65
9067,2017-02-06T17:35:00,0.97
9068,2017-02-06T17:55:00,0.65
9069,2017-02-06T18:15:00,0.65
9070,2017-02-06T18:35:00,0
9071,2017-02-06T18:55:00,0.32
9072,2017-02-06T19:15:00,0.32
9073,2017-02-06T19:35:00,0
9074,2017-02-06T19:55:00,0
9075,2017-02-06T20:15:00,0
9076,2017-02-06T20:40:00,0
9077,2017-02-06T21:00:00,-0.32
9078,2017-02-06T21:20:00,-0.32
9079,2017-02-06T21:40:00,-0.65
9080,2017-02-06T22:00:00,-0.65
9081,2017-02-06T22:20:00,-0.97
9082,2017-02-06T22:40:00,-0.97
9083,2017-02-06T23:00:00,-0.97
9084,2017-02-06T23:20:00,-0.97
9085,2017-02-06T23:40:00,-0.97
9086,2017-02-08T14:35:00,-2.58
9087,2017-02-08T14:55:00,-2.58
9088,2017-02-08T15:15:00,-2.58
9089,2017-02-08T15:35:00,-2.58
9090,2017-02-08T15:55:00,-2.58
9091,2017-02-08T16:15:00,-2.58
9092,2017-02-08T16:35:00,-2.58
9093,2017-02-08T17:00:00,-2.58
9094,2017-02-08T17:20:00,-2.26
9095,2017-02-08T17:40:00,-2.26
9096,2017-02-08T18:00:00,-2.26
9097,2017-02-08T18:20:00,-2.58
9098,2017-02-08T18:40:00,-2.26
9099,2017-02-08T19:00:00,-2.26
9100,2017-02-08T19:20:00,-2.58
9101,2017-02-08T19:40:00,-2.9
9102,2017-02-08T20:00:00,-2.9
9103,2017-02-08T20:20:00,-2.9
9104,2017-02-08T20:40:00,-2.9
9105,2017-02-08T21:00:00,-2.58
9106,2017-02-08T21:20:00,-2.9
9107,2017-02-08T21:40:00,-2.9
9108,2017-02-08T22:00:00,-1.61
9109,2017-02-08T22:20:00,-2.9
9110,2017-02-08T22:40:00,-2.58
9111,2017-02-08T23:00:00,-2.58
9112,2017-02-08T23:20:00,-2.58
9113,2017-02-08T23:40:00,-2.9
9114,2017-02-09T09:25:00,-2.26
9115,2017-02-09T09:45:00,-2.26
9116,2017-02-09T10:05:00,-2.26
9117,2017-02-09T10:25:00,-2.26
9118,2017-02-09T10:45:00,-2.26
9119,2017-02-09T11:05:00,-1.94
9120,2017-02-09T11:25:00,-2.26
9121,2017-02-09T11:45:00,-1.94
9122,2017-02-09T12:05:00,-1.94
9123,2017-02-09T12:25:00,-2.26
9124,2017-02-09T12:45:00,-2.26
9125,2017-02-09T13:05:00,-1.94
9126,2017-02-09T13:25:00,-1.94
9127,2017-02-09T13:45:00,-1.94
9128,2017-02-09T14:05:00,-1.94
9129,2017-02-09T14:25:00,-1.94
9130,2017-02-09T14:45:00,-1.94
9131,2017-02-09T15:05:00,-2.58
9132,2017-02-09T15:30:00,-2.26
9133,2017-02-09T15:50:00,-2.26
9134,2017-02-09T16:10:00,-2.26
9135,2017-02-09T16:30:00,-2.26
9136,2017-02-09T16:50:00,-1.94
9137,2017-02-09T17:10:00,-2.26
9138,2017-02-09T17:30:00,-2.26
9139,2017-02-09T17:50:00,-2.26
9140,2017-02-09T18:10:00,-2.26
9141,2017-02-09T18:30:00,-2.26
9142,2017-02-09T18:50:00,-2.26
9143,2017-02-09T19:10:00,-2.26
9144,2017-02-09T19:30:00,-2.58
9145,2017-02-09T19:50:00,-2.58
9146,2017-02-09T20:10:00,-2.58
9147,2017-02-09T20:30:00,-2.58
9148,2017-02-09T20:50:00,-2.58
9149,2017-02-09T21:10:00,-2.58
9150,2017-02-09T21:30:00,-2.58
9151,2017-02-09T21:50:00,-2.58
9152,2017-02-09T22:10:00,-2.58
9153,2017-02-09T22:30:00,-2.58
9154,2017-02-09T22:50:00,-2.58
9155,2017-02-09T23:10:00,-2.9
9156,2017-02-09T23:30:00,-2.9
9157,2017-02-09T23:50:00,-2.9
9158,2017-02-10T07:55:00,-1.29
9159,2017-02-10T08:15:00,-1.29
9160,2017-02-10T08:35:00,-1.29
9161,2017-02-10T08:55:00,-1.29
9162,2017-02-10T09:15:00,-1.29
9163,2017-02-10T09:35:00,-0.97
9164,2017-02-10T09:55:00,-0.97
9165,2017-02-10T10:15:00,-0.97
9166,2017-02-10T10:35:00,-0.97
9167,2017-02-10T10:55:00,-0.97
9168,2017-02-10T11:15:00,-0.97
9169,2017-02-10T11:35:00,-0.97
9170,2017-02-10T11:55:00,-0.97
9171,2017-02-10T12:15:00,-0.97
9172,2017-02-10T12:35:00,-0.65
9173,2017-02-10T12:55:00,-0.65
9174,2017-02-10T13:15:00,-0.65
9175,2017-02-10T13:40:00,-0.65
9176,2017-02-10T14:00:00,-0.65
9177,2017-02-10T14:20:00,-0.65
9178,2017-02-10T14:40:00,-0.97
9179,2017-02-10T15:00:00,-0.97
9180,2017-02-10T15:20:00,-0.97
9181,2017-02-10T15:40:00,-0.97
9182,2017-02-10T16:00:00,-0.97
9183,2017-02-10T16:20:00,-0.97
9184,2017-02-10T16:40:00,-0.65
9185,2017-02-10T17:00:00,-0.65
9186,2017-02-10T17:20:00,-0.65
9187,2017-02-10T17:40:00,-0.32
9188,2017-02-10T18:00:00,0
9189,2017-02-10T18:20:00,0.32
9190,2017-02-10T18:40:00,0.32
9191,2017-02-10T19:00:00,0.32
9192,2017-02-10T19:20:00,0.32
9193,2017-02-10T19:40:00,0.32
9194,2017-02-10T20:00:00,0.32
9195,2017-02-10T20:20:00,0.32
9196,2017-02-10T20:40:00,0.32
9197,2017-02-10T21:00:00,0.32
9198,2017-02-10T21:20:00,0.32
9199,2017-02-10T21:40:00,0.32
9200,2017-02-10T22:00:00,0.32
9201,2017-02-10T22:20:00,0.32
9202,2017-02-10T22:40:00,0.32
9203,2017-02-10T23:00:00,0.32
9204,2017-02-10T23:20:00,0.32
9205,2017-02-10T23:40:00,0.32
9206,2017-02-13T10:30:00,-0.97
9207,2017-02-13T10:50:00,-0.97
9208,2017-02-13T11:10:00,-0.65
9209,2017-02-13T11:30:00,-0.97
9210,2017-02-13T11:50:00,0
9211,2017-02-13T12:10:00,0.32
9212,2017-02-13T12:30:00,-0.97
9213,2017-02-13T12:50:00,-0.97
9214,2017-02-13T13:10:00,-0.97
9215,2017-02-13T13:30:00,-0.97
9216,2017-02-13T13:50:00,-0.32
9217,2017-02-13T14:10:00,-0.65
9218,2017-02-13T14:30:00,2.26
9219,2017-02-13T14:50:00,-0.97
9220,2017-02-13T15:10:00,1.61
9221,2017-02-13T15:30:00,0.97
9222,2017-02-13T15:50:00,-1.61
9223,2017-02-13T16:10:00,-1.94
9224,2017-02-13T16:30:00,-1.94
9225,2017-02-13T16:50:00,-1.94
9226,2017-02-13T17:10:00,-1.94
9227,2017-02-13T17:30:00,-1.94
9228,2017-02-13T17:50:00,-2.26
9229,2017-02-13T18:10:00,-2.26
9230,2017-02-13T18:30:00,-2.26
9231,2017-02-13T18:50:00,-2.26
9232,2017-02-13T19:10:00,-1.94
9233,2017-02-13T19:30:00,-1.94
9234,2017-02-13T19:50:00,-1.94
9235,2017-02-13T20:15:00,-1.94
9236,2017-02-13T20:35:00,-2.26
9237,2017-02-13T20:55:00,-1.94
9238,2017-02-13T21:15:00,-1.94
9239,2017-02-13T21:35:00,-1.94
9240,2017-02-13T21:55:00,-1.94
9241,2017-02-13T22:15:00,-1.94
9242,2017-02-13T22:35:00,-1.94
9243,2017-02-13T22:55:00,-1.94
9244,2017-02-13T23:15:00,-1.61
9245,2017-02-13T23:35:00,-1.94
9246,2017-02-13T23:55:00,-1.94
9247,2017-02-14T00:15:00,-1.61
9248,2017-02-14T00:35:00,-1.61
9249,2017-02-14T00:55:00,-1.61
9250,2017-02-14T01:15:00,-1.61
9251,2017-02-14T01:35:00,-3.23
9252,2017-02-14T01:55:00,-3.55
9253,2017-02-14T02:15:00,-3.87
9254,2017-02-14T02:35:00,-3.87
9255,2017-02-14T02:55:00,-4.19
9256,2017-02-14T03:15:00,-4.84
9257,2017-02-14T03:35:00,-4.84
9258,2017-02-14T03:55:00,-4.84
9259,2017-02-14T04:15:00,-4.84
9260,2017-02-14T04:35:00,-4.84
9261,2017-02-14T04:55:00,-4.52
9262,2017-02-14T05:15:00,-4.19
9263,2017-02-14T05:35:00,-3.87
9264,2017-02-14T05:55:00,-3.55
9265,2017-02-14T06:15:00,-3.87
9266,2017-02-14T06:35:00,-3.55
9267,2017-02-14T06:55:00,-2.58
9268,2017-02-14T07:15:00,0
9269,2017-02-14T07:40:00,2.26
9270,2017-02-14T08:00:00,0
9271,2017-02-14T08:20:00,3.87
9272,2017-02-14T08:40:00,3.55
9273,2017-02-14T09:00:00,4.52
9274,2017-02-14T09:20:00,4.52
9275,2017-02-14T09:40:00,4.84
9276,2017-02-14T10:00:00,4.84
9277,2017-02-14T10:20:00,5.16
9278,2017-02-14T10:40:00,5.16
9279,2017-02-14T11:00:00,5.48
9280,2017-02-14T11:20:00,5.48
9281,2017-02-14T11:40:00,5.48
9282,2017-02-14T12:00:00,6.13
9283,2017-02-14T12:20:00,5.81
9284,2017-02-14T12:40:00,6.13
9285,2017-02-14T13:00:00,6.45
9286,2017-02-14T13:20:00,6.77
9287,2017-02-14T13:40:00,6.45
9288,2017-02-14T14:00:00,6.13
9289,2017-02-14T14:20:00,5.48
9290,2017-02-14T14:40:00,4.84
9291,2017-02-14T15:00:00,4.52
9292,2017-02-14T15:20:00,2.9
9293,2017-02-14T15:40:00,2.26
9294,2017-02-14T16:00:00,0
9295,2017-02-14T16:20:00,-0.32
9296,2017-02-14T16:40:00,-0.65
9297,2017-02-14T17:00:00,-0.65
9298,2017-02-14T17:20:00,-0.65
9299,2017-02-14T17:40:00,-0.65
9300,2017-02-14T18:00:00,-0.65
9301,2017-02-14T18:20:00,-0.65
9302,2017-02-14T18:45:00,-0.65
9303,2017-02-14T19:05:00,-0.65
9304,2017-02-14T19:25:00,-0.65
9305,2017-02-14T19:45:00,-0.65
9306,2017-02-14T20:05:00,-0.65
9307,2017-02-14T20:25:00,-0.65
9308,2017-02-14T20:45:00,-0.65
9309,2017-02-14T21:05:00,-0.32
9310,2017-02-14T21:25:00,-0.65
9311,2017-02-14T21:45:00,-0.65
9312,2017-02-14T22:05:00,-0.65
9313,2017-02-14T22:25:00,-0.65
9314,2017-02-14T22:45:00,-0.97
9315,2017-02-14T23:05:00,-1.94
9316,2017-02-14T23:25:00,-0.97
9317,2017-02-14T23:45:00,-1.61
9318,2017-02-15T00:05:00,-1.94
9319,2017-02-15T00:25:00,-1.94
9320,2017-02-15T00:45:00,-1.61
9321,2017-02-15T01:05:00,-1.29
9322,2017-02-15T01:25:00,-1.61
9323,2017-02-15T01:45:00,-0.97
9324,2017-02-15T02:05:00,-1.61
9325,2017-02-15T02:25:00,-1.61
9326,2017-02-15T02:45:00,-1.94
9327,2017-02-15T03:05:00,-1.61
9328,2017-02-15T03:25:00,-1.94
9329,2017-02-15T03:45:00,-1.61
9330,2017-02-15T04:05:00,-1.29
9331,2017-02-15T04:25:00,-1.29
9332,2017-02-15T04:45:00,-1.29
9333,2017-02-15T05:05:00,-1.29
9334,2017-02-15T05:25:00,-1.29
9335,2017-02-15T05:45:00,-1.29
9336,2017-02-15T06:10:00,-1.29
9337,2017-02-15T06:30:00,-1.29
9338,2017-02-15T06:50:00,-1.29
9339,2017-02-15T07:10:00,-0.32
9340,2017-02-15T07:30:00,1.94
9341,2017-02-15T07:50:00,4.84
9342,2017-02-15T08:10:00,6.45
9343,2017-02-15T08:30:00,7.42
9344,2017-02-15T08:50:00,8.06
9345,2017-02-15T09:10:00,6.77
9346,2017-02-15T09:30:00,7.42
9347,2017-02-15T09:50:00,7.42
9348,2017-02-15T10:10:00,10
9349,2017-02-15T13:10:00,6.13
9350,2017-02-15T13:30:00,6.45
9351,2017-02-15T13:50:00,5.81
9352,2017-02-15T14:10:00,5.48
9353,2017-02-15T14:30:00,5.81
9354,2017-02-15T14:50:00,6.13
9355,2017-02-15T15:10:00,4.52
9356,2017-02-15T15:30:00,4.19
9357,2017-02-15T15:50:00,1.29
9358,2017-02-15T16:10:00,0.32
9359,2017-02-15T16:30:00,0
9360,2017-02-15T16:55:00,0
9361,2017-02-15T17:15:00,-0.65
9362,2017-02-15T17:35:00,-0.65
9363,2017-02-15T17:55:00,0
9364,2017-02-15T18:15:00,0.65
9365,2017-02-15T18:35:00,0.65
9366,2017-02-15T18:55:00,0.32
9367,2017-02-15T19:15:00,0.32
9368,2017-02-15T19:35:00,0.32
9369,2017-02-15T19:55:00,0
9370,2017-02-15T20:15:00,0.32
9371,2017-02-15T20:35:00,0.32
9372,2017-02-15T20:55:00,0
9373,2017-02-15T21:15:00,0
9374,2017-02-15T21:35:00,0
9375,2017-02-15T21:55:00,-0.65
9376,2017-02-15T22:15:00,-0.65
9377,2017-02-15T22:35:00,-1.61
9378,2017-02-15T22:55:00,-1.61
9379,2017-02-15T23:15:00,-0.97
9380,2017-02-15T23:35:00,-0.65
9381,2017-02-15T23:55:00,0
9382,2017-02-16T00:15:00,0
9383,2017-02-16T00:35:00,-0.65
9384,2017-02-16T00:55:00,-0.65
9385,2017-02-16T01:15:00,-0.32
9386,2017-02-16T01:35:00,-0.32
9387,2017-02-16T01:55:00,0.32
9388,2017-02-16T02:15:00,0.32
9389,2017-02-16T02:35:00,0.65
9390,2017-02-16T02:55:00,2.26
9391,2017-02-16T03:15:00,1.94
9392,2017-02-16T03:35:00,1.61
9393,2017-02-16T03:55:00,1.61
9394,2017-02-16T04:20:00,0.65
9395,2017-02-16T04:40:00,1.29
9396,2017-02-16T05:00:00,1.61
9397,2017-02-16T05:20:00,2.9
9398,2017-02-16T05:40:00,3.55
9399,2017-02-16T06:00:00,3.55
9400,2017-02-16T06:20:00,3.87
9401,2017-02-16T06:40:00,3.55
9402,2017-02-16T07:00:00,3.55
9403,2017-02-16T07:20:00,3.55
9404,2017-02-16T07:40:00,3.23
9405,2017-02-16T08:00:00,3.55
9406,2017-02-16T08:20:00,3.23
9407,2017-02-16T08:40:00,3.23
9408,2017-02-16T09:00:00,3.55
9409,2017-02-16T09:20:00,3.87
9410,2017-02-16T09:40:00,4.19
9411,2017-02-16T10:00:00,4.19
9412,2017-02-16T10:20:00,4.19
9413,2017-02-16T10:40:00,3.87
9414,2017-02-16T11:00:00,3.87
9415,2017-02-16T11:20:00,4.19
9416,2017-02-16T11:40:00,4.52
9417,2017-02-16T12:00:00,4.52
9418,2017-02-16T12:20:00,4.84
9419,2017-02-16T12:40:00,4.52
9420,2017-02-16T13:00:00,4.52
9421,2017-02-16T13:20:00,4.52
9422,2017-02-16T13:40:00,5.16
9423,2017-02-16T14:00:00,5.16
9424,2017-02-16T14:20:00,5.48
9425,2017-02-16T14:40:00,5.16
9426,2017-02-16T15:00:00,5.16
9427,2017-02-16T15:20:00,5.16
9428,2017-02-16T15:45:00,5.16
9429,2017-02-16T16:05:00,4.84
9430,2017-02-16T16:25:00,4.84
9431,2017-02-16T16:45:00,4.52
9432,2017-02-16T17:05:00,4.84
9433,2017-02-16T17:25:00,4.84
9434,2017-02-16T17:45:00,4.52
9435,2017-02-16T18:05:00,4.52
9436,2017-02-16T18:25:00,4.19
9437,2017-02-16T18:45:00,3.87
9438,2017-02-16T19:05:00,3.87
9439,2017-02-16T19:25:00,3.87
9440,2017-02-16T19:45:00,3.87
9441,2017-02-16T20:05:00,3.87
9442,2017-02-16T20:25:00,3.87
9443,2017-02-16T20:45:00,3.87
9444,2017-02-16T21:05:00,3.87
9445,2017-02-16T21:25:00,3.87
9446,2017-02-16T21:45:00,3.87
9447,2017-02-16T22:05:00,3.87
9448,2017-02-16T22:25:00,3.87
9449,2017-02-16T22:45:00,3.87
9450,2017-02-16T23:05:00,3.87
9451,2017-02-16T23:25:00,3.87
9452,2017-02-16T23:45:00,3.87
9453,2017-02-17T00:05:00,3.87
9454,2017-02-17T00:25:00,3.55
9455,2017-02-17T00:45:00,3.87
9456,2017-02-17T01:05:00,3.87
9457,2017-02-17T01:25:00,3.87
9458,2017-02-17T01:45:00,3.55
9459,2017-02-17T02:05:00,3.55
9460,2017-02-17T02:25:00,3.87
9461,2017-02-17T02:50:00,3.87
9462,2017-02-17T03:10:00,3.87
9463,2017-02-17T03:30:00,3.87
9464,2017-02-17T03:50:00,3.55
9465,2017-02-17T04:10:00,3.87
9466,2017-02-17T04:30:00,3.87
9467,2017-02-17T04:50:00,3.87
9468,2017-02-17T05:10:00,3.87
9469,2017-02-17T05:30:00,3.87
9470,2017-02-17T05:50:00,3.87
9471,2017-02-17T06:10:00,3.87
9472,2017-02-17T06:30:00,4.19
9473,2017-02-17T06:50:00,3.87
9474,2017-02-17T07:10:00,3.87
9475,2017-02-17T07:30:00,3.87
9476,2017-02-17T07:50:00,4.19
9477,2017-02-17T08:10:00,4.19
9478,2017-02-17T08:30:00,4.52
9479,2017-02-17T08:50:00,4.52
9480,2017-02-17T09:10:00,4.84
9481,2017-02-17T09:30:00,4.84
9482,2017-02-17T09:50:00,5.16
9483,2017-02-17T10:10:00,5.48
9484,2017-02-17T10:30:00,5.81
9485,2017-02-17T10:50:00,6.13
9486,2017-02-17T11:10:00,7.1
9487,2017-02-17T11:30:00,7.74
9488,2017-02-17T11:50:00,7.1
9489,2017-02-17T12:10:00,7.1
9490,2017-02-17T12:30:00,8.71
9491,2017-02-17T12:50:00,8.39
9492,2017-02-17T13:10:00,11.29
9493,2017-02-17T13:30:00,11.94
9494,2017-02-17T13:50:00,8.71
9495,2017-02-17T14:15:00,9.03
9496,2017-02-17T14:35:00,7.74
9497,2017-02-17T14:55:00,7.42
9498,2017-02-17T15:15:00,6.77
9499,2017-02-17T15:35:00,6.77
9500,2017-02-17T15:55:00,6.13
9501,2017-02-17T16:15:00,5.81
9502,2017-02-17T16:35:00,4.84
9503,2017-02-17T16:55:00,4.52
9504,2017-02-17T17:15:00,3.87
9505,2017-02-17T17:35:00,3.87
9506,2017-02-17T17:55:00,3.55
9507,2017-02-17T18:15:00,3.87
9508,2017-02-17T18:35:00,3.87
9509,2017-02-17T18:55:00,3.87
9510,2017-02-17T19:15:00,3.87
9511,2017-02-17T19:35:00,3.87
9512,2017-02-17T19:55:00,3.87
9513,2017-02-17T20:15:00,3.87
9514,2017-02-17T20:35:00,3.87
9515,2017-02-17T20:55:00,3.23
9516,2017-02-17T21:15:00,2.58
9517,2017-02-17T21:35:00,2.26
9518,2017-02-17T21:55:00,1.94
9519,2017-02-17T22:15:00,1.94
9520,2017-02-17T22:35:00,2.26
9521,2017-02-17T22:55:00,2.26
9522,2017-02-17T23:15:00,2.26
9523,2017-02-17T23:35:00,2.58
9524,2017-02-17T23:55:00,2.9
9525,2017-02-18T00:15:00,2.9
9526,2017-02-18T00:35:00,2.9
9527,2017-02-18T00:55:00,2.58
9528,2017-02-18T01:15:00,2.58
9529,2017-02-18T01:40:00,2.26
9530,2017-02-18T02:00:00,2.26
9531,2017-02-18T02:20:00,2.58
9532,2017-02-18T02:40:00,2.58
9533,2017-02-18T03:00:00,2.26
9534,2017-02-18T03:20:00,2.26
9535,2017-02-18T03:40:00,2.26
9536,2017-02-18T04:00:00,2.26
9537,2017-02-18T04:20:00,2.58
9538,2017-02-18T04:40:00,2.26
9539,2017-02-18T05:00:00,2.26
9540,2017-02-18T05:20:00,2.26
9541,2017-02-18T05:40:00,2.26
9542,2017-02-18T06:00:00,2.58
9543,2017-02-18T06:20:00,2.58
9544,2017-02-18T06:40:00,2.9
9545,2017-02-18T07:00:00,2.9
9546,2017-02-18T07:20:00,3.23
9547,2017-02-18T07:40:00,3.87
9548,2017-02-18T08:00:00,3.87
9549,2017-02-18T08:20:00,4.52
9550,2017-02-18T08:40:00,4.52
9551,2017-02-18T09:00:00,4.19
9552,2017-02-18T09:20:00,4.19
9553,2017-02-18T09:40:00,4.19
9554,2017-02-18T10:00:00,4.19
9555,2017-02-18T10:20:00,4.19
9556,2017-02-18T10:40:00,4.52
9557,2017-02-18T11:00:00,4.19
9558,2017-02-18T11:20:00,4.84
9559,2017-02-18T11:40:00,4.84
9560,2017-02-18T12:00:00,4.84
9561,2017-02-18T12:20:00,4.84
9562,2017-02-18T12:40:00,4.84
9563,2017-02-18T13:05:00,4.52
9564,2017-02-18T13:25:00,4.19
9565,2017-02-18T13:45:00,4.52
9566,2017-02-18T14:05:00,4.52
9567,2017-02-18T14:25:00,4.19
9568,2017-02-18T14:45:00,4.52
9569,2017-02-18T15:05:00,4.19
9570,2017-02-18T15:25:00,4.19
9571,2017-02-18T15:45:00,4.19
9572,2017-02-18T16:05:00,4.19
9573,2017-02-18T16:25:00,3.87
9574,2017-02-18T16:45:00,3.87
9575,2017-02-18T17:05:00,3.87
9576,2017-02-18T17:25:00,3.87
9577,2017-02-18T17:45:00,3.87
9578,2017-02-18T18:05:00,3.87
9579,2017-02-18T18:25:00,3.87
9580,2017-02-18T18:45:00,3.87
9581,2017-02-18T19:05:00,3.87
9582,2017-02-18T19:25:00,3.87
9583,2017-02-18T19:45:00,3.87
9584,2017-02-18T20:05:00,3.87
9585,2017-02-18T20:25:00,3.87
9586,2017-02-18T20:45:00,3.87
9587,2017-02-18T21:05:00,3.87
9588,2017-02-18T21:25:00,3.87
9589,2017-02-18T21:45:00,3.87
9590,2017-02-18T22:05:00,3.87
9591,2017-02-18T22:25:00,3.87
9592,2017-02-18T22:45:00,3.87
9593,2017-02-18T23:05:00,3.55
9594,2017-02-18T23:25:00,3.55
9595,2017-02-18T23:45:00,3.55
9596,2017-02-19T00:10:00,3.55
9597,2017-02-19T00:30:00,3.55
9598,2017-02-19T00:50:00,3.55
9599,2017-02-19T01:10:00,3.87
9600,2017-02-19T01:30:00,3.55
9601,2017-02-19T01:50:00,3.55
9602,2017-02-19T02:10:00,3.87
9603,2017-02-19T02:30:00,4.19
9604,2017-02-19T02:50:00,4.19
9605,2017-02-19T03:10:00,4.19
9606,2017-02-19T03:30:00,3.87
9607,2017-02-19T03:50:00,3.87
9608,2017-02-19T04:10:00,3.87
9609,2017-02-19T04:30:00,3.87
9610,2017-02-19T04:50:00,3.87
9611,2017-02-19T05:10:00,3.87
9612,2017-02-19T05:30:00,3.55
9613,2017-02-19T05:50:00,3.87
9614,2017-02-19T06:10:00,4.19
9615,2017-02-19T06:30:00,4.19
9616,2017-02-19T06:50:00,4.19
9617,2017-02-19T07:10:00,4.19
9618,2017-02-19T07:30:00,4.52
9619,2017-02-19T07:50:00,4.52
9620,2017-02-19T08:10:00,4.52
9621,2017-02-19T08:30:00,4.84
9622,2017-02-19T08:50:00,5.16
9623,2017-02-19T09:10:00,5.16
9624,2017-02-19T09:30:00,5.48
9625,2017-02-19T09:50:00,5.48
9626,2017-02-19T10:10:00,5.48
9627,2017-02-19T10:30:00,5.48
9628,2017-02-19T10:50:00,6.13
9629,2017-02-19T11:10:00,6.77
9630,2017-02-19T11:35:00,6.45
9631,2017-02-19T11:55:00,6.45
9632,2017-02-19T12:15:00,6.77
9633,2017-02-19T12:35:00,7.42
9634,2017-02-19T12:55:00,7.74
9635,2017-02-19T13:15:00,10.32
9636,2017-02-19T13:35:00,8.71
9637,2017-02-19T13:55:00,8.39
9638,2017-02-19T14:15:00,7.74
9639,2017-02-19T14:35:00,7.74
9640,2017-02-19T14:55:00,7.74
9641,2017-02-19T15:15:00,7.42
9642,2017-02-19T15:35:00,7.1
9643,2017-02-19T15:55:00,6.77
9644,2017-02-19T16:15:00,6.77
9645,2017-02-19T16:35:00,6.77
9646,2017-02-19T16:55:00,6.77
9647,2017-02-19T17:15:00,6.45
9648,2017-02-19T17:35:00,6.45
9649,2017-02-19T17:55:00,6.45
9650,2017-02-19T18:15:00,6.45
9651,2017-02-19T18:35:00,6.13
9652,2017-02-19T18:55:00,6.13
9653,2017-02-19T19:15:00,5.48
9654,2017-02-19T19:35:00,5.48
9655,2017-02-19T19:55:00,5.16
9656,2017-02-19T20:15:00,5.16
9657,2017-02-19T20:35:00,4.84
9658,2017-02-19T20:55:00,4.84
9659,2017-02-19T21:15:00,4.84
9660,2017-02-19T21:35:00,4.52
9661,2017-02-19T21:55:00,4.52
9662,2017-02-19T22:15:00,4.52
9663,2017-02-19T22:35:00,3.87
9664,2017-02-19T23:00:00,4.19
9665,2017-02-19T23:20:00,4.19
9666,2017-02-19T23:40:00,3.87
9667,2017-02-20T00:00:00,4.19
9668,2017-02-20T00:20:00,4.19
9669,2017-02-20T00:40:00,4.19
9670,2017-02-20T01:00:00,4.19
9671,2017-02-20T01:20:00,4.52
9672,2017-02-20T01:40:00,4.84
9673,2017-02-20T02:00:00,5.16
9674,2017-02-20T02:20:00,5.48
9675,2017-02-20T02:40:00,5.16
9676,2017-02-20T03:00:00,5.16
9677,2017-02-20T03:20:00,5.16
9678,2017-02-20T03:40:00,5.48
9679,2017-02-20T04:00:00,5.48
9680,2017-02-20T04:20:00,5.81
9681,2017-02-20T04:40:00,6.13
9682,2017-02-20T05:00:00,6.13
9683,2017-02-20T05:20:00,5.81
9684,2017-02-20T05:40:00,6.13
9685,2017-02-20T06:00:00,6.13
9686,2017-02-20T06:20:00,6.45
9687,2017-02-20T06:40:00,6.13
9688,2017-02-20T07:00:00,5.81
9689,2017-02-20T07:20:00,5.81
9690,2017-02-20T07:40:00,5.81
9691,2017-02-20T08:00:00,6.13
9692,2017-02-20T08:20:00,5.81
9693,2017-02-20T08:40:00,6.13
9694,2017-02-20T09:00:00,6.13
9695,2017-02-20T09:20:00,6.13
9696,2017-02-20T09:40:00,6.13
9697,2017-02-20T10:00:00,6.45
9698,2017-02-20T10:25:00,6.45
9699,2017-02-20T10:45:00,7.1
9700,2017-02-20T11:05:00,7.1
9701,2017-02-20T11:25:00,7.1
9702,2017-02-20T11:45:00,7.42
9703,2017-02-20T12:05:00,6.77
9704,2017-02-20T12:25:00,7.42
9705,2017-02-20T12:45:00,7.42
9706,2017-02-20T13:05:00,7.42
9707,2017-02-20T13:25:00,7.74
9708,2017-02-20T13:45:00,7.74
9709,2017-02-20T14:05:00,8.39
9710,2017-02-20T14:25:00,7.42
9711,2017-02-20T14:45:00,6.77
9712,2017-02-20T15:05:00,6.77
9713,2017-02-20T15:25:00,6.77
9714,2017-02-20T15:45:00,7.42
9715,2017-02-20T16:05:00,7.42
9716,2017-02-20T16:25:00,7.42
9717,2017-02-20T16:45:00,7.1
9718,2017-02-20T17:05:00,7.1
9719,2017-02-20T17:25:00,7.1
9720,2017-02-20T17:45:00,7.1
9721,2017-02-20T18:05:00,6.77
9722,2017-02-20T18:25:00,7.1
9723,2017-02-20T18:45:00,6.77
9724,2017-02-20T19:05:00,6.45
9725,2017-02-20T19:25:00,6.77
9726,2017-02-20T19:45:00,6.45
9727,2017-02-20T20:05:00,6.45
9728,2017-02-20T20:25:00,6.45
9729,2017-02-20T20:45:00,6.13
9730,2017-02-20T21:05:00,6.13
9731,2017-02-20T21:25:00,6.13
9732,2017-02-20T21:50:00,6.13
9733,2017-02-20T22:10:00,6.45
9734,2017-02-20T22:30:00,6.45
9735,2017-02-20T22:50:00,6.45
9736,2017-02-20T23:10:00,6.45
9737,2017-02-20T23:30:00,6.45
9738,2017-02-20T23:50:00,6.13
9739,2017-02-21T00:10:00,5.81
9740,2017-02-21T00:30:00,6.13
9741,2017-02-21T00:50:00,6.13
9742,2017-02-21T01:10:00,6.13
9743,2017-02-21T01:30:00,6.13
9744,2017-02-21T01:50:00,5.81
9745,2017-02-21T02:10:00,5.81
9746,2017-02-21T02:30:00,5.48
9747,2017-02-21T02:50:00,5.48
9748,2017-02-21T03:10:00,5.16
9749,2017-02-21T03:30:00,5.16
9750,2017-02-21T03:50:00,5.16
9751,2017-02-21T04:10:00,5.16
9752,2017-02-21T04:30:00,4.84
9753,2017-02-21T04:50:00,5.16
9754,2017-02-21T05:10:00,4.84
9755,2017-02-21T05:30:00,5.16
9756,2017-02-21T05:50:00,5.16
9757,2017-02-21T06:10:00,5.16
9758,2017-02-21T06:30:00,5.16
9759,2017-02-21T06:50:00,5.16
9760,2017-02-21T07:10:00,5.16
9761,2017-02-21T07:30:00,5.48
9762,2017-02-21T07:50:00,6.45
9763,2017-02-21T08:10:00,6.13
9764,2017-02-21T08:30:00,8.06
9765,2017-02-21T08:55:00,6.77
9766,2017-02-21T09:15:00,6.45
9767,2017-02-21T09:35:00,7.1
9768,2017-02-21T09:55:00,8.39
9769,2017-02-21T10:15:00,7.74
9770,2017-02-21T10:35:00,10.97
9771,2017-02-21T10:55:00,8.71
9772,2017-02-21T11:15:00,10
9773,2017-02-21T11:35:00,7.74
9774,2017-02-21T11:55:00,9.35
9775,2017-02-21T12:15:00,10.97
9776,2017-02-21T12:35:00,10.65
9777,2017-02-21T12:55:00,11.29
9778,2017-02-21T13:15:00,9.68
9779,2017-02-21T13:35:00,10.32
9780,2017-02-21T13:55:00,9.35
9781,2017-02-21T14:15:00,8.71
9782,2017-02-21T14:35:00,7.42
9783,2017-02-21T14:55:00,7.42
9784,2017-02-21T15:15:00,7.1
9785,2017-02-21T15:35:00,6.45
9786,2017-02-21T15:55:00,6.45
9787,2017-02-21T16:15:00,5.81
9788,2017-02-21T16:35:00,5.16
9789,2017-02-21T16:55:00,4.84
9790,2017-02-21T17:15:00,4.84
9791,2017-02-21T17:35:00,4.52
9792,2017-02-21T17:55:00,4.52
9793,2017-02-21T18:15:00,4.52
9794,2017-02-21T18:35:00,4.52
9795,2017-02-21T18:55:00,4.84
9796,2017-02-21T19:15:00,4.52
9797,2017-02-21T19:35:00,4.52
9798,2017-02-21T19:55:00,4.19
9799,2017-02-21T20:20:00,4.19
9800,2017-02-21T20:40:00,4.19
9801,2017-02-21T21:00:00,4.19
9802,2017-02-21T21:20:00,4.19
9803,2017-02-21T21:40:00,3.87
9804,2017-02-21T22:00:00,3.87
9805,2017-02-21T22:20:00,3.87
9806,2017-02-21T22:40:00,3.87
9807,2017-02-21T23:00:00,3.87
9808,2017-02-21T23:20:00,3.87
9809,2017-02-21T23:40:00,3.87
9810,2017-02-22T00:00:00,3.87
9811,2017-02-22T00:20:00,3.87
9812,2017-02-22T00:40:00,3.23
9813,2017-02-22T01:00:00,3.23
9814,2017-02-22T01:20:00,2.9
9815,2017-02-22T01:40:00,3.23
9816,2017-02-22T02:00:00,3.55
9817,2017-02-22T02:20:00,3.87
9818,2017-02-22T02:40:00,4.19
9819,2017-02-22T03:00:00,5.16
9820,2017-02-22T03:20:00,5.81
9821,2017-02-22T03:40:00,6.45
9822,2017-02-22T04:00:00,6.77
9823,2017-02-22T04:20:00,6.77
9824,2017-02-22T04:40:00,6.77
9825,2017-02-22T05:00:00,6.77
9826,2017-02-22T05:20:00,7.1
9827,2017-02-22T05:40:00,6.45
9828,2017-02-22T06:00:00,6.45
9829,2017-02-22T06:20:00,5.81
9830,2017-02-22T06:40:00,5.48
9831,2017-02-22T07:00:00,5.81
9832,2017-02-22T07:20:00,7.1
9833,2017-02-22T07:45:00,7.1
9834,2017-02-22T08:05:00,6.45
9835,2017-02-22T08:25:00,7.74
9836,2017-02-22T08:45:00,10
9837,2017-02-22T09:05:00,10.32
9838,2017-02-22T09:25:00,10.32
9839,2017-02-22T09:45:00,8.06
9840,2017-02-22T10:05:00,6.77
9841,2017-02-22T10:25:00,10.65
9842,2017-02-22T10:45:00,8.71
9843,2017-02-22T11:05:00,7.74
9844,2017-02-22T11:25:00,6.77
9845,2017-02-22T11:45:00,7.1
9846,2017-02-22T12:05:00,6.45
9847,2017-02-22T12:25:00,7.74
9848,2017-02-22T12:45:00,8.39
9849,2017-02-22T13:05:00,9.68
9850,2017-02-22T13:25:00,6.77
9851,2017-02-22T13:45:00,6.13
9852,2017-02-22T14:05:00,6.13
9853,2017-02-22T14:25:00,6.45
9854,2017-02-22T14:45:00,5.81
9855,2017-02-22T15:05:00,5.81
9856,2017-02-22T15:25:00,6.13
9857,2017-02-22T15:45:00,5.81
9858,2017-02-22T16:05:00,5.81
9859,2017-02-22T16:25:00,5.48
9860,2017-02-22T16:45:00,5.48
9861,2017-02-22T17:05:00,5.48
9862,2017-02-22T17:25:00,5.48
9863,2017-02-22T17:45:00,4.52
9864,2017-02-22T18:05:00,4.84
9865,2017-02-22T18:25:00,5.16
9866,2017-02-22T18:45:00,5.16
9867,2017-02-22T19:10:00,4.52
9868,2017-02-22T19:30:00,5.48
9869,2017-02-22T19:50:00,4.84
9870,2017-02-22T20:10:00,4.52
9871,2017-02-22T20:30:00,5.16
9872,2017-02-22T20:50:00,3.87
9873,2017-02-22T21:10:00,4.84
9874,2017-02-22T21:30:00,5.16
9875,2017-02-22T21:50:00,5.16
9876,2017-02-22T22:10:00,5.16
9877,2017-02-22T22:30:00,3.55
9878,2017-02-22T22:50:00,4.52
9879,2017-02-22T23:10:00,4.84
9880,2017-02-22T23:30:00,3.55
9881,2017-02-22T23:50:00,4.52
9882,2017-02-23T00:10:00,4.52
9883,2017-02-23T00:30:00,5.16
9884,2017-02-23T00:50:00,5.16
9885,2017-02-23T01:10:00,5.16
9886,2017-02-23T01:30:00,5.48
9887,2017-02-23T01:50:00,5.48
9888,2017-02-23T02:10:00,5.48
9889,2017-02-23T02:30:00,5.16
9890,2017-02-23T02:50:00,4.84
9891,2017-02-23T03:10:00,4.52
9892,2017-02-23T03:30:00,4.52
9893,2017-02-23T03:50:00,4.19
9894,2017-02-23T04:10:00,4.19
9895,2017-02-23T04:30:00,3.55
9896,2017-02-23T04:50:00,3.55
9897,2017-02-23T05:10:00,3.55
9898,2017-02-23T05:30:00,3.23
9899,2017-02-23T05:50:00,2.9
9900,2017-02-23T06:15:00,2.58
9901,2017-02-23T06:35:00,2.9
9902,2017-02-23T06:55:00,2.9
9903,2017-02-23T07:15:00,3.23
9904,2017-02-23T07:35:00,3.87
9905,2017-02-23T07:55:00,6.77
9906,2017-02-23T08:15:00,4.84
9907,2017-02-23T08:35:00,5.48
9908,2017-02-23T08:55:00,4.19
9909,2017-02-23T09:15:00,4.19
9910,2017-02-23T09:35:00,4.52
9911,2017-02-23T09:55:00,4.52
9912,2017-02-23T10:15:00,4.52
9913,2017-02-23T10:35:00,4.52
9914,2017-02-23T10:55:00,4.52
9915,2017-02-23T11:15:00,4.52
9916,2017-02-23T11:35:00,4.52
9917,2017-02-23T11:55:00,4.19
9918,2017-02-23T12:15:00,4.52
9919,2017-02-23T12:35:00,4.52
9920,2017-02-23T12:55:00,4.19
9921,2017-02-23T13:15:00,3.55
9922,2017-02-23T13:35:00,3.23
9923,2017-02-23T13:55:00,4.19
9924,2017-02-23T14:15:00,2.58
9925,2017-02-23T14:35:00,2.26
9926,2017-02-23T14:55:00,1.61
9927,2017-02-23T15:15:00,1.29
9928,2017-02-23T15:35:00,0.97
9929,2017-02-23T15:55:00,0.32
9930,2017-02-23T16:15:00,0
9931,2017-02-23T16:35:00,-0.32
9932,2017-02-23T16:55:00,-0.65
9933,2017-02-23T17:15:00,-0.65
9934,2017-02-23T17:40:00,-0.32
9935,2017-02-23T18:00:00,-0.32
9936,2017-02-23T18:20:00,-0.32
9937,2017-02-23T18:40:00,-0.32
9938,2017-02-23T19:00:00,-0.32
9939,2017-02-23T19:20:00,-0.32
9940,2017-02-23T19:40:00,-0.65
9941,2017-02-23T20:00:00,-0.32
9942,2017-02-23T20:20:00,-0.32
9943,2017-02-23T20:40:00,-0.32
9944,2017-02-23T21:00:00,-0.32
9945,2017-02-23T21:20:00,0
9946,2017-02-23T21:40:00,0
9947,2017-02-23T22:00:00,0
9948,2017-02-23T22:20:00,0
9949,2017-02-23T22:40:00,0
9950,2017-02-23T23:00:00,0
9951,2017-02-23T23:20:00,0
9952,2017-02-23T23:40:00,0
9953,2017-02-24T00:00:00,0
9954,2017-02-24T00:20:00,-0.32
9955,2017-02-24T00:40:00,-0.32
9956,2017-02-24T01:00:00,-0.32
9957,2017-02-24T01:20:00,-0.32
9958,2017-02-24T01:40:00,-0.65
9959,2017-02-24T02:00:00,-0.32
9960,2017-02-24T02:20:00,-0.32
9961,2017-02-24T02:40:00,0.32
9962,2017-02-24T03:00:00,-0.32
9963,2017-02-24T03:20:00,-0.32
9964,2017-02-24T03:40:00,-0.32
9965,2017-02-24T04:00:00,-0.32
9966,2017-02-24T04:20:00,-0.97
9967,2017-02-24T04:40:00,-1.29
9968,2017-02-24T05:05:00,-1.61
9969,2017-02-24T05:25:00,-1.61
9970,2017-02-24T05:45:00,-1.61
9971,2017-02-24T06:05:00,-1.94
9972,2017-02-24T06:25:00,-1.94
9973,2017-02-24T06:45:00,-1.94
9974,2017-02-24T07:05:00,0.32
9975,2017-02-24T07:25:00,4.19
9976,2017-02-24T07:45:00,7.1
9977,2017-02-24T08:05:00,8.71
9978,2017-02-24T08:25:00,10
9979,2017-02-24T08:45:00,9.68
9980,2017-02-24T09:05:00,9.35
9981,2017-02-24T09:25:00,8.71
9982,2017-02-24T09:45:00,7.74
9983,2017-02-24T10:05:00,6.77
9984,2017-02-24T10:25:00,7.74
9985,2017-02-24T10:45:00,7.74
9986,2017-02-24T11:05:00,8.39
9987,2017-02-24T11:25:00,9.03
9988,2017-02-24T11:45:00,9.03
9989,2017-02-24T12:05:00,9.68
9990,2017-02-24T12:25:00,8.71
9991,2017-02-24T12:45:00,9.35
9992,2017-02-24T13:05:00,12.26
9993,2017-02-24T13:25:00,10.97
9994,2017-02-24T13:45:00,10
9995,2017-02-24T14:05:00,9.35
9996,2017-02-24T14:25:00,9.35
9997,2017-02-24T14:45:00,9.68
9998,2017-02-24T15:05:00,9.68
9999,2017-02-24T15:25:00,7.74
10000,2017-02-24T15:45:00,5.48
10001,2017-02-24T16:05:00,2.9
10002,2017-02-24T16:30:00,1.94
10003,2017-02-24T16:50:00,1.61
10004,2017-02-24T17:10:00,1.61
10005,2017-02-24T17:30:00,1.61
10006,2017-02-24T17:50:00,1.29
10007,2017-02-24T18:10:00,1.29
10008,2017-02-24T18:30:00,0.97
10009,2017-02-24T18:50:00,0.97
10010,2017-02-24T19:10:00,0.65
10011,2017-02-24T19:30:00,0.32
10012,2017-02-24T19:50:00,0.32
10013,2017-02-24T20:10:00,0.32
10014,2017-02-24T20:30:00,0
10015,2017-02-24T20:50:00,0
10016,2017-02-24T21:10:00,0
10017,2017-02-24T21:30:00,0
10018,2017-02-24T21:50:00,-0.32
10019,2017-02-24T22:10:00,-0.65
10020,2017-02-24T22:30:00,-0.97
10021,2017-02-24T22:50:00,-0.97
10022,2017-02-24T23:10:00,-0.97
10023,2017-02-24T23:30:00,-1.29
10024,2017-02-24T23:50:00,-1.29
10025,2017-02-25T00:10:00,-1.29
10026,2017-02-25T00:30:00,-1.29
10027,2017-02-25T00:50:00,-1.61
10028,2017-02-25T01:10:00,-1.61
10029,2017-02-25T01:30:00,-1.61
10030,2017-02-25T01:50:00,-1.94
10031,2017-02-25T02:10:00,-1.94
10032,2017-02-25T02:30:00,-1.94
10033,2017-02-25T02:50:00,-1.94
10034,2017-02-25T03:10:00,-1.94
10035,2017-02-25T03:30:00,-1.94
10036,2017-02-25T03:55:00,-1.94
10037,2017-02-25T04:15:00,-1.94
10038,2017-02-25T04:35:00,-2.58
10039,2017-02-25T04:55:00,-1.94
10040,2017-02-25T05:15:00,-1.94
10041,2017-02-25T05:35:00,-2.26
10042,2017-02-25T05:55:00,-1.94
10043,2017-02-25T06:15:00,-2.26
10044,2017-02-25T06:35:00,-0.97
10045,2017-02-25T06:55:00,1.94
10046,2017-02-25T07:15:00,5.48
10047,2017-02-25T07:35:00,4.52
10048,2017-02-25T07:55:00,2.9
10049,2017-02-25T08:15:00,3.23
10050,2017-02-25T08:35:00,2.58
10051,2017-02-25T08:55:00,2.58
10052,2017-02-25T09:15:00,2.26
10053,2017-02-25T09:35:00,2.58
10054,2017-02-25T09:55:00,2.58
10055,2017-02-25T10:15:00,2.26
10056,2017-02-25T10:35:00,2.9
10057,2017-02-25T10:55:00,2.58
10058,2017-02-25T11:15:00,2.9
10059,2017-02-25T11:35:00,2.58
10060,2017-02-25T11:55:00,1.94
10061,2017-02-25T12:15:00,1.94
10062,2017-02-25T12:35:00,1.94
10063,2017-02-25T12:55:00,1.94
10064,2017-02-25T13:15:00,1.94
10065,2017-02-25T13:35:00,1.94
10066,2017-02-25T13:55:00,1.94
10067,2017-02-25T14:15:00,1.61
10068,2017-02-25T14:35:00,1.61
10069,2017-02-25T15:00:00,1.29
10070,2017-02-25T15:20:00,0.97
10071,2017-02-25T15:40:00,0.65
10072,2017-02-25T16:00:00,0.97
10073,2017-02-25T16:20:00,0.32
10074,2017-02-25T16:40:00,0.65
10075,2017-02-25T17:00:00,0.97
10076,2017-02-25T17:20:00,0.97
10077,2017-02-25T17:40:00,1.61
10078,2017-02-25T18:00:00,1.94
10079,2017-02-25T18:20:00,2.26
10080,2017-02-25T18:40:00,2.9
10081,2017-02-25T19:00:00,3.23
10082,2017-02-25T19:20:00,3.55
10083,2017-02-25T19:40:00,3.55
10084,2017-02-25T20:00:00,3.55
10085,2017-02-25T20:20:00,3.87
10086,2017-02-25T20:40:00,3.87
10087,2017-02-25T21:00:00,3.87
10088,2017-02-25T21:20:00,3.87
10089,2017-02-25T21:40:00,4.19
10090,2017-02-25T22:00:00,4.19
10091,2017-02-25T22:20:00,4.52
10092,2017-02-25T22:40:00,4.84
10093,2017-02-25T23:00:00,4.52
10094,2017-02-25T23:20:00,4.52
10095,2017-02-25T23:40:00,4.84
10096,2017-02-26T00:00:00,4.84
10097,2017-02-26T00:20:00,4.84
10098,2017-02-26T00:40:00,5.16
10099,2017-02-26T01:00:00,5.16
10100,2017-02-26T01:20:00,5.16
10101,2017-02-26T01:40:00,5.16
10102,2017-02-26T02:00:00,5.16
10103,2017-02-26T02:25:00,5.16
10104,2017-02-26T02:45:00,5.16
10105,2017-02-26T03:05:00,5.48
10106,2017-02-26T03:25:00,5.48
10107,2017-02-26T03:45:00,5.48
10108,2017-02-26T04:05:00,5.48
10109,2017-02-26T04:25:00,5.48
10110,2017-02-26T04:45:00,5.48
10111,2017-02-26T05:05:00,5.16
10112,2017-02-26T05:25:00,5.16
10113,2017-02-26T05:45:00,5.16
10114,2017-02-26T06:05:00,5.16
10115,2017-02-26T06:25:00,5.16
10116,2017-02-26T06:45:00,5.16
10117,2017-02-26T07:05:00,5.48
10118,2017-02-26T07:25:00,5.16
10119,2017-02-26T07:45:00,5.48
10120,2017-02-26T08:05:00,8.71
10121,2017-02-26T08:25:00,6.45
10122,2017-02-26T08:45:00,5.81
10123,2017-02-26T09:05:00,6.45
10124,2017-02-26T09:25:00,6.45
10125,2017-02-26T09:45:00,6.45
10126,2017-02-26T10:05:00,7.1
10127,2017-02-26T10:25:00,7.1
10128,2017-02-26T10:45:00,6.45
10129,2017-02-26T11:05:00,6.45
10130,2017-02-26T11:25:00,6.45
10131,2017-02-26T11:45:00,7.74
10132,2017-02-26T12:05:00,7.42
10133,2017-02-26T12:25:00,7.42
10134,2017-02-26T12:45:00,7.74
10135,2017-02-26T13:05:00,7.1
10136,2017-02-26T13:25:00,6.77
10137,2017-02-26T13:50:00,6.77
10138,2017-02-26T14:10:00,7.42
10139,2017-02-26T14:30:00,7.42
10140,2017-02-26T14:50:00,7.42
10141,2017-02-26T15:10:00,7.42
10142,2017-02-26T15:30:00,7.42
10143,2017-02-26T15:50:00,7.42
10144,2017-02-26T16:10:00,7.1
10145,2017-02-26T16:30:00,7.1
10146,2017-02-26T16:50:00,6.77
10147,2017-02-26T17:10:00,6.45
10148,2017-02-26T17:30:00,6.77
10149,2017-02-26T17:50:00,6.77
10150,2017-02-26T18:10:00,6.45
10151,2017-02-26T18:30:00,6.45
10152,2017-02-26T18:50:00,6.13
10153,2017-02-26T19:10:00,5.81
10154,2017-02-26T19:30:00,5.48
10155,2017-02-26T19:50:00,5.48
10156,2017-02-26T20:10:00,5.48
10157,2017-02-26T20:30:00,5.81
10158,2017-02-26T20:50:00,5.81
10159,2017-02-26T21:10:00,5.81
10160,2017-02-26T21:30:00,5.81
10161,2017-02-26T21:50:00,5.81
10162,2017-02-26T22:10:00,5.81
10163,2017-02-26T22:30:00,5.48
10164,2017-02-26T22:50:00,5.48
10165,2017-02-26T23:10:00,5.48
10166,2017-02-26T23:30:00,5.81
10167,2017-02-26T23:50:00,6.45
10168,2017-02-27T00:10:00,6.77
10169,2017-02-27T00:30:00,6.77
10170,2017-02-27T00:50:00,6.77
10171,2017-02-27T01:15:00,6.13
10172,2017-02-27T01:35:00,6.45
10173,2017-02-27T01:55:00,6.77
10174,2017-02-27T02:15:00,6.77
10175,2017-02-27T02:35:00,6.45
10176,2017-02-27T02:55:00,6.13
10177,2017-02-27T03:15:00,6.13
10178,2017-02-27T03:35:00,5.81
10179,2017-02-27T03:55:00,5.81
10180,2017-02-27T04:15:00,5.81
10181,2017-02-27T04:35:00,6.13
10182,2017-02-27T04:55:00,5.81
10183,2017-02-27T05:15:00,5.81
10184,2017-02-27T05:35:00,6.13
10185,2017-02-27T05:55:00,6.13
10186,2017-02-27T06:15:00,6.13
10187,2017-02-27T06:35:00,6.13
10188,2017-02-27T06:55:00,5.81
10189,2017-02-27T07:15:00,6.13
10190,2017-02-27T07:35:00,6.13
10191,2017-02-27T07:55:00,6.13
10192,2017-02-27T08:15:00,6.45
10193,2017-02-27T08:35:00,6.45
10194,2017-02-27T08:55:00,6.77
10195,2017-02-27T09:15:00,6.77
10196,2017-02-27T09:35:00,6.77
10197,2017-02-27T09:55:00,7.1
10198,2017-02-27T10:15:00,6.77
10199,2017-02-27T10:35:00,6.77
10200,2017-02-27T10:55:00,6.77
10201,2017-02-27T11:15:00,6.77
10202,2017-02-27T11:35:00,7.42
10203,2017-02-27T11:55:00,8.39
10204,2017-02-27T12:20:00,8.06
10205,2017-02-27T12:40:00,7.1
10206,2017-02-27T13:00:00,7.1
10207,2017-02-27T13:20:00,6.77
10208,2017-02-27T13:40:00,7.1
10209,2017-02-27T14:00:00,6.77
10210,2017-02-27T14:20:00,6.77
10211,2017-02-27T14:40:00,6.77
10212,2017-02-27T15:00:00,6.45
10213,2017-02-27T15:20:00,6.13
10214,2017-02-27T15:40:00,6.45
10215,2017-02-27T16:00:00,6.45
10216,2017-02-27T16:20:00,6.77
10217,2017-02-27T16:40:00,6.77
10218,2017-02-27T17:00:00,6.13
10219,2017-02-27T17:20:00,5.48
10220,2017-02-27T17:40:00,5.81
10221,2017-02-27T18:00:00,6.13
10222,2017-02-27T18:20:00,5.81
10223,2017-02-27T18:40:00,6.13
10224,2017-02-27T19:00:00,6.13
10225,2017-02-27T19:20:00,6.13
10226,2017-02-27T19:40:00,6.13
10227,2017-02-27T20:00:00,5.48
10228,2017-02-27T20:20:00,5.48
10229,2017-02-27T20:40:00,4.52
10230,2017-02-27T21:00:00,4.52
10231,2017-02-27T21:20:00,4.52
10232,2017-02-27T21:40:00,4.19
10233,2017-02-27T22:00:00,4.19
10234,2017-02-27T22:20:00,4.84
10235,2017-02-27T22:40:00,5.16
10236,2017-02-27T23:00:00,5.16
10237,2017-02-27T23:20:00,5.16
10238,2017-02-27T23:45:00,4.84
10239,2017-02-28T00:05:00,5.16
10240,2017-02-28T00:25:00,5.16
10241,2017-02-28T00:45:00,4.84
10242,2017-02-28T01:05:00,5.81
10243,2017-02-28T01:25:00,5.81
10244,2017-02-28T01:45:00,5.81
10245,2017-02-28T02:05:00,5.81
10246,2017-02-28T02:25:00,5.48
10247,2017-02-28T02:45:00,5.48
10248,2017-02-28T03:05:00,5.16
10249,2017-02-28T03:25:00,5.16
10250,2017-02-28T03:45:00,5.16
10251,2017-02-28T04:05:00,5.16
10252,2017-02-28T04:25:00,5.16
10253,2017-02-28T04:45:00,4.52
10254,2017-02-28T05:05:00,4.52
10255,2017-02-28T05:25:00,2.58
10256,2017-02-28T05:45:00,3.55
10257,2017-02-28T06:05:00,3.87
10258,2017-02-28T06:25:00,3.87
10259,2017-02-28T06:45:00,3.55
10260,2017-02-28T07:05:00,4.19
10261,2017-02-28T07:25:00,4.52
10262,2017-02-28T07:45:00,4.52
10263,2017-02-28T08:05:00,4.84
10264,2017-02-28T08:25:00,8.06
10265,2017-02-28T08:45:00,5.81
10266,2017-02-28T09:05:00,10
10267,2017-02-28T09:25:00,5.48
10268,2017-02-28T09:45:00,5.81
10269,2017-02-28T10:05:00,5.48
10270,2017-02-28T10:25:00,6.13
10271,2017-02-28T10:45:00,5.48
10272,2017-02-28T11:10:00,5.48
10273,2017-02-28T11:30:00,6.13
10274,2017-02-28T11:50:00,5.81
10275,2017-02-28T12:10:00,8.06
10276,2017-02-28T12:30:00,4.52
10277,2017-02-28T12:50:00,2.9
10278,2017-02-28T13:10:00,3.55
10279,2017-02-28T13:30:00,7.42
10280,2017-02-28T13:50:00,5.48
10281,2017-02-28T14:10:00,5.48
10282,2017-02-28T14:30:00,4.52
10283,2017-02-28T14:50:00,4.84
10284,2017-02-28T15:10:00,4.84
10285,2017-02-28T15:30:00,3.87
10286,2017-02-28T15:50:00,4.19
10287,2017-02-28T16:10:00,4.19
10288,2017-02-28T16:30:00,3.55
10289,2017-02-28T16:50:00,3.55
10290,2017-02-28T17:10:00,2.58
10291,2017-02-28T17:30:00,2.9
10292,2017-02-28T17:50:00,2.58
10293,2017-02-28T18:10:00,2.9
10294,2017-02-28T18:30:00,2.9
10295,2017-02-28T18:50:00,3.23
10296,2017-02-28T19:10:00,3.23
10297,2017-02-28T19:30:00,3.23
10298,2017-02-28T19:50:00,3.23
10299,2017-02-28T20:10:00,2.9
10300,2017-02-28T20:30:00,2.9
10301,2017-02-28T20:50:00,2.9
10302,2017-02-28T21:10:00,2.9
10303,2017-02-28T21:30:00,2.9
10304,2017-02-28T21:50:00,2.9
10305,2017-02-28T22:10:00,2.9
10306,2017-02-28T22:35:00,2.9
10307,2017-02-28T22:55:00,2.58
10308,2017-02-28T23:15:00,1.94
10309,2017-02-28T23:35:00,1.61
10310,2017-02-28T23:55:00,1.61
10311,2017-03-01T00:15:00,1.61
10312,2017-03-01T00:35:00,1.61
10313,2017-03-01T00:55:00,1.61
10314,2017-03-01T01:15:00,1.29
10315,2017-03-01T01:35:00,1.29
10316,2017-03-01T01:55:00,1.61
10317,2017-03-01T02:15:00,1.94
10318,2017-03-01T02:35:00,2.26
10319,2017-03-01T02:55:00,2.9
10320,2017-03-01T03:15:00,3.55
10321,2017-03-01T03:35:00,4.19
10322,2017-03-01T03:55:00,4.52
10323,2017-03-01T04:15:00,4.52
10324,2017-03-01T04:35:00,4.52
10325,2017-03-01T04:55:00,4.52
10326,2017-03-01T05:15:00,4.52
10327,2017-03-01T05:35:00,4.52
10328,2017-03-01T05:55:00,4.52
10329,2017-03-01T06:15:00,4.52
10330,2017-03-01T06:35:00,4.19
10331,2017-03-01T06:55:00,4.19
10332,2017-03-01T07:15:00,4.19
10333,2017-03-01T07:35:00,4.52
10334,2017-03-01T07:55:00,7.1
10335,2017-03-01T08:15:00,6.77
10336,2017-03-01T08:35:00,6.45
10337,2017-03-01T08:55:00,8.06
10338,2017-03-01T09:15:00,8.06
10339,2017-03-01T09:35:00,6.77
10340,2017-03-01T10:00:00,6.77
10341,2017-03-01T10:20:00,10
10342,2017-03-01T10:40:00,7.74
10343,2017-03-01T11:00:00,7.42
10344,2017-03-01T11:20:00,5.81
10345,2017-03-01T11:40:00,9.68
10346,2017-03-01T12:00:00,7.1
10347,2017-03-01T12:20:00,10
10348,2017-03-01T12:40:00,5.48
10349,2017-03-01T13:00:00,4.84
10350,2017-03-01T13:20:00,2.9
10351,2017-03-01T13:40:00,3.87
10352,2017-03-01T14:00:00,4.19
10353,2017-03-01T14:20:00,5.48
10354,2017-03-01T14:40:00,6.45
10355,2017-03-01T15:00:00,5.81
10356,2017-03-01T15:20:00,5.48
10357,2017-03-01T15:40:00,7.74
10358,2017-03-01T16:00:00,6.13
10359,2017-03-01T16:20:00,5.16
10360,2017-03-01T16:40:00,4.19
10361,2017-03-01T17:00:00,3.87
10362,2017-03-01T17:20:00,3.87
10363,2017-03-01T17:40:00,3.55
10364,2017-03-01T18:00:00,3.55
10365,2017-03-01T18:20:00,3.55
10366,2017-03-01T18:40:00,3.23
10367,2017-03-01T19:00:00,2.9
10368,2017-03-01T19:20:00,2.58
10369,2017-03-01T19:40:00,2.58
10370,2017-03-01T20:00:00,2.58
10371,2017-03-01T20:20:00,2.58
10372,2017-03-01T20:40:00,2.26
10373,2017-03-01T21:05:00,1.94
10374,2017-03-01T21:25:00,1.94
10375,2017-03-01T21:45:00,1.61
10376,2017-03-01T22:05:00,1.94
10377,2017-03-01T22:25:00,2.26
10378,2017-03-01T22:45:00,2.58
10379,2017-03-01T23:05:00,2.9
10380,2017-03-01T23:25:00,2.9
10381,2017-03-01T23:45:00,2.9
10382,2017-03-02T00:05:00,2.58
10383,2017-03-02T00:25:00,2.26
10384,2017-03-02T00:45:00,1.94
10385,2017-03-02T01:05:00,1.61
10386,2017-03-02T01:25:00,1.61
10387,2017-03-02T01:45:00,1.94
10388,2017-03-02T02:05:00,1.61
10389,2017-03-02T02:25:00,1.29
10390,2017-03-02T02:45:00,1.61
10391,2017-03-02T03:05:00,1.29
10392,2017-03-02T03:25:00,1.29
10393,2017-03-02T03:45:00,1.29
10394,2017-03-02T04:05:00,1.29
10395,2017-03-02T04:25:00,1.94
10396,2017-03-02T04:45:00,1.94
10397,2017-03-02T05:05:00,1.94
10398,2017-03-02T05:25:00,1.61
10399,2017-03-02T05:45:00,1.29
10400,2017-03-02T06:05:00,1.29
10401,2017-03-02T06:25:00,1.94
10402,2017-03-02T06:45:00,1.94
10403,2017-03-02T07:05:00,1.94
10404,2017-03-02T07:25:00,2.26
10405,2017-03-02T07:45:00,2.58
10406,2017-03-02T08:05:00,2.26
10407,2017-03-02T08:30:00,1.94
10408,2017-03-02T08:50:00,1.61
10409,2017-03-02T09:10:00,2.58
10410,2017-03-02T09:30:00,2.58
10411,2017-03-02T09:50:00,2.58
10412,2017-03-02T10:10:00,5.48
10413,2017-03-02T10:30:00,8.39
10414,2017-03-02T10:50:00,5.48
10415,2017-03-02T11:10:00,5.16
10416,2017-03-02T11:30:00,10.97
10417,2017-03-02T11:50:00,8.39
10418,2017-03-02T12:10:00,11.61
10419,2017-03-02T12:30:00,7.1
10420,2017-03-02T12:50:00,7.1
10421,2017-03-02T13:10:00,10.97
10422,2017-03-02T13:30:00,5.16
10423,2017-03-02T13:50:00,11.94
10424,2017-03-02T14:10:00,11.94
10425,2017-03-02T14:30:00,11.61
10426,2017-03-02T14:50:00,9.35
10427,2017-03-02T15:10:00,6.13
10428,2017-03-02T15:30:00,6.13
10429,2017-03-02T15:50:00,6.13
10430,2017-03-02T16:10:00,5.81
10431,2017-03-02T16:30:00,5.16
10432,2017-03-02T16:50:00,3.55
10433,2017-03-02T17:10:00,2.9
10434,2017-03-02T17:30:00,2.9
10435,2017-03-02T17:50:00,2.9
10436,2017-03-02T18:10:00,2.58
10437,2017-03-02T18:30:00,3.23
10438,2017-03-02T18:50:00,3.55
10439,2017-03-02T19:10:00,3.87
10440,2017-03-02T19:30:00,3.87
10441,2017-03-02T19:55:00,3.87
10442,2017-03-02T20:15:00,3.87
10443,2017-03-02T20:35:00,3.55
10444,2017-03-02T20:55:00,3.87
10445,2017-03-02T21:15:00,3.87
10446,2017-03-02T21:35:00,3.55
10447,2017-03-02T21:55:00,3.55
10448,2017-03-02T22:15:00,3.87
10449,2017-03-02T22:35:00,4.19
10450,2017-03-02T22:55:00,4.19
10451,2017-03-02T23:15:00,3.87
10452,2017-03-02T23:35:00,3.87
10453,2017-03-02T23:55:00,3.55
10454,2017-03-03T00:15:00,3.55
10455,2017-03-03T00:35:00,3.55
10456,2017-03-03T00:55:00,3.55
10457,2017-03-03T01:15:00,3.87
10458,2017-03-03T01:35:00,4.19
10459,2017-03-03T01:55:00,4.19
10460,2017-03-03T02:15:00,4.19
10461,2017-03-03T02:35:00,3.87
10462,2017-03-03T02:55:00,3.87
10463,2017-03-03T03:15:00,3.55
10464,2017-03-03T03:35:00,3.87
10465,2017-03-03T03:55:00,3.55
10466,2017-03-03T04:15:00,3.55
10467,2017-03-03T04:35:00,3.87
10468,2017-03-03T04:55:00,4.19
10469,2017-03-03T05:15:00,4.19
10470,2017-03-03T05:35:00,4.19
10471,2017-03-03T05:55:00,4.19
10472,2017-03-03T06:15:00,4.19
10473,2017-03-03T06:35:00,4.52
10474,2017-03-03T06:55:00,4.84
10475,2017-03-03T07:20:00,4.84
10476,2017-03-03T07:40:00,4.84
10477,2017-03-03T08:00:00,4.84
10478,2017-03-03T08:20:00,5.16
10479,2017-03-03T08:40:00,5.48
10480,2017-03-03T09:00:00,6.13
10481,2017-03-03T09:20:00,7.74
10482,2017-03-03T09:40:00,8.06
10483,2017-03-03T10:00:00,5.16
10484,2017-03-03T10:20:00,5.48
10485,2017-03-03T10:40:00,3.87
10486,2017-03-03T11:00:00,5.81
10487,2017-03-03T11:20:00,6.13
10488,2017-03-03T11:40:00,5.48
10489,2017-03-03T12:00:00,5.81
10490,2017-03-03T12:20:00,6.13
10491,2017-03-03T12:40:00,5.81
10492,2017-03-03T13:00:00,6.45
10493,2017-03-03T13:20:00,6.45
10494,2017-03-03T13:40:00,6.45
10495,2017-03-03T14:00:00,6.45
10496,2017-03-03T14:20:00,6.45
10497,2017-03-03T14:40:00,6.45
10498,2017-03-03T15:00:00,6.45
10499,2017-03-03T15:20:00,6.45
10500,2017-03-03T15:40:00,6.45
10501,2017-03-03T16:00:00,6.45
10502,2017-03-03T16:20:00,6.13
10503,2017-03-03T16:40:00,6.13
10504,2017-03-03T17:00:00,6.13
10505,2017-03-03T17:20:00,6.13
10506,2017-03-03T17:40:00,6.13
10507,2017-03-03T18:00:00,6.13
10508,2017-03-03T18:25:00,5.81
10509,2017-03-03T18:45:00,5.81
10510,2017-03-03T19:05:00,5.16
10511,2017-03-03T19:25:00,4.84
10512,2017-03-03T19:45:00,4.52
10513,2017-03-03T20:05:00,4.19
10514,2017-03-03T20:25:00,4.19
10515,2017-03-03T20:45:00,3.87
10516,2017-03-03T21:05:00,3.55
10517,2017-03-03T21:25:00,3.23
10518,2017-03-03T21:45:00,3.23
10519,2017-03-03T22:05:00,3.23
10520,2017-03-03T22:25:00,3.23
10521,2017-03-03T22:45:00,2.9
10522,2017-03-03T23:05:00,2.26
10523,2017-03-03T23:25:00,2.58
10524,2017-03-03T23:45:00,2.26
10525,2017-03-04T00:05:00,2.26
10526,2017-03-04T00:25:00,2.26
10527,2017-03-04T00:45:00,2.26
10528,2017-03-04T01:05:00,2.26
10529,2017-03-04T01:25:00,2.58
10530,2017-03-04T01:45:00,2.58
10531,2017-03-04T02:05:00,2.58
10532,2017-03-04T02:25:00,2.58
10533,2017-03-04T02:45:00,2.58
10534,2017-03-04T03:05:00,2.58
10535,2017-03-04T03:25:00,2.9
10536,2017-03-04T03:45:00,2.9
10537,2017-03-04T04:05:00,2.9
10538,2017-03-04T04:25:00,3.55
10539,2017-03-04T04:45:00,2.9
10540,2017-03-04T05:05:00,2.9
10541,2017-03-04T05:25:00,3.55
10542,2017-03-04T05:50:00,3.23
10543,2017-03-04T06:10:00,3.23
10544,2017-03-04T06:30:00,3.23
10545,2017-03-04T06:50:00,2.9
10546,2017-03-04T07:10:00,3.23
10547,2017-03-04T07:30:00,3.55
10548,2017-03-04T07:50:00,3.55
10549,2017-03-04T08:10:00,3.55
10550,2017-03-04T08:30:00,3.55
10551,2017-03-04T08:50:00,3.23
10552,2017-03-04T09:10:00,3.23
10553,2017-03-04T09:30:00,3.23
10554,2017-03-04T09:50:00,3.55
10555,2017-03-04T10:10:00,3.55
10556,2017-03-04T10:30:00,3.55
10557,2017-03-04T10:50:00,3.55
10558,2017-03-04T11:10:00,4.52
10559,2017-03-04T11:30:00,4.52
10560,2017-03-04T11:50:00,4.84
10561,2017-03-04T12:10:00,3.87
10562,2017-03-04T12:30:00,4.19
10563,2017-03-04T12:50:00,4.19
10564,2017-03-04T13:10:00,3.87
10565,2017-03-04T13:30:00,3.55
10566,2017-03-04T13:50:00,3.55
10567,2017-03-04T14:10:00,3.55
10568,2017-03-04T14:30:00,3.55
10569,2017-03-04T14:50:00,3.23
10570,2017-03-04T15:10:00,3.23
10571,2017-03-04T15:30:00,3.23
10572,2017-03-04T15:50:00,3.23
10573,2017-03-04T16:10:00,3.23
10574,2017-03-04T16:30:00,3.23
10575,2017-03-04T16:50:00,3.55
10576,2017-03-04T17:15:00,3.55
10577,2017-03-04T17:35:00,3.55
10578,2017-03-04T17:55:00,3.55
10579,2017-03-04T18:15:00,3.55
10580,2017-03-04T18:35:00,3.55
10581,2017-03-04T18:55:00,3.55
10582,2017-03-04T19:15:00,3.55
10583,2017-03-04T19:35:00,3.55
10584,2017-03-04T19:55:00,3.55
10585,2017-03-04T20:15:00,3.23
10586,2017-03-04T20:35:00,3.55
10587,2017-03-04T20:55:00,3.55
10588,2017-03-04T21:15:00,3.23
10589,2017-03-04T21:35:00,2.9
10590,2017-03-04T21:55:00,2.9
10591,2017-03-04T22:15:00,2.9
10592,2017-03-04T22:35:00,3.23
10593,2017-03-04T22:55:00,3.23
10594,2017-03-04T23:15:00,3.23
10595,2017-03-04T23:35:00,3.23
10596,2017-03-04T23:55:00,3.23
10597,2017-03-05T00:15:00,3.23
10598,2017-03-05T00:35:00,3.23
10599,2017-03-05T00:55:00,3.23
10600,2017-03-05T01:15:00,3.23
10601,2017-03-05T01:35:00,2.9
10602,2017-03-05T01:55:00,2.9
10603,2017-03-05T02:15:00,2.9
10604,2017-03-05T02:35:00,2.9
10605,2017-03-05T02:55:00,2.9
10606,2017-03-05T03:15:00,2.9
10607,2017-03-05T03:35:00,2.9
10608,2017-03-05T03:55:00,2.9
10609,2017-03-05T04:15:00,2.9
10610,2017-03-05T04:40:00,3.23
10611,2017-03-05T05:00:00,3.23
10612,2017-03-05T05:20:00,2.9
10613,2017-03-05T05:40:00,3.23
10614,2017-03-05T06:00:00,3.23
10615,2017-03-05T06:20:00,3.23
10616,2017-03-05T06:40:00,3.55
10617,2017-03-05T07:00:00,3.55
10618,2017-03-05T07:20:00,3.55
10619,2017-03-05T07:40:00,3.55
10620,2017-03-05T08:00:00,3.55
10621,2017-03-05T08:20:00,3.87
10622,2017-03-05T08:40:00,3.87
10623,2017-03-05T09:00:00,3.55
10624,2017-03-05T09:20:00,3.23
10625,2017-03-05T09:40:00,2.9
10626,2017-03-05T10:00:00,3.23
10627,2017-03-05T10:20:00,3.23
10628,2017-03-05T10:40:00,3.23
10629,2017-03-05T11:00:00,3.23
10630,2017-03-05T11:20:00,2.9
10631,2017-03-05T11:40:00,3.23
10632,2017-03-05T12:00:00,3.23
10633,2017-03-05T12:20:00,3.87
10634,2017-03-05T12:40:00,2.9
10635,2017-03-05T13:00:00,2.58
10636,2017-03-05T13:20:00,2.9
10637,2017-03-05T13:40:00,2.9
10638,2017-03-05T14:00:00,3.87
10639,2017-03-05T14:20:00,3.55
10640,2017-03-05T14:40:00,4.19
10641,2017-03-05T15:00:00,4.19
10642,2017-03-05T15:20:00,3.87
10643,2017-03-05T15:45:00,3.87
10644,2017-03-05T16:05:00,3.23
10645,2017-03-05T16:25:00,3.55
10646,2017-03-05T16:45:00,3.55
10647,2017-03-05T17:05:00,3.55
10648,2017-03-05T17:25:00,3.87
10649,2017-03-05T17:45:00,3.55
10650,2017-03-05T18:05:00,3.55
10651,2017-03-05T18:25:00,3.87
10652,2017-03-05T18:45:00,3.55
10653,2017-03-05T19:05:00,3.55
10654,2017-03-05T19:25:00,3.55
10655,2017-03-05T19:45:00,3.23
10656,2017-03-05T20:05:00,3.23
10657,2017-03-05T20:25:00,3.23
10658,2017-03-05T20:45:00,3.23
10659,2017-03-05T21:05:00,3.23
10660,2017-03-05T21:25:00,3.23
10661,2017-03-05T21:45:00,3.23
10662,2017-03-05T22:05:00,2.9
10663,2017-03-05T22:25:00,2.9
10664,2017-03-05T22:45:00,2.58
10665,2017-03-05T23:05:00,2.58
10666,2017-03-05T23:25:00,2.58
10667,2017-03-05T23:45:00,2.26
10668,2017-03-06T00:05:00,2.26
10669,2017-03-06T00:25:00,2.26
10670,2017-03-06T00:45:00,2.26
10671,2017-03-06T01:05:00,1.94
10672,2017-03-06T01:25:00,1.94
10673,2017-03-06T01:45:00,1.94
10674,2017-03-06T02:05:00,1.94
10675,2017-03-06T02:25:00,1.94
10676,2017-03-06T02:45:00,1.61
10677,2017-03-06T03:10:00,1.94
10678,2017-03-06T03:30:00,1.61
10679,2017-03-06T03:50:00,1.61
10680,2017-03-06T04:10:00,1.61
10681,2017-03-06T04:30:00,1.61
10682,2017-03-06T04:50:00,1.61
10683,2017-03-06T05:10:00,1.29
10684,2017-03-06T05:30:00,0.97
10685,2017-03-06T05:50:00,0.97
10686,2017-03-06T06:10:00,0.97
10687,2017-03-06T06:30:00,0.65
10688,2017-03-06T06:50:00,0.32
10689,2017-03-06T07:10:00,0
10690,2017-03-06T07:30:00,0
10691,2017-03-06T07:50:00,0
10692,2017-03-06T08:10:00,0
10693,2017-03-06T08:30:00,0
10694,2017-03-06T08:50:00,0
10695,2017-03-06T09:10:00,0
10696,2017-03-06T09:30:00,0
10697,2017-03-06T09:50:00,0
10698,2017-03-06T10:10:00,0.32
10699,2017-03-06T10:30:00,0.65
10700,2017-03-06T10:50:00,0.65
10701,2017-03-06T11:10:00,0.65
10702,2017-03-06T11:30:00,0.65
10703,2017-03-06T11:50:00,0.65
10704,2017-03-06T12:10:00,0.97
10705,2017-03-06T12:30:00,0.65
10706,2017-03-06T12:50:00,0.65
10707,2017-03-06T13:10:00,0.65
10708,2017-03-06T13:30:00,0.65
10709,2017-03-06T13:50:00,0.65
10710,2017-03-06T14:10:00,0.65
10711,2017-03-06T14:35:00,0.32
10712,2017-03-06T14:55:00,0.65
10713,2017-03-06T15:15:00,0.65
10714,2017-03-06T15:35:00,0.65
10715,2017-03-06T15:55:00,0.65
10716,2017-03-06T16:15:00,0.97
10717,2017-03-06T16:35:00,0.65
10718,2017-03-06T16:55:00,0.65
10719,2017-03-06T17:15:00,0.32
10720,2017-03-06T17:35:00,0.65
10721,2017-03-06T17:55:00,0.65
10722,2017-03-06T18:15:00,0.32
10723,2017-03-06T18:35:00,0.32
10724,2017-03-06T18:55:00,0.32
10725,2017-03-06T19:15:00,0.32
10726,2017-03-06T19:35:00,0.32
10727,2017-03-06T19:55:00,0
10728,2017-03-06T20:15:00,0
10729,2017-03-06T20:35:00,0
10730,2017-03-06T20:55:00,0
10731,2017-03-06T21:15:00,0
10732,2017-03-06T21:35:00,0
10733,2017-03-06T21:55:00,0
10734,2017-03-06T22:15:00,0
10735,2017-03-06T22:35:00,-0.32
10736,2017-03-06T22:55:00,-0.32
10737,2017-03-06T23:15:00,-0.65
10738,2017-03-06T23:35:00,-0.65
10739,2017-03-06T23:55:00,-0.65
10740,2017-03-07T00:15:00,-0.32
10741,2017-03-07T00:35:00,-0.65
10742,2017-03-07T00:55:00,-0.65
10743,2017-03-07T01:15:00,-0.65
10744,2017-03-07T01:35:00,-0.65
10745,2017-03-07T02:00:00,-0.65
10746,2017-03-07T02:20:00,-0.65
10747,2017-03-07T02:40:00,-0.65
10748,2017-03-07T03:00:00,-0.97
10749,2017-03-07T03:20:00,-0.65
10750,2017-03-07T03:40:00,-0.97
10751,2017-03-07T04:00:00,-0.97
10752,2017-03-07T04:20:00,-0.97
10753,2017-03-07T04:40:00,-1.29
10754,2017-03-07T05:00:00,-1.29
10755,2017-03-07T05:20:00,-1.29
10756,2017-03-07T05:40:00,-1.29
10757,2017-03-07T06:00:00,-1.29
10758,2017-03-07T06:20:00,-1.29
10759,2017-03-07T06:40:00,-1.29
10760,2017-03-07T07:00:00,-1.29
10761,2017-03-07T07:20:00,-0.97
10762,2017-03-07T07:40:00,-1.29
10763,2017-03-07T08:00:00,-0.97
10764,2017-03-07T08:20:00,-0.97
10765,2017-03-07T08:40:00,-0.97
10766,2017-03-07T09:00:00,-0.97
10767,2017-03-07T09:20:00,-0.97
10768,2017-03-07T09:40:00,-0.97
10769,2017-03-07T10:00:00,-0.65
10770,2017-03-07T10:20:00,-0.65
10771,2017-03-07T10:40:00,-0.65
10772,2017-03-07T11:00:00,-0.65
10773,2017-03-07T11:20:00,-0.65
10774,2017-03-07T11:40:00,-0.32
10775,2017-03-07T12:00:00,-0.32
10776,2017-03-07T12:20:00,-0.32
10777,2017-03-07T12:40:00,0
10778,2017-03-07T13:00:00,-0.65
10779,2017-03-07T13:25:00,-0.32
10780,2017-03-07T13:45:00,-0.65
10781,2017-03-07T14:05:00,-0.65
10782,2017-03-07T14:25:00,0
10783,2017-03-07T14:45:00,0
10784,2017-03-07T15:05:00,-1.94
10785,2017-03-07T15:25:00,-0.97
10786,2017-03-07T15:45:00,-1.29
10787,2017-03-07T16:05:00,-1.29
10788,2017-03-07T16:25:00,-1.61
10789,2017-03-07T16:45:00,-1.94
10790,2017-03-07T17:05:00,-1.94
10791,2017-03-07T17:25:00,-1.94
10792,2017-03-07T17:45:00,-1.61
10793,2017-03-07T18:05:00,-1.94
10794,2017-03-07T18:25:00,-1.94
10795,2017-03-07T18:45:00,-1.94
10796,2017-03-07T19:05:00,-1.94
10797,2017-03-07T19:25:00,-1.94
10798,2017-03-07T19:45:00,-1.94
10799,2017-03-07T20:05:00,-2.26
10800,2017-03-07T20:25:00,-2.26
10801,2017-03-07T20:45:00,-2.26
10802,2017-03-07T21:05:00,-1.94
10803,2017-03-07T21:25:00,-2.26
10804,2017-03-07T21:45:00,-2.26
10805,2017-03-07T22:05:00,-2.26
10806,2017-03-07T22:25:00,-2.26
10807,2017-03-07T22:45:00,-2.26
10808,2017-03-07T23:05:00,-2.26
10809,2017-03-07T23:25:00,-2.58
10810,2017-03-07T23:45:00,-3.23
10811,2017-03-08T00:05:00,-3.87
10812,2017-03-08T00:30:00,-3.87
10813,2017-03-08T00:50:00,-3.87
10814,2017-03-08T01:10:00,-4.19
10815,2017-03-08T01:30:00,-4.19
10816,2017-03-08T01:50:00,-4.52
10817,2017-03-08T02:10:00,-4.84
10818,2017-03-08T02:30:00,-4.52
10819,2017-03-08T02:50:00,-4.19
10820,2017-03-08T03:10:00,-4.52
10821,2017-03-08T03:30:00,-4.52
10822,2017-03-08T03:50:00,-4.84
10823,2017-03-08T04:10:00,-4.52
10824,2017-03-08T04:30:00,-4.52
10825,2017-03-08T04:50:00,-4.52
10826,2017-03-08T05:10:00,-4.84
10827,2017-03-08T05:30:00,-4.84
10828,2017-03-08T05:50:00,-4.19
10829,2017-03-08T06:10:00,-3.23
10830,2017-03-08T06:30:00,-3.23
10831,2017-03-08T06:50:00,-2.58
10832,2017-03-08T07:10:00,-2.26
10833,2017-03-08T07:30:00,-1.94
10834,2017-03-08T07:50:00,-1.61
10835,2017-03-08T08:10:00,-0.97
10836,2017-03-08T08:30:00,0
10837,2017-03-08T08:50:00,0.32
10838,2017-03-08T09:10:00,0.97
10839,2017-03-08T09:30:00,1.29
10840,2017-03-08T09:50:00,1.29
10841,2017-03-08T10:10:00,1.61
10842,2017-03-08T10:30:00,1.94
10843,2017-03-08T10:50:00,1.94
10844,2017-03-08T11:10:00,2.58
10845,2017-03-08T11:30:00,3.23
10846,2017-03-08T11:55:00,2.9
10847,2017-03-08T12:15:00,3.55
10848,2017-03-08T12:35:00,3.87
10849,2017-03-08T12:55:00,2.58
10850,2017-03-08T13:15:00,1.94
10851,2017-03-08T13:35:00,1.61
10852,2017-03-08T13:55:00,1.29
10853,2017-03-08T14:15:00,1.29
10854,2017-03-08T14:35:00,1.29
10855,2017-03-08T14:55:00,1.29
10856,2017-03-08T15:15:00,1.61
10857,2017-03-08T15:35:00,1.94
10858,2017-03-08T15:55:00,1.94
10859,2017-03-08T16:15:00,1.94
10860,2017-03-08T16:35:00,2.26
10861,2017-03-08T16:55:00,2.26
10862,2017-03-08T17:15:00,2.9
10863,2017-03-08T17:35:00,2.9
10864,2017-03-08T17:55:00,2.9
10865,2017-03-08T18:15:00,2.58
10866,2017-03-08T18:35:00,2.9
10867,2017-03-08T18:55:00,3.23
10868,2017-03-08T19:15:00,2.9
10869,2017-03-08T19:35:00,3.23
10870,2017-03-08T19:55:00,3.55
10871,2017-03-08T20:15:00,3.55
10872,2017-03-08T20:35:00,3.55
10873,2017-03-08T20:55:00,3.55
10874,2017-03-08T21:15:00,3.55
10875,2017-03-08T21:35:00,3.55
10876,2017-03-08T21:55:00,3.55
10877,2017-03-08T22:15:00,3.55
10878,2017-03-08T22:35:00,3.55
10879,2017-03-08T22:55:00,3.87
10880,2017-03-08T23:20:00,4.19
10881,2017-03-08T23:40:00,4.19
10882,2017-03-09T00:00:00,4.19
10883,2017-03-09T00:20:00,4.19
10884,2017-03-09T01:00:00,4.19
10885,2017-03-09T01:20:00,3.55
10886,2017-03-09T01:40:00,3.55
10887,2017-03-09T02:00:00,3.23
10888,2017-03-09T02:20:00,2.9
10889,2017-03-09T02:40:00,2.9
10890,2017-03-09T03:00:00,2.9
10891,2017-03-09T03:20:00,2.9
10892,2017-03-09T03:40:00,2.58
10893,2017-03-09T04:00:00,2.58
10894,2017-03-09T04:20:00,2.26
10895,2017-03-09T04:40:00,2.58
10896,2017-03-09T05:00:00,2.26
10897,2017-03-09T05:20:00,2.26
10898,2017-03-09T05:40:00,2.26
10899,2017-03-09T06:00:00,2.26
10900,2017-03-09T06:20:00,3.55
10901,2017-03-09T06:40:00,3.87
10902,2017-03-09T07:00:00,5.48
10903,2017-03-09T07:20:00,5.81
10904,2017-03-09T07:40:00,4.52
10905,2017-03-09T08:00:00,5.48
10906,2017-03-09T08:20:00,6.45
10907,2017-03-09T08:40:00,9.68
10908,2017-03-09T09:00:00,6.77
10909,2017-03-09T09:20:00,6.13
10910,2017-03-09T09:40:00,7.74
10911,2017-03-09T10:00:00,9.35
10912,2017-03-09T10:20:00,8.39
10913,2017-03-09T10:45:00,7.74
10914,2017-03-09T11:05:00,9.35
10915,2017-03-09T11:25:00,10.65
10916,2017-03-09T11:45:00,11.29
10917,2017-03-09T12:05:00,11.29
10918,2017-03-09T12:25:00,9.35
10919,2017-03-09T12:45:00,9.35
10920,2017-03-09T13:05:00,8.71
10921,2017-03-09T13:25:00,8.71
10922,2017-03-09T13:45:00,9.35
10923,2017-03-09T14:05:00,8.71
10924,2017-03-09T14:25:00,8.06
10925,2017-03-09T14:45:00,7.42
10926,2017-03-09T15:05:00,6.77
10927,2017-03-09T15:25:00,6.13
10928,2017-03-09T15:45:00,5.81
10929,2017-03-09T16:05:00,5.16
10930,2017-03-09T16:25:00,4.84
10931,2017-03-09T16:45:00,4.52
10932,2017-03-09T17:05:00,3.87
10933,2017-03-09T17:25:00,4.19
10934,2017-03-09T17:45:00,4.52
10935,2017-03-09T18:05:00,4.52
10936,2017-03-09T18:25:00,4.52
10937,2017-03-09T18:45:00,4.19
10938,2017-03-09T19:05:00,3.87
10939,2017-03-09T19:25:00,3.87
10940,2017-03-09T19:45:00,3.87
10941,2017-03-09T20:05:00,3.87
10942,2017-03-09T20:25:00,3.87
10943,2017-03-09T20:45:00,4.19
10944,2017-03-09T21:05:00,3.87
10945,2017-03-09T21:25:00,3.55
10946,2017-03-09T21:50:00,3.87
10947,2017-03-09T22:10:00,3.87
10948,2017-03-09T22:30:00,3.87
10949,2017-03-09T22:50:00,4.19
10950,2017-03-09T23:10:00,4.52
10951,2017-03-09T23:30:00,4.84
10952,2017-03-09T23:50:00,4.52
10953,2017-03-10T00:10:00,4.52
10954,2017-03-10T00:30:00,4.84
10955,2017-03-10T00:50:00,5.16
10956,2017-03-10T01:10:00,5.16
10957,2017-03-10T01:30:00,5.16
10958,2017-03-10T01:50:00,4.84
10959,2017-03-10T02:10:00,5.16
10960,2017-03-10T02:30:00,4.84
10961,2017-03-10T02:50:00,4.84
10962,2017-03-10T03:10:00,4.52
10963,2017-03-10T03:30:00,4.52
10964,2017-03-10T03:50:00,4.52
10965,2017-03-10T04:10:00,4.84
10966,2017-03-10T04:30:00,4.52
10967,2017-03-10T04:50:00,4.84
10968,2017-03-10T05:10:00,4.52
10969,2017-03-10T05:30:00,4.52
10970,2017-03-10T05:50:00,4.19
10971,2017-03-10T06:10:00,5.48
10972,2017-03-10T06:30:00,6.13
10973,2017-03-10T06:50:00,8.06
10974,2017-03-10T07:10:00,9.35
10975,2017-03-10T07:30:00,10.65
10976,2017-03-10T07:50:00,10.32
10977,2017-03-10T08:10:00,11.94
10978,2017-03-10T08:30:00,10.97
10979,2017-03-10T08:50:00,10.97
10980,2017-03-10T09:15:00,12.58
10981,2017-03-10T09:35:00,13.23
10982,2017-03-10T09:55:00,13.23
10983,2017-03-10T10:15:00,13.87
10984,2017-03-10T10:35:00,12.58
10985,2017-03-10T10:55:00,14.84
10986,2017-03-10T11:15:00,15.81
10987,2017-03-10T11:35:00,15.48
10988,2017-03-10T11:55:00,16.13
10989,2017-03-10T12:15:00,12.58
10990,2017-03-10T12:35:00,11.61
10991,2017-03-10T12:55:00,16.77
10992,2017-03-10T13:15:00,14.52
10993,2017-03-10T13:35:00,9.03
10994,2017-03-10T13:55:00,9.03
10995,2017-03-10T14:15:00,8.71
10996,2017-03-10T14:35:00,8.39
10997,2017-03-10T14:55:00,9.35
10998,2017-03-10T15:15:00,9.35
10999,2017-03-10T15:35:00,13.87
11000,2017-03-10T15:55:00,9.68
11001,2017-03-10T16:15:00,9.68
11002,2017-03-10T16:35:00,6.77
11003,2017-03-10T16:55:00,6.13
11004,2017-03-10T17:15:00,5.81
11005,2017-03-10T17:35:00,5.16
11006,2017-03-10T17:55:00,4.84
11007,2017-03-10T18:15:00,4.52
11008,2017-03-10T18:35:00,3.87
11009,2017-03-10T18:55:00,3.55
11010,2017-03-10T19:15:00,3.55
11011,2017-03-10T19:35:00,3.23
11012,2017-03-10T19:55:00,2.9
11013,2017-03-10T20:15:00,2.9
11014,2017-03-10T20:40:00,2.9
11015,2017-03-10T21:00:00,2.9
11016,2017-03-10T21:20:00,2.9
11017,2017-03-10T21:40:00,2.9
11018,2017-03-10T22:00:00,2.9
11019,2017-03-10T22:20:00,2.9
11020,2017-03-10T22:40:00,2.9
11021,2017-03-10T23:00:00,3.23
11022,2017-03-10T23:20:00,3.23
11023,2017-03-10T23:40:00,3.55
11024,2017-03-11T00:00:00,3.55
11025,2017-03-11T00:20:00,3.55
11026,2017-03-11T00:40:00,3.55
11027,2017-03-11T01:00:00,3.55
11028,2017-03-11T01:20:00,3.87
11029,2017-03-11T01:40:00,3.55
11030,2017-03-11T02:00:00,3.55
11031,2017-03-11T02:20:00,3.55
11032,2017-03-11T02:40:00,3.55
11033,2017-03-11T03:00:00,3.23
11034,2017-03-11T03:20:00,3.23
11035,2017-03-11T03:40:00,3.23
11036,2017-03-11T04:00:00,3.23
11037,2017-03-11T04:20:00,2.9
11038,2017-03-11T04:40:00,2.9
11039,2017-03-11T05:00:00,2.9
11040,2017-03-11T05:20:00,2.9
11041,2017-03-11T05:40:00,2.9
11042,2017-03-11T06:00:00,2.9
11043,2017-03-11T06:20:00,2.9
11044,2017-03-11T06:40:00,3.23
11045,2017-03-11T07:00:00,3.87
11046,2017-03-11T07:20:00,4.84
11047,2017-03-11T07:40:00,6.45
11048,2017-03-11T08:05:00,3.87
11049,2017-03-11T08:25:00,5.48
11050,2017-03-11T08:45:00,6.45
11051,2017-03-11T09:05:00,9.03
11052,2017-03-11T09:25:00,3.87
11053,2017-03-11T09:45:00,3.55
11054,2017-03-11T10:05:00,3.55
11055,2017-03-11T10:25:00,3.23
11056,2017-03-11T10:45:00,4.19
11057,2017-03-11T11:05:00,3.55
11058,2017-03-11T11:25:00,3.23
11059,2017-03-11T11:45:00,3.23
11060,2017-03-11T12:05:00,3.23
11061,2017-03-11T12:25:00,2.9
11062,2017-03-11T12:45:00,2.9
11063,2017-03-11T13:05:00,2.9
11064,2017-03-11T13:25:00,2.9
11065,2017-03-11T13:45:00,2.58
11066,2017-03-11T14:05:00,2.58
11067,2017-03-11T14:25:00,2.58
11068,2017-03-11T14:45:00,2.26
11069,2017-03-11T15:05:00,2.26
11070,2017-03-11T15:25:00,2.26
11071,2017-03-11T15:45:00,2.26
11072,2017-03-11T16:05:00,1.94
11073,2017-03-11T16:25:00,1.61
11074,2017-03-11T16:45:00,1.29
11075,2017-03-11T17:05:00,1.29
11076,2017-03-11T17:25:00,1.29
11077,2017-03-11T17:45:00,1.29
11078,2017-03-11T18:05:00,1.29
11079,2017-03-11T18:25:00,1.29
11080,2017-03-11T18:45:00,1.29
11081,2017-03-11T19:10:00,0.97
11082,2017-03-11T19:30:00,0.97
11083,2017-03-11T19:50:00,0.97
11084,2017-03-11T20:10:00,0.97
11085,2017-03-11T20:30:00,1.29
11086,2017-03-11T20:50:00,1.29
11087,2017-03-11T21:10:00,1.29
11088,2017-03-11T21:30:00,0.97
11089,2017-03-11T21:50:00,0.65
11090,2017-03-11T22:10:00,0.65
11091,2017-03-11T22:30:00,0.97
11092,2017-03-11T22:50:00,0.97
11093,2017-03-11T23:10:00,0.65
11094,2017-03-11T23:30:00,0.32
11095,2017-03-11T23:50:00,0.32
11096,2017-03-12T00:10:00,0.65
11097,2017-03-12T00:30:00,0.65
11098,2017-03-12T00:50:00,1.29
11099,2017-03-12T01:10:00,1.29
11100,2017-03-12T01:30:00,1.61
11101,2017-03-12T01:50:00,1.94
11102,2017-03-12T02:10:00,1.94
11103,2017-03-12T02:30:00,1.94
11104,2017-03-12T02:50:00,1.94
11105,2017-03-12T03:10:00,2.26
11106,2017-03-12T03:30:00,2.26
11107,2017-03-12T03:50:00,2.26
11108,2017-03-12T04:10:00,2.26
11109,2017-03-12T04:30:00,2.26
11110,2017-03-12T04:50:00,2.26
11111,2017-03-12T05:10:00,2.26
11112,2017-03-12T05:30:00,2.26
11113,2017-03-12T05:50:00,2.58
11114,2017-03-12T06:10:00,2.58
11115,2017-03-12T06:35:00,2.58
11116,2017-03-12T06:55:00,2.58
11117,2017-03-12T07:15:00,2.58
11118,2017-03-12T07:35:00,2.58
11119,2017-03-12T07:55:00,2.58
11120,2017-03-12T08:15:00,2.58
11121,2017-03-12T08:35:00,2.58
11122,2017-03-12T08:55:00,2.9
11123,2017-03-12T09:15:00,2.9
11124,2017-03-12T09:35:00,3.23
11125,2017-03-12T09:55:00,3.55
11126,2017-03-12T10:15:00,3.87
11127,2017-03-12T10:35:00,4.52
11128,2017-03-12T10:55:00,4.19
11129,2017-03-12T11:15:00,3.87
11130,2017-03-12T11:35:00,4.52
11131,2017-03-12T11:55:00,4.52
11132,2017-03-12T12:15:00,5.16
11133,2017-03-12T12:35:00,4.19
11134,2017-03-12T12:55:00,3.87
11135,2017-03-12T13:15:00,3.87
11136,2017-03-12T13:35:00,4.52
11137,2017-03-12T13:55:00,4.84
11138,2017-03-12T14:15:00,6.77
11139,2017-03-12T14:35:00,4.52
11140,2017-03-12T14:55:00,3.87
11141,2017-03-12T15:15:00,3.87
11142,2017-03-12T15:35:00,3.55
11143,2017-03-12T15:55:00,3.55
11144,2017-03-12T16:15:00,3.55
11145,2017-03-12T16:35:00,3.23
11146,2017-03-12T16:55:00,2.9
11147,2017-03-12T17:15:00,2.9
11148,2017-03-12T17:35:00,2.9
11149,2017-03-12T18:00:00,2.9
11150,2017-03-12T18:20:00,2.58
11151,2017-03-12T18:40:00,2.58
11152,2017-03-12T19:00:00,2.58
11153,2017-03-12T19:20:00,2.58
11154,2017-03-12T19:40:00,2.26
11155,2017-03-12T20:00:00,2.26
11156,2017-03-12T20:20:00,1.94
11157,2017-03-12T20:40:00,1.94
11158,2017-03-12T21:00:00,1.61
11159,2017-03-12T21:20:00,1.61
11160,2017-03-12T21:40:00,1.61
11161,2017-03-12T22:00:00,1.29
11162,2017-03-12T22:20:00,1.29
11163,2017-03-12T22:40:00,1.29
11164,2017-03-12T23:00:00,1.29
11165,2017-03-12T23:20:00,1.61
11166,2017-03-12T23:40:00,1.61
11167,2017-03-13T00:00:00,1.29
11168,2017-03-13T00:20:00,1.29
11169,2017-03-13T00:40:00,1.29
11170,2017-03-13T01:00:00,1.29
11171,2017-03-13T01:20:00,1.29
11172,2017-03-13T01:40:00,1.29
11173,2017-03-13T02:00:00,1.29
11174,2017-03-13T02:20:00,1.29
11175,2017-03-13T02:40:00,1.29
11176,2017-03-13T03:00:00,1.61
11177,2017-03-13T03:20:00,1.61
11178,2017-03-13T03:40:00,1.61
11179,2017-03-13T04:00:00,1.61
11180,2017-03-13T04:20:00,1.61
11181,2017-03-13T04:40:00,1.61
11182,2017-03-13T05:00:00,1.94
11183,2017-03-13T05:25:00,1.61
11184,2017-03-13T05:45:00,2.26
11185,2017-03-13T06:05:00,1.94
11186,2017-03-13T06:25:00,1.94
11187,2017-03-13T06:45:00,1.94
11188,2017-03-13T07:05:00,2.58
11189,2017-03-13T07:25:00,2.58
11190,2017-03-13T07:45:00,2.58
11191,2017-03-13T08:05:00,2.58
11192,2017-03-13T08:25:00,3.55
11193,2017-03-13T08:45:00,2.58
11194,2017-03-13T09:05:00,3.55
11195,2017-03-13T09:25:00,3.23
11196,2017-03-13T09:45:00,3.55
11197,2017-03-13T10:05:00,3.23
11198,2017-03-13T10:25:00,3.55
11199,2017-03-13T10:45:00,3.87
11200,2017-03-13T11:05:00,4.19
11201,2017-03-13T11:25:00,4.19
11202,2017-03-13T11:45:00,3.87
11203,2017-03-13T12:05:00,4.52
11204,2017-03-13T17:50:00,4.52
11205,2017-03-13T18:10:00,4.52
11206,2017-03-13T18:30:00,4.52
11207,2017-03-13T18:50:00,4.84
11208,2017-03-13T19:10:00,4.84
11209,2017-03-13T19:30:00,4.84
11210,2017-03-13T19:50:00,5.16
11211,2017-03-13T20:10:00,5.16
11212,2017-03-13T20:30:00,4.84
11213,2017-03-13T20:50:00,4.84
11214,2017-03-13T21:10:00,4.84
11215,2017-03-13T21:30:00,4.84
11216,2017-03-13T21:50:00,4.84
11217,2017-03-13T22:10:00,4.52
11218,2017-03-13T22:30:00,4.84
11219,2017-03-13T22:50:00,4.84
11220,2017-03-13T23:10:00,4.52
11221,2017-03-13T23:30:00,4.84
11222,2017-03-13T23:50:00,4.84
11223,2017-03-14T00:10:00,4.84
11224,2017-03-14T00:30:00,4.52
11225,2017-03-14T00:50:00,4.52
11226,2017-03-14T01:10:00,4.52
11227,2017-03-14T01:30:00,4.52
11228,2017-03-14T01:50:00,4.52
11229,2017-03-14T02:10:00,4.52
11230,2017-03-14T02:30:00,4.52
11231,2017-03-14T02:50:00,4.52
11232,2017-03-14T03:10:00,4.52
11233,2017-03-14T03:30:00,4.52
11234,2017-03-14T03:55:00,4.84
11235,2017-03-14T04:15:00,4.84
11236,2017-03-14T04:35:00,4.84
11237,2017-03-14T04:55:00,4.84
11238,2017-03-14T05:15:00,4.84
11239,2017-03-14T05:35:00,4.84
11240,2017-03-14T05:55:00,4.84
11241,2017-03-14T06:15:00,5.16
11242,2017-03-14T06:35:00,4.84
11243,2017-03-14T06:55:00,5.16
11244,2017-03-14T07:15:00,5.81
11245,2017-03-14T07:35:00,5.81
11246,2017-03-14T07:55:00,6.13
11247,2017-03-14T08:15:00,9.35
11248,2017-03-14T08:35:00,8.06
11249,2017-03-14T08:55:00,9.68
11250,2017-03-14T09:15:00,10.32
11251,2017-03-14T09:35:00,10.65
11252,2017-03-14T09:55:00,10
11253,2017-03-14T10:15:00,9.35
11254,2017-03-14T10:35:00,9.03
11255,2017-03-14T10:55:00,10.65
11256,2017-03-14T11:15:00,11.29
11257,2017-03-14T11:35:00,11.29
11258,2017-03-14T11:55:00,11.94
11259,2017-03-14T12:15:00,11.29
11260,2017-03-14T12:35:00,12.58
11261,2017-03-14T12:55:00,12.26
11262,2017-03-14T13:15:00,10.97
11263,2017-03-14T13:35:00,10.65
11264,2017-03-14T13:55:00,10.65
11265,2017-03-14T14:15:00,8.71
11266,2017-03-14T14:35:00,9.03
11267,2017-03-14T14:55:00,9.03
11268,2017-03-14T15:20:00,8.06
11269,2017-03-14T15:40:00,8.06
11270,2017-03-14T16:00:00,8.39
11271,2017-03-14T16:20:00,8.06
11272,2017-03-14T16:40:00,7.74
11273,2017-03-14T17:00:00,7.74
11274,2017-03-14T17:20:00,7.74
11275,2017-03-14T17:40:00,8.06
11276,2017-03-14T18:00:00,7.74
11277,2017-03-14T18:20:00,7.42
11278,2017-03-14T18:40:00,7.1
11279,2017-03-14T19:00:00,6.77
11280,2017-03-14T19:20:00,6.13
11281,2017-03-14T19:40:00,6.13
11282,2017-03-14T20:00:00,5.81
11283,2017-03-14T20:20:00,5.81
11284,2017-03-14T20:40:00,5.81
11285,2017-03-14T21:00:00,5.81
11286,2017-03-14T21:20:00,5.48
11287,2017-03-14T21:40:00,5.48
11288,2017-03-14T22:00:00,5.48
11289,2017-03-14T22:20:00,6.13
11290,2017-03-14T22:40:00,6.13
11291,2017-03-14T23:00:00,6.45
11292,2017-03-14T23:20:00,5.81
11293,2017-03-14T23:40:00,5.48
11294,2017-03-15T00:00:00,5.48
11295,2017-03-15T00:20:00,5.48
11296,2017-03-15T00:40:00,5.16
11297,2017-03-15T01:00:00,5.16
11298,2017-03-15T01:20:00,5.16
11299,2017-03-15T01:40:00,5.16
11300,2017-03-15T02:00:00,5.16
11301,2017-03-15T02:20:00,5.16
11302,2017-03-15T02:45:00,5.16
11303,2017-03-15T03:05:00,5.16
11304,2017-03-15T03:25:00,5.16
11305,2017-03-15T03:45:00,5.16
11306,2017-03-15T04:05:00,5.16
11307,2017-03-15T04:25:00,4.84
11308,2017-03-15T04:45:00,4.84
11309,2017-03-15T05:05:00,4.84
11310,2017-03-15T05:25:00,4.84
11311,2017-03-15T05:45:00,4.84
11312,2017-03-15T06:05:00,5.48
11313,2017-03-15T06:25:00,6.13
11314,2017-03-15T06:45:00,8.06
11315,2017-03-15T07:05:00,7.74
11316,2017-03-15T07:25:00,7.1
11317,2017-03-15T07:45:00,7.1
11318,2017-03-15T08:05:00,9.35
11319,2017-03-15T08:25:00,11.61
11320,2017-03-15T08:45:00,12.58
11321,2017-03-15T09:05:00,9.03
11322,2017-03-15T09:25:00,8.71
11323,2017-03-15T09:45:00,9.68
11324,2017-03-15T10:05:00,11.61
11325,2017-03-15T10:25:00,11.29
11326,2017-03-15T10:45:00,10.65
11327,2017-03-15T11:05:00,10.97
11328,2017-03-15T11:25:00,12.9
11329,2017-03-15T11:45:00,10
11330,2017-03-15T12:05:00,11.29
11331,2017-03-15T12:25:00,12.26
11332,2017-03-15T12:45:00,12.9
11333,2017-03-15T13:05:00,12.58
11334,2017-03-15T13:25:00,11.61
11335,2017-03-15T13:45:00,12.58
11336,2017-03-15T14:10:00,11.29
11337,2017-03-15T14:30:00,12.26
11338,2017-03-15T14:50:00,9.68
11339,2017-03-15T15:10:00,9.68
11340,2017-03-15T15:30:00,8.71
11341,2017-03-15T15:50:00,8.06
11342,2017-03-15T16:10:00,9.03
11343,2017-03-15T16:30:00,7.74
11344,2017-03-15T16:50:00,7.1
11345,2017-03-15T17:10:00,6.77
11346,2017-03-15T17:30:00,6.45
11347,2017-03-15T17:50:00,6.13
11348,2017-03-15T18:10:00,5.81
11349,2017-03-15T18:30:00,5.48
11350,2017-03-15T18:50:00,5.16
11351,2017-03-15T19:10:00,4.84
11352,2017-03-15T19:30:00,4.84
11353,2017-03-15T19:50:00,4.52
11354,2017-03-15T20:10:00,4.52
11355,2017-03-15T20:30:00,4.19
11356,2017-03-15T20:50:00,4.19
11357,2017-03-15T21:10:00,3.87
11358,2017-03-15T21:30:00,3.87
11359,2017-03-15T21:50:00,3.87
11360,2017-03-15T22:10:00,3.55
11361,2017-03-15T22:30:00,3.55
11362,2017-03-15T22:50:00,3.23
11363,2017-03-15T23:10:00,3.23
11364,2017-03-15T23:30:00,3.23
11365,2017-03-15T23:50:00,3.23
11366,2017-03-16T00:10:00,3.55
11367,2017-03-16T00:30:00,3.87
11368,2017-03-16T00:50:00,3.87
11369,2017-03-16T01:15:00,3.87
11370,2017-03-16T01:35:00,3.87
11371,2017-03-16T01:55:00,3.87
11372,2017-03-16T02:15:00,3.87
11373,2017-03-16T02:35:00,4.19
11374,2017-03-16T02:55:00,4.19
11375,2017-03-16T03:15:00,4.19
11376,2017-03-16T03:35:00,4.52
11377,2017-03-16T03:55:00,4.84
11378,2017-03-16T04:15:00,5.16
11379,2017-03-16T04:35:00,5.16
11380,2017-03-16T04:55:00,5.16
11381,2017-03-16T05:15:00,5.16
11382,2017-03-16T05:35:00,5.16
11383,2017-03-16T05:55:00,5.48
11384,2017-03-16T06:15:00,5.48
11385,2017-03-16T06:35:00,5.81
11386,2017-03-16T06:55:00,5.48
11387,2017-03-16T07:15:00,6.13
11388,2017-03-16T07:35:00,7.1
11389,2017-03-16T07:55:00,8.06
11390,2017-03-16T08:15:00,8.39
11391,2017-03-16T08:35:00,8.71
11392,2017-03-16T08:55:00,8.06
11393,2017-03-16T09:15:00,9.03
11394,2017-03-16T09:35:00,11.29
11395,2017-03-16T09:55:00,10.97
11396,2017-03-16T10:15:00,13.23
11397,2017-03-16T10:35:00,10.97
11398,2017-03-16T10:55:00,10.32
11399,2017-03-16T11:15:00,14.84
11400,2017-03-16T11:35:00,14.19
11401,2017-03-16T11:55:00,14.52
11402,2017-03-16T12:15:00,14.84
11403,2017-03-16T12:40:00,15.48
11404,2017-03-16T13:00:00,16.45
11405,2017-03-16T13:20:00,14.84
11406,2017-03-16T13:40:00,13.87
11407,2017-03-16T14:00:00,16.13
11408,2017-03-16T14:20:00,14.52
11409,2017-03-16T14:40:00,14.84
11410,2017-03-16T15:00:00,14.84
11411,2017-03-16T15:20:00,13.23
11412,2017-03-16T15:40:00,12.9
11413,2017-03-16T16:00:00,12.26
11414,2017-03-16T16:20:00,11.94
11415,2017-03-16T16:40:00,11.61
11416,2017-03-16T17:00:00,11.29
11417,2017-03-16T17:20:00,10.65
11418,2017-03-16T17:40:00,10.32
11419,2017-03-16T18:00:00,10
11420,2017-03-16T18:20:00,9.35
11421,2017-03-16T18:40:00,9.35
11422,2017-03-16T19:00:00,9.03
11423,2017-03-16T19:20:00,9.35
11424,2017-03-16T19:40:00,9.03
11425,2017-03-16T20:00:00,9.03
11426,2017-03-16T20:20:00,8.71
11427,2017-03-16T20:40:00,8.39
11428,2017-03-16T21:00:00,8.06
11429,2017-03-16T21:20:00,7.74
11430,2017-03-16T21:40:00,7.74
11431,2017-03-16T22:00:00,7.42
11432,2017-03-16T22:20:00,7.1
11433,2017-03-16T22:40:00,7.1
11434,2017-03-16T23:00:00,7.1
11435,2017-03-16T23:20:00,6.77
11436,2017-03-16T23:40:00,6.77
11437,2017-03-17T00:05:00,6.77
11438,2017-03-17T00:25:00,6.13
11439,2017-03-17T00:45:00,5.81
11440,2017-03-17T01:05:00,5.81
11441,2017-03-17T01:25:00,5.81
11442,2017-03-17T01:45:00,5.81
11443,2017-03-17T02:05:00,5.48
11444,2017-03-17T02:25:00,4.84
11445,2017-03-17T02:45:00,3.87
11446,2017-03-17T03:05:00,3.87
11447,2017-03-17T03:25:00,3.87
11448,2017-03-17T03:45:00,3.87
11449,2017-03-17T04:05:00,3.87
11450,2017-03-17T04:25:00,3.55
11451,2017-03-17T04:45:00,3.55
11452,2017-03-17T05:05:00,3.23
11453,2017-03-17T05:25:00,3.23
11454,2017-03-17T05:45:00,3.55
11455,2017-03-17T06:05:00,3.87
11456,2017-03-17T06:25:00,5.48
11457,2017-03-17T06:45:00,6.13
11458,2017-03-17T07:05:00,7.42
11459,2017-03-17T07:25:00,9.35
11460,2017-03-17T07:45:00,9.35
11461,2017-03-17T08:05:00,7.42
11462,2017-03-17T08:25:00,9.03
11463,2017-03-17T08:45:00,7.42
11464,2017-03-17T09:05:00,7.42
11465,2017-03-17T09:25:00,2.26
11466,2017-03-17T09:45:00,7.42
11467,2017-03-17T10:05:00,9.35
11468,2017-03-17T10:25:00,6.45
11469,2017-03-17T10:45:00,4.52
11470,2017-03-17T11:05:00,3.55
11471,2017-03-17T11:30:00,8.06
11472,2017-03-17T11:50:00,8.71
11473,2017-03-17T12:10:00,4.52
11474,2017-03-17T12:30:00,2.9
11475,2017-03-17T12:50:00,7.74
11476,2017-03-17T13:10:00,2.9
11477,2017-03-17T13:30:00,3.87
11478,2017-03-17T13:50:00,3.87
11479,2017-03-17T14:10:00,4.52
11480,2017-03-17T14:30:00,3.55
11481,2017-03-17T14:50:00,7.1
11482,2017-03-17T15:10:00,3.87
11483,2017-03-17T15:30:00,3.55
11484,2017-03-17T15:50:00,6.45
11485,2017-03-17T16:10:00,6.13
11486,2017-03-17T16:30:00,5.16
11487,2017-03-17T16:50:00,3.55
11488,2017-03-17T17:10:00,3.23
11489,2017-03-17T17:30:00,2.9
11490,2017-03-17T17:50:00,2.9
11491,2017-03-17T18:10:00,2.58
11492,2017-03-17T18:30:00,2.58
11493,2017-03-17T18:50:00,2.26
11494,2017-03-17T19:10:00,2.26
11495,2017-03-17T19:30:00,2.26
11496,2017-03-17T19:50:00,2.26
11497,2017-03-17T20:10:00,2.26
11498,2017-03-17T20:30:00,2.26
11499,2017-03-17T20:50:00,2.26
11500,2017-03-17T21:10:00,2.26
11501,2017-03-17T21:30:00,2.58
11502,2017-03-17T21:50:00,2.26
11503,2017-03-17T22:10:00,2.9
11504,2017-03-17T22:30:00,2.9
11505,2017-03-17T22:55:00,2.9
11506,2017-03-17T23:15:00,2.9
11507,2017-03-17T23:35:00,2.58
11508,2017-03-17T23:55:00,2.26
11509,2017-03-18T00:15:00,2.26
11510,2017-03-18T00:35:00,1.94
11511,2017-03-18T00:55:00,2.26
11512,2017-03-18T01:15:00,2.26
11513,2017-03-18T01:35:00,2.26
11514,2017-03-18T01:55:00,2.58
11515,2017-03-18T02:15:00,2.9
11516,2017-03-18T02:35:00,2.9
11517,2017-03-18T02:55:00,2.9
11518,2017-03-18T03:15:00,2.9
11519,2017-03-18T03:35:00,2.9
11520,2017-03-18T03:55:00,2.9
11521,2017-03-18T04:15:00,2.9
11522,2017-03-18T04:35:00,2.58
11523,2017-03-18T04:55:00,2.26
11524,2017-03-18T05:15:00,1.94
11525,2017-03-18T05:35:00,1.61
11526,2017-03-18T05:55:00,1.29
11527,2017-03-18T06:15:00,0.97
11528,2017-03-18T06:35:00,0.65
11529,2017-03-18T06:55:00,0.65
11530,2017-03-18T07:15:00,0.65
11531,2017-03-18T07:35:00,0.97
11532,2017-03-18T07:55:00,1.61
11533,2017-03-18T08:15:00,1.94
11534,2017-03-18T08:35:00,4.52
11535,2017-03-18T08:55:00,3.23
11536,2017-03-18T09:15:00,4.84
11537,2017-03-18T09:35:00,6.77
11538,2017-03-18T10:00:00,8.71
11539,2017-03-18T10:20:00,7.1
11540,2017-03-18T10:40:00,10.97
11541,2017-03-18T11:00:00,10.97
11542,2017-03-18T11:20:00,10.32
11543,2017-03-18T11:40:00,10
11544,2017-03-18T12:00:00,12.58
11545,2017-03-18T12:20:00,11.94
11546,2017-03-18T12:40:00,11.94
11547,2017-03-18T13:00:00,12.58
11548,2017-03-18T13:20:00,11.94
11549,2017-03-18T13:40:00,9.03
11550,2017-03-18T14:00:00,11.94
11551,2017-03-18T14:20:00,12.58
11552,2017-03-18T14:40:00,10.97
11553,2017-03-18T15:00:00,10
11554,2017-03-18T15:20:00,10.65
11555,2017-03-18T15:40:00,9.03
11556,2017-03-18T16:00:00,9.35
11557,2017-03-18T16:20:00,8.06
11558,2017-03-18T16:40:00,5.81
11559,2017-03-18T17:00:00,4.52
11560,2017-03-18T17:20:00,4.19
11561,2017-03-18T17:40:00,3.55
11562,2017-03-18T18:00:00,3.23
11563,2017-03-18T18:20:00,2.58
11564,2017-03-18T18:40:00,2.26
11565,2017-03-18T19:00:00,2.26
11566,2017-03-18T19:20:00,1.94
11567,2017-03-18T19:40:00,1.61
11568,2017-03-18T20:00:00,1.29
11569,2017-03-18T20:20:00,1.29
11570,2017-03-18T20:40:00,0.97
11571,2017-03-18T21:00:00,0.97
11572,2017-03-18T21:25:00,0.65
11573,2017-03-18T21:45:00,0.65
11574,2017-03-18T22:05:00,0.32
11575,2017-03-18T22:25:00,0.32
11576,2017-03-18T22:45:00,0.32
11577,2017-03-18T23:05:00,0.32
11578,2017-03-18T23:25:00,0
11579,2017-03-18T23:45:00,0
11580,2017-03-19T00:05:00,0
11581,2017-03-19T00:25:00,-0.32
11582,2017-03-19T00:45:00,-0.32
11583,2017-03-19T01:05:00,-1.61
11584,2017-03-19T01:25:00,-0.65
11585,2017-03-19T01:45:00,-0.32
11586,2017-03-19T02:05:00,-0.65
11587,2017-03-19T02:25:00,-0.65
11588,2017-03-19T02:45:00,-0.97
11589,2017-03-19T03:05:00,-0.65
11590,2017-03-19T03:25:00,-0.97
11591,2017-03-19T03:45:00,-0.97
11592,2017-03-19T04:05:00,-0.97
11593,2017-03-19T04:25:00,-1.29
11594,2017-03-19T04:45:00,-0.97
11595,2017-03-19T05:05:00,-0.65
11596,2017-03-19T05:25:00,-0.32
11597,2017-03-19T05:45:00,-0.32
11598,2017-03-19T06:05:00,0
11599,2017-03-19T06:25:00,0.65
11600,2017-03-19T06:45:00,0.65
11601,2017-03-19T07:05:00,1.61
11602,2017-03-19T07:25:00,1.94
11603,2017-03-19T07:45:00,2.26
11604,2017-03-19T08:05:00,2.58
11605,2017-03-19T08:25:00,2.58
11606,2017-03-19T08:50:00,2.58
11607,2017-03-19T09:10:00,2.9
11608,2017-03-19T09:30:00,2.9
11609,2017-03-19T09:50:00,3.23
11610,2017-03-19T10:10:00,3.23
11611,2017-03-19T10:30:00,3.23
11612,2017-03-19T10:50:00,3.23
11613,2017-03-19T11:10:00,2.58
11614,2017-03-19T11:30:00,1.61
11615,2017-03-19T11:50:00,1.29
11616,2017-03-19T12:10:00,1.29
11617,2017-03-19T12:30:00,1.29
11618,2017-03-19T12:50:00,1.29
11619,2017-03-19T13:10:00,1.29
11620,2017-03-19T13:30:00,0.97
11621,2017-03-19T13:50:00,0.65
11622,2017-03-19T14:10:00,0.97
11623,2017-03-19T14:30:00,0.65
11624,2017-03-19T14:50:00,0.97
11625,2017-03-19T15:10:00,0.97
11626,2017-03-19T15:30:00,0.97
11627,2017-03-19T15:50:00,0.97
11628,2017-03-19T16:10:00,0.97
11629,2017-03-19T16:30:00,1.29
11630,2017-03-19T16:50:00,1.29
11631,2017-03-19T17:10:00,1.61
11632,2017-03-19T17:30:00,1.94
11633,2017-03-19T17:50:00,1.94
11634,2017-03-19T18:10:00,1.94
11635,2017-03-19T18:30:00,1.94
11636,2017-03-19T18:50:00,2.26
11637,2017-03-19T19:10:00,1.94
11638,2017-03-19T19:30:00,2.26
11639,2017-03-19T19:50:00,2.26
11640,2017-03-19T20:15:00,2.26
11641,2017-03-19T20:35:00,2.58
11642,2017-03-19T20:55:00,2.58
11643,2017-03-19T21:15:00,2.58
11644,2017-03-19T21:35:00,2.58
11645,2017-03-19T21:55:00,2.9
11646,2017-03-19T22:15:00,3.23
11647,2017-03-19T22:35:00,3.55
11648,2017-03-19T22:55:00,3.87
11649,2017-03-19T23:15:00,4.52
11650,2017-03-19T23:35:00,4.84
11651,2017-03-19T23:55:00,4.52
11652,2017-03-20T00:15:00,4.19
11653,2017-03-20T00:35:00,4.19
11654,2017-03-20T00:55:00,4.52
11655,2017-03-20T01:15:00,4.52
11656,2017-03-20T01:35:00,4.84
11657,2017-03-20T01:55:00,4.84
11658,2017-03-20T02:15:00,4.52
11659,2017-03-20T02:35:00,4.52
11660,2017-03-20T02:55:00,4.84
11661,2017-03-20T03:15:00,4.84
11662,2017-03-20T03:35:00,4.84
11663,2017-03-20T03:55:00,4.84
11664,2017-03-20T04:15:00,4.84
11665,2017-03-20T04:35:00,4.84
11666,2017-03-20T04:55:00,4.84
11667,2017-03-20T05:15:00,4.84
11668,2017-03-20T05:35:00,4.84
11669,2017-03-20T05:55:00,4.84
11670,2017-03-20T06:15:00,4.84
11671,2017-03-20T06:35:00,5.48
11672,2017-03-20T06:55:00,7.1
11673,2017-03-20T07:20:00,6.77
11674,2017-03-20T07:40:00,10
11675,2017-03-20T08:00:00,9.03
11676,2017-03-20T08:20:00,6.77
11677,2017-03-20T08:40:00,6.77
11678,2017-03-20T09:00:00,6.45
11679,2017-03-20T09:20:00,6.45
11680,2017-03-20T09:40:00,6.13
11681,2017-03-20T10:00:00,6.77
11682,2017-03-20T10:20:00,7.42
11683,2017-03-20T10:40:00,7.42
11684,2017-03-20T11:00:00,6.45
11685,2017-03-20T11:20:00,6.77
11686,2017-03-20T11:40:00,8.39
11687,2017-03-20T12:00:00,7.1
11688,2017-03-20T12:20:00,6.45
11689,2017-03-20T12:40:00,6.45
11690,2017-03-20T13:00:00,5.16
11691,2017-03-20T13:20:00,5.48
11692,2017-03-20T13:40:00,4.84
11693,2017-03-20T14:00:00,4.84
11694,2017-03-20T14:20:00,4.84
11695,2017-03-20T14:40:00,4.84
11696,2017-03-20T15:00:00,4.84
11697,2017-03-20T15:20:00,5.16
11698,2017-03-20T15:40:00,5.48
11699,2017-03-20T16:00:00,5.81
11700,2017-03-20T16:20:00,6.13
11701,2017-03-20T16:40:00,6.45
11702,2017-03-20T17:00:00,5.81
11703,2017-03-20T17:20:00,5.81
11704,2017-03-20T17:40:00,6.45
11705,2017-03-20T18:00:00,6.77
11706,2017-03-20T18:20:00,6.77
11707,2017-03-20T18:45:00,6.45
11708,2017-03-20T19:05:00,6.77
11709,2017-03-20T19:25:00,6.77
11710,2017-03-20T19:45:00,6.77
11711,2017-03-20T20:05:00,6.45
11712,2017-03-20T20:25:00,6.45
11713,2017-03-20T20:45:00,6.13
11714,2017-03-20T21:05:00,6.13
11715,2017-03-20T21:25:00,5.81
11716,2017-03-20T21:45:00,6.13
11717,2017-03-20T22:05:00,6.13
11718,2017-03-20T22:25:00,5.81
11719,2017-03-20T22:45:00,5.81
11720,2017-03-20T23:05:00,5.48
11721,2017-03-20T23:25:00,5.16
11722,2017-03-20T23:45:00,4.84
11723,2017-03-21T00:05:00,4.52
11724,2017-03-21T00:25:00,4.19
11725,2017-03-21T00:45:00,4.19
11726,2017-03-21T01:05:00,4.19
11727,2017-03-21T01:25:00,4.19
11728,2017-03-21T01:45:00,4.19
11729,2017-03-21T02:05:00,4.19
11730,2017-03-21T02:25:00,3.87
11731,2017-03-21T02:45:00,3.87
11732,2017-03-21T03:05:00,3.87
11733,2017-03-21T03:25:00,3.87
11734,2017-03-21T03:45:00,3.87
11735,2017-03-21T04:05:00,3.87
11736,2017-03-21T04:25:00,3.87
11737,2017-03-21T04:45:00,3.87
11738,2017-03-21T05:05:00,3.55
11739,2017-03-21T05:25:00,3.87
11740,2017-03-21T05:45:00,4.19
11741,2017-03-21T06:10:00,5.48
11742,2017-03-21T06:30:00,6.45
11743,2017-03-21T06:50:00,7.74
11744,2017-03-21T07:10:00,8.39
11745,2017-03-21T07:30:00,9.03
11746,2017-03-21T07:50:00,10
11747,2017-03-21T08:10:00,10.65
11748,2017-03-21T08:30:00,8.06
11749,2017-03-21T08:50:00,7.74
11750,2017-03-21T09:10:00,8.39
11751,2017-03-21T09:30:00,7.74
11752,2017-03-21T09:50:00,10.97
11753,2017-03-21T10:10:00,8.39
11754,2017-03-21T10:30:00,10.32
11755,2017-03-21T10:50:00,8.71
11756,2017-03-21T11:10:00,11.94
11757,2017-03-21T11:30:00,10
11758,2017-03-21T11:50:00,3.87
11759,2017-03-21T12:10:00,7.74
11760,2017-03-21T12:30:00,7.42
11761,2017-03-21T12:50:00,6.45
11762,2017-03-21T13:10:00,8.06
11763,2017-03-21T13:30:00,7.1
11764,2017-03-21T13:50:00,10
11765,2017-03-21T14:10:00,8.71
11766,2017-03-21T14:30:00,9.03
11767,2017-03-21T14:50:00,9.35
11768,2017-03-21T15:10:00,8.39
11769,2017-03-21T15:30:00,6.45
11770,2017-03-21T15:50:00,8.06
11771,2017-03-21T16:10:00,6.13
11772,2017-03-21T16:30:00,5.48
11773,2017-03-21T16:50:00,4.52
11774,2017-03-21T17:10:00,4.52
11775,2017-03-21T17:35:00,4.52
11776,2017-03-21T17:55:00,3.55
11777,2017-03-21T18:15:00,3.55
11778,2017-03-21T18:35:00,3.23
11779,2017-03-21T18:55:00,1.61
11780,2017-03-21T19:15:00,2.26
11781,2017-03-21T19:35:00,2.58
11782,2017-03-21T19:55:00,2.58
11783,2017-03-21T20:15:00,2.26
11784,2017-03-21T20:35:00,1.61
11785,2017-03-21T20:55:00,1.94
11786,2017-03-21T21:15:00,1.94
11787,2017-03-21T21:35:00,1.94
11788,2017-03-21T21:55:00,0.97
11789,2017-03-21T22:15:00,1.61
11790,2017-03-21T22:35:00,2.26
11791,2017-03-21T22:55:00,2.58
11792,2017-03-21T23:15:00,2.9
11793,2017-03-21T23:35:00,3.23
11794,2017-03-21T23:55:00,3.23
11795,2017-03-22T00:15:00,3.55
11796,2017-03-22T00:35:00,3.55
11797,2017-03-22T00:55:00,3.23
11798,2017-03-22T01:15:00,3.23
11799,2017-03-22T01:35:00,3.23
11800,2017-03-22T01:55:00,2.9
11801,2017-03-22T02:15:00,3.23
11802,2017-03-22T02:35:00,2.9
11803,2017-03-22T02:55:00,2.9
11804,2017-03-22T03:15:00,3.23
11805,2017-03-22T03:35:00,3.23
11806,2017-03-22T03:55:00,2.9
11807,2017-03-22T04:15:00,2.9
11808,2017-03-22T04:40:00,2.9
11809,2017-03-22T05:00:00,2.58
11810,2017-03-22T05:20:00,2.26
11811,2017-03-22T05:40:00,2.9
11812,2017-03-22T06:00:00,3.87
11813,2017-03-22T06:20:00,5.48
11814,2017-03-22T06:40:00,6.45
11815,2017-03-22T07:00:00,7.42
11816,2017-03-22T07:20:00,7.74
11817,2017-03-22T07:40:00,8.06
11818,2017-03-22T08:00:00,7.42
11819,2017-03-22T08:20:00,8.39
11820,2017-03-22T08:40:00,8.06
11821,2017-03-22T09:00:00,9.35
11822,2017-03-22T09:20:00,10.65
11823,2017-03-22T09:40:00,11.94
11824,2017-03-22T10:00:00,11.94
11825,2017-03-22T10:20:00,11.61
11826,2017-03-22T10:40:00,12.58
11827,2017-03-22T11:00:00,11.29
11828,2017-03-22T11:20:00,10.65
11829,2017-03-22T11:40:00,10.65
11830,2017-03-22T12:00:00,10.65
11831,2017-03-22T12:20:00,10.65
11832,2017-03-22T12:40:00,9.03
11833,2017-03-22T13:00:00,8.71
11834,2017-03-22T13:20:00,8.39
11835,2017-03-22T13:40:00,12.58
11836,2017-03-22T14:00:00,10
11837,2017-03-22T14:20:00,9.03
11838,2017-03-22T14:40:00,10.65
11839,2017-03-22T15:00:00,11.94
11840,2017-03-22T15:20:00,10.32
11841,2017-03-22T15:40:00,10.97
11842,2017-03-22T16:05:00,11.61
11843,2017-03-22T16:25:00,11.94
11844,2017-03-22T16:45:00,8.71
11845,2017-03-22T17:05:00,8.06
11846,2017-03-22T17:25:00,7.42
11847,2017-03-22T17:45:00,6.77
11848,2017-03-22T18:05:00,6.45
11849,2017-03-22T18:25:00,6.13
11850,2017-03-22T18:45:00,5.81
11851,2017-03-22T19:05:00,5.16
11852,2017-03-22T19:25:00,5.16
11853,2017-03-22T19:45:00,4.84
11854,2017-03-22T20:05:00,4.84
11855,2017-03-22T20:25:00,4.19
11856,2017-03-22T20:45:00,3.87
11857,2017-03-22T21:05:00,3.87
11858,2017-03-22T21:25:00,3.55
11859,2017-03-22T21:45:00,3.23
11860,2017-03-22T22:05:00,2.58
11861,2017-03-22T22:25:00,2.9
11862,2017-03-22T22:45:00,2.58
11863,2017-03-22T23:05:00,2.26
11864,2017-03-22T23:25:00,1.94
11865,2017-03-22T23:45:00,1.29
11866,2017-03-23T00:05:00,1.29
11867,2017-03-23T00:25:00,1.61
11868,2017-03-23T00:45:00,0.97
11869,2017-03-23T01:05:00,1.29
11870,2017-03-23T01:25:00,1.29
11871,2017-03-23T01:45:00,0.65
11872,2017-03-23T02:05:00,0.65
11873,2017-03-23T02:25:00,0.32
11874,2017-03-23T02:45:00,0
11875,2017-03-23T03:05:00,0.32
11876,2017-03-23T03:30:00,0.65
11877,2017-03-23T03:50:00,0.65
11878,2017-03-23T04:10:00,0
11879,2017-03-23T04:30:00,-0.32
11880,2017-03-23T04:50:00,-0.65
11881,2017-03-23T05:10:00,-0.97
11882,2017-03-23T05:30:00,-0.97
11883,2017-03-23T05:50:00,0
11884,2017-03-23T06:10:00,2.26
11885,2017-03-23T06:30:00,5.16
11886,2017-03-23T06:50:00,6.77
11887,2017-03-23T07:10:00,7.1
11888,2017-03-23T07:30:00,10.65
11889,2017-03-23T07:50:00,15.48
11890,2017-03-23T08:10:00,15.48
11891,2017-03-23T08:30:00,8.06
11892,2017-03-23T08:50:00,10.97
11893,2017-03-23T09:10:00,10.32
11894,2017-03-23T09:30:00,10.32
11895,2017-03-23T09:50:00,10.97
11896,2017-03-23T10:10:00,9.68
11897,2017-03-23T10:30:00,11.61
11898,2017-03-23T10:50:00,11.94
11899,2017-03-23T11:10:00,13.87
11900,2017-03-23T11:30:00,11.94
11901,2017-03-23T11:50:00,12.26
11902,2017-03-23T12:10:00,12.26
11903,2017-03-23T12:30:00,13.23
11904,2017-03-23T12:50:00,13.55
11905,2017-03-23T13:10:00,12.9
11906,2017-03-23T13:30:00,13.55
11907,2017-03-23T13:50:00,13.87
11908,2017-03-23T14:10:00,14.84
11909,2017-03-23T14:30:00,14.84
11910,2017-03-23T14:55:00,12.26
11911,2017-03-23T15:15:00,12.26
11912,2017-03-23T15:35:00,10.65
11913,2017-03-23T15:55:00,10.97
11914,2017-03-23T16:15:00,10.32
11915,2017-03-23T16:35:00,8.39
11916,2017-03-23T16:55:00,5.81
11917,2017-03-23T17:15:00,5.48
11918,2017-03-23T17:35:00,4.19
11919,2017-03-23T17:55:00,4.52
11920,2017-03-23T18:15:00,4.19
11921,2017-03-23T18:35:00,4.19
11922,2017-03-23T18:55:00,2.9
11923,2017-03-23T19:15:00,3.23
11924,2017-03-23T19:35:00,2.9
11925,2017-03-23T19:55:00,2.26
11926,2017-03-23T20:15:00,2.26
11927,2017-03-23T20:35:00,2.26
11928,2017-03-23T20:55:00,2.9
11929,2017-03-23T21:15:00,2.26
11930,2017-03-23T21:35:00,1.61
11931,2017-03-23T21:55:00,1.61
11932,2017-03-23T22:15:00,1.29
11933,2017-03-23T22:35:00,1.29
11934,2017-03-23T22:55:00,0.97
11935,2017-03-23T23:15:00,0.97
11936,2017-03-23T23:35:00,0.97
11937,2017-03-23T23:55:00,0.32
11938,2017-03-24T00:15:00,0.65
11939,2017-03-24T00:35:00,0.32
11940,2017-03-24T00:55:00,0
11941,2017-03-24T01:15:00,-0.65
11942,2017-03-24T01:35:00,-0.97
11943,2017-03-24T01:55:00,-0.97
11944,2017-03-24T02:20:00,-0.97
11945,2017-03-24T02:40:00,-0.97
11946,2017-03-24T03:00:00,-1.29
11947,2017-03-24T03:20:00,-1.61
11948,2017-03-24T03:40:00,-1.61
11949,2017-03-24T04:00:00,-1.61
11950,2017-03-24T04:20:00,-1.94
11951,2017-03-24T04:40:00,-1.94
11952,2017-03-24T05:00:00,-2.26
11953,2017-03-24T05:20:00,-1.29
11954,2017-03-24T05:40:00,-0.97
11955,2017-03-24T06:00:00,0.97
11956,2017-03-24T06:20:00,3.23
11957,2017-03-24T06:40:00,2.9
11958,2017-03-24T07:00:00,6.13
11959,2017-03-24T07:20:00,8.71
11960,2017-03-24T07:40:00,9.35
11961,2017-03-24T08:00:00,7.74
11962,2017-03-24T08:20:00,7.74
11963,2017-03-24T08:40:00,10.32
11964,2017-03-24T09:00:00,10.32
11965,2017-03-24T09:20:00,12.26
11966,2017-03-24T09:40:00,11.61
11967,2017-03-24T10:00:00,11.29
11968,2017-03-24T10:20:00,15.16
11969,2017-03-24T10:40:00,15.48
11970,2017-03-24T11:00:00,15.81
11971,2017-03-24T11:20:00,16.77
11972,2017-03-24T11:40:00,15.16
11973,2017-03-24T12:00:00,15.16
11974,2017-03-24T12:20:00,15.81
11975,2017-03-24T12:40:00,16.77
11976,2017-03-24T13:00:00,16.13
11977,2017-03-24T13:25:00,15.16
11978,2017-03-24T13:45:00,14.52
11979,2017-03-24T14:05:00,13.55
11980,2017-03-24T14:25:00,13.23
11981,2017-03-24T14:45:00,11.94
11982,2017-03-24T15:05:00,10.65
11983,2017-03-24T15:25:00,10
11984,2017-03-24T15:45:00,9.35
11985,2017-03-24T16:05:00,8.71
11986,2017-03-24T16:25:00,8.06
11987,2017-03-24T16:45:00,7.42
11988,2017-03-24T17:05:00,6.77
11989,2017-03-24T17:25:00,6.13
11990,2017-03-24T17:45:00,5.81
11991,2017-03-24T18:05:00,5.16
11992,2017-03-24T18:25:00,4.84
11993,2017-03-24T18:45:00,4.52
11994,2017-03-24T19:05:00,4.52
11995,2017-03-24T19:25:00,4.19
11996,2017-03-24T19:45:00,3.87
11997,2017-03-24T20:05:00,3.87
11998,2017-03-24T20:25:00,3.87
11999,2017-03-24T20:45:00,3.55
12000,2017-03-24T21:05:00,3.55
12001,2017-03-24T21:25:00,3.55
12002,2017-03-24T21:45:00,3.55
12003,2017-03-24T22:05:00,3.23
12004,2017-03-24T22:25:00,3.55
12005,2017-03-24T22:45:00,3.55
12006,2017-03-24T23:05:00,3.55
12007,2017-03-24T23:25:00,3.55
12008,2017-03-24T23:45:00,3.23
12009,2017-03-25T00:05:00,3.23
12010,2017-03-25T00:25:00,3.23
12011,2017-03-25T00:50:00,3.23
12012,2017-03-25T01:10:00,3.87
12013,2017-03-25T01:30:00,3.87
12014,2017-03-25T01:50:00,3.87
12015,2017-03-25T02:10:00,3.87
12016,2017-03-25T02:30:00,3.87
12017,2017-03-25T02:50:00,3.87
12018,2017-03-25T03:10:00,3.87
12019,2017-03-25T03:30:00,4.19
12020,2017-03-25T03:50:00,4.52
12021,2017-03-25T04:10:00,4.52
12022,2017-03-25T04:30:00,4.52
12023,2017-03-25T04:50:00,4.84
12024,2017-03-25T05:10:00,4.84
12025,2017-03-25T05:30:00,5.48
12026,2017-03-25T05:50:00,5.48
12027,2017-03-25T06:10:00,6.13
12028,2017-03-25T06:30:00,6.77
12029,2017-03-25T06:50:00,8.06
12030,2017-03-25T07:10:00,9.03
12031,2017-03-25T07:30:00,10.32
12032,2017-03-25T07:50:00,10.65
12033,2017-03-25T08:10:00,9.68
12034,2017-03-25T08:30:00,11.61
12035,2017-03-25T08:50:00,12.26
12036,2017-03-25T09:10:00,13.87
12037,2017-03-25T09:30:00,13.87
12038,2017-03-25T09:50:00,14.52
12039,2017-03-25T10:10:00,15.48
12040,2017-03-25T10:30:00,16.45
12041,2017-03-25T10:50:00,16.77
12042,2017-03-25T11:10:00,15.81
12043,2017-03-25T11:30:00,16.45
12044,2017-03-25T11:50:00,18.39
12045,2017-03-25T12:15:00,17.74
12046,2017-03-25T12:35:00,16.77
12047,2017-03-25T12:55:00,16.45
12048,2017-03-25T13:15:00,16.77
12049,2017-03-25T13:35:00,15.81
12050,2017-03-25T13:55:00,15.48
12051,2017-03-25T14:15:00,13.87
12052,2017-03-25T14:35:00,12.9
12053,2017-03-25T14:55:00,13.23
12054,2017-03-25T15:15:00,12.58
12055,2017-03-25T15:35:00,11.94
12056,2017-03-25T15:55:00,10.65
12057,2017-03-25T16:15:00,10
12058,2017-03-25T16:35:00,9.68
12059,2017-03-25T16:55:00,8.71
12060,2017-03-25T17:15:00,7.74
12061,2017-03-25T17:35:00,7.42
12062,2017-03-25T17:55:00,6.77
12063,2017-03-25T18:15:00,6.45
12064,2017-03-25T18:35:00,5.81
12065,2017-03-25T18:55:00,6.13
12066,2017-03-25T19:15:00,5.81
12067,2017-03-25T19:35:00,6.13
12068,2017-03-25T19:55:00,5.81
12069,2017-03-25T20:15:00,5.48
12070,2017-03-25T20:35:00,5.48
12071,2017-03-25T20:55:00,5.48
12072,2017-03-25T21:15:00,5.81
12073,2017-03-25T21:35:00,5.81
12074,2017-03-25T21:55:00,5.81
12075,2017-03-25T22:15:00,5.81
12076,2017-03-25T22:35:00,5.81
12077,2017-03-25T22:55:00,5.81
12078,2017-03-25T23:15:00,5.81
12079,2017-03-25T23:40:00,5.48
12080,2017-03-26T00:00:00,5.48
12081,2017-03-26T00:20:00,5.48
12082,2017-03-26T00:40:00,5.48
12083,2017-03-26T01:00:00,5.48
12084,2017-03-26T01:20:00,5.16
12085,2017-03-26T01:40:00,5.16
12086,2017-03-26T03:00:00,4.19
12087,2017-03-26T03:20:00,3.87
12088,2017-03-26T03:40:00,3.87
12089,2017-03-26T04:00:00,3.87
12090,2017-03-26T04:20:00,3.87
12091,2017-03-26T04:40:00,3.55
12092,2017-03-26T05:00:00,3.87
12093,2017-03-26T05:20:00,3.87
12094,2017-03-26T05:40:00,4.52
12095,2017-03-26T06:00:00,7.74
12096,2017-03-26T06:20:00,5.81
12097,2017-03-26T06:40:00,8.39
12098,2017-03-26T07:00:00,9.35
12099,2017-03-26T07:20:00,9.68
12100,2017-03-26T07:40:00,14.84
12101,2017-03-26T08:00:00,14.19
12102,2017-03-26T08:20:00,14.19
12103,2017-03-26T08:40:00,12.9
12104,2017-03-26T09:00:00,12.26
12105,2017-03-26T09:20:00,14.52
12106,2017-03-26T09:40:00,16.45
12107,2017-03-26T10:00:00,15.48
12108,2017-03-26T10:20:00,14.52
12109,2017-03-26T10:45:00,14.52
12110,2017-03-26T11:05:00,14.84
12111,2017-03-26T11:25:00,16.45
12112,2017-03-26T11:45:00,16.13
12113,2017-03-26T12:05:00,18.06
12114,2017-03-26T12:25:00,19.03
12115,2017-03-26T12:45:00,17.74
12116,2017-03-26T13:05:00,17.42
12117,2017-03-26T13:25:00,19.68
12118,2017-03-26T13:45:00,17.42
12119,2017-03-26T14:05:00,19.35
12120,2017-03-26T14:25:00,17.74
12121,2017-03-26T14:45:00,16.77
12122,2017-03-26T15:05:00,16.77
12123,2017-03-26T15:25:00,15.81
12124,2017-03-26T15:45:00,16.13
12125,2017-03-26T16:05:00,14.84
12126,2017-03-26T16:25:00,14.19
12127,2017-03-26T16:45:00,10.97
12128,2017-03-26T17:05:00,10.32
12129,2017-03-26T17:25:00,9.68
12130,2017-03-26T17:45:00,9.03
12131,2017-03-26T18:05:00,8.39
12132,2017-03-26T18:25:00,8.06
12133,2017-03-26T18:45:00,7.74
12134,2017-03-26T19:05:00,7.42
12135,2017-03-26T19:25:00,7.1
12136,2017-03-26T19:45:00,6.77
12137,2017-03-26T20:05:00,6.45
12138,2017-03-26T20:25:00,5.81
12139,2017-03-26T20:45:00,5.48
12140,2017-03-26T21:05:00,5.48
12141,2017-03-26T21:25:00,5.16
12142,2017-03-26T21:45:00,5.16
12143,2017-03-26T22:10:00,5.16
12144,2017-03-26T22:30:00,4.84
12145,2017-03-26T22:50:00,4.84
12146,2017-03-26T23:10:00,4.84
12147,2017-03-26T23:30:00,4.52
12148,2017-03-26T23:50:00,4.84
12149,2017-03-27T00:10:00,4.52
12150,2017-03-27T00:30:00,4.52
12151,2017-03-27T00:50:00,4.19
12152,2017-03-27T01:10:00,3.87
12153,2017-03-27T01:30:00,3.87
12154,2017-03-27T01:50:00,3.87
12155,2017-03-27T02:10:00,3.87
12156,2017-03-27T02:30:00,3.87
12157,2017-03-27T02:50:00,3.87
12158,2017-03-27T03:10:00,3.87
12159,2017-03-27T03:30:00,3.87
12160,2017-03-27T03:50:00,3.55
12161,2017-03-27T04:10:00,3.55
12162,2017-03-27T04:30:00,3.87
12163,2017-03-27T04:50:00,3.23
12164,2017-03-27T05:10:00,2.9
12165,2017-03-27T05:30:00,3.23
12166,2017-03-27T05:50:00,3.55
12167,2017-03-27T06:10:00,3.87
12168,2017-03-27T06:30:00,4.52
12169,2017-03-27T06:50:00,4.19
12170,2017-03-27T07:10:00,5.16
12171,2017-03-27T07:30:00,5.48
12172,2017-03-27T07:50:00,5.81
12173,2017-03-27T08:10:00,7.42
12174,2017-03-27T08:30:00,10.32
12175,2017-03-27T08:50:00,10.65
12176,2017-03-27T09:10:00,12.9
12177,2017-03-27T09:35:00,13.23
12178,2017-03-27T09:55:00,13.87
12179,2017-03-27T10:15:00,14.84
12180,2017-03-27T10:35:00,14.19
12181,2017-03-27T10:55:00,17.1
12182,2017-03-27T11:15:00,16.45
12183,2017-03-27T11:35:00,16.45
12184,2017-03-27T11:55:00,17.42
12185,2017-03-27T12:15:00,16.77
12186,2017-03-27T12:35:00,16.45
12187,2017-03-27T12:55:00,17.42
12188,2017-03-27T13:15:00,17.1
12189,2017-03-27T13:35:00,18.39
12190,2017-03-27T13:55:00,17.42
12191,2017-03-27T14:15:00,17.42
12192,2017-03-27T14:35:00,17.42
12193,2017-03-27T14:55:00,17.42
12194,2017-03-27T15:15:00,17.1
12195,2017-03-27T15:35:00,14.52
12196,2017-03-27T15:55:00,16.13
12197,2017-03-27T16:15:00,14.84
12198,2017-03-27T16:35:00,12.26
12199,2017-03-27T16:55:00,10.65
12200,2017-03-27T17:15:00,10
12201,2017-03-27T17:35:00,9.35
12202,2017-03-27T17:55:00,8.39
12203,2017-03-27T18:15:00,7.74
12204,2017-03-27T18:35:00,7.42
12205,2017-03-27T18:55:00,6.77
12206,2017-03-27T19:15:00,6.45
12207,2017-03-27T19:35:00,6.13
12208,2017-03-27T19:55:00,5.81
12209,2017-03-27T20:15:00,5.81
12210,2017-03-27T20:35:00,6.13
12211,2017-03-27T21:00:00,5.81
12212,2017-03-27T21:20:00,5.81
12213,2017-03-27T21:40:00,5.81
12214,2017-03-27T22:00:00,5.48
12215,2017-03-27T22:20:00,4.84
12216,2017-03-27T22:40:00,5.16
12217,2017-03-27T23:00:00,5.16
12218,2017-03-27T23:20:00,5.16
12219,2017-03-27T23:40:00,4.84
12220,2017-03-28T00:00:00,4.52
12221,2017-03-28T00:20:00,4.52
12222,2017-03-28T00:40:00,4.52
12223,2017-03-28T01:00:00,4.19
12224,2017-03-28T01:20:00,3.87
12225,2017-03-28T01:40:00,3.87
12226,2017-03-28T02:00:00,3.87
12227,2017-03-28T02:20:00,3.87
12228,2017-03-28T02:40:00,3.87
12229,2017-03-28T03:00:00,3.55
12230,2017-03-28T03:20:00,3.55
12231,2017-03-28T03:40:00,3.55
12232,2017-03-28T04:00:00,3.23
12233,2017-03-28T04:20:00,3.55
12234,2017-03-28T04:40:00,3.87
12235,2017-03-28T05:00:00,4.52
12236,2017-03-28T05:20:00,3.87
12237,2017-03-28T05:40:00,3.87
12238,2017-03-28T06:00:00,4.19
12239,2017-03-28T06:20:00,4.19
12240,2017-03-28T06:40:00,3.87
12241,2017-03-28T07:00:00,5.48
12242,2017-03-28T07:20:00,5.48
12243,2017-03-28T07:40:00,5.81
12244,2017-03-28T08:05:00,6.45
12245,2017-03-28T08:25:00,7.1
12246,2017-03-28T08:45:00,7.1
12247,2017-03-28T09:05:00,9.03
12248,2017-03-28T09:25:00,8.06
12249,2017-03-28T09:45:00,7.1
12250,2017-03-28T10:05:00,7.74
12251,2017-03-28T10:25:00,9.35
12252,2017-03-28T10:45:00,8.06
12253,2017-03-28T11:05:00,8.71
12254,2017-03-28T11:25:00,11.94
12255,2017-03-28T11:45:00,12.58
12256,2017-03-28T12:05:00,11.94
12257,2017-03-28T12:25:00,10
12258,2017-03-28T12:45:00,10
12259,2017-03-28T13:05:00,8.71
12260,2017-03-28T13:25:00,8.06
12261,2017-03-28T13:45:00,9.03
12262,2017-03-28T14:05:00,7.74
12263,2017-03-28T14:25:00,13.23
12264,2017-03-28T14:45:00,12.26
12265,2017-03-28T15:05:00,11.94
12266,2017-03-28T15:25:00,12.26
12267,2017-03-28T15:45:00,10.32
12268,2017-03-28T16:05:00,9.68
12269,2017-03-28T16:25:00,6.13
12270,2017-03-28T16:45:00,5.16
12271,2017-03-28T17:05:00,5.16
12272,2017-03-28T17:25:00,5.16
12273,2017-03-28T17:45:00,4.84
12274,2017-03-28T18:05:00,4.84
12275,2017-03-28T18:25:00,4.84
12276,2017-03-28T18:45:00,4.84
12277,2017-03-28T19:05:00,4.52
12278,2017-03-28T19:30:00,4.52
12279,2017-03-28T19:50:00,4.19
12280,2017-03-28T20:10:00,4.19
12281,2017-03-28T20:30:00,4.19
12282,2017-03-28T20:50:00,4.84
12283,2017-03-28T21:10:00,5.16
12284,2017-03-28T21:30:00,5.16
12285,2017-03-28T21:50:00,4.84
12286,2017-03-28T22:10:00,4.52
12287,2017-03-28T22:30:00,4.19
12288,2017-03-28T22:50:00,3.87
12289,2017-03-28T23:10:00,3.55
12290,2017-03-28T23:30:00,3.23
12291,2017-03-28T23:50:00,2.9
12292,2017-03-29T00:10:00,2.58
12293,2017-03-29T00:30:00,2.26
12294,2017-03-29T00:50:00,2.26
12295,2017-03-29T01:10:00,2.26
12296,2017-03-29T01:30:00,2.26
12297,2017-03-29T01:50:00,2.58
12298,2017-03-29T02:10:00,2.9
12299,2017-03-29T02:30:00,2.9
12300,2017-03-29T02:50:00,3.23
12301,2017-03-29T03:10:00,3.23
12302,2017-03-29T03:30:00,3.55
12303,2017-03-29T03:50:00,3.55
12304,2017-03-29T04:10:00,3.55
12305,2017-03-29T04:30:00,2.9
12306,2017-03-29T04:50:00,3.87
12307,2017-03-29T05:10:00,2.9
12308,2017-03-29T05:30:00,3.55
12309,2017-03-29T05:50:00,3.23
12310,2017-03-29T06:10:00,4.19
12311,2017-03-29T06:30:00,3.87
12312,2017-03-29T06:55:00,3.87
12313,2017-03-29T07:15:00,3.87
12314,2017-03-29T07:35:00,4.19
12315,2017-03-29T07:55:00,4.52
12316,2017-03-29T08:15:00,5.16
12317,2017-03-29T08:35:00,5.48
12318,2017-03-29T08:55:00,5.16
12319,2017-03-29T09:15:00,4.84
12320,2017-03-29T09:35:00,5.48
12321,2017-03-29T09:55:00,5.16
12322,2017-03-29T10:15:00,6.45
12323,2017-03-29T10:35:00,7.1
12324,2017-03-29T10:55:00,6.77
12325,2017-03-29T11:15:00,6.13
12326,2017-03-29T11:35:00,7.1
12327,2017-03-29T11:55:00,7.1
12328,2017-03-29T12:15:00,6.45
12329,2017-03-29T12:35:00,5.81
12330,2017-03-29T12:55:00,7.1
12331,2017-03-29T13:15:00,7.74
12332,2017-03-29T13:35:00,7.74
12333,2017-03-29T13:55:00,7.74
12334,2017-03-29T14:15:00,7.74
12335,2017-03-29T14:35:00,7.74
12336,2017-03-29T14:55:00,7.42
12337,2017-03-29T15:15:00,7.1
12338,2017-03-29T15:35:00,6.77
12339,2017-03-29T15:55:00,6.77
12340,2017-03-29T16:15:00,6.77
12341,2017-03-29T16:35:00,6.77
12342,2017-03-29T16:55:00,6.45
12343,2017-03-29T17:15:00,6.13
12344,2017-03-29T17:35:00,5.81
12345,2017-03-29T17:55:00,5.48
12346,2017-03-29T18:20:00,5.16
12347,2017-03-29T18:40:00,4.84
12348,2017-03-29T19:00:00,4.52
12349,2017-03-29T19:20:00,4.52
12350,2017-03-29T19:40:00,4.52
12351,2017-03-29T20:00:00,4.52
12352,2017-03-29T20:20:00,4.84
12353,2017-03-29T20:40:00,5.16
12354,2017-03-29T21:00:00,5.16
12355,2017-03-29T21:20:00,5.16
12356,2017-03-29T21:40:00,5.48
12357,2017-03-29T22:00:00,5.48
12358,2017-03-29T22:20:00,5.48
12359,2017-03-29T22:40:00,5.48
12360,2017-03-29T23:00:00,5.81
12361,2017-03-29T23:20:00,5.81
12362,2017-03-29T23:40:00,5.81
12363,2017-03-30T00:00:00,5.81
12364,2017-03-30T00:20:00,5.81
12365,2017-03-30T00:40:00,5.81
12366,2017-03-30T01:00:00,5.48
12367,2017-03-30T01:20:00,5.48
12368,2017-03-30T01:40:00,5.48
12369,2017-03-30T02:00:00,5.48
12370,2017-03-30T02:20:00,5.81
12371,2017-03-30T02:40:00,5.81
12372,2017-03-30T03:00:00,6.13
12373,2017-03-30T03:20:00,5.81
12374,2017-03-30T03:40:00,5.48
12375,2017-03-30T04:00:00,5.48
12376,2017-03-30T04:20:00,5.16
12377,2017-03-30T04:40:00,5.48
12378,2017-03-30T05:00:00,5.81
12379,2017-03-30T05:20:00,5.48
12380,2017-03-30T05:45:00,5.81
12381,2017-03-30T06:05:00,5.48
12382,2017-03-30T06:25:00,5.48
12383,2017-03-30T06:45:00,5.48
12384,2017-03-30T07:05:00,5.48
12385,2017-03-30T07:25:00,5.48
12386,2017-03-30T07:45:00,5.48
12387,2017-03-30T08:05:00,5.48
12388,2017-03-30T08:25:00,5.81
12389,2017-03-30T08:45:00,5.81
12390,2017-03-30T09:05:00,6.13
12391,2017-03-30T09:25:00,6.45
12392,2017-03-30T09:45:00,7.74
12393,2017-03-30T10:05:00,7.74
12394,2017-03-30T10:25:00,8.06
12395,2017-03-30T10:45:00,8.71
12396,2017-03-30T11:05:00,9.35
12397,2017-03-30T11:25:00,9.68
12398,2017-03-30T11:45:00,10
12399,2017-03-30T12:05:00,10
12400,2017-03-30T12:25:00,10.32
12401,2017-03-30T12:45:00,10.65
12402,2017-03-30T13:45:00,10.97
12403,2017-03-30T14:05:00,10.65
12404,2017-03-30T14:25:00,10.65
12405,2017-03-30T14:45:00,10.32
12406,2017-03-30T15:05:00,10.65
12407,2017-03-30T15:25:00,10.32
12408,2017-03-30T15:45:00,10.65
12409,2017-03-30T16:05:00,10.65
12410,2017-03-30T16:25:00,10.32
12411,2017-03-30T16:50:00,10.32
12412,2017-03-30T17:10:00,10.32
12413,2017-03-30T17:30:00,10.32
12414,2017-03-30T17:50:00,10.32
12415,2017-03-30T18:10:00,10
12416,2017-03-30T18:30:00,10
12417,2017-03-30T18:50:00,10
12418,2017-03-30T19:10:00,9.68
12419,2017-03-30T19:30:00,9.68
12420,2017-03-30T19:50:00,9.68
12421,2017-03-30T20:10:00,9.35
12422,2017-03-30T20:30:00,9.35
12423,2017-03-30T20:50:00,9.35
12424,2017-03-30T21:10:00,9.35
12425,2017-03-30T21:30:00,9.35
12426,2017-03-30T21:50:00,9.35
12427,2017-03-30T22:10:00,9.03
12428,2017-03-30T22:30:00,8.71
12429,2017-03-30T22:50:00,8.71
12430,2017-03-30T23:10:00,9.03
12431,2017-03-30T23:30:00,8.71
12432,2017-03-30T23:50:00,8.71
12433,2017-03-31T00:10:00,8.39
12434,2017-03-31T00:30:00,8.06
12435,2017-03-31T00:50:00,8.06
12436,2017-03-31T01:10:00,8.06
12437,2017-03-31T01:30:00,8.71
12438,2017-03-31T01:50:00,8.71
12439,2017-03-31T02:10:00,8.39
12440,2017-03-31T02:30:00,8.39
12441,2017-03-31T02:50:00,8.39
12442,2017-03-31T03:10:00,8.39
12443,2017-03-31T03:30:00,8.39
12444,2017-03-31T03:50:00,8.71
12445,2017-03-31T04:15:00,8.71
12446,2017-03-31T04:35:00,9.03
12447,2017-03-31T04:55:00,9.03
12448,2017-03-31T05:15:00,9.03
12449,2017-03-31T05:35:00,9.03
12450,2017-03-31T05:55:00,9.35
12451,2017-03-31T06:15:00,10.32
12452,2017-03-31T06:35:00,10.65
12453,2017-03-31T06:55:00,10.97
12454,2017-03-31T07:15:00,11.61
12455,2017-03-31T07:35:00,13.23
12456,2017-03-31T07:55:00,10.97
12457,2017-03-31T08:15:00,10.32
12458,2017-03-31T08:35:00,10.97
12459,2017-03-31T08:55:00,10.32
12460,2017-03-31T09:15:00,11.94
12461,2017-03-31T09:35:00,12.58
12462,2017-03-31T09:55:00,12.9
12463,2017-03-31T10:15:00,12.9
12464,2017-03-31T10:35:00,14.19
12465,2017-03-31T10:55:00,13.55
12466,2017-03-31T11:15:00,14.19
12467,2017-03-31T11:35:00,13.55
12468,2017-03-31T11:55:00,14.19
12469,2017-03-31T12:15:00,13.87
12470,2017-03-31T12:35:00,15.16
12471,2017-03-31T12:55:00,18.06
12472,2017-03-31T13:15:00,17.1
12473,2017-03-31T13:35:00,18.06
12474,2017-03-31T13:55:00,13.23
12475,2017-03-31T14:15:00,14.84
12476,2017-03-31T14:35:00,13.87
12477,2017-03-31T14:55:00,15.16
12478,2017-03-31T15:15:00,14.52
12479,2017-03-31T15:40:00,14.19
12480,2017-03-31T16:00:00,14.84
12481,2017-03-31T16:20:00,12.9
12482,2017-03-31T16:40:00,12.26
12483,2017-03-31T17:00:00,11.94
12484,2017-03-31T17:20:00,12.26
12485,2017-03-31T17:40:00,11.94
12486,2017-03-31T18:00:00,11.61
12487,2017-03-31T18:20:00,11.29
12488,2017-03-31T18:40:00,11.94
12489,2017-03-31T19:00:00,11.94
12490,2017-03-31T19:20:00,11.61
12491,2017-03-31T19:40:00,12.58
12492,2017-03-31T20:00:00,11.94
12493,2017-03-31T20:20:00,12.9
12494,2017-03-31T20:40:00,13.23
12495,2017-03-31T21:00:00,12.9
12496,2017-03-31T21:20:00,10.65
12497,2017-03-31T21:40:00,9.68
12498,2017-03-31T22:00:00,11.29
12499,2017-03-31T22:20:00,12.26
12500,2017-03-31T22:40:00,11.94
12501,2017-03-31T23:00:00,11.61
12502,2017-03-31T23:20:00,11.61
12503,2017-03-31T23:40:00,10.97
12504,2017-04-01T00:00:00,10.97
12505,2017-04-01T00:20:00,10.97
12506,2017-04-01T00:40:00,10.65
12507,2017-04-01T01:00:00,10.32
12508,2017-04-01T01:20:00,10
12509,2017-04-01T01:40:00,9.68
12510,2017-04-01T02:00:00,9.35
12511,2017-04-01T02:20:00,9.03
12512,2017-04-01T02:40:00,9.03
12513,2017-04-01T03:05:00,8.71
12514,2017-04-01T03:25:00,9.03
12515,2017-04-01T03:45:00,8.71
12516,2017-04-01T04:05:00,8.71
12517,2017-04-01T04:25:00,8.39
12518,2017-04-01T04:45:00,8.39
12519,2017-04-01T05:05:00,8.71
12520,2017-04-01T05:25:00,8.71
12521,2017-04-01T05:45:00,8.71
12522,2017-04-01T06:05:00,8.71
12523,2017-04-01T06:25:00,9.03
12524,2017-04-01T06:45:00,9.35
12525,2017-04-01T07:05:00,9.35
12526,2017-04-01T07:25:00,9.35
12527,2017-04-01T07:45:00,10.32
12528,2017-04-01T08:05:00,11.61
12529,2017-04-01T08:25:00,11.61
12530,2017-04-01T08:45:00,15.81
12531,2017-04-01T09:05:00,16.77
12532,2017-04-01T09:25:00,18.71
12533,2017-04-01T09:45:00,18.06
12534,2017-04-01T10:05:00,17.42
12535,2017-04-01T10:25:00,19.03
12536,2017-04-01T10:45:00,17.1
12537,2017-04-01T11:05:00,17.1
12538,2017-04-01T11:25:00,15.81
12539,2017-04-01T11:45:00,17.1
12540,2017-04-01T12:05:00,17.1
12541,2017-04-01T12:25:00,19.03
12542,2017-04-01T12:45:00,21.61
12543,2017-04-01T13:05:00,20.97
12544,2017-04-01T13:25:00,16.77
12545,2017-04-01T13:45:00,17.74
12546,2017-04-01T14:05:00,16.13
12547,2017-04-01T14:30:00,17.1
12548,2017-04-01T14:50:00,18.39
12549,2017-04-01T15:10:00,16.77
12550,2017-04-01T15:30:00,15.48
12551,2017-04-01T15:50:00,15.81
12552,2017-04-01T16:10:00,15.16
12553,2017-04-01T16:30:00,14.84
12554,2017-04-01T16:50:00,14.52
12555,2017-04-01T17:10:00,14.19
12556,2017-04-01T17:30:00,13.55
12557,2017-04-01T17:50:00,12.9
12558,2017-04-01T18:10:00,12.58
12559,2017-04-01T18:30:00,12.58
12560,2017-04-01T18:50:00,12.26
12561,2017-04-01T19:10:00,11.94
12562,2017-04-01T19:30:00,11.94
12563,2017-04-01T19:50:00,11.61
12564,2017-04-01T20:10:00,11.29
12565,2017-04-01T20:30:00,10.97
12566,2017-04-01T20:50:00,10.65
12567,2017-04-01T21:10:00,10.32
12568,2017-04-01T21:30:00,10
12569,2017-04-01T21:50:00,10.32
12570,2017-04-01T22:10:00,10
12571,2017-04-01T22:30:00,9.68
12572,2017-04-01T22:50:00,9.03
12573,2017-04-01T23:10:00,9.03
12574,2017-04-01T23:30:00,8.71
12575,2017-04-01T23:50:00,8.39
12576,2017-04-02T00:10:00,8.06
12577,2017-04-02T00:30:00,8.39
12578,2017-04-02T00:50:00,8.39
12579,2017-04-02T01:10:00,8.39
12580,2017-04-02T01:35:00,9.03
12581,2017-04-02T01:55:00,8.06
12582,2017-04-02T02:15:00,9.35
12583,2017-04-02T02:35:00,9.03
12584,2017-04-02T02:55:00,9.35
12585,2017-04-02T03:15:00,9.35
12586,2017-04-02T03:35:00,8.71
12587,2017-04-02T03:55:00,9.03
12588,2017-04-02T04:15:00,9.03
12589,2017-04-02T04:35:00,8.71
12590,2017-04-02T04:55:00,8.06
12591,2017-04-02T05:15:00,7.1
12592,2017-04-02T05:35:00,8.39
12593,2017-04-02T05:55:00,11.29
12594,2017-04-02T06:15:00,10.32
12595,2017-04-02T06:35:00,10
12596,2017-04-02T06:55:00,10.32
12597,2017-04-02T07:15:00,13.23
12598,2017-04-02T07:35:00,15.16
12599,2017-04-02T07:55:00,17.42
12600,2017-04-02T08:15:00,15.81
12601,2017-04-02T08:35:00,14.84
12602,2017-04-02T08:55:00,16.45
12603,2017-04-02T09:15:00,19.68
12604,2017-04-02T09:35:00,19.68
12605,2017-04-02T09:55:00,20
12606,2017-04-02T10:15:00,20.65
12607,2017-04-02T10:35:00,21.29
12608,2017-04-02T10:55:00,16.13
12609,2017-04-02T11:15:00,14.52
12610,2017-04-02T11:35:00,13.87
12611,2017-04-02T11:55:00,14.84
12612,2017-04-02T12:15:00,17.42
12613,2017-04-02T12:35:00,14.84
12614,2017-04-02T13:00:00,21.29
12615,2017-04-02T13:20:00,17.1
12616,2017-04-02T13:40:00,13.87
12617,2017-04-02T14:00:00,13.87
12618,2017-04-02T14:20:00,12.9
12619,2017-04-02T14:40:00,12.9
12620,2017-04-02T15:00:00,12.58
12621,2017-04-02T15:20:00,12.58
12622,2017-04-02T15:40:00,11.94
12623,2017-04-02T16:00:00,11.29
12624,2017-04-02T16:20:00,11.61
12625,2017-04-02T16:40:00,11.29
12626,2017-04-02T17:00:00,11.94
12627,2017-04-02T17:20:00,11.29
12628,2017-04-02T17:40:00,10
12629,2017-04-02T18:00:00,9.03
12630,2017-04-02T18:20:00,9.03
12631,2017-04-02T18:40:00,8.71
12632,2017-04-02T19:00:00,8.06
12633,2017-04-02T19:20:00,8.06
12634,2017-04-02T19:40:00,8.06
12635,2017-04-02T20:00:00,8.06
12636,2017-04-02T20:20:00,7.42
12637,2017-04-02T20:40:00,7.42
12638,2017-04-02T21:00:00,7.42
12639,2017-04-02T21:20:00,7.42
12640,2017-04-02T21:40:00,7.42
12641,2017-04-02T22:00:00,7.42
12642,2017-04-02T22:20:00,7.1
12643,2017-04-02T22:40:00,6.45
12644,2017-04-02T23:00:00,6.13
12645,2017-04-02T23:20:00,5.81
12646,2017-04-02T23:40:00,5.48
12647,2017-04-03T00:00:00,5.48
12648,2017-04-03T00:25:00,4.84
12649,2017-04-03T00:45:00,4.84
12650,2017-04-03T01:05:00,4.52
12651,2017-04-03T01:25:00,4.52
12652,2017-04-03T01:45:00,4.19
12653,2017-04-03T02:05:00,4.19
12654,2017-04-03T02:25:00,3.87
12655,2017-04-03T02:45:00,3.87
12656,2017-04-03T03:05:00,3.87
12657,2017-04-03T03:25:00,3.55
12658,2017-04-03T03:45:00,3.23
12659,2017-04-03T04:05:00,3.23
12660,2017-04-03T04:25:00,3.23
12661,2017-04-03T04:45:00,2.9
12662,2017-04-03T05:05:00,3.55
12663,2017-04-03T05:25:00,4.52
12664,2017-04-03T05:45:00,5.48
12665,2017-04-03T06:10:00,5.81
12666,2017-04-03T06:30:00,6.45
12667,2017-04-03T06:50:00,6.45
12668,2017-04-03T07:10:00,7.74
12669,2017-04-03T07:30:00,9.35
12670,2017-04-03T07:50:00,12.58
12671,2017-04-03T08:15:00,14.84
12672,2017-04-03T08:35:00,15.16
12673,2017-04-03T08:55:00,11.94
12674,2017-04-03T09:15:00,11.61
12675,2017-04-03T09:35:00,17.1
12676,2017-04-03T09:55:00,16.45
12677,2017-04-03T10:15:00,17.74
12678,2017-04-03T10:35:00,15.48
12679,2017-04-03T10:55:00,14.19
12680,2017-04-03T11:15:00,17.74
12681,2017-04-03T11:35:00,15.48
12682,2017-04-03T11:55:00,12.58
12683,2017-04-03T12:15:00,18.71
12684,2017-04-03T12:35:00,18.06
12685,2017-04-03T12:55:00,15.81
12686,2017-04-03T13:15:00,18.39
12687,2017-04-03T13:35:00,17.74
12688,2017-04-03T13:55:00,16.13
12689,2017-04-03T14:15:00,14.19
12690,2017-04-03T14:35:00,13.87
12691,2017-04-03T14:55:00,13.23
12692,2017-04-03T15:15:00,13.23
12693,2017-04-03T15:35:00,13.87
12694,2017-04-03T15:55:00,13.87
12695,2017-04-03T16:15:00,12.9
12696,2017-04-03T16:35:00,9.68
12697,2017-04-03T16:55:00,10.97
12698,2017-04-03T17:15:00,8.39
12699,2017-04-03T17:35:00,7.74
12700,2017-04-03T17:55:00,7.42
12701,2017-04-03T18:15:00,8.06
12702,2017-04-03T18:35:00,8.39
12703,2017-04-03T18:55:00,8.06
12704,2017-04-03T19:15:00,7.74
12705,2017-04-03T19:40:00,7.1
12706,2017-04-03T20:00:00,7.1
12707,2017-04-03T20:20:00,6.45
12708,2017-04-03T20:40:00,6.45
12709,2017-04-03T21:00:00,6.13
12710,2017-04-03T21:20:00,5.48
12711,2017-04-03T21:40:00,5.48
12712,2017-04-03T22:00:00,4.84
12713,2017-04-03T22:20:00,4.84
12714,2017-04-03T22:40:00,4.52
12715,2017-04-03T23:00:00,3.87
12716,2017-04-03T23:20:00,3.55
12717,2017-04-03T23:40:00,3.55
12718,2017-04-04T00:00:00,3.55
12719,2017-04-04T01:00:00,2.26
12720,2017-04-04T01:20:00,1.61
12721,2017-04-04T01:40:00,0.97
12722,2017-04-04T02:00:00,0.97
12723,2017-04-04T02:20:00,0.97
12724,2017-04-04T02:40:00,0.97
12725,2017-04-04T03:00:00,0.97
12726,2017-04-04T03:20:00,0.97
12727,2017-04-04T03:40:00,0.97
12728,2017-04-04T04:00:00,0.97
12729,2017-04-04T04:20:00,0.65
12730,2017-04-04T04:40:00,0.65
12731,2017-04-04T05:00:00,1.94
12732,2017-04-04T05:20:00,4.52
12733,2017-04-04T05:40:00,6.13
12734,2017-04-04T06:00:00,7.74
12735,2017-04-04T06:20:00,8.06
12736,2017-04-04T06:40:00,10.97
12737,2017-04-04T07:05:00,10.97
12738,2017-04-04T07:25:00,11.94
12739,2017-04-04T07:45:00,11.94
12740,2017-04-04T08:05:00,13.87
12741,2017-04-04T08:25:00,13.55
12742,2017-04-04T08:45:00,14.52
12743,2017-04-04T09:05:00,14.52
12744,2017-04-04T09:25:00,15.81
12745,2017-04-04T09:45:00,15.81
12746,2017-04-04T10:05:00,16.77
12747,2017-04-04T10:25:00,13.87
12748,2017-04-04T10:45:00,13.55
12749,2017-04-04T11:05:00,13.23
12750,2017-04-04T11:25:00,14.52
12751,2017-04-04T11:45:00,14.19
12752,2017-04-04T12:05:00,14.52
12753,2017-04-04T12:25:00,17.74
12754,2017-04-04T12:45:00,14.52
12755,2017-04-04T13:05:00,17.74
12756,2017-04-04T13:25:00,13.87
12757,2017-04-04T13:45:00,18.39
12758,2017-04-04T14:05:00,15.48
12759,2017-04-04T14:25:00,17.1
12760,2017-04-04T14:45:00,17.1
12761,2017-04-04T15:05:00,15.16
12762,2017-04-04T15:25:00,14.19
12763,2017-04-04T15:45:00,14.19
12764,2017-04-04T16:05:00,14.84
12765,2017-04-04T16:25:00,14.52
12766,2017-04-04T16:45:00,14.52
12767,2017-04-04T17:05:00,12.9
12768,2017-04-04T17:25:00,11.94
12769,2017-04-04T17:45:00,11.61
12770,2017-04-04T18:10:00,10.97
12771,2017-04-04T18:30:00,10.65
12772,2017-04-04T18:50:00,10.32
12773,2017-04-04T19:10:00,10
12774,2017-04-04T19:30:00,9.35
12775,2017-04-04T19:50:00,9.03
12776,2017-04-04T20:10:00,8.71
12777,2017-04-04T20:30:00,8.39
12778,2017-04-04T20:50:00,8.39
12779,2017-04-04T21:10:00,8.06
12780,2017-04-04T21:30:00,7.74
12781,2017-04-04T21:50:00,7.74
12782,2017-04-04T22:10:00,8.06
12783,2017-04-04T22:30:00,7.74
12784,2017-04-04T22:50:00,7.42
12785,2017-04-04T23:10:00,7.42
12786,2017-04-04T23:30:00,7.1
12787,2017-04-04T23:50:00,7.1
12788,2017-04-05T00:10:00,7.1
12789,2017-04-05T00:30:00,6.77
12790,2017-04-05T00:50:00,6.77
12791,2017-04-05T01:10:00,6.45
12792,2017-04-05T01:30:00,6.45
12793,2017-04-05T01:50:00,6.45
12794,2017-04-05T02:10:00,6.45
12795,2017-04-05T02:30:00,6.13
12796,2017-04-05T02:50:00,5.81
12797,2017-04-05T03:10:00,5.81
12798,2017-04-05T03:30:00,5.48
12799,2017-04-05T03:50:00,5.48
12800,2017-04-05T04:10:00,5.48
12801,2017-04-05T04:30:00,5.16
12802,2017-04-05T04:50:00,5.48
12803,2017-04-05T05:10:00,5.48
12804,2017-04-05T05:35:00,5.48
12805,2017-04-05T05:55:00,6.13
12806,2017-04-05T06:15:00,5.81
12807,2017-04-05T06:35:00,5.81
12808,2017-04-05T06:55:00,6.13
12809,2017-04-05T07:15:00,6.45
12810,2017-04-05T07:35:00,7.74
12811,2017-04-05T07:55:00,9.68
12812,2017-04-05T08:15:00,9.35
12813,2017-04-05T08:35:00,12.58
12814,2017-04-05T08:55:00,10.32
12815,2017-04-05T09:15:00,8.71
12816,2017-04-05T09:35:00,10.97
12817,2017-04-05T09:55:00,11.94
12818,2017-04-05T10:15:00,13.55
12819,2017-04-05T10:35:00,10.65
12820,2017-04-05T10:55:00,14.52
12821,2017-04-05T11:15:00,9.03
12822,2017-04-05T11:35:00,13.87
12823,2017-04-05T11:55:00,11.61
12824,2017-04-05T12:15:00,14.19
12825,2017-04-05T12:35:00,10.65
12826,2017-04-05T12:55:00,9.03
12827,2017-04-05T13:15:00,7.42
12828,2017-04-05T13:35:00,8.71
12829,2017-04-05T13:55:00,9.35
12830,2017-04-05T14:15:00,8.71
12831,2017-04-05T14:35:00,8.71
12832,2017-04-05T14:55:00,9.03
12833,2017-04-05T15:15:00,9.68
12834,2017-04-05T15:35:00,8.06
12835,2017-04-05T15:55:00,7.74
12836,2017-04-05T16:15:00,7.1
12837,2017-04-05T16:35:00,6.77
12838,2017-04-05T17:00:00,7.1
12839,2017-04-05T17:20:00,7.1
12840,2017-04-05T17:40:00,6.77
12841,2017-04-05T18:00:00,6.45
12842,2017-04-05T18:20:00,6.13
12843,2017-04-05T18:40:00,5.81
12844,2017-04-05T19:00:00,5.48
12845,2017-04-05T19:20:00,5.16
12846,2017-04-05T19:40:00,4.84
12847,2017-04-05T20:00:00,4.84
12848,2017-04-05T20:20:00,4.84
12849,2017-04-05T21:00:00,4.52
12850,2017-04-05T21:20:00,4.52
12851,2017-04-05T21:40:00,4.52
12852,2017-04-05T22:00:00,4.52
12853,2017-04-05T22:20:00,4.52
12854,2017-04-05T22:40:00,4.19
12855,2017-04-05T23:00:00,4.19
12856,2017-04-05T23:20:00,4.19
12857,2017-04-05T23:40:00,3.87
12858,2017-04-06T00:00:00,3.87
12859,2017-04-06T00:20:00,3.87
12860,2017-04-06T00:40:00,3.87
12861,2017-04-06T01:00:00,3.55
12862,2017-04-06T01:20:00,3.55
12863,2017-04-06T01:40:00,3.55
12864,2017-04-06T02:00:00,3.23
12865,2017-04-06T02:20:00,3.23
12866,2017-04-06T02:40:00,3.23
12867,2017-04-06T03:00:00,2.9
12868,2017-04-06T03:20:00,2.9
12869,2017-04-06T03:40:00,2.58
12870,2017-04-06T04:00:00,2.26
12871,2017-04-06T04:25:00,2.26
12872,2017-04-06T04:45:00,1.94
12873,2017-04-06T05:05:00,1.94
12874,2017-04-06T05:25:00,1.94
12875,2017-04-06T05:45:00,3.87
12876,2017-04-06T06:05:00,6.13
12877,2017-04-06T06:25:00,8.06
12878,2017-04-06T06:45:00,9.35
12879,2017-04-06T07:05:00,7.74
12880,2017-04-06T07:25:00,6.45
12881,2017-04-06T07:45:00,6.13
12882,2017-04-06T08:05:00,6.45
12883,2017-04-06T08:25:00,7.1
12884,2017-04-06T08:45:00,9.03
12885,2017-04-06T09:05:00,12.26
12886,2017-04-06T09:25:00,13.23
12887,2017-04-06T09:45:00,9.35
12888,2017-04-06T10:05:00,10.65
12889,2017-04-06T10:25:00,10.65
12890,2017-04-06T10:45:00,9.03
12891,2017-04-06T11:05:00,8.71
12892,2017-04-06T11:25:00,10.32
12893,2017-04-06T11:45:00,12.58
12894,2017-04-06T12:05:00,10.97
12895,2017-04-06T12:25:00,10
12896,2017-04-06T12:45:00,9.35
12897,2017-04-06T13:05:00,9.35
12898,2017-04-06T13:25:00,9.03
12899,2017-04-06T13:45:00,9.03
12900,2017-04-06T14:05:00,9.03
12901,2017-04-06T14:25:00,8.71
12902,2017-04-06T14:45:00,9.03
12903,2017-04-06T15:05:00,8.71
12904,2017-04-06T15:30:00,8.39
12905,2017-04-06T15:50:00,8.06
12906,2017-04-06T16:10:00,7.42
12907,2017-04-06T16:30:00,6.77
12908,2017-04-06T16:50:00,6.13
12909,2017-04-06T17:10:00,6.13
12910,2017-04-06T17:30:00,6.13
12911,2017-04-06T17:50:00,6.77
12912,2017-04-06T18:10:00,6.77
12913,2017-04-06T18:30:00,6.77
12914,2017-04-06T18:50:00,6.77
12915,2017-04-06T19:10:00,6.77
12916,2017-04-06T19:30:00,7.1
12917,2017-04-06T19:50:00,7.1
12918,2017-04-06T20:10:00,7.1
12919,2017-04-06T20:30:00,7.1
12920,2017-04-06T20:50:00,7.1
12921,2017-04-06T21:10:00,7.1
12922,2017-04-06T21:30:00,7.1
12923,2017-04-06T21:50:00,7.1
12924,2017-04-06T22:10:00,7.1
12925,2017-04-06T22:30:00,7.1
12926,2017-04-06T22:50:00,7.1
12927,2017-04-06T23:10:00,7.1
12928,2017-04-06T23:30:00,7.42
12929,2017-04-06T23:50:00,7.42
12930,2017-04-07T00:10:00,7.1
12931,2017-04-07T00:30:00,7.1
12932,2017-04-07T00:50:00,7.1
12933,2017-04-07T01:10:00,7.1
12934,2017-04-07T01:30:00,7.1
12935,2017-04-07T01:50:00,7.1
12936,2017-04-07T02:10:00,7.1
12937,2017-04-07T02:30:00,7.1
12938,2017-04-07T02:55:00,7.42
12939,2017-04-07T03:15:00,7.42
12940,2017-04-07T03:35:00,7.42
12941,2017-04-07T03:55:00,7.42
12942,2017-04-07T04:15:00,7.1
12943,2017-04-07T04:35:00,7.1
12944,2017-04-07T04:55:00,7.1
12945,2017-04-07T05:15:00,7.1
12946,2017-04-07T05:35:00,7.1
12947,2017-04-07T05:55:00,7.1
12948,2017-04-07T06:15:00,7.42
12949,2017-04-07T06:35:00,7.42
12950,2017-04-07T06:55:00,7.74
12951,2017-04-07T07:15:00,8.06
12952,2017-04-07T07:35:00,8.71
12953,2017-04-07T07:55:00,9.03
12954,2017-04-07T08:15:00,10
12955,2017-04-07T08:35:00,10.65
12956,2017-04-07T08:55:00,12.9
12957,2017-04-07T09:15:00,13.87
12958,2017-04-07T09:35:00,14.52
12959,2017-04-07T09:55:00,15.81
12960,2017-04-07T10:15:00,15.81
12961,2017-04-07T10:35:00,16.77
12962,2017-04-07T10:55:00,16.45
12963,2017-04-07T11:15:00,17.42
12964,2017-04-07T11:35:00,16.45
12965,2017-04-07T11:55:00,17.42
12966,2017-04-07T12:15:00,18.71
12967,2017-04-07T12:35:00,18.39
12968,2017-04-07T12:55:00,18.71
12969,2017-04-07T13:15:00,18.71
12970,2017-04-07T13:35:00,18.71
12971,2017-04-07T13:55:00,19.03
12972,2017-04-07T14:20:00,19.68
12973,2017-04-07T14:40:00,17.74
12974,2017-04-07T15:00:00,18.39
12975,2017-04-07T15:20:00,17.1
12976,2017-04-07T15:40:00,17.1
12977,2017-04-07T16:00:00,17.42
12978,2017-04-07T16:20:00,13.55
12979,2017-04-07T16:40:00,12.26
12980,2017-04-07T17:00:00,13.55
12981,2017-04-07T17:20:00,10.97
12982,2017-04-07T17:40:00,10.32
12983,2017-04-07T18:00:00,9.35
12984,2017-04-07T18:20:00,8.71
12985,2017-04-07T18:40:00,8.06
12986,2017-04-07T19:00:00,8.06
12987,2017-04-07T19:20:00,8.06
12988,2017-04-07T19:40:00,8.06
12989,2017-04-07T20:00:00,8.06
12990,2017-04-07T20:20:00,8.06
12991,2017-04-07T20:40:00,8.06
12992,2017-04-07T21:00:00,7.74
12993,2017-04-07T21:20:00,7.74
12994,2017-04-07T21:40:00,7.74
12995,2017-04-07T22:00:00,7.74
12996,2017-04-07T22:20:00,7.42
12997,2017-04-07T22:40:00,7.42
12998,2017-04-07T23:00:00,7.1
12999,2017-04-07T23:20:00,7.1
13000,2017-04-07T23:40:00,7.1
13001,2017-04-08T00:00:00,6.77
13002,2017-04-08T00:20:00,6.77
13003,2017-04-08T00:40:00,6.77
13004,2017-04-08T01:00:00,6.77
13005,2017-04-08T01:20:00,6.77
13006,2017-04-08T01:45:00,6.77
13007,2017-04-08T02:05:00,6.45
13008,2017-04-08T02:25:00,6.45
13009,2017-04-08T02:45:00,6.77
13010,2017-04-08T03:05:00,6.77
13011,2017-04-08T03:25:00,6.77
13012,2017-04-08T03:45:00,6.77
13013,2017-04-08T04:05:00,6.77
13014,2017-04-08T04:25:00,6.77
13015,2017-04-08T04:45:00,6.77
13016,2017-04-08T05:05:00,6.77
13017,2017-04-08T05:25:00,6.77
13018,2017-04-08T05:45:00,7.1
13019,2017-04-08T06:05:00,6.77
13020,2017-04-08T06:25:00,7.1
13021,2017-04-08T06:45:00,7.42
13022,2017-04-08T07:05:00,7.74
13023,2017-04-08T07:25:00,7.74
13024,2017-04-08T07:45:00,7.74
13025,2017-04-08T08:05:00,8.39
13026,2017-04-08T08:25:00,9.03
13027,2017-04-08T09:25:00,10
13028,2017-04-08T09:45:00,10.97
13029,2017-04-08T10:05:00,11.29
13030,2017-04-08T10:25:00,10.97
13031,2017-04-08T10:45:00,11.29
13032,2017-04-08T11:05:00,10.65
13033,2017-04-08T11:25:00,10.97
13034,2017-04-08T11:45:00,11.61
13035,2017-04-08T12:05:00,10.97
13036,2017-04-08T12:25:00,10.97
13037,2017-04-08T12:50:00,12.26
13038,2017-04-08T13:10:00,11.61
13039,2017-04-08T13:30:00,11.61
13040,2017-04-08T13:50:00,11.29
13041,2017-04-08T14:10:00,10.97
13042,2017-04-08T14:30:00,11.29
13043,2017-04-08T14:50:00,10.65
13044,2017-04-08T15:10:00,10.65
13045,2017-04-08T15:30:00,10.65
13046,2017-04-08T15:50:00,10.65
13047,2017-04-08T16:10:00,10
13048,2017-04-08T16:30:00,9.68
13049,2017-04-08T16:50:00,9.68
13050,2017-04-08T17:10:00,9.35
13051,2017-04-08T17:30:00,9.35
13052,2017-04-08T17:50:00,9.03
13053,2017-04-08T18:10:00,8.71
13054,2017-04-08T18:30:00,8.71
13055,2017-04-08T18:50:00,7.74
13056,2017-04-08T19:10:00,7.42
13057,2017-04-08T19:30:00,7.1
13058,2017-04-08T19:50:00,6.77
13059,2017-04-08T20:10:00,6.13
13060,2017-04-08T20:30:00,5.81
13061,2017-04-08T20:50:00,5.48
13062,2017-04-08T21:10:00,5.48
13063,2017-04-08T21:30:00,5.16
13064,2017-04-08T21:50:00,4.84
13065,2017-04-08T22:10:00,4.52
13066,2017-04-08T22:30:00,4.19
13067,2017-04-08T22:50:00,4.19
13068,2017-04-08T23:10:00,3.87
13069,2017-04-08T23:30:00,3.87
13070,2017-04-08T23:50:00,4.19
13071,2017-04-09T00:15:00,4.19
13072,2017-04-09T00:35:00,4.19
13073,2017-04-09T00:55:00,4.52
13074,2017-04-09T01:15:00,3.87
13075,2017-04-09T01:35:00,4.19
13076,2017-04-09T01:55:00,3.87
13077,2017-04-09T02:15:00,3.87
13078,2017-04-09T02:35:00,4.19
13079,2017-04-09T02:55:00,4.19
13080,2017-04-09T03:15:00,4.52
13081,2017-04-09T03:35:00,4.84
13082,2017-04-09T03:55:00,4.84
13083,2017-04-09T04:15:00,5.48
13084,2017-04-09T04:35:00,5.48
13085,2017-04-09T04:55:00,5.81
13086,2017-04-09T05:15:00,6.13
13087,2017-04-09T05:35:00,6.13
13088,2017-04-09T05:55:00,6.45
13089,2017-04-09T06:15:00,6.45
13090,2017-04-09T06:35:00,6.77
13091,2017-04-09T06:55:00,7.1
13092,2017-04-09T07:15:00,7.42
13093,2017-04-09T07:35:00,8.06
13094,2017-04-09T07:55:00,10
13095,2017-04-09T08:15:00,14.19
13096,2017-04-09T08:35:00,13.23
13097,2017-04-09T08:55:00,13.55
13098,2017-04-09T09:15:00,14.84
13099,2017-04-09T09:35:00,16.77
13100,2017-04-09T09:55:00,15.48
13101,2017-04-09T10:15:00,17.1
13102,2017-04-09T10:35:00,16.45
13103,2017-04-09T10:55:00,16.77
13104,2017-04-09T11:15:00,17.42
13105,2017-04-09T11:40:00,17.74
13106,2017-04-09T12:00:00,18.06
13107,2017-04-09T12:20:00,18.39
13108,2017-04-09T12:40:00,18.71
13109,2017-04-09T13:00:00,18.06
13110,2017-04-09T13:20:00,18.71
13111,2017-04-09T13:40:00,18.39
13112,2017-04-09T14:00:00,18.71
13113,2017-04-09T14:20:00,19.35
13114,2017-04-09T14:40:00,19.35
13115,2017-04-09T15:00:00,19.03
13116,2017-04-09T15:20:00,19.03
13117,2017-04-09T15:40:00,19.35
13118,2017-04-09T16:00:00,18.06
13119,2017-04-09T16:20:00,17.1
13120,2017-04-09T16:40:00,16.45
13121,2017-04-09T17:00:00,15.48
13122,2017-04-09T17:20:00,13.23
13123,2017-04-09T17:40:00,12.58
13124,2017-04-09T18:00:00,11.94
13125,2017-04-09T18:20:00,11.29
13126,2017-04-09T18:40:00,10.97
13127,2017-04-09T19:00:00,10.32
13128,2017-04-09T19:20:00,10
13129,2017-04-09T19:40:00,10
13130,2017-04-09T20:00:00,9.68
13131,2017-04-09T20:20:00,9.35
13132,2017-04-09T20:40:00,9.03
13133,2017-04-09T21:00:00,8.71
13134,2017-04-09T21:20:00,8.39
13135,2017-04-09T21:40:00,8.39
13136,2017-04-09T22:00:00,8.39
13137,2017-04-09T22:20:00,8.39
13138,2017-04-09T22:40:00,7.42
13139,2017-04-09T23:05:00,6.77
13140,2017-04-09T23:25:00,8.06
13141,2017-04-09T23:45:00,8.06
13142,2017-04-10T00:05:00,8.06
13143,2017-04-10T00:25:00,7.74
13144,2017-04-10T00:45:00,8.06
13145,2017-04-10T01:05:00,8.06
13146,2017-04-10T01:25:00,8.06
13147,2017-04-10T01:45:00,9.03
13148,2017-04-10T02:05:00,9.35
13149,2017-04-10T02:25:00,9.68
13150,2017-04-10T02:45:00,10.32
13151,2017-04-10T03:05:00,10
13152,2017-04-10T03:25:00,10
13153,2017-04-10T03:45:00,9.35
13154,2017-04-10T04:05:00,9.35
13155,2017-04-10T04:25:00,9.35
13156,2017-04-10T04:45:00,9.03
13157,2017-04-10T05:05:00,8.39
13158,2017-04-10T05:25:00,8.71
13159,2017-04-10T05:45:00,8.06
13160,2017-04-10T06:05:00,8.39
13161,2017-04-10T06:25:00,11.29
13162,2017-04-10T06:45:00,10.65
13163,2017-04-10T07:05:00,10.65
13164,2017-04-10T07:25:00,12.58
13165,2017-04-10T07:45:00,11.94
13166,2017-04-10T08:05:00,11.94
13167,2017-04-10T08:25:00,12.58
13168,2017-04-10T08:45:00,12.9
13169,2017-04-10T09:05:00,12.26
13170,2017-04-10T09:25:00,10.65
13171,2017-04-10T09:45:00,10.65
13172,2017-04-10T10:05:00,10.65
13173,2017-04-10T10:30:00,10.65
13174,2017-04-10T10:50:00,10
13175,2017-04-10T11:10:00,10.32
13176,2017-04-10T11:30:00,10.97
13177,2017-04-10T11:50:00,10.32
13178,2017-04-10T12:10:00,10.97
13179,2017-04-10T12:30:00,10.97
13180,2017-04-10T12:50:00,10.65
13181,2017-04-10T13:10:00,13.87
13182,2017-04-10T13:30:00,9.68
13183,2017-04-10T13:50:00,9.35
13184,2017-04-10T14:10:00,10.32
13185,2017-04-10T14:30:00,9.68
13186,2017-04-10T14:50:00,11.29
13187,2017-04-10T15:10:00,9.35
13188,2017-04-10T15:30:00,9.03
13189,2017-04-10T15:50:00,11.61
13190,2017-04-10T16:10:00,10
13191,2017-04-10T16:30:00,8.39
13192,2017-04-10T16:50:00,8.71
13193,2017-04-10T17:10:00,7.74
13194,2017-04-10T17:30:00,7.1
13195,2017-04-10T17:50:00,6.77
13196,2017-04-10T18:10:00,6.45
13197,2017-04-10T18:30:00,6.13
13198,2017-04-10T18:50:00,5.48
13199,2017-04-10T19:10:00,5.48
13200,2017-04-10T19:30:00,5.16
13201,2017-04-10T19:50:00,5.16
13202,2017-04-10T20:10:00,5.16
13203,2017-04-10T20:30:00,4.84
13204,2017-04-10T20:50:00,5.16
13205,2017-04-10T21:10:00,4.84
13206,2017-04-10T21:35:00,4.52
13207,2017-04-10T21:55:00,4.19
13208,2017-04-10T22:15:00,4.19
13209,2017-04-10T22:35:00,4.52
13210,2017-04-10T22:55:00,4.52
13211,2017-04-10T23:15:00,4.19
13212,2017-04-10T23:35:00,4.19
13213,2017-04-10T23:55:00,3.55
13214,2017-04-11T00:15:00,3.55
13215,2017-04-11T00:35:00,3.55
13216,2017-04-11T00:55:00,3.55
13217,2017-04-11T01:15:00,3.23
13218,2017-04-11T01:35:00,3.23
13219,2017-04-11T01:55:00,3.23
13220,2017-04-11T02:15:00,3.23
13221,2017-04-11T02:35:00,2.9
13222,2017-04-11T02:55:00,3.23
13223,2017-04-11T03:15:00,2.9
13224,2017-04-11T03:35:00,2.9
13225,2017-04-11T03:55:00,2.9
13226,2017-04-11T04:15:00,2.9
13227,2017-04-11T04:35:00,2.9
13228,2017-04-11T04:55:00,3.23
13229,2017-04-11T05:15:00,3.55
13230,2017-04-11T05:35:00,5.81
13231,2017-04-11T05:55:00,4.19
13232,2017-04-11T06:15:00,8.06
13233,2017-04-11T06:35:00,8.39
13234,2017-04-11T06:55:00,9.03
13235,2017-04-11T07:15:00,10.32
13236,2017-04-11T07:35:00,9.35
13237,2017-04-11T07:55:00,10.32
13238,2017-04-11T08:15:00,8.71
13239,2017-04-11T08:35:00,13.23
13240,2017-04-11T09:00:00,10.97
13241,2017-04-11T09:20:00,9.68
13242,2017-04-11T09:40:00,12.26
13243,2017-04-11T10:00:00,12.9
13244,2017-04-11T10:20:00,11.61
13245,2017-04-11T10:40:00,13.87
13246,2017-04-11T11:00:00,10.97
13247,2017-04-11T11:20:00,10.32
13248,2017-04-11T11:40:00,12.9
13249,2017-04-11T12:00:00,11.61
13250,2017-04-11T12:20:00,13.23
13251,2017-04-11T12:40:00,12.9
13252,2017-04-11T13:00:00,13.23
13253,2017-04-11T13:20:00,12.58
13254,2017-04-11T13:40:00,15.16
13255,2017-04-11T14:00:00,14.52
13256,2017-04-11T14:20:00,10.32
13257,2017-04-11T14:40:00,10
13258,2017-04-11T15:00:00,8.71
13259,2017-04-11T15:20:00,8.06
13260,2017-04-11T15:40:00,7.74
13261,2017-04-11T16:00:00,7.1
13262,2017-04-11T16:20:00,6.77
13263,2017-04-11T16:40:00,6.13
13264,2017-04-11T17:00:00,5.81
13265,2017-04-11T17:20:00,5.16
13266,2017-04-11T17:40:00,4.84
13267,2017-04-11T18:00:00,4.84
13268,2017-04-11T18:20:00,4.84
13269,2017-04-11T18:40:00,4.84
13270,2017-04-11T19:00:00,4.84
13271,2017-04-11T19:20:00,4.84
13272,2017-04-11T19:40:00,4.84
13273,2017-04-11T20:00:00,5.16
13274,2017-04-11T20:25:00,5.16
13275,2017-04-11T20:45:00,5.16
13276,2017-04-11T21:05:00,5.48
13277,2017-04-11T21:25:00,5.81
13278,2017-04-11T21:45:00,5.81
13279,2017-04-11T22:05:00,5.81
13280,2017-04-11T22:25:00,5.81
13281,2017-04-11T22:45:00,5.81
13282,2017-04-11T23:05:00,5.81
13283,2017-04-11T23:25:00,6.13
13284,2017-04-11T23:45:00,6.13
13285,2017-04-12T00:05:00,6.13
13286,2017-04-12T00:25:00,6.13
13287,2017-04-12T00:45:00,6.13
13288,2017-04-12T01:05:00,6.13
13289,2017-04-12T01:25:00,6.13
13290,2017-04-12T01:45:00,5.81
13291,2017-04-12T02:05:00,6.13
13292,2017-04-12T02:25:00,6.13
13293,2017-04-12T02:45:00,6.13
13294,2017-04-12T03:05:00,6.13
13295,2017-04-12T03:25:00,6.13
13296,2017-04-12T03:45:00,6.13
13297,2017-04-12T04:05:00,6.13
13298,2017-04-12T04:25:00,6.45
13299,2017-04-12T04:45:00,6.77
13300,2017-04-12T05:05:00,6.45
13301,2017-04-12T05:25:00,6.45
13302,2017-04-12T05:45:00,6.45
13303,2017-04-12T06:05:00,6.77
13304,2017-04-12T06:25:00,6.77
13305,2017-04-12T06:45:00,6.77
13306,2017-04-12T07:05:00,7.1
13307,2017-04-12T07:25:00,7.1
13308,2017-04-12T07:50:00,7.1
13309,2017-04-12T08:10:00,7.42
13310,2017-04-12T08:30:00,6.77
13311,2017-04-12T08:50:00,7.1
13312,2017-04-12T09:10:00,7.74
13313,2017-04-12T09:30:00,8.71
13314,2017-04-12T09:50:00,9.03
13315,2017-04-12T10:10:00,8.39
13316,2017-04-12T10:30:00,10.65
13317,2017-04-12T10:50:00,10.65
13318,2017-04-12T11:10:00,12.26
13319,2017-04-12T11:30:00,10.97
13320,2017-04-12T11:50:00,10
13321,2017-04-12T12:10:00,11.61
13322,2017-04-12T12:30:00,12.26
13323,2017-04-12T12:50:00,11.61
13324,2017-04-12T13:10:00,11.29
13325,2017-04-12T13:30:00,10.65
13326,2017-04-12T13:50:00,9.03
13327,2017-04-12T14:10:00,11.29
13328,2017-04-12T14:30:00,11.94
13329,2017-04-12T14:50:00,11.29
13330,2017-04-12T15:10:00,9.68
13331,2017-04-12T15:30:00,9.35
13332,2017-04-12T15:50:00,10.65
13333,2017-04-12T16:10:00,9.03
13334,2017-04-12T16:30:00,7.1
13335,2017-04-12T16:50:00,7.74
13336,2017-04-12T17:50:00,6.77
13337,2017-04-12T18:10:00,6.45
13338,2017-04-12T18:30:00,6.13
13339,2017-04-12T18:50:00,6.13
13340,2017-04-12T19:15:00,6.45
13341,2017-04-12T19:35:00,6.45
13342,2017-04-12T19:55:00,6.13
13343,2017-04-12T20:15:00,6.13
13344,2017-04-12T20:35:00,5.81
13345,2017-04-12T20:55:00,5.81
13346,2017-04-12T21:15:00,5.81
13347,2017-04-12T21:35:00,6.13
13348,2017-04-12T21:55:00,6.13
13349,2017-04-12T22:15:00,6.13
13350,2017-04-12T22:35:00,5.81
13351,2017-04-12T22:55:00,5.81
13352,2017-04-12T23:15:00,5.48
13353,2017-04-12T23:35:00,5.81
13354,2017-04-12T23:55:00,5.48
13355,2017-04-13T00:15:00,5.48
13356,2017-04-13T00:35:00,5.48
13357,2017-04-13T00:55:00,5.81
13358,2017-04-13T01:15:00,5.81
13359,2017-04-13T01:35:00,5.48
13360,2017-04-13T01:55:00,4.84
13361,2017-04-13T02:15:00,4.52
13362,2017-04-13T02:35:00,5.48
13363,2017-04-13T02:55:00,5.16
13364,2017-04-13T03:15:00,5.16
13365,2017-04-13T03:35:00,5.16
13366,2017-04-13T03:55:00,4.84
13367,2017-04-13T04:15:00,4.52
13368,2017-04-13T04:35:00,4.84
13369,2017-04-13T04:55:00,5.16
13370,2017-04-13T05:15:00,5.48
13371,2017-04-13T05:35:00,4.84
13372,2017-04-13T05:55:00,6.45
13373,2017-04-13T06:20:00,6.13
13374,2017-04-13T06:40:00,6.13
13375,2017-04-13T07:00:00,7.42
13376,2017-04-13T07:20:00,9.68
13377,2017-04-13T07:40:00,7.1
13378,2017-04-13T08:00:00,6.77
13379,2017-04-13T08:20:00,7.74
13380,2017-04-13T08:40:00,7.74
13381,2017-04-13T09:00:00,8.06
13382,2017-04-13T09:20:00,7.74
13383,2017-04-13T09:40:00,7.74
13384,2017-04-13T10:00:00,8.71
13385,2017-04-13T10:20:00,9.03
13386,2017-04-13T10:40:00,8.71
13387,2017-04-13T11:00:00,9.03
13388,2017-04-13T11:20:00,9.68
13389,2017-04-13T11:40:00,10.65
13390,2017-04-13T12:00:00,9.68
13391,2017-04-13T12:20:00,9.03
13392,2017-04-13T12:40:00,9.35
13393,2017-04-13T13:00:00,8.71
13394,2017-04-13T13:20:00,9.35
13395,2017-04-13T13:40:00,12.26
13396,2017-04-13T14:00:00,11.29
13397,2017-04-13T14:20:00,11.61
13398,2017-04-13T14:40:00,9.35
13399,2017-04-13T15:00:00,11.94
13400,2017-04-13T15:20:00,11.29
13401,2017-04-13T15:40:00,8.39
13402,2017-04-13T16:00:00,7.42
13403,2017-04-13T16:20:00,5.81
13404,2017-04-13T16:40:00,6.77
13405,2017-04-13T17:00:00,6.13
13406,2017-04-13T17:20:00,5.81
13407,2017-04-13T17:45:00,6.13
13408,2017-04-13T18:05:00,6.13
13409,2017-04-13T18:25:00,6.13
13410,2017-04-13T18:45:00,5.81
13411,2017-04-13T19:05:00,5.48
13412,2017-04-13T19:25:00,5.48
13413,2017-04-13T19:45:00,5.16
13414,2017-04-13T20:05:00,4.84
13415,2017-04-13T20:25:00,4.52
13416,2017-04-13T20:45:00,4.52
13417,2017-04-13T21:05:00,5.16
13418,2017-04-13T21:25:00,4.84
13419,2017-04-13T21:45:00,4.84
13420,2017-04-13T22:05:00,4.84
13421,2017-04-13T22:25:00,5.16
13422,2017-04-13T22:45:00,4.84
13423,2017-04-13T23:05:00,4.84
13424,2017-04-13T23:25:00,4.52
13425,2017-04-13T23:45:00,4.52
13426,2017-04-14T00:05:00,4.19
13427,2017-04-14T00:25:00,4.19
13428,2017-04-14T00:45:00,4.19
13429,2017-04-14T01:05:00,4.19
13430,2017-04-14T01:25:00,4.19
13431,2017-04-14T01:45:00,3.87
13432,2017-04-14T02:05:00,4.19
13433,2017-04-14T02:25:00,4.19
13434,2017-04-14T02:45:00,3.87
13435,2017-04-14T03:05:00,3.87
13436,2017-04-14T03:25:00,3.87
13437,2017-04-14T03:45:00,3.55
13438,2017-04-14T04:05:00,3.55
13439,2017-04-14T04:25:00,3.23
13440,2017-04-14T04:45:00,3.55
13441,2017-04-14T05:10:00,4.19
13442,2017-04-14T05:30:00,5.16
13443,2017-04-14T05:50:00,6.45
13444,2017-04-14T06:10:00,8.06
13445,2017-04-14T06:30:00,9.35
13446,2017-04-14T06:50:00,10
13447,2017-04-14T07:10:00,10.97
13448,2017-04-14T07:30:00,9.68
13449,2017-04-14T07:50:00,11.29
13450,2017-04-14T08:10:00,9.68
13451,2017-04-14T08:30:00,10.65
13452,2017-04-14T08:50:00,9.03
13453,2017-04-14T09:10:00,9.03
13454,2017-04-14T09:30:00,9.03
13455,2017-04-14T09:50:00,9.68
13456,2017-04-14T10:10:00,11.29
13457,2017-04-14T10:30:00,10.32
13458,2017-04-14T10:50:00,12.26
13459,2017-04-14T11:10:00,10.97
13460,2017-04-14T11:30:00,10.32
13461,2017-04-14T11:50:00,11.61
13462,2017-04-14T12:10:00,7.42
13463,2017-04-14T12:30:00,9.03
13464,2017-04-14T12:50:00,7.1
13465,2017-04-14T13:10:00,7.42
13466,2017-04-14T13:30:00,7.42
13467,2017-04-14T13:50:00,7.74
13468,2017-04-14T14:10:00,8.06
13469,2017-04-14T14:30:00,9.35
13470,2017-04-14T14:50:00,13.23
13471,2017-04-14T15:10:00,10.65
13472,2017-04-14T15:30:00,10.32
13473,2017-04-14T15:50:00,10.65
13474,2017-04-14T16:10:00,7.1
13475,2017-04-14T16:35:00,9.03
13476,2017-04-14T16:55:00,8.06
13477,2017-04-14T17:15:00,7.42
13478,2017-04-14T17:35:00,7.42
13479,2017-04-14T17:55:00,7.1
13480,2017-04-14T18:15:00,6.77
13481,2017-04-14T18:35:00,6.45
13482,2017-04-14T18:55:00,6.13
13483,2017-04-14T19:15:00,5.81
13484,2017-04-14T19:35:00,5.48
13485,2017-04-14T19:55:00,5.81
13486,2017-04-14T20:15:00,5.16
13487,2017-04-14T20:35:00,5.48
13488,2017-04-14T20:55:00,5.48
13489,2017-04-14T21:15:00,5.16
13490,2017-04-14T21:35:00,5.16
13491,2017-04-14T21:55:00,4.52
13492,2017-04-14T22:15:00,4.52
13493,2017-04-14T22:35:00,4.52
13494,2017-04-14T22:55:00,4.84
13495,2017-04-14T23:15:00,4.84
13496,2017-04-14T23:35:00,4.84
13497,2017-04-14T23:55:00,4.84
13498,2017-04-15T00:15:00,4.84
13499,2017-04-15T00:35:00,4.84
13500,2017-04-15T00:55:00,5.16
13501,2017-04-15T01:15:00,5.16
13502,2017-04-15T01:35:00,5.48
13503,2017-04-15T01:55:00,5.16
13504,2017-04-15T02:15:00,5.16
13505,2017-04-15T02:35:00,5.16
13506,2017-04-15T02:55:00,5.16
13507,2017-04-15T03:15:00,5.16
13508,2017-04-15T03:40:00,4.84
13509,2017-04-15T04:00:00,4.84
13510,2017-04-15T04:20:00,4.84
13511,2017-04-15T04:40:00,4.52
13512,2017-04-15T05:00:00,3.87
13513,2017-04-15T05:20:00,3.87
13514,2017-04-15T05:40:00,3.87
13515,2017-04-15T06:00:00,4.19
13516,2017-04-15T06:20:00,4.19
13517,2017-04-15T06:40:00,4.19
13518,2017-04-15T07:00:00,4.19
13519,2017-04-15T07:20:00,4.19
13520,2017-04-15T07:40:00,4.19
13521,2017-04-15T08:00:00,4.19
13522,2017-04-15T08:20:00,4.52
13523,2017-04-15T08:40:00,4.52
13524,2017-04-15T09:00:00,4.52
13525,2017-04-15T09:20:00,4.52
13526,2017-04-15T09:40:00,4.84
13527,2017-04-15T10:00:00,4.84
13528,2017-04-15T10:20:00,4.52
13529,2017-04-15T10:40:00,4.19
13530,2017-04-15T11:00:00,3.87
13531,2017-04-15T11:20:00,4.19
13532,2017-04-15T11:40:00,4.19
13533,2017-04-15T12:00:00,4.52
13534,2017-04-15T12:20:00,3.55
13535,2017-04-15T12:40:00,3.87
13536,2017-04-15T13:00:00,4.19
13537,2017-04-15T13:20:00,4.52
13538,2017-04-15T13:40:00,4.52
13539,2017-04-15T14:00:00,4.19
13540,2017-04-15T14:20:00,4.19
13541,2017-04-15T14:40:00,4.52
13542,2017-04-15T15:05:00,4.19
13543,2017-04-15T15:25:00,4.19
13544,2017-04-15T15:45:00,3.87
13545,2017-04-15T16:05:00,3.23
13546,2017-04-15T16:25:00,3.23
13547,2017-04-15T16:45:00,2.9
13548,2017-04-15T17:05:00,2.26
13549,2017-04-15T17:25:00,1.94
13550,2017-04-15T17:45:00,1.94
13551,2017-04-15T18:05:00,1.94
13552,2017-04-15T18:25:00,1.61
13553,2017-04-15T18:45:00,1.61
13554,2017-04-15T19:05:00,1.61
13555,2017-04-15T19:25:00,1.94
13556,2017-04-15T19:45:00,1.61
13557,2017-04-15T20:05:00,1.61
13558,2017-04-15T20:25:00,1.61
13559,2017-04-15T20:45:00,1.61
13560,2017-04-15T21:05:00,1.61
13561,2017-04-15T21:25:00,1.94
13562,2017-04-15T21:45:00,1.94
13563,2017-04-15T22:05:00,2.26
13564,2017-04-15T22:25:00,1.94
13565,2017-04-15T22:45:00,1.94
13566,2017-04-15T23:05:00,1.94
13567,2017-04-15T23:25:00,1.94
13568,2017-04-15T23:45:00,1.94
13569,2017-04-16T00:05:00,1.94
13570,2017-04-16T00:25:00,2.26
13571,2017-04-16T00:45:00,2.26
13572,2017-04-16T01:05:00,1.61
13573,2017-04-16T01:25:00,1.94
13574,2017-04-16T01:45:00,1.94
13575,2017-04-16T02:05:00,1.94
13576,2017-04-16T02:30:00,2.26
13577,2017-04-16T02:50:00,2.26
13578,2017-04-16T03:10:00,1.94
13579,2017-04-16T03:30:00,1.94
13580,2017-04-16T03:50:00,2.26
13581,2017-04-16T04:10:00,2.58
13582,2017-04-16T04:30:00,2.26
13583,2017-04-16T04:50:00,2.58
13584,2017-04-16T05:10:00,2.58
13585,2017-04-16T05:30:00,3.23
13586,2017-04-16T05:50:00,2.9
13587,2017-04-16T06:10:00,3.23
13588,2017-04-16T06:30:00,3.23
13589,2017-04-16T06:50:00,2.9
13590,2017-04-16T07:10:00,3.23
13591,2017-04-16T07:30:00,3.87
13592,2017-04-16T07:50:00,3.87
13593,2017-04-16T08:10:00,3.87
13594,2017-04-16T08:30:00,3.87
13595,2017-04-16T08:50:00,4.19
13596,2017-04-16T09:10:00,4.52
13597,2017-04-16T09:30:00,4.84
13598,2017-04-16T09:50:00,5.16
13599,2017-04-16T10:10:00,5.16
13600,2017-04-16T10:30:00,4.52
13601,2017-04-16T10:50:00,6.13
13602,2017-04-16T11:10:00,5.48
13603,2017-04-16T11:30:00,4.52
13604,2017-04-16T11:50:00,4.84
13605,2017-04-16T12:10:00,6.77
13606,2017-04-16T12:30:00,7.42
13607,2017-04-16T12:50:00,7.1
13608,2017-04-16T13:10:00,5.81
13609,2017-04-16T13:30:00,5.48
13610,2017-04-16T13:55:00,6.45
13611,2017-04-16T14:15:00,5.16
13612,2017-04-16T14:35:00,5.16
13613,2017-04-16T14:55:00,4.84
13614,2017-04-16T15:15:00,4.84
13615,2017-04-16T15:35:00,5.16
13616,2017-04-16T15:55:00,5.48
13617,2017-04-16T16:15:00,5.16
13618,2017-04-16T16:35:00,4.84
13619,2017-04-16T16:55:00,4.84
13620,2017-04-16T17:15:00,5.16
13621,2017-04-16T17:35:00,4.84
13622,2017-04-16T17:55:00,4.19
13623,2017-04-16T18:15:00,3.23
13624,2017-04-16T18:35:00,2.26
13625,2017-04-16T18:55:00,1.94
13626,2017-04-16T19:15:00,1.94
13627,2017-04-16T19:35:00,2.58
13628,2017-04-16T19:55:00,3.23
13629,2017-04-16T20:15:00,3.23
13630,2017-04-16T20:35:00,2.9
13631,2017-04-16T20:55:00,2.58
13632,2017-04-16T21:15:00,2.58
13633,2017-04-16T21:35:00,2.58
13634,2017-04-16T21:55:00,2.58
13635,2017-04-16T22:15:00,2.58
13636,2017-04-16T22:35:00,2.9
13637,2017-04-16T22:55:00,3.23
13638,2017-04-16T23:15:00,3.23
13639,2017-04-16T23:35:00,3.23
13640,2017-04-16T23:55:00,3.23
13641,2017-04-17T00:15:00,2.9
13642,2017-04-17T00:55:00,2.9
13643,2017-04-17T01:20:00,2.58
13644,2017-04-17T01:40:00,2.58
13645,2017-04-17T02:00:00,2.58
13646,2017-04-17T02:20:00,2.58
13647,2017-04-17T02:40:00,2.58
13648,2017-04-17T03:00:00,2.58
13649,2017-04-17T03:20:00,2.26
13650,2017-04-17T03:40:00,2.26
13651,2017-04-17T04:00:00,2.26
13652,2017-04-17T04:20:00,2.26
13653,2017-04-17T04:40:00,2.26
13654,2017-04-17T05:00:00,2.58
13655,2017-04-17T05:20:00,2.58
13656,2017-04-17T05:40:00,2.58
13657,2017-04-17T06:00:00,2.9
13658,2017-04-17T06:20:00,3.23
13659,2017-04-17T06:40:00,3.23
13660,2017-04-17T07:00:00,4.52
13661,2017-04-17T07:20:00,4.52
13662,2017-04-17T07:40:00,5.48
13663,2017-04-17T08:00:00,4.84
13664,2017-04-17T08:20:00,4.52
13665,2017-04-17T08:40:00,4.52
13666,2017-04-17T09:00:00,4.84
13667,2017-04-17T09:20:00,4.52
13668,2017-04-17T09:40:00,5.16
13669,2017-04-17T10:00:00,5.16
13670,2017-04-17T10:20:00,4.19
13671,2017-04-17T10:40:00,4.52
13672,2017-04-17T11:00:00,4.52
13673,2017-04-17T11:20:00,3.87
13674,2017-04-17T11:40:00,3.55
13675,2017-04-17T12:00:00,4.19
13676,2017-04-17T12:25:00,5.16
13677,2017-04-17T12:45:00,5.48
13678,2017-04-17T13:05:00,9.35
13679,2017-04-17T13:25:00,7.1
13680,2017-04-17T13:45:00,4.84
13681,2017-04-17T14:05:00,5.16
13682,2017-04-17T14:25:00,4.84
13683,2017-04-17T14:45:00,5.16
13684,2017-04-17T15:05:00,4.84
13685,2017-04-17T15:25:00,5.48
13686,2017-04-17T15:45:00,6.45
13687,2017-04-17T16:05:00,5.16
13688,2017-04-17T16:25:00,4.84
13689,2017-04-17T16:45:00,5.48
13690,2017-04-17T17:05:00,5.16
13691,2017-04-17T17:25:00,4.52
13692,2017-04-17T17:45:00,4.52
13693,2017-04-17T18:05:00,4.52
13694,2017-04-17T18:25:00,4.52
13695,2017-04-17T18:45:00,2.58
13696,2017-04-17T19:05:00,3.87
13697,2017-04-17T19:25:00,4.19
13698,2017-04-17T19:45:00,4.19
13699,2017-04-17T20:05:00,3.87
13700,2017-04-17T20:25:00,3.87
13701,2017-04-17T20:45:00,3.87
13702,2017-04-17T21:05:00,3.87
13703,2017-04-17T21:25:00,2.9
13704,2017-04-17T21:45:00,3.55
13705,2017-04-17T22:05:00,3.55
13706,2017-04-17T22:25:00,3.23
13707,2017-04-17T22:45:00,3.23
13708,2017-04-17T23:05:00,2.9
13709,2017-04-17T23:25:00,2.9
13710,2017-04-17T23:50:00,2.58
13711,2017-04-18T00:10:00,2.58
13712,2017-04-18T00:30:00,2.58
13713,2017-04-18T00:50:00,2.58
13714,2017-04-18T01:10:00,2.58
13715,2017-04-18T01:30:00,2.58
13716,2017-04-18T01:50:00,2.26
13717,2017-04-18T02:10:00,2.26
13718,2017-04-18T02:30:00,2.26
13719,2017-04-18T02:50:00,2.58
13720,2017-04-18T03:10:00,2.58
13721,2017-04-18T03:30:00,2.26
13722,2017-04-18T03:50:00,2.26
13723,2017-04-18T04:10:00,2.26
13724,2017-04-18T04:30:00,2.26
13725,2017-04-18T04:50:00,2.26
13726,2017-04-18T05:10:00,2.26
13727,2017-04-18T05:30:00,2.9
13728,2017-04-18T05:50:00,2.9
13729,2017-04-18T06:10:00,3.55
13730,2017-04-18T06:30:00,3.87
13731,2017-04-18T06:50:00,2.9
13732,2017-04-18T07:10:00,3.55
13733,2017-04-18T07:30:00,4.52
13734,2017-04-18T07:50:00,4.84
13735,2017-04-18T08:10:00,7.42
13736,2017-04-18T08:30:00,6.45
13737,2017-04-18T08:50:00,5.16
13738,2017-04-18T09:10:00,7.74
13739,2017-04-18T09:30:00,5.81
13740,2017-04-18T09:50:00,5.48
13741,2017-04-18T10:10:00,7.1
13742,2017-04-18T10:30:00,8.39
13743,2017-04-18T10:50:00,6.13
13744,2017-04-18T11:15:00,7.42
13745,2017-04-18T11:35:00,7.74
13746,2017-04-18T11:55:00,4.84
13747,2017-04-18T12:15:00,5.48
13748,2017-04-18T12:35:00,4.84
13749,2017-04-18T12:55:00,9.68
13750,2017-04-18T13:15:00,10
13751,2017-04-18T13:35:00,9.35
13752,2017-04-18T13:55:00,6.13
13753,2017-04-18T14:15:00,8.39
13754,2017-04-18T14:35:00,5.48
13755,2017-04-18T14:55:00,7.42
13756,2017-04-18T15:15:00,10.65
13757,2017-04-18T15:35:00,10
13758,2017-04-18T15:55:00,5.48
13759,2017-04-18T16:15:00,9.35
13760,2017-04-18T16:35:00,7.74
13761,2017-04-18T16:55:00,8.71
13762,2017-04-18T17:15:00,7.42
13763,2017-04-18T17:35:00,3.55
13764,2017-04-18T17:55:00,2.9
13765,2017-04-18T18:15:00,2.58
13766,2017-04-18T18:35:00,1.94
13767,2017-04-18T18:55:00,1.94
13768,2017-04-18T19:15:00,1.61
13769,2017-04-18T19:35:00,1.61
13770,2017-04-18T19:55:00,1.29
13771,2017-04-18T20:15:00,1.29
13772,2017-04-18T20:35:00,0.97
13773,2017-04-18T20:55:00,0.97
13774,2017-04-18T21:15:00,0.97
13775,2017-04-18T21:35:00,0.97
13776,2017-04-18T21:55:00,0.97
13777,2017-04-18T22:15:00,0.32
13778,2017-04-18T22:40:00,-0.65
13779,2017-04-18T23:00:00,-0.32
13780,2017-04-18T23:20:00,-0.32
13781,2017-04-18T23:40:00,0
13782,2017-04-19T00:00:00,0.32
13783,2017-04-19T00:20:00,0.32
13784,2017-04-19T00:40:00,0.65
13785,2017-04-19T01:00:00,0.32
13786,2017-04-19T01:20:00,0
13787,2017-04-19T01:40:00,0.32
13788,2017-04-19T02:00:00,0.97
13789,2017-04-19T02:20:00,1.29
13790,2017-04-19T02:40:00,1.29
13791,2017-04-19T03:00:00,1.61
13792,2017-04-19T03:20:00,1.61
13793,2017-04-19T03:40:00,1.61
13794,2017-04-19T04:00:00,1.29
13795,2017-04-19T04:20:00,1.29
13796,2017-04-19T04:40:00,1.61
13797,2017-04-19T05:00:00,2.9
13798,2017-04-19T05:20:00,4.52
13799,2017-04-19T05:40:00,4.84
13800,2017-04-19T06:00:00,7.1
13801,2017-04-19T06:20:00,10
13802,2017-04-19T06:40:00,10
13803,2017-04-19T07:00:00,6.77
13804,2017-04-19T07:20:00,9.68
13805,2017-04-19T07:40:00,8.39
13806,2017-04-19T08:00:00,6.77
13807,2017-04-19T08:20:00,11.94
13808,2017-04-19T08:40:00,9.68
13809,2017-04-19T09:00:00,8.71
13810,2017-04-19T09:20:00,8.71
13811,2017-04-19T09:45:00,9.68
13812,2017-04-19T10:05:00,10.32
13813,2017-04-19T10:25:00,10.32
13814,2017-04-19T10:45:00,9.03
13815,2017-04-19T11:05:00,6.77
13816,2017-04-19T11:25:00,9.35
13817,2017-04-19T11:45:00,9.35
13818,2017-04-19T12:05:00,9.35
13819,2017-04-19T12:25:00,9.68
13820,2017-04-19T12:45:00,10
13821,2017-04-19T13:05:00,7.1
13822,2017-04-19T13:25:00,6.45
13823,2017-04-19T13:45:00,9.35
13824,2017-04-19T14:05:00,6.45
13825,2017-04-19T14:25:00,6.13
13826,2017-04-19T14:45:00,6.77
13827,2017-04-19T15:05:00,12.9
13828,2017-04-19T15:25:00,10.97
13829,2017-04-19T15:45:00,8.06
13830,2017-04-19T16:05:00,7.74
13831,2017-04-19T16:25:00,10.97
13832,2017-04-19T16:45:00,7.42
13833,2017-04-19T17:05:00,7.1
13834,2017-04-19T17:25:00,6.77
13835,2017-04-19T17:45:00,6.45
13836,2017-04-19T18:05:00,6.13
13837,2017-04-19T18:25:00,5.81
13838,2017-04-19T18:45:00,5.48
13839,2017-04-19T19:05:00,5.16
13840,2017-04-19T19:25:00,4.52
13841,2017-04-19T19:45:00,3.87
13842,2017-04-19T20:05:00,3.55
13843,2017-04-19T20:25:00,3.23
13844,2017-04-19T20:45:00,3.23
13845,2017-04-19T21:10:00,2.9
13846,2017-04-19T21:30:00,2.58
13847,2017-04-19T21:50:00,2.58
13848,2017-04-19T22:10:00,2.26
13849,2017-04-19T22:30:00,1.94
13850,2017-04-19T22:50:00,1.61
13851,2017-04-19T23:10:00,1.94
13852,2017-04-19T23:30:00,1.61
13853,2017-04-19T23:50:00,1.94
13854,2017-04-20T00:10:00,1.61
13855,2017-04-20T00:30:00,1.61
13856,2017-04-20T00:50:00,1.61
13857,2017-04-20T01:10:00,1.61
13858,2017-04-20T01:30:00,1.29
13859,2017-04-20T01:50:00,1.29
13860,2017-04-20T02:10:00,0.97
13861,2017-04-20T02:30:00,0.97
13862,2017-04-20T02:50:00,0.97
13863,2017-04-20T03:10:00,0.97
13864,2017-04-20T03:30:00,0.65
13865,2017-04-20T03:50:00,0.32
13866,2017-04-20T04:10:00,0.32
13867,2017-04-20T04:30:00,0.97
13868,2017-04-20T04:50:00,1.61
13869,2017-04-20T05:10:00,1.94
13870,2017-04-20T05:30:00,2.9
13871,2017-04-20T05:50:00,3.55
13872,2017-04-20T06:10:00,3.87
13873,2017-04-20T06:30:00,3.87
13874,2017-04-20T06:50:00,3.87
13875,2017-04-20T07:10:00,4.19
13876,2017-04-20T07:30:00,4.84
13877,2017-04-20T07:50:00,4.84
13878,2017-04-20T08:10:00,5.16
13879,2017-04-20T08:35:00,5.16
13880,2017-04-20T08:55:00,5.16
13881,2017-04-20T09:15:00,5.48
13882,2017-04-20T09:35:00,6.13
13883,2017-04-20T09:55:00,6.45
13884,2017-04-20T10:15:00,6.13
13885,2017-04-20T10:35:00,7.42
13886,2017-04-20T10:55:00,7.74
13887,2017-04-20T11:15:00,7.42
13888,2017-04-20T11:35:00,7.74
13889,2017-04-20T11:55:00,8.39
13890,2017-04-20T12:15:00,8.71
13891,2017-04-20T12:35:00,9.03
13892,2017-04-20T12:55:00,9.35
13893,2017-04-20T13:15:00,9.35
13894,2017-04-20T13:35:00,10.97
13895,2017-04-20T13:55:00,10.65
13896,2017-04-20T14:15:00,9.03
13897,2017-04-20T14:35:00,10
13898,2017-04-20T14:55:00,10.97
13899,2017-04-20T15:15:00,10.65
13900,2017-04-20T15:35:00,10
13901,2017-04-20T15:55:00,10.32
13902,2017-04-20T16:15:00,8.71
13903,2017-04-20T16:35:00,8.71
13904,2017-04-20T16:55:00,8.39
13905,2017-04-20T17:15:00,9.68
13906,2017-04-20T17:35:00,8.06
13907,2017-04-20T17:55:00,8.06
13908,2017-04-20T18:15:00,7.74
13909,2017-04-20T18:35:00,7.42
13910,2017-04-20T18:55:00,7.42
13911,2017-04-20T19:15:00,7.1
13912,2017-04-20T19:35:00,7.1
13913,2017-04-20T20:00:00,7.1
13914,2017-04-20T20:20:00,7.1
13915,2017-04-20T20:40:00,7.1
13916,2017-04-20T21:00:00,7.1
13917,2017-04-20T21:20:00,7.1
13918,2017-04-20T21:40:00,7.42
13919,2017-04-20T22:00:00,7.42
13920,2017-04-20T22:20:00,7.42
13921,2017-04-20T22:40:00,7.42
13922,2017-04-20T23:00:00,7.74
13923,2017-04-20T23:20:00,7.74
13924,2017-04-20T23:40:00,7.74
13925,2017-04-21T00:00:00,7.42
13926,2017-04-21T00:20:00,7.1
13927,2017-04-21T00:40:00,7.42
13928,2017-04-21T01:00:00,7.74
13929,2017-04-21T01:20:00,7.74
13930,2017-04-21T01:40:00,7.42
13931,2017-04-21T02:00:00,7.74
13932,2017-04-21T02:20:00,7.42
13933,2017-04-21T02:40:00,8.06
13934,2017-04-21T03:00:00,8.06
13935,2017-04-21T03:20:00,8.06
13936,2017-04-21T03:40:00,8.06
13937,2017-04-21T04:00:00,8.06
13938,2017-04-21T04:20:00,8.06
13939,2017-04-21T04:40:00,7.74
13940,2017-04-21T05:00:00,7.74
13941,2017-04-21T05:20:00,8.39
13942,2017-04-21T05:40:00,8.39
13943,2017-04-21T06:00:00,8.39
13944,2017-04-21T06:20:00,8.71
13945,2017-04-21T06:40:00,8.71
13946,2017-04-21T07:45:00,9.35
13947,2017-04-21T08:05:00,9.35
13948,2017-04-21T08:25:00,9.68
13949,2017-04-21T08:45:00,9.68
13950,2017-04-21T09:05:00,10.32
13951,2017-04-21T09:25:00,10.65
13952,2017-04-21T09:45:00,10.32
13953,2017-04-21T10:05:00,10.65
13954,2017-04-21T10:25:00,11.61
13955,2017-04-21T10:45:00,10.65
13956,2017-04-21T11:05:00,10.97
13957,2017-04-21T11:25:00,10.65
13958,2017-04-21T11:45:00,10.65
13959,2017-04-21T12:05:00,8.71
13960,2017-04-21T12:25:00,9.03
13961,2017-04-21T12:45:00,9.35
13962,2017-04-21T13:05:00,9.68
13963,2017-04-21T13:25:00,9.68
13964,2017-04-21T13:45:00,9.35
13965,2017-04-21T14:05:00,8.71
13966,2017-04-21T14:25:00,7.74
13967,2017-04-21T14:45:00,7.1
13968,2017-04-21T15:05:00,7.1
13969,2017-04-21T15:25:00,7.1
13970,2017-04-21T15:45:00,7.1
13971,2017-04-21T16:05:00,7.42
13972,2017-04-21T16:25:00,7.42
13973,2017-04-21T16:45:00,7.42
13974,2017-04-21T17:05:00,7.42
13975,2017-04-21T17:25:00,8.06
13976,2017-04-21T17:45:00,6.13
13977,2017-04-21T18:05:00,5.16
13978,2017-04-21T18:30:00,5.48
13979,2017-04-21T18:50:00,5.48
13980,2017-04-21T19:10:00,5.16
13981,2017-04-21T19:30:00,4.52
13982,2017-04-21T19:50:00,4.19
13983,2017-04-21T20:10:00,4.19
13984,2017-04-21T20:30:00,3.87
13985,2017-04-21T20:50:00,3.87
13986,2017-04-21T21:10:00,3.55
13987,2017-04-21T21:30:00,3.55
13988,2017-04-21T21:50:00,3.55
13989,2017-04-21T22:10:00,3.23
13990,2017-04-21T22:30:00,3.23
13991,2017-04-21T22:50:00,2.9
13992,2017-04-21T23:10:00,2.9
13993,2017-04-21T23:30:00,2.9
13994,2017-04-21T23:50:00,2.9
13995,2017-04-22T00:10:00,2.58
13996,2017-04-22T00:30:00,2.58
13997,2017-04-22T00:50:00,2.58
13998,2017-04-22T01:10:00,2.9
13999,2017-04-22T01:30:00,2.9
14000,2017-04-22T01:50:00,2.9
14001,2017-04-22T02:10:00,2.9
14002,2017-04-22T02:30:00,2.9
14003,2017-04-22T02:50:00,3.55
14004,2017-04-22T03:10:00,3.55
14005,2017-04-22T03:30:00,3.23
14006,2017-04-22T03:50:00,3.23
14007,2017-04-22T04:10:00,3.55
14008,2017-04-22T04:30:00,3.87
14009,2017-04-22T04:50:00,4.84
14010,2017-04-22T05:10:00,4.84
14011,2017-04-22T05:30:00,5.81
14012,2017-04-22T05:55:00,6.45
14013,2017-04-22T06:15:00,6.45
14014,2017-04-22T06:35:00,8.39
14015,2017-04-22T06:55:00,10
14016,2017-04-22T07:15:00,9.03
14017,2017-04-22T07:35:00,9.68
14018,2017-04-22T07:55:00,11.61
14019,2017-04-22T08:15:00,11.29
14020,2017-04-22T08:35:00,9.03
14021,2017-04-22T08:55:00,10.65
14022,2017-04-22T09:15:00,12.26
14023,2017-04-22T09:35:00,10.65
14024,2017-04-22T09:55:00,10.65
14025,2017-04-22T10:15:00,9.03
14026,2017-04-22T10:35:00,10
14027,2017-04-22T10:55:00,11.29
14028,2017-04-22T11:15:00,13.23
14029,2017-04-22T11:35:00,11.94
14030,2017-04-22T11:55:00,13.23
14031,2017-04-22T12:15:00,13.87
14032,2017-04-22T12:35:00,13.55
14033,2017-04-22T12:55:00,13.87
14034,2017-04-22T13:15:00,16.13
14035,2017-04-22T13:35:00,16.77
14036,2017-04-22T13:55:00,14.84
14037,2017-04-22T14:15:00,17.1
14038,2017-04-22T14:35:00,16.77
14039,2017-04-22T14:55:00,15.81
14040,2017-04-22T15:15:00,15.16
14041,2017-04-22T15:35:00,15.16
14042,2017-04-22T15:55:00,14.84
14043,2017-04-22T16:15:00,13.55
14044,2017-04-22T16:35:00,9.35
14045,2017-04-22T16:55:00,11.29
14046,2017-04-22T17:20:00,11.94
14047,2017-04-22T17:40:00,8.71
14048,2017-04-22T18:00:00,8.39
14049,2017-04-22T18:20:00,7.1
14050,2017-04-22T18:40:00,6.45
14051,2017-04-22T19:00:00,5.81
14052,2017-04-22T19:20:00,5.48
14053,2017-04-22T19:40:00,4.84
14054,2017-04-22T20:00:00,4.52
14055,2017-04-22T20:20:00,4.52
14056,2017-04-22T20:40:00,4.19
14057,2017-04-22T21:00:00,3.87
14058,2017-04-22T21:20:00,3.87
14059,2017-04-22T21:40:00,3.55
14060,2017-04-22T22:00:00,3.55
14061,2017-04-22T22:20:00,3.23
14062,2017-04-22T22:40:00,3.23
14063,2017-04-22T23:00:00,3.23
14064,2017-04-22T23:20:00,2.9
14065,2017-04-22T23:40:00,2.9
14066,2017-04-23T00:00:00,2.9
14067,2017-04-23T00:20:00,2.9
14068,2017-04-23T00:40:00,2.58
14069,2017-04-23T01:00:00,2.9
14070,2017-04-23T01:20:00,2.9
14071,2017-04-23T01:40:00,2.9
14072,2017-04-23T02:00:00,2.9
14073,2017-04-23T02:20:00,2.58
14074,2017-04-23T02:40:00,2.58
14075,2017-04-23T03:00:00,3.23
14076,2017-04-23T03:20:00,3.55
14077,2017-04-23T03:40:00,3.23
14078,2017-04-23T04:00:00,3.23
14079,2017-04-23T04:20:00,3.55
14080,2017-04-23T04:45:00,3.87
14081,2017-04-23T05:05:00,3.87
14082,2017-04-23T05:25:00,4.84
14083,2017-04-23T05:45:00,6.13
14084,2017-04-23T06:05:00,6.77
14085,2017-04-23T06:25:00,8.06
14086,2017-04-23T06:45:00,8.39
14087,2017-04-23T07:05:00,9.35
14088,2017-04-23T07:25:00,9.35
14089,2017-04-23T07:45:00,9.35
14090,2017-04-23T08:05:00,12.26
14091,2017-04-23T08:25:00,10.97
14092,2017-04-23T08:45:00,7.1
14093,2017-04-23T09:05:00,10.65
14094,2017-04-23T09:25:00,10
14095,2017-04-23T09:45:00,12.58
14096,2017-04-23T10:05:00,10.97
14097,2017-04-23T10:25:00,10.97
14098,2017-04-23T10:45:00,11.94
14099,2017-04-23T11:05:00,10.65
14100,2017-04-23T11:25:00,9.68
14101,2017-04-23T11:45:00,11.94
14102,2017-04-23T12:05:00,12.9
14103,2017-04-23T12:25:00,12.26
14104,2017-04-23T12:45:00,10.97
14105,2017-04-23T13:05:00,10.65
14106,2017-04-23T13:25:00,9.68
14107,2017-04-23T13:45:00,10
14108,2017-04-23T14:05:00,9.35
14109,2017-04-23T14:25:00,10.32
14110,2017-04-23T14:45:00,9.68
14111,2017-04-23T15:05:00,11.94
14112,2017-04-23T15:25:00,8.06
14113,2017-04-23T15:50:00,7.74
14114,2017-04-23T16:10:00,9.68
14115,2017-04-23T16:30:00,8.71
14116,2017-04-23T16:50:00,7.74
14117,2017-04-23T17:10:00,7.1
14118,2017-04-23T17:30:00,6.13
14119,2017-04-23T17:50:00,5.48
14120,2017-04-23T18:10:00,5.48
14121,2017-04-23T18:30:00,4.84
14122,2017-04-23T18:50:00,4.52
14123,2017-04-23T19:10:00,4.19
14124,2017-04-23T19:30:00,3.87
14125,2017-04-23T19:50:00,3.87
14126,2017-04-23T20:10:00,3.87
14127,2017-04-23T20:30:00,3.87
14128,2017-04-23T20:50:00,3.87
14129,2017-04-23T21:10:00,3.87
14130,2017-04-23T21:30:00,3.55
14131,2017-04-23T21:50:00,3.55
14132,2017-04-23T22:10:00,2.9
14133,2017-04-23T22:30:00,2.9
14134,2017-04-23T22:50:00,3.23
14135,2017-04-23T23:10:00,3.23
14136,2017-04-23T23:30:00,3.23
14137,2017-04-23T23:50:00,3.23
14138,2017-04-24T00:10:00,3.55
14139,2017-04-24T00:30:00,3.55
14140,2017-04-24T00:50:00,3.55
14141,2017-04-24T01:10:00,3.55
14142,2017-04-24T01:30:00,3.55
14143,2017-04-24T01:50:00,3.87
14144,2017-04-24T02:10:00,3.87
14145,2017-04-24T02:30:00,3.87
14146,2017-04-24T02:50:00,3.87
14147,2017-04-24T03:15:00,3.87
14148,2017-04-24T03:35:00,3.87
14149,2017-04-24T03:55:00,3.87
14150,2017-04-24T04:15:00,3.87
14151,2017-04-24T04:35:00,3.87
14152,2017-04-24T04:55:00,4.19
14153,2017-04-24T05:15:00,4.19
14154,2017-04-24T05:35:00,4.84
14155,2017-04-24T05:55:00,5.16
14156,2017-04-24T06:15:00,5.81
14157,2017-04-24T06:35:00,6.45
14158,2017-04-24T06:55:00,7.1
14159,2017-04-24T07:15:00,6.45
14160,2017-04-24T07:35:00,6.77
14161,2017-04-24T07:55:00,7.1
14162,2017-04-24T08:15:00,7.1
14163,2017-04-24T08:35:00,6.77
14164,2017-04-24T08:55:00,6.77
14165,2017-04-24T09:15:00,6.77
14166,2017-04-24T09:35:00,6.77
14167,2017-04-24T09:55:00,6.13
14168,2017-04-24T10:15:00,7.1
14169,2017-04-24T10:35:00,11.29
14170,2017-04-24T10:55:00,7.42
14171,2017-04-24T11:15:00,9.68
14172,2017-04-24T11:35:00,12.58
14173,2017-04-24T11:55:00,9.35
14174,2017-04-24T12:15:00,8.71
14175,2017-04-24T12:35:00,9.03
14176,2017-04-24T12:55:00,8.71
14177,2017-04-24T13:15:00,9.03
14178,2017-04-24T13:35:00,11.29
14179,2017-04-24T13:55:00,10.65
14180,2017-04-24T14:15:00,10.65
14181,2017-04-24T14:40:00,10.32
14182,2017-04-24T15:00:00,9.68
14183,2017-04-24T15:20:00,9.03
14184,2017-04-24T15:40:00,9.03
14185,2017-04-24T16:00:00,8.71
14186,2017-04-24T16:20:00,8.71
14187,2017-04-24T16:40:00,9.03
14188,2017-04-24T17:00:00,7.1
14189,2017-04-24T17:20:00,7.1
14190,2017-04-24T17:40:00,5.48
14191,2017-04-24T18:00:00,4.84
14192,2017-04-24T18:20:00,3.87
14193,2017-04-24T18:40:00,3.55
14194,2017-04-24T19:00:00,3.23
14195,2017-04-24T19:20:00,2.58
14196,2017-04-24T19:40:00,2.58
14197,2017-04-24T20:00:00,2.26
14198,2017-04-24T20:20:00,2.26
14199,2017-04-24T20:40:00,1.94
14200,2017-04-24T21:00:00,1.94
14201,2017-04-24T21:20:00,1.94
14202,2017-04-24T21:40:00,1.61
14203,2017-04-24T22:00:00,1.61
14204,2017-04-24T22:20:00,1.29
14205,2017-04-24T22:40:00,1.29
14206,2017-04-24T23:00:00,0.97
14207,2017-04-24T23:20:00,0.97
14208,2017-04-24T23:40:00,0.97
14209,2017-04-25T00:00:00,0.97
14210,2017-04-25T00:20:00,0.65
14211,2017-04-25T00:40:00,0.65
14212,2017-04-25T01:00:00,0.32
14213,2017-04-25T01:20:00,0.32
14214,2017-04-25T01:40:00,0.32
14215,2017-04-25T02:05:00,0.32
14216,2017-04-25T02:25:00,0.32
14217,2017-04-25T02:45:00,0.32
14218,2017-04-25T03:05:00,0.32
14219,2017-04-25T03:25:00,0
14220,2017-04-25T03:45:00,0
14221,2017-04-25T04:05:00,0.32
14222,2017-04-25T04:25:00,0.97
14223,2017-04-25T04:45:00,1.29
14224,2017-04-25T05:05:00,1.94
14225,2017-04-25T05:25:00,2.58
14226,2017-04-25T05:45:00,4.19
14227,2017-04-25T06:05:00,5.48
14228,2017-04-25T06:25:00,7.1
14229,2017-04-25T06:45:00,8.39
14230,2017-04-25T07:05:00,8.06
14231,2017-04-25T07:25:00,9.35
14232,2017-04-25T07:45:00,10
14233,2017-04-25T08:05:00,9.35
14234,2017-04-25T08:25:00,9.68
14235,2017-04-25T08:45:00,10.32
14236,2017-04-25T09:05:00,8.06
14237,2017-04-25T09:25:00,7.1
14238,2017-04-25T09:45:00,2.58
14239,2017-04-25T10:05:00,7.74
14240,2017-04-25T10:25:00,4.84
14241,2017-04-25T10:45:00,8.39
14242,2017-04-25T11:05:00,9.35
14243,2017-04-25T11:25:00,6.13
14244,2017-04-25T11:45:00,3.55
14245,2017-04-25T12:05:00,4.84
14246,2017-04-25T12:25:00,3.55
14247,2017-04-25T12:45:00,2.58
14248,2017-04-25T13:50:00,2.9
14249,2017-04-25T14:10:00,2.26
14250,2017-04-25T14:30:00,5.16
14251,2017-04-25T14:50:00,5.81
14252,2017-04-25T15:10:00,7.74
14253,2017-04-25T15:30:00,5.48
14254,2017-04-25T15:50:00,2.58
14255,2017-04-25T16:10:00,3.23
14256,2017-04-25T16:30:00,3.55
14257,2017-04-25T16:50:00,5.81
14258,2017-04-25T17:10:00,4.52
14259,2017-04-25T17:30:00,4.52
14260,2017-04-25T17:50:00,3.23
14261,2017-04-25T18:10:00,3.23
14262,2017-04-25T18:30:00,2.58
14263,2017-04-25T18:50:00,2.58
14264,2017-04-25T19:10:00,1.94
14265,2017-04-25T19:30:00,1.94
14266,2017-04-25T19:50:00,1.61
14267,2017-04-25T20:10:00,1.29
14268,2017-04-25T20:30:00,1.29
14269,2017-04-25T20:50:00,0.97
14270,2017-04-25T21:10:00,0.97
14271,2017-04-25T21:30:00,0.65
14272,2017-04-25T21:50:00,0.97
14273,2017-04-25T22:10:00,0.65
14274,2017-04-25T22:30:00,0.65
14275,2017-04-25T22:50:00,0.65
14276,2017-04-25T23:10:00,0.32
14277,2017-04-25T23:30:00,0.32
14278,2017-04-25T23:50:00,-0.32
14279,2017-04-26T00:10:00,-0.32
14280,2017-04-26T00:35:00,0
14281,2017-04-26T00:55:00,-0.32
14282,2017-04-26T01:15:00,-0.65
14283,2017-04-26T01:35:00,-0.32
14284,2017-04-26T01:55:00,0.32
14285,2017-04-26T02:15:00,0
14286,2017-04-26T02:35:00,0
14287,2017-04-26T02:55:00,-0.65
14288,2017-04-26T03:15:00,-0.65
14289,2017-04-26T03:35:00,-0.65
14290,2017-04-26T03:55:00,-0.32
14291,2017-04-26T04:15:00,0.97
14292,2017-04-26T04:35:00,1.61
14293,2017-04-26T04:55:00,2.26
14294,2017-04-26T05:15:00,2.58
14295,2017-04-26T05:35:00,4.19
14296,2017-04-26T05:55:00,6.45
14297,2017-04-26T06:15:00,8.39
14298,2017-04-26T06:35:00,10
14299,2017-04-26T06:55:00,12.58
14300,2017-04-26T07:15:00,14.19
14301,2017-04-26T07:35:00,14.52
14302,2017-04-26T07:55:00,10
14303,2017-04-26T08:15:00,11.29
14304,2017-04-26T08:35:00,16.13
14305,2017-04-26T08:55:00,9.03
14306,2017-04-26T09:15:00,8.71
14307,2017-04-26T09:35:00,11.29
14308,2017-04-26T09:55:00,5.48
14309,2017-04-26T10:15:00,5.81
14310,2017-04-26T10:35:00,7.42
14311,2017-04-26T10:55:00,7.42
14312,2017-04-26T11:15:00,7.1
14313,2017-04-26T11:35:00,7.42
14314,2017-04-26T12:00:00,9.03
14315,2017-04-26T12:20:00,8.71
14316,2017-04-26T12:40:00,10
14317,2017-04-26T13:00:00,6.77
14318,2017-04-26T13:20:00,10.97
14319,2017-04-26T13:40:00,8.39
14320,2017-04-26T14:00:00,8.06
14321,2017-04-26T14:20:00,6.13
14322,2017-04-26T14:40:00,3.23
14323,2017-04-26T15:00:00,2.26
14324,2017-04-26T15:20:00,3.23
14325,2017-04-26T15:40:00,4.52
14326,2017-04-26T16:00:00,6.13
14327,2017-04-26T16:20:00,4.19
14328,2017-04-26T16:40:00,3.87
14329,2017-04-26T17:00:00,3.55
14330,2017-04-26T17:20:00,3.87
14331,2017-04-26T17:40:00,3.55
14332,2017-04-26T18:00:00,3.55
14333,2017-04-26T18:20:00,2.26
14334,2017-04-26T18:40:00,2.58
14335,2017-04-26T19:00:00,2.26
14336,2017-04-26T19:20:00,2.26
14337,2017-04-26T19:40:00,2.26
14338,2017-04-26T20:00:00,2.26
14339,2017-04-26T20:20:00,2.26
14340,2017-04-26T20:40:00,1.61
14341,2017-04-26T21:00:00,1.61
14342,2017-04-26T21:20:00,1.29
14343,2017-04-26T21:40:00,0.97
14344,2017-04-26T22:00:00,0.97
14345,2017-04-26T22:20:00,0.97
14346,2017-04-26T22:40:00,0.32
14347,2017-04-26T23:00:00,0.65
14348,2017-04-26T23:25:00,0.65
14349,2017-04-26T23:45:00,0.32
14350,2017-04-27T00:05:00,0.32
14351,2017-04-27T00:25:00,0
14352,2017-04-27T00:45:00,0
14353,2017-04-27T01:05:00,0
14354,2017-04-27T01:25:00,0
14355,2017-04-27T01:45:00,0
14356,2017-04-27T02:05:00,-0.65
14357,2017-04-27T02:25:00,-0.32
14358,2017-04-27T02:45:00,-0.65
14359,2017-04-27T03:05:00,-0.65
14360,2017-04-27T03:25:00,-0.65
14361,2017-04-27T03:45:00,-0.65
14362,2017-04-27T04:05:00,0
14363,2017-04-27T04:25:00,0.32
14364,2017-04-27T04:45:00,0.97
14365,2017-04-27T05:05:00,1.29
14366,2017-04-27T05:25:00,2.58
14367,2017-04-27T05:45:00,3.55
14368,2017-04-27T06:05:00,4.84
14369,2017-04-27T06:25:00,6.45
14370,2017-04-27T06:45:00,6.77
14371,2017-04-27T07:05:00,9.68
14372,2017-04-27T07:25:00,10.32
14373,2017-04-27T07:45:00,7.42
14374,2017-04-27T08:05:00,8.06
14375,2017-04-27T08:25:00,8.39
14376,2017-04-27T08:45:00,10.65
14377,2017-04-27T09:05:00,9.35
14378,2017-04-27T09:25:00,12.9
14379,2017-04-27T09:45:00,8.06
14380,2017-04-27T10:05:00,10
14381,2017-04-27T10:30:00,10.32
14382,2017-04-27T10:50:00,9.03
14383,2017-04-27T11:10:00,7.42
14384,2017-04-27T11:30:00,10.32
14385,2017-04-27T11:50:00,9.35
14386,2017-04-27T12:10:00,10
14387,2017-04-27T12:30:00,12.58
14388,2017-04-27T12:50:00,10
14389,2017-04-27T13:10:00,7.42
14390,2017-04-27T13:30:00,10.97
14391,2017-04-27T13:50:00,6.13
14392,2017-04-27T14:10:00,6.13
14393,2017-04-27T14:30:00,5.81
14394,2017-04-27T14:50:00,6.13
14395,2017-04-27T15:10:00,7.1
14396,2017-04-27T15:30:00,5.48
14397,2017-04-27T15:50:00,5.48
14398,2017-04-27T16:10:00,6.45
14399,2017-04-27T16:30:00,7.1
14400,2017-04-27T16:50:00,6.13
14401,2017-04-27T17:10:00,7.42
14402,2017-04-27T17:30:00,6.13
14403,2017-04-27T17:50:00,6.13
14404,2017-04-27T18:10:00,6.13
14405,2017-04-27T18:30:00,5.81
14406,2017-04-27T18:50:00,5.81
14407,2017-04-27T19:10:00,4.84
14408,2017-04-27T19:30:00,4.52
14409,2017-04-27T19:50:00,4.52
14410,2017-04-27T20:10:00,4.52
14411,2017-04-27T20:30:00,4.52
14412,2017-04-27T20:50:00,4.84
14413,2017-04-27T21:10:00,5.16
14414,2017-04-27T21:30:00,5.16
14415,2017-04-27T21:55:00,5.16
14416,2017-04-27T22:15:00,5.16
14417,2017-04-27T22:35:00,5.16
14418,2017-04-27T22:55:00,5.16
14419,2017-04-27T23:15:00,5.16
14420,2017-04-27T23:35:00,5.48
14421,2017-04-27T23:55:00,5.16
14422,2017-04-28T00:15:00,5.16
14423,2017-04-28T00:35:00,5.16
14424,2017-04-28T00:55:00,4.84
14425,2017-04-28T01:15:00,4.84
14426,2017-04-28T01:35:00,5.16
14427,2017-04-28T01:55:00,5.16
14428,2017-04-28T02:15:00,4.84
14429,2017-04-28T02:35:00,5.16
14430,2017-04-28T02:55:00,5.16
14431,2017-04-28T03:15:00,5.16
14432,2017-04-28T03:35:00,4.84
14433,2017-04-28T03:55:00,5.16
14434,2017-04-28T04:15:00,5.16
14435,2017-04-28T04:35:00,5.48
14436,2017-04-28T04:55:00,5.16
14437,2017-04-28T05:15:00,5.16
14438,2017-04-28T05:35:00,4.84
14439,2017-04-28T05:55:00,5.81
14440,2017-04-28T06:15:00,8.06
14441,2017-04-28T06:35:00,8.39
14442,2017-04-28T06:55:00,7.74
14443,2017-04-28T07:15:00,7.74
14444,2017-04-28T07:35:00,9.03
14445,2017-04-28T07:55:00,10
14446,2017-04-28T08:15:00,8.71
14447,2017-04-28T08:35:00,12.58
14448,2017-04-28T08:55:00,12.58
14449,2017-04-28T09:20:00,11.61
14450,2017-04-28T09:40:00,9.35
14451,2017-04-28T10:00:00,8.71
14452,2017-04-28T10:20:00,9.03
14453,2017-04-28T10:40:00,10.97
14454,2017-04-28T11:00:00,13.23
14455,2017-04-28T11:20:00,8.06
14456,2017-04-28T11:40:00,7.42
14457,2017-04-28T12:00:00,7.1
14458,2017-04-28T12:20:00,7.74
14459,2017-04-28T12:40:00,7.74
14460,2017-04-28T13:00:00,9.03
14461,2017-04-28T13:20:00,9.35
14462,2017-04-28T13:40:00,8.39
14463,2017-04-28T14:00:00,7.42
14464,2017-04-28T14:20:00,7.74
14465,2017-04-28T14:40:00,8.39
14466,2017-04-28T15:00:00,7.74
14467,2017-04-28T15:20:00,7.42
14468,2017-04-28T15:40:00,5.81
14469,2017-04-28T16:00:00,7.1
14470,2017-04-28T16:20:00,6.77
14471,2017-04-28T16:40:00,6.45
14472,2017-04-28T17:00:00,6.13
14473,2017-04-28T17:20:00,5.48
14474,2017-04-28T17:40:00,5.16
14475,2017-04-28T18:00:00,4.84
14476,2017-04-28T18:20:00,4.84
14477,2017-04-28T18:40:00,4.52
14478,2017-04-28T19:00:00,4.52
14479,2017-04-28T19:20:00,4.84
14480,2017-04-28T19:40:00,4.19
14481,2017-04-28T20:00:00,4.19
14482,2017-04-28T20:20:00,4.52
14483,2017-04-28T20:45:00,4.52
14484,2017-04-28T21:05:00,4.19
14485,2017-04-28T21:25:00,3.87
14486,2017-04-28T21:45:00,4.19
14487,2017-04-28T22:05:00,4.19
14488,2017-04-28T22:25:00,4.52
14489,2017-04-28T22:45:00,4.52
14490,2017-04-28T23:05:00,4.52
14491,2017-04-28T23:25:00,4.52
14492,2017-04-28T23:45:00,4.52
14493,2017-04-29T00:05:00,4.19
14494,2017-04-29T00:25:00,3.23
14495,2017-04-29T00:45:00,2.9
14496,2017-04-29T01:05:00,3.23
14497,2017-04-29T01:25:00,3.23
14498,2017-04-29T01:45:00,3.23
14499,2017-04-29T02:05:00,3.23
14500,2017-04-29T02:25:00,3.55
14501,2017-04-29T02:45:00,3.55
14502,2017-04-29T03:05:00,3.55
14503,2017-04-29T03:25:00,3.55
14504,2017-04-29T03:45:00,3.55
14505,2017-04-29T04:05:00,2.9
14506,2017-04-29T04:25:00,3.23
14507,2017-04-29T04:45:00,2.9
14508,2017-04-29T05:05:00,3.55
14509,2017-04-29T05:25:00,3.23
14510,2017-04-29T05:45:00,3.23
14511,2017-04-29T06:05:00,3.23
14512,2017-04-29T06:25:00,3.55
14513,2017-04-29T06:45:00,3.87
14514,2017-04-29T07:05:00,3.87
14515,2017-04-29T07:25:00,3.87
14516,2017-04-29T07:45:00,4.19
14517,2017-04-29T08:10:00,4.19
14518,2017-04-29T08:30:00,4.84
14519,2017-04-29T08:50:00,4.84
14520,2017-04-29T09:10:00,5.16
14521,2017-04-29T09:30:00,6.13
14522,2017-04-29T09:50:00,5.16
14523,2017-04-29T10:10:00,5.48
14524,2017-04-29T10:30:00,5.81
14525,2017-04-29T10:50:00,6.77
14526,2017-04-29T11:10:00,7.42
14527,2017-04-29T11:30:00,8.06
14528,2017-04-29T11:50:00,8.06
14529,2017-04-29T12:10:00,6.77
14530,2017-04-29T12:30:00,6.77
14531,2017-04-29T12:50:00,6.77
14532,2017-04-29T13:10:00,7.42
14533,2017-04-29T13:30:00,10.65
14534,2017-04-29T13:50:00,10.65
14535,2017-04-29T14:10:00,10.97
14536,2017-04-29T14:30:00,11.94
14537,2017-04-29T14:50:00,11.61
14538,2017-04-29T15:10:00,12.26
14539,2017-04-29T15:30:00,12.9
14540,2017-04-29T15:50:00,11.94
14541,2017-04-29T16:10:00,11.94
14542,2017-04-29T16:30:00,10.97
14543,2017-04-29T16:50:00,10.32
14544,2017-04-29T17:10:00,9.68
14545,2017-04-29T17:30:00,10.65
14546,2017-04-29T17:50:00,7.1
14547,2017-04-29T18:10:00,6.77
14548,2017-04-29T18:30:00,6.45
14549,2017-04-29T18:50:00,6.45
14550,2017-04-29T19:15:00,6.13
14551,2017-04-29T19:35:00,4.84
14552,2017-04-29T19:55:00,5.81
14553,2017-04-29T20:15:00,5.48
14554,2017-04-29T20:35:00,5.16
14555,2017-04-29T21:35:00,4.19
14556,2017-04-29T21:55:00,4.52
14557,2017-04-29T22:15:00,4.19
14558,2017-04-29T22:35:00,4.52
14559,2017-04-29T22:55:00,4.19
14560,2017-04-29T23:15:00,4.84
14561,2017-04-29T23:35:00,5.16
14562,2017-04-29T23:55:00,5.48
14563,2017-04-30T00:15:00,5.16
14564,2017-04-30T00:35:00,5.16
14565,2017-04-30T00:55:00,5.16
14566,2017-04-30T01:15:00,4.84
14567,2017-04-30T01:35:00,4.84
14568,2017-04-30T01:55:00,4.84
14569,2017-04-30T02:15:00,5.16
14570,2017-04-30T02:35:00,4.84
14571,2017-04-30T02:55:00,4.52
14572,2017-04-30T03:15:00,4.52
14573,2017-04-30T03:35:00,4.19
14574,2017-04-30T03:55:00,4.19
14575,2017-04-30T04:15:00,4.19
14576,2017-04-30T04:35:00,4.84
14577,2017-04-30T04:55:00,4.52
14578,2017-04-30T05:15:00,6.13
14579,2017-04-30T05:35:00,6.77
14580,2017-04-30T05:55:00,7.42
14581,2017-04-30T06:15:00,8.06
14582,2017-04-30T06:40:00,9.03
14583,2017-04-30T07:00:00,8.71
14584,2017-04-30T07:20:00,9.35
14585,2017-04-30T07:40:00,8.71
14586,2017-04-30T08:00:00,8.06
14587,2017-04-30T08:20:00,9.35
14588,2017-04-30T08:40:00,10
14589,2017-04-30T09:00:00,10
14590,2017-04-30T09:20:00,10.65
14591,2017-04-30T09:40:00,10.65
14592,2017-04-30T10:00:00,10.32
14593,2017-04-30T10:20:00,10
14594,2017-04-30T10:40:00,10.32
14595,2017-04-30T11:00:00,10
14596,2017-04-30T11:20:00,10.65
14597,2017-04-30T11:40:00,10.32
14598,2017-04-30T12:00:00,10.32
14599,2017-04-30T12:20:00,11.61
14600,2017-04-30T12:40:00,11.29
14601,2017-04-30T13:00:00,11.61
14602,2017-04-30T13:20:00,11.94
14603,2017-04-30T13:40:00,11.61
14604,2017-04-30T14:00:00,12.26
14605,2017-04-30T14:20:00,12.26
14606,2017-04-30T14:40:00,12.26
14607,2017-04-30T15:00:00,11.94
14608,2017-04-30T15:20:00,12.26
14609,2017-04-30T15:40:00,12.26
14610,2017-04-30T16:00:00,11.61
14611,2017-04-30T16:20:00,11.61
14612,2017-04-30T16:40:00,11.29
14613,2017-04-30T17:00:00,10.65
14614,2017-04-30T17:20:00,10
14615,2017-04-30T17:40:00,9.68
14616,2017-04-30T18:05:00,8.71
14617,2017-04-30T18:25:00,7.74
14618,2017-04-30T18:45:00,7.42
14619,2017-04-30T19:05:00,6.77
14620,2017-04-30T19:25:00,6.77
14621,2017-04-30T19:45:00,6.77
14622,2017-04-30T20:05:00,6.45
14623,2017-04-30T20:25:00,6.45
14624,2017-04-30T20:45:00,6.45
14625,2017-04-30T21:05:00,6.45
14626,2017-04-30T21:25:00,6.45
14627,2017-04-30T21:45:00,6.45
14628,2017-04-30T22:05:00,6.45
14629,2017-04-30T22:25:00,6.45
14630,2017-04-30T22:45:00,6.45
14631,2017-04-30T23:05:00,6.45
14632,2017-04-30T23:25:00,6.13
14633,2017-04-30T23:45:00,6.13
14634,2017-05-01T00:05:00,6.13
14635,2017-05-01T00:25:00,6.13
14636,2017-05-01T00:45:00,6.13
14637,2017-05-01T01:05:00,6.13
14638,2017-05-01T01:25:00,5.81
14639,2017-05-01T01:45:00,5.81
14640,2017-05-01T02:05:00,5.81
14641,2017-05-01T02:25:00,5.81
14642,2017-05-01T02:45:00,5.81
14643,2017-05-01T03:05:00,5.81
14644,2017-05-01T03:25:00,5.81
14645,2017-05-01T03:45:00,5.81
14646,2017-05-01T04:05:00,6.13
14647,2017-05-01T04:25:00,6.45
14648,2017-05-01T04:45:00,6.45
14649,2017-05-01T05:05:00,6.45
14650,2017-05-01T05:30:00,6.77
14651,2017-05-01T05:50:00,7.1
14652,2017-05-01T06:10:00,7.42
14653,2017-05-01T06:30:00,7.74
14654,2017-05-01T06:50:00,8.06
14655,2017-05-01T07:10:00,7.74
14656,2017-05-01T07:30:00,8.39
14657,2017-05-01T07:50:00,8.06
14658,2017-05-01T08:10:00,8.71
14659,2017-05-01T08:30:00,8.71
14660,2017-05-01T08:50:00,8.71
14661,2017-05-01T09:10:00,9.03
14662,2017-05-01T09:30:00,9.68
14663,2017-05-01T09:50:00,10
14664,2017-05-01T10:10:00,10.65
14665,2017-05-01T10:30:00,10.97
14666,2017-05-01T10:50:00,10.97
14667,2017-05-01T11:10:00,11.29
14668,2017-05-01T11:30:00,11.29
14669,2017-05-01T11:50:00,11.61
14670,2017-05-01T12:10:00,11.61
14671,2017-05-01T12:30:00,11.61
14672,2017-05-01T12:50:00,11.61
14673,2017-05-01T13:10:00,11.61
14674,2017-05-01T13:30:00,11.61
14675,2017-05-01T13:50:00,11.94
14676,2017-05-01T14:10:00,11.61
14677,2017-05-01T14:30:00,11.94
14678,2017-05-01T14:50:00,11.61
14679,2017-05-01T15:10:00,11.29
14680,2017-05-01T15:30:00,11.29
14681,2017-05-01T15:50:00,11.29
14682,2017-05-01T16:10:00,11.29
14683,2017-05-01T16:35:00,11.29
14684,2017-05-01T16:55:00,10.97
14685,2017-05-01T17:15:00,10
14686,2017-05-01T17:35:00,9.35
14687,2017-05-01T17:55:00,9.03
14688,2017-05-01T18:15:00,8.39
14689,2017-05-01T18:35:00,8.39
14690,2017-05-01T18:55:00,8.06
14691,2017-05-01T19:15:00,8.06
14692,2017-05-01T19:35:00,7.74
14693,2017-05-01T19:55:00,7.74
14694,2017-05-01T20:15:00,7.42
14695,2017-05-01T20:35:00,7.42
14696,2017-05-01T20:55:00,7.1
14697,2017-05-01T21:15:00,6.77
14698,2017-05-01T21:35:00,6.77
14699,2017-05-01T21:55:00,6.45
14700,2017-05-01T22:15:00,6.13
14701,2017-05-01T22:35:00,6.13
14702,2017-05-01T22:55:00,6.13
14703,2017-05-01T23:15:00,6.13
14704,2017-05-01T23:35:00,5.81
14705,2017-05-01T23:55:00,5.81
14706,2017-05-02T00:15:00,5.48
14707,2017-05-02T00:35:00,5.48
14708,2017-05-02T00:55:00,5.48
14709,2017-05-02T01:15:00,5.48
14710,2017-05-02T01:35:00,5.48
14711,2017-05-02T01:55:00,5.48
14712,2017-05-02T02:15:00,5.48
14713,2017-05-02T02:35:00,5.48
14714,2017-05-02T02:55:00,5.16
14715,2017-05-02T03:15:00,4.84
14716,2017-05-02T03:35:00,5.16
14717,2017-05-02T04:00:00,5.16
14718,2017-05-02T04:40:00,5.48
14719,2017-05-02T05:00:00,5.81
14720,2017-05-02T05:20:00,6.45
14721,2017-05-02T05:40:00,7.1
14722,2017-05-02T06:00:00,7.42
14723,2017-05-02T06:20:00,7.74
14724,2017-05-02T06:40:00,8.71
14725,2017-05-02T07:00:00,9.35
14726,2017-05-02T07:20:00,9.68
14727,2017-05-02T07:40:00,10
14728,2017-05-02T08:00:00,10.65
14729,2017-05-02T08:20:00,10.97
14730,2017-05-02T08:40:00,10.97
14731,2017-05-02T09:00:00,10.97
14732,2017-05-02T09:20:00,11.61
14733,2017-05-02T09:40:00,11.61
14734,2017-05-02T10:00:00,11.94
14735,2017-05-02T10:20:00,11.94
14736,2017-05-02T10:40:00,11.94
14737,2017-05-02T11:00:00,11.61
14738,2017-05-02T11:20:00,11.94
14739,2017-05-02T11:40:00,11.94
14740,2017-05-02T12:00:00,12.58
14741,2017-05-02T12:20:00,12.9
14742,2017-05-02T12:40:00,12.58
14743,2017-05-02T13:00:00,13.23
14744,2017-05-02T13:20:00,13.55
14745,2017-05-02T13:40:00,13.23
14746,2017-05-02T14:00:00,13.87
14747,2017-05-02T14:20:00,14.19
14748,2017-05-02T14:40:00,14.52
14749,2017-05-02T15:00:00,14.52
14750,2017-05-02T15:25:00,14.84
14751,2017-05-02T15:45:00,14.84
14752,2017-05-02T16:05:00,14.19
14753,2017-05-02T16:25:00,14.84
14754,2017-05-02T16:45:00,14.19
14755,2017-05-02T17:05:00,13.55
14756,2017-05-02T17:25:00,13.55
14757,2017-05-02T17:45:00,13.55
14758,2017-05-02T18:05:00,12.58
14759,2017-05-02T18:25:00,10.97
14760,2017-05-02T18:45:00,10.32
14761,2017-05-02T19:05:00,10
14762,2017-05-02T19:25:00,9.35
14763,2017-05-02T19:45:00,8.71
14764,2017-05-02T20:05:00,9.03
14765,2017-05-02T20:25:00,9.03
14766,2017-05-02T20:45:00,8.06
14767,2017-05-02T21:05:00,8.06
14768,2017-05-02T21:25:00,7.74
14769,2017-05-02T21:45:00,7.74
14770,2017-05-02T22:05:00,8.06
14771,2017-05-02T22:25:00,8.39
14772,2017-05-02T22:45:00,8.06
14773,2017-05-02T23:05:00,7.74
14774,2017-05-02T23:25:00,7.74
14775,2017-05-02T23:45:00,7.42
14776,2017-05-03T00:05:00,7.42
14777,2017-05-03T00:25:00,7.74
14778,2017-05-03T00:45:00,7.42
14779,2017-05-03T01:05:00,7.1
14780,2017-05-03T01:25:00,6.77
14781,2017-05-03T01:45:00,6.77
14782,2017-05-03T02:05:00,6.77
14783,2017-05-03T02:30:00,6.77
14784,2017-05-03T02:50:00,6.77
14785,2017-05-03T03:10:00,6.77
14786,2017-05-03T03:30:00,6.77
14787,2017-05-03T03:50:00,6.77
14788,2017-05-03T04:10:00,7.1
14789,2017-05-03T04:30:00,7.1
14790,2017-05-03T04:50:00,7.42
14791,2017-05-03T05:10:00,7.42
14792,2017-05-03T05:30:00,7.42
14793,2017-05-03T05:50:00,7.74
14794,2017-05-03T06:10:00,8.06
14795,2017-05-03T06:30:00,8.39
14796,2017-05-03T06:50:00,9.03
14797,2017-05-03T07:10:00,9.03
14798,2017-05-03T07:30:00,9.68
14799,2017-05-03T07:50:00,10.65
14800,2017-05-03T08:10:00,10.65
14801,2017-05-03T08:30:00,11.61
14802,2017-05-03T08:50:00,12.9
14803,2017-05-03T09:10:00,13.87
14804,2017-05-03T09:30:00,16.77
14805,2017-05-03T09:50:00,15.48
14806,2017-05-03T10:10:00,13.23
14807,2017-05-03T10:30:00,14.52
14808,2017-05-03T10:50:00,13.23
14809,2017-05-03T11:10:00,13.23
14810,2017-05-03T11:30:00,13.55
14811,2017-05-03T11:50:00,13.87
14812,2017-05-03T12:10:00,14.52
14813,2017-05-03T12:30:00,14.19
14814,2017-05-03T12:50:00,14.19
14815,2017-05-03T13:10:00,14.52
14816,2017-05-03T13:30:00,15.81
14817,2017-05-03T13:55:00,17.1
14818,2017-05-03T14:15:00,16.45
14819,2017-05-03T14:35:00,19.03
14820,2017-05-03T14:55:00,18.71
14821,2017-05-03T15:15:00,18.71
14822,2017-05-03T15:35:00,18.06
14823,2017-05-03T15:55:00,18.39
14824,2017-05-03T16:15:00,18.06
14825,2017-05-03T16:35:00,17.74
14826,2017-05-03T16:55:00,17.1
14827,2017-05-03T17:15:00,16.45
14828,2017-05-03T17:35:00,15.81
14829,2017-05-03T17:55:00,14.52
14830,2017-05-03T18:15:00,12.58
14831,2017-05-03T18:35:00,11.61
14832,2017-05-03T18:55:00,10.97
14833,2017-05-03T19:15:00,10.32
14834,2017-05-03T19:35:00,9.68
14835,2017-05-03T19:55:00,9.35
14836,2017-05-03T20:15:00,8.71
14837,2017-05-03T20:35:00,8.71
14838,2017-05-03T20:55:00,8.06
14839,2017-05-03T21:15:00,7.74
14840,2017-05-03T21:35:00,7.42
14841,2017-05-03T21:55:00,7.42
14842,2017-05-03T22:15:00,7.74
14843,2017-05-03T22:35:00,8.39
14844,2017-05-03T22:55:00,8.06
14845,2017-05-03T23:15:00,7.42
14846,2017-05-03T23:35:00,7.1
14847,2017-05-03T23:55:00,7.1
14848,2017-05-04T00:15:00,7.42
14849,2017-05-04T00:35:00,7.74
14850,2017-05-04T00:55:00,7.74
14851,2017-05-04T01:20:00,7.1
14852,2017-05-04T01:40:00,7.42
14853,2017-05-04T02:00:00,6.77
14854,2017-05-04T02:20:00,7.1
14855,2017-05-04T02:40:00,7.1
14856,2017-05-04T03:00:00,6.77
14857,2017-05-04T03:20:00,6.77
14858,2017-05-04T03:40:00,6.77
14859,2017-05-04T04:00:00,6.77
14860,2017-05-04T04:20:00,7.1
14861,2017-05-04T04:40:00,7.1
14862,2017-05-04T05:00:00,7.42
14863,2017-05-04T05:20:00,8.06
14864,2017-05-04T06:20:00,8.06
14865,2017-05-04T06:40:00,8.39
14866,2017-05-04T07:00:00,9.03
14867,2017-05-04T07:20:00,9.35
14868,2017-05-04T07:40:00,10
14869,2017-05-04T08:00:00,10
14870,2017-05-04T08:20:00,10.65
14871,2017-05-04T08:40:00,10
14872,2017-05-04T09:00:00,11.94
14873,2017-05-04T09:20:00,12.58
14874,2017-05-04T09:40:00,13.87
14875,2017-05-04T10:00:00,13.23
14876,2017-05-04T10:20:00,13.55
14877,2017-05-04T10:40:00,12.26
14878,2017-05-04T11:00:00,13.55
14879,2017-05-04T11:20:00,14.52
14880,2017-05-04T11:40:00,16.13
14881,2017-05-04T12:00:00,16.13
14882,2017-05-04T12:20:00,16.77
14883,2017-05-04T12:45:00,14.19
14884,2017-05-04T13:05:00,15.16
14885,2017-05-04T13:25:00,13.87
14886,2017-05-04T13:45:00,16.77
14887,2017-05-04T14:05:00,16.45
14888,2017-05-04T14:25:00,16.13
14889,2017-05-04T14:45:00,16.13
14890,2017-05-04T15:05:00,15.81
14891,2017-05-04T15:25:00,17.1
14892,2017-05-04T15:45:00,17.74
14893,2017-05-04T16:05:00,19.03
14894,2017-05-04T16:25:00,17.1
14895,2017-05-04T16:45:00,16.77
14896,2017-05-04T17:05:00,14.52
14897,2017-05-04T17:25:00,14.84
14898,2017-05-04T17:45:00,12.58
14899,2017-05-04T18:05:00,11.61
14900,2017-05-04T18:25:00,10.65
14901,2017-05-04T18:45:00,9.68
14902,2017-05-04T19:05:00,9.35
14903,2017-05-04T19:25:00,9.03
14904,2017-05-04T19:45:00,8.71
14905,2017-05-04T20:05:00,8.71
14906,2017-05-04T20:25:00,8.71
14907,2017-05-04T20:45:00,8.39
14908,2017-05-04T21:05:00,8.39
14909,2017-05-04T21:25:00,8.39
14910,2017-05-04T21:45:00,8.39
14911,2017-05-04T22:05:00,9.03
14912,2017-05-04T22:25:00,9.03
14913,2017-05-04T22:45:00,9.03
14914,2017-05-04T23:05:00,8.39
14915,2017-05-04T23:25:00,8.06
14916,2017-05-04T23:45:00,7.74
14917,2017-05-05T00:10:00,7.74
14918,2017-05-05T00:30:00,7.42
14919,2017-05-05T00:50:00,7.42
14920,2017-05-05T01:10:00,6.77
14921,2017-05-05T01:30:00,6.45
14922,2017-05-05T02:10:00,6.13
14923,2017-05-05T02:30:00,6.13
14924,2017-05-05T02:50:00,5.81
14925,2017-05-05T03:10:00,5.81
14926,2017-05-05T03:30:00,5.81
14927,2017-05-05T03:50:00,5.81
14928,2017-05-05T04:10:00,5.81
14929,2017-05-05T04:30:00,6.45
14930,2017-05-05T04:50:00,6.45
14931,2017-05-05T05:10:00,6.77
14932,2017-05-05T05:30:00,9.03
14933,2017-05-05T05:50:00,10
14934,2017-05-05T06:10:00,10.32
14935,2017-05-05T06:30:00,9.03
14936,2017-05-05T06:50:00,9.68
14937,2017-05-05T07:10:00,10.65
14938,2017-05-05T07:30:00,10.32
14939,2017-05-05T07:50:00,11.94
14940,2017-05-05T08:10:00,12.9
14941,2017-05-05T08:30:00,12.58
14942,2017-05-05T08:50:00,12.58
14943,2017-05-05T09:10:00,14.52
14944,2017-05-05T09:30:00,14.52
14945,2017-05-05T09:50:00,14.19
14946,2017-05-05T10:10:00,14.84
14947,2017-05-05T10:30:00,14.84
14948,2017-05-05T10:50:00,15.16
14949,2017-05-05T11:15:00,16.77
14950,2017-05-05T11:35:00,16.13
14951,2017-05-05T11:55:00,14.84
14952,2017-05-05T12:15:00,13.23
14953,2017-05-05T12:35:00,14.19
14954,2017-05-05T12:55:00,14.19
14955,2017-05-05T13:15:00,13.23
14956,2017-05-05T13:35:00,12.9
14957,2017-05-05T13:55:00,13.23
14958,2017-05-05T14:15:00,14.84
14959,2017-05-05T14:35:00,13.55
14960,2017-05-05T14:55:00,12.58
14961,2017-05-05T15:15:00,12.58
14962,2017-05-05T15:35:00,12.26
14963,2017-05-05T15:55:00,11.94
14964,2017-05-05T16:15:00,11.94
14965,2017-05-05T16:35:00,11.94
14966,2017-05-05T16:55:00,11.94
14967,2017-05-05T17:15:00,11.94
14968,2017-05-05T17:35:00,11.61
14969,2017-05-05T17:55:00,11.61
14970,2017-05-05T18:15:00,11.29
14971,2017-05-05T18:35:00,11.29
14972,2017-05-05T18:55:00,11.29
14973,2017-05-05T19:15:00,10.97
14974,2017-05-05T19:35:00,10.97
14975,2017-05-05T19:55:00,10.32
14976,2017-05-05T20:15:00,10.65
14977,2017-05-05T20:35:00,10.65
14978,2017-05-05T20:55:00,10.65
14979,2017-05-05T21:15:00,10.65
14980,2017-05-05T21:35:00,10.65
14981,2017-05-05T21:55:00,10.65
14982,2017-05-05T22:15:00,10.32
14983,2017-05-05T22:40:00,10.65
14984,2017-05-05T23:00:00,10.32
14985,2017-05-05T23:20:00,10.32
14986,2017-05-05T23:40:00,10.32
14987,2017-05-06T00:00:00,10.32
14988,2017-05-06T00:20:00,10.32
14989,2017-05-06T00:40:00,10
14990,2017-05-06T01:00:00,10
14991,2017-05-06T01:20:00,10
14992,2017-05-06T01:40:00,10
14993,2017-05-06T02:00:00,10
14994,2017-05-06T02:20:00,9.68
14995,2017-05-06T02:40:00,9.68
14996,2017-05-06T03:00:00,9.68
14997,2017-05-06T03:20:00,9.68
14998,2017-05-06T03:40:00,10.65
14999,2017-05-06T04:00:00,10.65
15000,2017-05-06T04:20:00,11.94
15001,2017-05-06T04:40:00,13.87
15002,2017-05-06T05:00:00,12.58
15003,2017-05-06T05:20:00,14.19
15004,2017-05-06T05:40:00,15.16
15005,2017-05-06T06:00:00,14.52
15006,2017-05-06T06:20:00,14.84
15007,2017-05-06T06:40:00,14.52
15008,2017-05-06T07:00:00,12.9
15009,2017-05-06T07:20:00,18.71
15010,2017-05-06T07:40:00,18.06
15011,2017-05-06T08:00:00,17.42
15012,2017-05-06T08:20:00,16.45
15013,2017-05-06T08:40:00,17.74
15014,2017-05-06T09:00:00,17.74
15015,2017-05-06T09:20:00,18.06
15016,2017-05-06T09:40:00,17.74
15017,2017-05-06T10:05:00,18.39
15018,2017-05-06T10:25:00,18.06
15019,2017-05-06T10:45:00,17.1
15020,2017-05-06T11:05:00,17.1
15021,2017-05-06T11:25:00,16.77
15022,2017-05-06T11:45:00,17.1
15023,2017-05-06T12:05:00,18.39
15024,2017-05-06T12:25:00,18.71
15025,2017-05-06T12:45:00,20
15026,2017-05-06T13:05:00,19.03
15027,2017-05-06T13:25:00,18.71
15028,2017-05-06T13:45:00,18.39
15029,2017-05-06T14:05:00,18.39
15030,2017-05-06T14:25:00,17.42
15031,2017-05-06T14:45:00,16.77
15032,2017-05-06T15:05:00,18.06
15033,2017-05-06T15:25:00,19.35
15034,2017-05-06T15:45:00,20.32
15035,2017-05-06T16:05:00,20.65
15036,2017-05-06T16:25:00,19.03
15037,2017-05-06T16:45:00,18.39
15038,2017-05-06T17:05:00,18.39
15039,2017-05-06T17:25:00,18.06
15040,2017-05-06T17:45:00,18.71
15041,2017-05-06T18:05:00,16.45
15042,2017-05-06T18:25:00,14.84
15043,2017-05-06T18:45:00,14.19
15044,2017-05-06T19:05:00,13.87
15045,2017-05-06T19:25:00,12.26
15046,2017-05-06T19:45:00,11.94
15047,2017-05-06T20:05:00,10.97
15048,2017-05-06T20:25:00,10
15049,2017-05-06T20:45:00,10.97
15050,2017-05-06T21:05:00,11.61
15051,2017-05-06T21:30:00,11.61
15052,2017-05-06T21:50:00,11.94
15053,2017-05-06T22:10:00,11.29
15054,2017-05-06T22:30:00,10.32
15055,2017-05-06T22:50:00,10
15056,2017-05-06T23:10:00,10
15057,2017-05-06T23:30:00,9.68
15058,2017-05-06T23:50:00,9.35
15059,2017-05-07T00:10:00,9.68
15060,2017-05-07T00:30:00,9.03
15061,2017-05-07T00:50:00,8.39
15062,2017-05-07T01:10:00,8.06
15063,2017-05-07T01:30:00,7.74
15064,2017-05-07T01:50:00,7.1
15065,2017-05-07T02:10:00,7.74
15066,2017-05-07T02:30:00,7.1
15067,2017-05-07T02:50:00,6.77
15068,2017-05-07T03:10:00,6.45
15069,2017-05-07T03:30:00,6.45
15070,2017-05-07T03:50:00,7.74
15071,2017-05-07T04:10:00,9.68
15072,2017-05-07T04:30:00,10
15073,2017-05-07T04:50:00,10
15074,2017-05-07T05:10:00,10.32
15075,2017-05-07T05:50:00,14.19
15076,2017-05-07T06:10:00,15.48
15077,2017-05-07T06:30:00,16.45
15078,2017-05-07T06:50:00,17.74
15079,2017-05-07T07:10:00,18.06
15080,2017-05-07T07:30:00,19.35
15081,2017-05-07T07:50:00,20.65
15082,2017-05-07T08:10:00,18.06
15083,2017-05-07T08:30:00,17.1
15084,2017-05-07T08:55:00,16.45
15085,2017-05-07T09:15:00,17.1
15086,2017-05-07T09:35:00,16.45
15087,2017-05-07T09:55:00,16.45
15088,2017-05-07T10:15:00,15.81
15089,2017-05-07T10:35:00,15.81
15090,2017-05-07T10:55:00,16.13
15091,2017-05-07T11:15:00,20
15092,2017-05-07T11:35:00,19.35
15093,2017-05-07T11:55:00,19.03
15094,2017-05-07T12:15:00,16.13
15095,2017-05-07T12:35:00,15.16
15096,2017-05-07T12:55:00,16.45
15097,2017-05-07T13:15:00,19.03
15098,2017-05-07T13:35:00,15.48
15099,2017-05-07T13:55:00,14.84
15100,2017-05-07T14:15:00,14.84
15101,2017-05-07T14:35:00,14.84
15102,2017-05-07T14:55:00,15.48
15103,2017-05-07T15:15:00,15.48
15104,2017-05-07T15:35:00,16.77
15105,2017-05-07T15:55:00,16.13
15106,2017-05-07T16:15:00,15.16
15107,2017-05-07T16:35:00,14.84
15108,2017-05-07T16:55:00,14.52
15109,2017-05-07T17:15:00,14.19
15110,2017-05-07T17:35:00,13.23
15111,2017-05-07T17:55:00,13.23
15112,2017-05-07T18:15:00,12.9
15113,2017-05-07T18:35:00,12.58
15114,2017-05-07T18:55:00,11.94
15115,2017-05-07T19:15:00,11.61
15116,2017-05-07T19:35:00,10.97
15117,2017-05-07T20:00:00,10.65
15118,2017-05-07T20:20:00,10.32
15119,2017-05-07T20:40:00,10.32
15120,2017-05-07T21:00:00,10.32
15121,2017-05-07T21:20:00,9.68
15122,2017-05-07T21:40:00,9.68
15123,2017-05-07T22:00:00,9.35
15124,2017-05-07T22:20:00,9.35
15125,2017-05-07T22:40:00,9.68
15126,2017-05-07T23:00:00,9.68
15127,2017-05-07T23:20:00,9.03
15128,2017-05-07T23:40:00,8.71
15129,2017-05-08T00:00:00,8.71
15130,2017-05-08T00:20:00,8.71
15131,2017-05-08T00:40:00,8.39
15132,2017-05-08T01:00:00,8.06
15133,2017-05-08T01:20:00,7.74
15134,2017-05-08T01:40:00,7.74
15135,2017-05-08T02:00:00,7.1
15136,2017-05-08T02:20:00,6.45
15137,2017-05-08T02:40:00,6.13
15138,2017-05-08T03:00:00,6.13
15139,2017-05-08T03:20:00,5.81
15140,2017-05-08T03:40:00,6.13
15141,2017-05-08T04:00:00,6.77
15142,2017-05-08T04:20:00,7.1
15143,2017-05-08T04:40:00,7.1
15144,2017-05-08T05:00:00,7.42
15145,2017-05-08T05:20:00,6.77
15146,2017-05-08T05:40:00,7.1
15147,2017-05-08T06:00:00,8.39
15148,2017-05-08T06:20:00,8.71
15149,2017-05-08T06:40:00,10
15150,2017-05-08T07:00:00,7.42
15151,2017-05-08T07:25:00,11.29
15152,2017-05-08T07:45:00,9.03
15153,2017-05-08T08:05:00,12.26
15154,2017-05-08T08:25:00,13.23
15155,2017-05-08T08:45:00,8.71
15156,2017-05-08T09:05:00,12.26
15157,2017-05-08T09:25:00,13.55
15158,2017-05-08T09:45:00,11.94
15159,2017-05-08T10:05:00,10.97
15160,2017-05-08T10:25:00,10.97
15161,2017-05-08T10:45:00,10.65
15162,2017-05-08T11:05:00,10
15163,2017-05-08T11:25:00,12.26
15164,2017-05-08T11:45:00,11.29
15165,2017-05-08T12:05:00,10
15166,2017-05-08T12:25:00,9.68
15167,2017-05-08T12:45:00,10.32
15168,2017-05-08T13:05:00,12.9
15169,2017-05-08T13:25:00,12.26
15170,2017-05-08T13:45:00,12.9
15171,2017-05-08T14:05:00,9.68
15172,2017-05-08T14:25:00,9.68
15173,2017-05-08T14:45:00,10
15174,2017-05-08T15:05:00,13.23
15175,2017-05-08T15:25:00,12.26
15176,2017-05-08T15:45:00,13.23
15177,2017-05-08T16:05:00,13.23
15178,2017-05-08T16:25:00,12.26
15179,2017-05-08T17:25:00,11.94
15180,2017-05-08T17:45:00,9.03
15181,2017-05-08T18:05:00,7.1
15182,2017-05-08T18:25:00,6.45
15183,2017-05-08T18:50:00,5.81
15184,2017-05-08T19:10:00,5.16
15185,2017-05-08T19:30:00,4.52
15186,2017-05-08T19:50:00,4.52
15187,2017-05-08T20:10:00,4.52
15188,2017-05-08T20:30:00,4.19
15189,2017-05-08T20:50:00,4.19
15190,2017-05-08T21:10:00,3.87
15191,2017-05-08T21:30:00,3.55
15192,2017-05-08T21:50:00,3.23
15193,2017-05-08T22:10:00,2.9
15194,2017-05-08T22:30:00,2.9
15195,2017-05-08T22:50:00,3.23
15196,2017-05-08T23:10:00,3.23
15197,2017-05-08T23:30:00,3.23
15198,2017-05-08T23:50:00,2.9
15199,2017-05-09T00:10:00,3.23
15200,2017-05-09T00:30:00,2.9
15201,2017-05-09T00:50:00,2.58
15202,2017-05-09T01:10:00,2.26
15203,2017-05-09T01:30:00,2.26
15204,2017-05-09T01:50:00,2.58
15205,2017-05-09T02:10:00,1.61
15206,2017-05-09T02:30:00,1.61
15207,2017-05-09T02:50:00,1.61
15208,2017-05-09T03:10:00,1.61
15209,2017-05-09T03:30:00,2.26
15210,2017-05-09T03:50:00,2.26
15211,2017-05-09T04:10:00,2.26
15212,2017-05-09T04:30:00,3.23
15213,2017-05-09T04:50:00,4.52
15214,2017-05-09T05:10:00,4.52
15215,2017-05-09T05:30:00,4.84
15216,2017-05-09T05:50:00,5.48
15217,2017-05-09T06:15:00,6.77
15218,2017-05-09T06:35:00,7.74
15219,2017-05-09T06:55:00,8.06
15220,2017-05-09T07:15:00,10.65
15221,2017-05-09T07:35:00,10.32
15222,2017-05-09T07:55:00,10.65
15223,2017-05-09T08:15:00,10.32
15224,2017-05-09T08:35:00,10.97
15225,2017-05-09T08:55:00,10.97
15226,2017-05-09T09:15:00,9.03
15227,2017-05-09T09:35:00,8.06
15228,2017-05-09T09:55:00,7.42
15229,2017-05-09T10:15:00,6.13
15230,2017-05-09T10:35:00,5.16
15231,2017-05-09T10:55:00,5.81
15232,2017-05-09T11:15:00,7.74
15233,2017-05-09T11:35:00,7.74
15234,2017-05-09T11:55:00,7.1
15235,2017-05-09T12:15:00,7.1
15236,2017-05-09T12:35:00,7.74
15237,2017-05-09T12:55:00,7.1
15238,2017-05-09T13:15:00,7.1
15239,2017-05-09T13:35:00,7.42
15240,2017-05-09T13:55:00,6.77
15241,2017-05-09T14:15:00,5.81
15242,2017-05-09T14:35:00,6.45
15243,2017-05-09T14:55:00,6.77
15244,2017-05-09T15:15:00,7.1
15245,2017-05-09T15:35:00,8.06
15246,2017-05-09T15:55:00,10.32
15247,2017-05-09T16:15:00,9.68
15248,2017-05-09T16:35:00,9.03
15249,2017-05-09T16:55:00,8.71
15250,2017-05-09T17:15:00,8.71
15251,2017-05-09T17:40:00,8.71
15252,2017-05-09T18:00:00,8.39
15253,2017-05-09T18:20:00,8.06
15254,2017-05-09T18:40:00,7.74
15255,2017-05-09T19:00:00,7.42
15256,2017-05-09T19:20:00,7.1
15257,2017-05-09T19:40:00,6.45
15258,2017-05-09T20:00:00,5.81
15259,2017-05-09T20:20:00,5.48
15260,2017-05-09T20:40:00,5.48
15261,2017-05-09T21:00:00,5.16
15262,2017-05-09T21:20:00,4.84
15263,2017-05-09T21:40:00,4.84
15264,2017-05-09T22:00:00,4.52
15265,2017-05-09T22:20:00,4.52
15266,2017-05-09T22:40:00,4.52
15267,2017-05-09T23:00:00,4.52
15268,2017-05-09T23:20:00,4.19
15269,2017-05-09T23:40:00,4.19
15270,2017-05-10T00:00:00,3.87
15271,2017-05-10T00:20:00,3.87
15272,2017-05-10T00:40:00,3.87
15273,2017-05-10T01:00:00,3.87
15274,2017-05-10T01:20:00,3.87
15275,2017-05-10T01:40:00,3.87
15276,2017-05-10T02:00:00,3.87
15277,2017-05-10T02:20:00,3.87
15278,2017-05-10T02:40:00,3.87
15279,2017-05-10T03:00:00,3.87
15280,2017-05-10T03:20:00,4.19
15281,2017-05-10T03:40:00,4.19
15282,2017-05-10T04:00:00,4.19
15283,2017-05-10T04:20:00,4.84
15284,2017-05-10T04:45:00,3.23
15285,2017-05-10T05:05:00,5.16
15286,2017-05-10T05:25:00,5.16
15287,2017-05-10T05:45:00,5.48
15288,2017-05-10T06:05:00,6.45
15289,2017-05-10T06:25:00,6.77
15290,2017-05-10T06:45:00,6.45
15291,2017-05-10T07:05:00,7.74
15292,2017-05-10T07:25:00,8.71
15293,2017-05-10T07:45:00,8.39
15294,2017-05-10T08:05:00,8.71
15295,2017-05-10T08:25:00,7.1
15296,2017-05-10T08:45:00,10.65
15297,2017-05-10T09:05:00,8.06
15298,2017-05-10T09:25:00,7.42
15299,2017-05-10T09:45:00,5.48
15300,2017-05-10T10:05:00,5.81
15301,2017-05-10T10:25:00,5.48
15302,2017-05-10T10:45:00,5.48
15303,2017-05-10T11:05:00,5.48
15304,2017-05-10T11:25:00,5.81
15305,2017-05-10T11:45:00,5.81
15306,2017-05-10T12:05:00,5.81
15307,2017-05-10T12:25:00,6.45
15308,2017-05-10T12:45:00,6.77
15309,2017-05-10T13:05:00,7.42
15310,2017-05-10T13:25:00,6.45
15311,2017-05-10T13:45:00,6.45
15312,2017-05-10T14:05:00,6.77
15313,2017-05-10T14:25:00,9.03
15314,2017-05-10T14:45:00,8.06
15315,2017-05-10T15:05:00,8.39
15316,2017-05-10T15:25:00,8.71
15317,2017-05-10T15:45:00,6.77
15318,2017-05-10T16:10:00,7.1
15319,2017-05-10T16:30:00,7.42
15320,2017-05-10T16:50:00,7.1
15321,2017-05-10T17:10:00,6.13
15322,2017-05-10T17:30:00,6.77
15323,2017-05-10T17:50:00,7.42
15324,2017-05-10T18:10:00,6.77
15325,2017-05-10T18:30:00,6.77
15326,2017-05-10T18:50:00,6.45
15327,2017-05-10T19:10:00,6.13
15328,2017-05-10T19:30:00,6.13
15329,2017-05-10T19:50:00,6.13
15330,2017-05-10T20:10:00,6.13
15331,2017-05-10T20:30:00,6.13
15332,2017-05-10T20:50:00,6.13
15333,2017-05-10T21:10:00,6.13
15334,2017-05-10T21:30:00,5.81
15335,2017-05-10T21:50:00,5.81
15336,2017-05-10T22:10:00,5.48
15337,2017-05-10T22:30:00,5.48
15338,2017-05-10T22:50:00,5.16
15339,2017-05-10T23:10:00,5.48
15340,2017-05-10T23:30:00,5.48
15341,2017-05-10T23:50:00,5.48
15342,2017-05-11T00:10:00,5.48
15343,2017-05-11T00:30:00,5.48
15344,2017-05-11T00:50:00,5.48
15345,2017-05-11T01:10:00,5.48
15346,2017-05-11T01:30:00,5.48
15347,2017-05-11T01:50:00,5.48
15348,2017-05-11T02:10:00,5.48
15349,2017-05-11T02:30:00,5.48
15350,2017-05-11T02:50:00,5.48
15351,2017-05-11T03:10:00,5.16
15352,2017-05-11T03:35:00,5.48
15353,2017-05-11T03:55:00,5.48
15354,2017-05-11T04:15:00,5.48
15355,2017-05-11T04:35:00,6.13
15356,2017-05-11T04:55:00,6.77
15357,2017-05-11T05:15:00,7.42
15358,2017-05-11T05:35:00,7.74
15359,2017-05-11T05:55:00,7.74
15360,2017-05-11T06:15:00,7.74
15361,2017-05-11T06:35:00,9.03
15362,2017-05-11T06:55:00,10.32
15363,2017-05-11T07:15:00,9.68
15364,2017-05-11T07:35:00,10
15365,2017-05-11T07:55:00,9.35
15366,2017-05-11T08:15:00,9.68
15367,2017-05-11T08:35:00,11.29
15368,2017-05-11T08:55:00,10.65
15369,2017-05-11T09:15:00,9.68
15370,2017-05-11T09:35:00,9.03
15371,2017-05-11T09:55:00,8.71
15372,2017-05-11T10:15:00,8.71
15373,2017-05-11T10:35:00,8.06
15374,2017-05-11T10:55:00,8.71
15375,2017-05-11T11:15:00,7.74
15376,2017-05-11T11:35:00,10
15377,2017-05-11T11:55:00,10.32
15378,2017-05-11T12:15:00,9.03
15379,2017-05-11T12:35:00,8.71
15380,2017-05-11T12:55:00,8.71
15381,2017-05-11T13:15:00,8.71
15382,2017-05-11T13:35:00,9.03
15383,2017-05-11T13:55:00,9.03
15384,2017-05-11T14:15:00,10.97
15385,2017-05-15T04:55:00,10.65
15386,2017-05-15T05:15:00,10.97
15387,2017-05-15T05:35:00,11.29
15388,2017-05-15T05:55:00,11.61
15389,2017-05-15T06:15:00,16.13
15390,2017-05-15T06:35:00,19.35
15391,2017-05-15T06:55:00,20
15392,2017-05-15T07:15:00,20.32
15393,2017-05-15T07:35:00,20.32
15394,2017-05-15T07:55:00,20.32
15395,2017-05-15T08:15:00,20.32
15396,2017-05-15T08:35:00,20.32
15397,2017-05-15T08:55:00,20.32
15398,2017-05-15T09:15:00,21.61
15399,2017-05-15T09:40:00,21.94
15400,2017-05-15T10:00:00,22.26
15401,2017-05-15T10:20:00,22.26
15402,2017-05-15T10:40:00,22.9
15403,2017-05-15T11:00:00,22.9
15404,2017-05-15T11:20:00,23.23
15405,2017-05-15T11:40:00,23.23
15406,2017-05-15T12:00:00,23.55
15407,2017-05-15T12:20:00,23.23
15408,2017-05-15T12:40:00,23.55
15409,2017-05-15T13:00:00,23.55
15410,2017-05-15T13:40:00,24.19
15411,2017-05-15T14:00:00,24.19
15412,2017-05-15T14:20:00,24.84
15413,2017-05-15T14:40:00,24.84
15414,2017-05-15T15:00:00,25.16
15415,2017-05-15T15:20:00,25.16
15416,2017-05-15T15:40:00,25.48
15417,2017-05-15T16:00:00,25.48
15418,2017-05-15T16:20:00,25.48
15419,2017-05-15T16:40:00,25.48
15420,2017-05-15T17:00:00,25.48
15421,2017-05-15T17:20:00,25.16
15422,2017-05-15T17:40:00,25.16
15423,2017-05-15T18:00:00,24.84
15424,2017-05-15T18:20:00,24.84
15425,2017-05-15T18:40:00,24.52
15426,2017-05-15T19:00:00,24.52
15427,2017-05-15T19:20:00,24.19
15428,2017-05-15T19:40:00,23.87
15429,2017-05-15T20:00:00,23.87
15430,2017-05-15T20:20:00,23.55
15431,2017-05-15T20:40:00,23.55
15432,2017-05-15T21:05:00,23.23
15433,2017-05-15T21:25:00,23.23
15434,2017-05-15T21:45:00,22.9
15435,2017-05-15T22:05:00,22.9
15436,2017-05-15T22:25:00,22.58
15437,2017-05-15T22:45:00,22.58
15438,2017-05-15T23:05:00,22.26
15439,2017-05-15T23:25:00,22.26
15440,2017-05-15T23:45:00,21.94
15441,2017-05-16T00:05:00,21.94
15442,2017-05-16T00:25:00,21.94
15443,2017-05-16T00:45:00,21.61
15444,2017-05-16T01:05:00,21.61
15445,2017-05-16T01:25:00,21.29
15446,2017-05-16T01:45:00,21.29
15447,2017-05-16T02:05:00,20.97
15448,2017-05-16T02:25:00,20.97
15449,2017-05-16T02:45:00,20.97
15450,2017-05-16T03:05:00,20.65
15451,2017-05-16T03:25:00,20.65
15452,2017-05-16T03:45:00,20.32
15453,2017-05-16T04:05:00,20.32
15454,2017-05-16T04:25:00,20.65
15455,2017-05-16T04:45:00,20.32
15456,2017-05-16T05:05:00,20.32
15457,2017-05-16T05:25:00,20.32
15458,2017-05-16T05:45:00,20.32
15459,2017-05-16T06:05:00,20.32
15460,2017-05-16T06:25:00,20.65
15461,2017-05-16T06:45:00,20.32
15462,2017-05-16T07:05:00,20.32
15463,2017-05-16T07:25:00,20.65
15464,2017-05-16T07:45:00,20.65
15465,2017-05-16T08:05:00,20.97
15466,2017-05-16T08:30:00,21.29
15467,2017-05-16T08:50:00,21.61
15468,2017-05-16T09:10:00,21.94
15469,2017-05-16T09:30:00,22.26
15470,2017-05-16T09:50:00,21.94
15471,2017-05-16T10:10:00,22.26
15472,2017-05-16T10:30:00,22.58
15473,2017-05-16T10:50:00,23.55
15474,2017-05-16T11:10:00,23.55
15475,2017-05-16T11:30:00,24.19
15476,2017-05-16T11:50:00,24.52
15477,2017-05-16T12:10:00,24.84
15478,2017-05-16T12:30:00,24.84
15479,2017-05-16T12:50:00,24.52
15480,2017-05-16T13:10:00,24.19
15481,2017-05-16T13:30:00,23.55
15482,2017-05-16T13:50:00,23.87
15483,2017-05-16T14:10:00,24.19
15484,2017-05-16T14:30:00,24.19
15485,2017-05-16T14:50:00,24.19
15486,2017-05-16T15:10:00,23.87
15487,2017-05-16T15:30:00,23.87
15488,2017-05-16T15:50:00,23.87
15489,2017-05-16T16:10:00,23.55
15490,2017-05-16T16:30:00,23.55
15491,2017-05-16T16:50:00,23.23
15492,2017-05-16T17:10:00,22.9
15493,2017-05-16T17:30:00,22.58
15494,2017-05-16T17:50:00,22.26
15495,2017-05-16T18:10:00,22.26
15496,2017-05-16T18:30:00,21.94
15497,2017-05-16T18:50:00,21.94
15498,2017-05-16T19:10:00,21.94
15499,2017-05-16T19:35:00,21.94
15500,2017-05-16T19:55:00,21.94
15501,2017-05-16T20:15:00,21.61
15502,2017-05-16T20:35:00,21.61
15503,2017-05-16T20:55:00,21.61
15504,2017-05-16T21:15:00,21.61
15505,2017-05-16T21:35:00,21.61
15506,2017-05-16T21:55:00,21.61
15507,2017-05-16T22:15:00,21.61
15508,2017-05-16T22:35:00,21.61
15509,2017-05-16T22:55:00,21.61
15510,2017-05-16T23:15:00,21.61
15511,2017-05-16T23:35:00,21.61
15512,2017-05-16T23:55:00,21.61
15513,2017-05-17T00:15:00,21.61
15514,2017-05-17T00:35:00,21.61
15515,2017-05-17T00:55:00,21.61
15516,2017-05-17T01:15:00,21.61
15517,2017-05-17T01:35:00,21.61
15518,2017-05-17T01:55:00,21.61
15519,2017-05-17T02:15:00,21.61
15520,2017-05-17T02:35:00,21.61
15521,2017-05-17T02:55:00,21.61
15522,2017-05-17T03:15:00,21.61
15523,2017-05-17T03:35:00,21.61
15524,2017-05-17T03:55:00,21.94
15525,2017-05-17T04:15:00,21.94
15526,2017-05-17T04:35:00,21.94
15527,2017-05-17T04:55:00,22.26
15528,2017-05-17T05:15:00,22.26
15529,2017-05-17T05:35:00,22.26
15530,2017-05-17T05:55:00,22.58
15531,2017-05-17T06:15:00,22.58
15532,2017-05-17T06:35:00,22.58
15533,2017-05-17T07:00:00,22.9
15534,2017-05-17T07:20:00,22.9
15535,2017-05-17T07:40:00,22.9
15536,2017-05-17T08:00:00,22.9
15537,2017-05-17T08:20:00,22.9
15538,2017-05-17T08:40:00,22.9
15539,2017-05-17T09:00:00,22.58
15540,2017-05-17T09:20:00,22.9
15541,2017-05-17T09:40:00,22.9
15542,2017-05-17T10:55:00,23.55
15543,2017-05-17T11:15:00,23.55
15544,2017-05-17T12:55:00,23.55
15545,2017-05-17T13:15:00,23.55
15546,2017-05-17T14:00:00,23.55
15547,2017-05-17T14:40:00,23.55
15548,2017-05-17T15:00:00,23.55
15549,2017-05-17T15:20:00,23.55
15550,2017-05-17T16:00:00,23.55
15551,2017-05-17T16:20:00,23.23
15552,2017-05-17T17:00:00,23.23
15553,2017-05-17T17:20:00,23.23
15554,2017-05-17T17:40:00,23.23
15555,2017-05-17T18:40:00,23.55
15556,2017-05-17T19:20:00,23.55
15557,2017-05-17T20:00:00,23.55
15558,2017-05-17T21:40:00,23.87
15559,2017-05-17T22:00:00,23.87
15560,2017-05-17T22:20:00,23.87
15561,2017-05-17T22:40:00,23.87
15562,2017-05-17T23:00:00,23.87
15563,2017-05-17T23:20:00,23.87
15564,2017-05-17T23:40:00,23.87
15565,2017-05-18T00:00:00,23.87
15566,2017-05-18T00:20:00,23.87
15567,2017-05-18T00:40:00,23.87
15568,2017-05-18T01:05:00,23.87
15569,2017-05-18T01:25:00,23.55
15570,2017-05-18T01:45:00,23.55
15571,2017-05-18T02:05:00,23.55
15572,2017-05-18T02:25:00,23.55
15573,2017-05-18T02:45:00,23.55
15574,2017-05-18T04:25:00,23.55
15575,2017-05-18T04:45:00,23.55
15576,2017-05-18T05:05:00,23.23
15577,2017-05-18T06:05:00,23.55
15578,2017-05-18T07:05:00,23.55
15579,2017-05-18T07:25:00,23.55
15580,2017-05-18T07:45:00,23.55
15581,2017-05-18T08:05:00,23.55
15582,2017-05-18T08:25:00,23.55
15583,2017-05-18T10:05:00,23.55
15584,2017-05-18T10:25:00,23.87
15585,2017-05-18T10:45:00,24.19
15586,2017-05-18T11:05:00,24.19
15587,2017-05-18T11:25:00,24.19
15588,2017-05-18T11:45:00,24.19
15589,2017-05-18T12:10:00,24.19
15590,2017-05-18T12:30:00,24.19
15591,2017-05-18T12:50:00,24.19
15592,2017-05-18T13:10:00,24.19
15593,2017-05-18T13:30:00,24.19
15594,2017-05-18T13:50:00,24.19
15595,2017-05-18T14:10:00,24.19
15596,2017-05-18T14:30:00,24.19
15597,2017-05-18T14:50:00,24.19
15598,2017-05-18T15:10:00,24.19
15599,2017-05-18T15:30:00,24.19
15600,2017-05-18T15:50:00,24.19
15601,2017-05-18T16:10:00,24.19
15602,2017-05-18T16:30:00,24.19
15603,2017-05-18T16:50:00,24.19
15604,2017-05-18T17:10:00,23.87
15605,2017-05-18T17:30:00,24.19
15606,2017-05-18T17:50:00,23.87
15607,2017-05-18T18:10:00,24.19
15608,2017-05-18T18:30:00,24.19
15609,2017-05-18T18:50:00,24.19
15610,2017-05-18T19:10:00,24.52
15611,2017-05-18T19:30:00,24.52
15612,2017-05-18T19:50:00,24.52
15613,2017-05-18T20:10:00,24.52
15614,2017-05-18T20:30:00,24.84
15615,2017-05-18T20:50:00,24.52
15616,2017-05-18T21:10:00,24.84
15617,2017-05-18T21:30:00,24.84
15618,2017-05-18T21:50:00,24.84
15619,2017-05-18T23:35:00,24.84
15620,2017-05-18T23:55:00,25.16
15621,2017-05-19T00:15:00,25.16
15622,2017-05-19T00:35:00,24.84
15623,2017-05-19T00:55:00,25.16
15624,2017-05-19T01:15:00,24.84
15625,2017-05-19T01:35:00,24.84
15626,2017-05-19T01:55:00,24.52
15627,2017-05-19T02:15:00,24.52
15628,2017-05-19T02:35:00,24.52
15629,2017-05-19T02:55:00,24.52
15630,2017-05-19T03:15:00,24.52
15631,2017-05-19T03:35:00,24.52
15632,2017-05-19T03:55:00,24.52
15633,2017-05-19T04:15:00,24.52
15634,2017-05-19T04:35:00,24.19
15635,2017-05-19T04:55:00,24.19
15636,2017-05-19T05:15:00,24.19
15637,2017-05-19T05:35:00,24.19
15638,2017-05-19T05:55:00,24.19
15639,2017-05-19T06:15:00,24.19
15640,2017-05-19T06:55:00,24.19
15641,2017-05-19T07:15:00,24.19
15642,2017-05-19T07:35:00,24.19
15643,2017-05-19T07:55:00,24.19
15644,2017-05-19T08:15:00,24.52
15645,2017-05-19T08:35:00,24.19
15646,2017-05-19T08:55:00,24.19
15647,2017-05-19T09:15:00,24.19
15648,2017-05-19T09:55:00,24.19
15649,2017-05-19T10:15:00,24.19
15650,2017-05-19T10:40:00,24.19
15651,2017-05-19T11:00:00,24.52
15652,2017-05-19T11:20:00,24.19
15653,2017-05-19T11:40:00,24.19
15654,2017-05-19T12:00:00,24.19
15655,2017-05-19T12:20:00,24.52
15656,2017-05-19T13:20:00,24.52
15657,2017-05-19T13:40:00,24.52
15658,2017-05-19T14:20:00,24.19
15659,2017-05-19T14:40:00,24.19
15660,2017-05-19T15:00:00,24.19
15661,2017-05-19T15:20:00,24.19
15662,2017-05-19T15:40:00,24.19
15663,2017-05-19T16:00:00,24.19
15664,2017-05-19T16:20:00,24.19
15665,2017-05-19T17:00:00,24.19
15666,2017-05-19T17:20:00,24.19
15667,2017-05-19T17:40:00,24.19
15668,2017-05-19T18:00:00,24.19
15669,2017-05-19T18:20:00,24.19
15670,2017-05-19T18:40:00,24.19
15671,2017-05-19T19:00:00,24.52
15672,2017-05-19T19:20:00,24.52
15673,2017-05-19T19:40:00,24.52
15674,2017-05-19T20:00:00,24.52
15675,2017-05-19T20:20:00,24.52
15676,2017-05-19T20:40:00,24.52
15677,2017-05-19T21:00:00,24.84
15678,2017-05-19T21:20:00,24.52
15679,2017-05-19T21:45:00,24.84
15680,2017-05-19T22:05:00,24.84
15681,2017-05-19T22:50:00,24.52
15682,2017-05-19T23:10:00,24.52
15683,2017-05-19T23:30:00,24.52
15684,2017-05-19T23:50:00,24.52
15685,2017-05-20T00:10:00,24.52
15686,2017-05-20T00:30:00,24.19
15687,2017-05-20T00:50:00,24.52
15688,2017-05-20T01:10:00,24.52
15689,2017-05-20T01:30:00,24.52
15690,2017-05-20T02:10:00,24.52
15691,2017-05-20T02:30:00,24.19
15692,2017-05-20T02:50:00,24.19
15693,2017-05-20T03:10:00,24.19
15694,2017-05-20T03:30:00,24.19
15695,2017-05-20T03:50:00,24.19
15696,2017-05-20T04:10:00,24.19
15697,2017-05-20T04:30:00,24.19
15698,2017-05-20T04:50:00,24.19
15699,2017-05-20T05:10:00,24.19
15700,2017-05-20T05:35:00,23.87
15701,2017-05-20T05:55:00,23.87
15702,2017-05-20T06:15:00,23.87
15703,2017-05-20T06:35:00,23.87
15704,2017-05-20T06:55:00,23.87
15705,2017-05-20T07:15:00,23.87
15706,2017-05-20T07:35:00,23.87
15707,2017-05-20T07:55:00,23.87
15708,2017-05-20T08:15:00,23.87
15709,2017-05-20T08:35:00,23.87
15710,2017-05-20T08:55:00,23.87
15711,2017-05-20T09:15:00,23.87
15712,2017-05-20T09:35:00,23.87
15713,2017-05-20T10:15:00,23.87
15714,2017-05-20T10:55:00,23.87
15715,2017-05-20T11:35:00,23.87
15716,2017-05-20T11:55:00,23.87
15717,2017-05-20T12:15:00,23.55
15718,2017-05-31T00:05:00,24.19
15719,2017-05-20T12:35:00,23.87
15720,2017-05-20T12:55:00,23.55
15721,2017-05-20T13:35:00,23.55
15722,2017-05-20T13:55:00,23.55
15723,2017-05-20T14:15:00,23.55
15724,2017-05-20T14:35:00,23.87
15725,2017-05-20T14:55:00,23.87
15726,2017-05-20T15:35:00,23.87
15727,2017-05-20T15:55:00,23.87
15728,2017-05-20T16:15:00,24.19
15729,2017-05-20T16:35:00,24.19
15730,2017-05-20T17:00:00,24.19
15731,2017-05-20T17:20:00,24.19
15732,2017-05-20T17:40:00,24.19
15733,2017-05-20T18:20:00,24.19
15734,2017-05-20T18:40:00,24.19
15735,2017-05-20T19:00:00,24.19
15736,2017-05-20T19:40:00,24.52
15737,2017-05-20T20:00:00,24.52
15738,2017-05-20T20:20:00,24.52
15739,2017-05-20T20:40:00,24.52
15740,2017-05-20T21:00:00,24.52
15741,2017-05-20T21:20:00,24.52
15742,2017-05-20T21:40:00,24.52
15743,2017-05-20T22:00:00,24.52
15744,2017-05-20T22:20:00,24.52
15745,2017-05-20T22:40:00,24.52
15746,2017-05-20T23:00:00,24.52
15747,2017-05-20T23:20:00,24.52
15748,2017-05-20T23:40:00,24.52
15749,2017-05-21T00:00:00,24.84
15750,2017-05-21T00:20:00,24.84
15751,2017-05-21T00:40:00,24.84
15752,2017-05-21T01:00:00,24.84
15753,2017-05-21T01:20:00,24.52
15754,2017-05-21T01:40:00,24.52
15755,2017-05-21T02:00:00,24.52
15756,2017-05-21T02:20:00,24.19
15757,2017-05-21T02:40:00,24.19
15758,2017-05-21T03:00:00,24.19
15759,2017-05-21T03:20:00,24.19
15760,2017-05-21T03:40:00,24.19
15761,2017-05-21T04:05:00,24.19
15762,2017-05-21T04:25:00,24.19
15763,2017-05-21T04:45:00,23.87
15764,2017-05-21T05:05:00,23.87
15765,2017-05-21T07:05:00,23.87
15766,2017-05-21T07:25:00,23.87
15767,2017-05-21T08:05:00,23.87
15768,2017-05-21T08:25:00,23.87
15769,2017-05-21T08:45:00,23.87
15770,2017-05-21T09:05:00,23.87
15771,2017-05-21T09:25:00,23.87
15772,2017-05-21T09:45:00,23.87
15773,2017-05-21T10:05:00,23.87
15774,2017-05-21T10:45:00,23.87
15775,2017-05-21T11:25:00,23.87
15776,2017-05-21T11:45:00,23.87
15777,2017-05-21T12:05:00,23.87
15778,2017-05-21T12:25:00,23.87
15779,2017-05-21T12:45:00,23.87
15780,2017-05-21T13:25:00,23.87
15781,2017-05-21T13:45:00,23.87
15782,2017-05-21T14:45:00,23.87
15783,2017-05-21T15:10:00,23.87
15784,2017-05-21T15:30:00,23.87
15785,2017-05-21T15:50:00,24.19
15786,2017-05-21T16:10:00,24.19
15787,2017-05-21T16:30:00,24.19
15788,2017-05-21T16:50:00,24.19
15789,2017-05-21T17:30:00,24.19
15790,2017-05-21T18:10:00,24.52
15791,2017-05-21T18:30:00,24.19
15792,2017-05-21T18:50:00,24.52
15793,2017-05-21T19:30:00,24.52
15794,2017-05-21T20:10:00,24.52
15795,2017-05-21T21:50:00,24.52
15796,2017-05-21T23:30:00,24.52
15797,2017-05-21T23:50:00,24.84
15798,2017-05-22T00:10:00,24.84
15799,2017-05-22T00:30:00,24.84
15800,2017-05-22T00:50:00,24.84
15801,2017-05-22T01:10:00,24.52
15802,2017-05-22T01:30:00,24.52
15803,2017-05-22T01:50:00,24.52
15804,2017-05-22T02:35:00,24.19
15805,2017-05-22T03:15:00,24.19
15806,2017-05-22T03:35:00,24.19
15807,2017-05-22T03:55:00,24.19
15808,2017-05-22T04:15:00,24.19
15809,2017-05-22T04:55:00,23.87
15810,2017-05-22T05:15:00,24.19
15811,2017-05-22T05:35:00,24.19
15812,2017-05-22T05:55:00,24.19
15813,2017-05-22T06:15:00,24.19
15814,2017-05-22T06:55:00,24.19
15815,2017-05-22T07:35:00,24.19
15816,2017-05-22T07:55:00,24.19
15817,2017-05-22T08:15:00,24.52
15818,2017-05-22T08:35:00,24.19
15819,2017-05-22T09:35:00,24.19
15820,2017-05-22T09:55:00,24.19
15821,2017-05-22T11:55:00,24.19
15822,2017-05-22T12:15:00,24.19
15823,2017-05-22T12:55:00,24.19
15824,2017-05-22T13:15:00,24.52
15825,2017-05-22T15:40:00,23.87
15826,2017-05-22T16:00:00,24.19
15827,2017-05-22T16:20:00,24.19
15828,2017-05-22T16:40:00,23.87
15829,2017-05-22T17:00:00,23.87
15830,2017-05-22T17:20:00,23.87
15831,2017-05-22T17:40:00,23.87
15832,2017-05-22T18:00:00,23.87
15833,2017-05-22T18:20:00,23.87
15834,2017-05-22T19:00:00,24.19
15835,2017-05-22T19:20:00,24.19
15836,2017-05-22T19:40:00,24.19
15837,2017-05-22T20:20:00,24.52
15838,2017-05-22T20:40:00,24.52
15839,2017-05-22T21:00:00,24.52
15840,2017-05-22T21:20:00,24.52
15841,2017-05-22T21:40:00,24.52
15842,2017-05-22T22:00:00,24.52
15843,2017-05-22T22:20:00,24.52
15844,2017-05-22T22:40:00,24.52
15845,2017-05-22T23:00:00,24.52
15846,2017-05-22T23:20:00,24.52
15847,2017-05-22T23:40:00,24.52
15848,2017-05-23T00:00:00,24.84
15849,2017-05-23T00:20:00,24.52
15850,2017-05-23T00:40:00,24.84
15851,2017-05-23T01:05:00,24.84
15852,2017-05-23T01:25:00,24.52
15853,2017-05-23T01:45:00,24.52
15854,2017-05-23T02:05:00,24.52
15855,2017-05-23T02:25:00,24.19
15856,2017-05-23T02:45:00,24.19
15857,2017-05-23T03:25:00,24.19
15858,2017-05-23T03:45:00,24.19
15859,2017-05-23T04:25:00,24.19
15860,2017-05-23T04:45:00,24.19
15861,2017-05-23T05:05:00,24.19
15862,2017-05-23T05:25:00,23.87
15863,2017-05-23T05:45:00,24.19
15864,2017-05-23T06:45:00,24.19
15865,2017-05-23T07:05:00,24.19
15866,2017-05-23T07:25:00,24.52
15867,2017-05-23T08:05:00,24.52
15868,2017-05-23T10:05:00,24.19
15869,2017-05-23T10:45:00,24.52
15870,2017-05-23T11:05:00,24.19
15871,2017-05-23T11:25:00,24.19
15872,2017-05-23T11:45:00,24.19
15873,2017-05-23T12:10:00,24.19
15874,2017-05-23T12:30:00,24.19
15875,2017-05-23T12:50:00,24.19
15876,2017-05-23T13:10:00,24.19
15877,2017-05-23T15:10:00,24.19
15878,2017-05-23T15:30:00,24.19
15879,2017-05-23T17:50:00,24.19
15880,2017-05-23T18:10:00,24.19
15881,2017-05-23T18:30:00,24.19
15882,2017-05-23T19:10:00,24.52
15883,2017-05-23T19:30:00,24.52
15884,2017-05-23T21:30:00,24.52
15885,2017-05-23T21:50:00,24.52
15886,2017-05-23T22:10:00,24.52
15887,2017-05-23T22:30:00,24.84
15888,2017-05-23T22:50:00,24.84
15889,2017-05-23T23:15:00,24.84
15890,2017-05-23T23:35:00,24.84
15891,2017-05-23T23:55:00,24.84
15892,2017-05-24T00:15:00,24.84
15893,2017-05-24T00:35:00,24.84
15894,2017-05-24T00:55:00,24.84
15895,2017-05-24T01:15:00,24.84
15896,2017-05-24T01:35:00,24.52
15897,2017-05-24T01:55:00,24.52
15898,2017-05-24T02:15:00,24.52
15899,2017-05-24T02:35:00,24.52
15900,2017-05-24T02:55:00,24.52
15901,2017-05-24T03:15:00,24.19
15902,2017-05-24T03:35:00,24.19
15903,2017-05-24T03:55:00,24.19
15904,2017-05-24T04:15:00,24.19
15905,2017-05-24T05:55:00,24.19
15906,2017-05-24T07:15:00,24.52
15907,2017-05-24T08:55:00,24.19
15908,2017-05-24T09:15:00,24.19
15909,2017-05-24T10:15:00,24.19
15910,2017-05-24T10:40:00,24.19
15911,2017-05-24T11:00:00,24.19
15912,2017-05-24T11:40:00,24.19
15913,2017-05-24T12:20:00,24.19
15914,2017-05-24T12:40:00,24.19
15915,2017-05-24T13:00:00,24.19
15916,2017-05-24T14:00:00,24.19
15917,2017-05-24T14:20:00,24.19
15918,2017-05-24T14:40:00,24.19
15919,2017-05-24T15:00:00,23.87
15920,2017-05-24T15:40:00,23.87
15921,2017-05-24T16:20:00,23.87
15922,2017-05-24T16:40:00,23.87
15923,2017-05-24T17:00:00,23.87
15924,2017-05-24T17:40:00,23.87
15925,2017-05-24T18:00:00,23.87
15926,2017-05-24T18:20:00,23.87
15927,2017-05-24T19:00:00,23.87
15928,2017-05-24T19:20:00,23.87
15929,2017-05-24T19:40:00,24.19
15930,2017-05-24T20:00:00,24.19
15931,2017-05-24T20:20:00,24.19
15932,2017-05-24T20:40:00,24.19
15933,2017-05-24T21:00:00,24.19
15934,2017-05-24T21:20:00,24.19
15935,2017-05-24T21:45:00,24.19
15936,2017-05-24T22:05:00,24.19
15937,2017-05-24T22:25:00,24.19
15938,2017-05-24T22:45:00,24.19
15939,2017-05-24T23:05:00,24.19
15940,2017-05-24T23:25:00,24.52
15941,2017-05-24T23:45:00,24.52
15942,2017-05-25T00:05:00,24.52
15943,2017-05-25T00:25:00,24.52
15944,2017-05-25T00:45:00,24.52
15945,2017-05-25T01:05:00,24.52
15946,2017-05-25T01:25:00,24.19
15947,2017-05-25T01:45:00,24.19
15948,2017-05-25T02:05:00,24.19
15949,2017-05-25T02:25:00,24.19
15950,2017-05-25T02:45:00,24.19
15951,2017-05-25T03:05:00,24.19
15952,2017-05-25T03:25:00,23.87
15953,2017-05-25T03:45:00,23.87
15954,2017-05-25T04:05:00,23.87
15955,2017-05-25T04:25:00,23.87
15956,2017-05-25T04:45:00,23.87
15957,2017-05-25T05:05:00,23.87
15958,2017-05-25T05:25:00,23.87
15959,2017-05-25T05:45:00,23.87
15960,2017-05-25T06:05:00,23.55
15961,2017-05-25T06:25:00,23.87
15962,2017-05-25T06:45:00,23.55
15963,2017-05-25T07:05:00,23.55
15964,2017-05-25T07:25:00,23.55
15965,2017-05-25T07:45:00,23.55
15966,2017-05-25T09:10:00,23.55
15967,2017-05-25T10:10:00,23.55
15968,2017-05-25T16:50:00,23.55
15969,2017-05-25T17:10:00,23.55
15970,2017-05-25T19:10:00,23.87
15971,2017-05-25T19:30:00,23.87
15972,2017-05-25T19:50:00,24.19
15973,2017-05-25T20:10:00,24.19
15974,2017-05-25T20:35:00,24.19
15975,2017-05-25T20:55:00,24.19
15976,2017-05-25T21:15:00,24.19
15977,2017-05-25T21:35:00,24.19
15978,2017-05-25T21:55:00,24.19
15979,2017-05-25T22:15:00,24.19
15980,2017-05-25T22:35:00,24.19
15981,2017-05-25T22:55:00,24.19
15982,2017-05-25T23:15:00,24.19
15983,2017-05-25T23:35:00,24.52
15984,2017-05-25T23:55:00,24.52
15985,2017-05-26T00:15:00,24.52
15986,2017-05-26T00:35:00,24.52
15987,2017-05-26T00:55:00,24.52
15988,2017-05-26T01:15:00,24.52
15989,2017-05-26T01:35:00,24.19
15990,2017-05-26T01:55:00,24.19
15991,2017-05-26T02:15:00,24.19
15992,2017-05-26T02:35:00,24.19
15993,2017-05-26T02:55:00,24.19
15994,2017-05-26T03:15:00,24.19
15995,2017-05-26T03:35:00,24.19
15996,2017-05-26T03:55:00,23.87
15997,2017-05-26T04:15:00,23.87
15998,2017-05-26T04:35:00,23.87
15999,2017-05-26T04:55:00,23.87
16000,2017-05-26T05:35:00,23.87
16001,2017-05-26T05:55:00,23.87
16002,2017-05-26T06:15:00,23.87
16003,2017-05-26T06:35:00,23.87
16004,2017-05-26T07:15:00,23.87
16005,2017-05-26T07:35:00,23.87
16006,2017-05-26T08:00:00,23.87
16007,2017-05-26T08:20:00,23.87
16008,2017-05-26T09:00:00,23.87
16009,2017-05-26T09:40:00,23.87
16010,2017-05-26T10:00:00,23.87
16011,2017-05-26T10:20:00,23.87
16012,2017-05-26T10:40:00,23.87
16013,2017-05-26T11:00:00,23.87
16014,2017-05-26T11:40:00,23.87
16015,2017-05-26T13:20:00,23.87
16016,2017-05-26T13:40:00,23.87
16017,2017-05-26T14:00:00,23.87
16018,2017-05-26T14:20:00,23.87
16019,2017-05-26T14:40:00,23.87
16020,2017-05-26T15:00:00,23.87
16021,2017-05-26T15:40:00,23.87
16022,2017-05-26T16:40:00,23.87
16023,2017-05-26T17:00:00,23.87
16024,2017-05-26T17:20:00,23.87
16025,2017-05-26T17:40:00,23.87
16026,2017-05-26T18:00:00,23.87
16027,2017-05-26T18:20:00,23.87
16028,2017-05-26T18:40:00,23.87
16029,2017-05-26T19:00:00,24.19
16030,2017-05-26T19:25:00,24.19
16031,2017-05-26T19:45:00,24.19
16032,2017-05-26T20:05:00,24.19
16033,2017-05-26T20:25:00,24.19
16034,2017-05-26T20:45:00,24.19
16035,2017-05-26T21:05:00,24.52
16036,2017-05-26T21:25:00,24.52
16037,2017-05-26T21:45:00,24.52
16038,2017-05-26T22:05:00,24.52
16039,2017-05-26T22:25:00,24.52
16040,2017-05-26T22:45:00,24.52
16041,2017-05-26T23:05:00,24.52
16042,2017-05-26T23:25:00,24.19
16043,2017-05-26T23:45:00,24.19
16044,2017-05-27T00:05:00,24.19
16045,2017-05-27T00:25:00,24.19
16046,2017-05-27T00:45:00,24.19
16047,2017-05-27T01:05:00,24.19
16048,2017-05-27T01:25:00,24.19
16049,2017-05-27T01:45:00,24.19
16050,2017-05-27T02:05:00,24.19
16051,2017-05-27T02:25:00,24.19
16052,2017-05-27T02:45:00,24.19
16053,2017-05-27T03:05:00,24.19
16054,2017-05-27T03:25:00,24.19
16055,2017-05-27T03:45:00,24.19
16056,2017-05-27T04:05:00,24.19
16057,2017-05-27T04:25:00,23.87
16058,2017-05-27T04:45:00,23.87
16059,2017-05-27T05:05:00,23.87
16060,2017-05-27T05:25:00,24.19
16061,2017-05-27T05:45:00,23.87
16062,2017-05-27T06:05:00,23.87
16063,2017-05-27T06:30:00,23.87
16064,2017-05-27T07:10:00,23.87
16065,2017-05-27T07:30:00,24.19
16066,2017-05-27T07:50:00,23.87
16067,2017-05-27T08:10:00,23.87
16068,2017-05-27T08:30:00,24.19
16069,2017-05-27T08:50:00,24.19
16070,2017-05-27T09:30:00,23.87
16071,2017-05-27T10:50:00,24.19
16072,2017-05-27T11:30:00,24.19
16073,2017-05-27T11:50:00,23.87
16074,2017-05-27T12:10:00,23.87
16075,2017-05-27T13:10:00,23.87
16076,2017-05-27T13:30:00,23.87
16077,2017-05-27T14:10:00,23.87
16078,2017-05-27T14:50:00,24.19
16079,2017-05-27T15:10:00,24.19
16080,2017-05-27T15:30:00,24.19
16081,2017-05-27T15:50:00,24.19
16082,2017-05-27T16:10:00,24.19
16083,2017-05-27T16:30:00,24.52
16084,2017-05-27T16:50:00,24.52
16085,2017-05-27T17:10:00,24.52
16086,2017-05-27T17:30:00,24.52
16087,2017-05-27T17:55:00,24.52
16088,2017-05-27T18:15:00,24.52
16089,2017-05-27T18:35:00,24.52
16090,2017-05-27T18:55:00,24.52
16091,2017-05-27T19:15:00,24.52
16092,2017-05-27T19:35:00,24.52
16093,2017-05-27T19:55:00,24.84
16094,2017-05-27T20:15:00,24.84
16095,2017-05-27T20:35:00,24.84
16096,2017-05-27T20:55:00,24.84
16097,2017-05-27T21:15:00,24.84
16098,2017-05-27T21:35:00,24.84
16099,2017-05-27T21:55:00,24.84
16100,2017-05-27T23:55:00,24.84
16101,2017-05-28T00:15:00,24.52
16102,2017-05-28T00:35:00,24.52
16103,2017-05-28T00:55:00,24.84
16104,2017-05-28T01:15:00,24.52
16105,2017-05-28T01:35:00,24.52
16106,2017-05-28T01:55:00,24.52
16107,2017-05-28T02:15:00,24.52
16108,2017-05-28T02:35:00,24.52
16109,2017-05-28T02:55:00,24.19
16110,2017-05-28T03:15:00,24.19
16111,2017-05-28T03:35:00,24.19
16112,2017-05-28T03:55:00,24.19
16113,2017-05-28T04:15:00,24.19
16114,2017-05-28T04:35:00,24.19
16115,2017-05-28T04:55:00,24.19
16116,2017-05-28T05:20:00,24.19
16117,2017-05-28T05:40:00,24.19
16118,2017-05-28T06:00:00,24.19
16119,2017-05-28T06:20:00,24.19
16120,2017-05-28T06:40:00,24.19
16121,2017-05-28T07:00:00,24.19
16122,2017-05-28T07:20:00,24.19
16123,2017-05-28T08:00:00,24.19
16124,2017-05-28T08:20:00,24.19
16125,2017-05-28T08:40:00,24.19
16126,2017-05-28T09:40:00,24.19
16127,2017-05-28T10:20:00,24.19
16128,2017-05-28T10:40:00,24.19
16129,2017-05-28T11:00:00,24.19
16130,2017-05-28T11:40:00,24.19
16131,2017-05-28T12:00:00,24.19
16132,2017-05-28T12:20:00,24.19
16133,2017-05-28T12:40:00,24.19
16134,2017-05-28T13:00:00,24.19
16135,2017-05-28T13:40:00,24.19
16136,2017-05-28T14:00:00,24.19
16137,2017-05-28T14:20:00,24.19
16138,2017-05-28T15:20:00,24.19
16139,2017-05-28T16:00:00,24.52
16140,2017-05-28T16:20:00,24.52
16141,2017-05-28T16:45:00,24.52
16142,2017-05-28T17:45:00,24.52
16143,2017-05-28T18:05:00,24.52
16144,2017-05-28T18:25:00,24.52
16145,2017-05-28T18:45:00,24.84
16146,2017-05-28T19:25:00,24.52
16147,2017-05-28T21:05:00,25.16
16148,2017-05-28T21:25:00,25.16
16149,2017-05-28T21:45:00,24.84
16150,2017-05-28T22:25:00,24.84
16151,2017-05-28T22:45:00,24.84
16152,2017-05-28T23:05:00,24.84
16153,2017-05-28T23:25:00,24.84
16154,2017-05-28T23:45:00,24.84
16155,2017-05-29T00:05:00,24.84
16156,2017-05-29T00:25:00,24.84
16157,2017-05-29T00:45:00,24.84
16158,2017-05-29T01:05:00,24.84
16159,2017-05-29T01:25:00,24.84
16160,2017-05-29T01:45:00,24.84
16161,2017-05-29T02:05:00,24.84
16162,2017-05-29T02:25:00,24.52
16163,2017-05-29T02:45:00,24.52
16164,2017-05-29T03:05:00,24.52
16165,2017-05-29T03:25:00,24.52
16166,2017-05-29T03:45:00,24.52
16167,2017-05-29T04:10:00,24.52
16168,2017-05-29T04:30:00,24.52
16169,2017-05-29T05:30:00,24.52
16170,2017-05-29T05:50:00,24.52
16171,2017-05-29T08:30:00,24.19
16172,2017-05-29T09:10:00,24.19
16173,2017-05-29T09:30:00,24.19
16174,2017-05-29T12:10:00,24.19
16175,2017-05-29T13:10:00,24.19
16176,2017-05-29T13:30:00,24.19
16177,2017-05-29T14:30:00,23.87
16178,2017-05-29T14:50:00,23.87
16179,2017-05-29T15:15:00,23.87
16180,2017-05-29T15:55:00,23.87
16181,2017-05-29T16:15:00,23.87
16182,2017-05-29T16:35:00,23.87
16183,2017-05-29T17:15:00,23.87
16184,2017-05-29T17:35:00,23.87
16185,2017-05-29T17:55:00,23.87
16186,2017-05-29T18:15:00,23.87
16187,2017-05-29T18:35:00,24.19
16188,2017-05-29T18:55:00,24.19
16189,2017-05-29T19:15:00,24.19
16190,2017-05-29T19:35:00,24.19
16191,2017-05-29T20:15:00,24.19
16192,2017-05-29T20:35:00,24.19
16193,2017-05-29T20:55:00,24.52
16194,2017-05-29T21:15:00,24.52
16195,2017-05-29T21:35:00,24.52
16196,2017-05-29T21:55:00,24.52
16197,2017-05-29T22:15:00,24.52
16198,2017-05-29T22:35:00,24.19
16199,2017-05-29T22:55:00,24.19
16200,2017-05-29T23:15:00,24.19
16201,2017-05-29T23:35:00,24.19
16202,2017-05-29T23:55:00,24.19
16203,2017-05-30T00:15:00,24.52
16204,2017-05-30T00:35:00,24.52
16205,2017-05-30T00:55:00,24.52
16206,2017-05-30T01:15:00,24.19
16207,2017-05-30T01:35:00,24.19
16208,2017-05-30T01:55:00,24.19
16209,2017-05-30T02:15:00,24.19
16210,2017-05-30T02:40:00,24.19
16211,2017-05-30T03:00:00,24.19
16212,2017-05-30T03:20:00,24.19
16213,2017-05-30T03:40:00,24.19
16214,2017-05-30T04:00:00,23.87
16215,2017-05-30T04:20:00,23.87
16216,2017-05-30T05:00:00,23.87
16217,2017-05-30T05:20:00,23.87
16218,2017-05-30T05:40:00,23.87
16219,2017-05-30T06:40:00,23.87
16220,2017-05-30T07:20:00,23.87
16221,2017-05-30T07:40:00,23.87
16222,2017-05-30T08:00:00,23.87
16223,2017-05-30T08:20:00,23.87
16224,2017-05-30T09:20:00,23.87
16225,2017-05-30T10:20:00,23.87
16226,2017-05-30T10:40:00,23.55
16227,2017-05-30T11:00:00,23.87
16228,2017-05-30T11:20:00,23.87
16229,2017-05-30T11:40:00,23.87
16230,2017-05-30T12:20:00,23.87
16231,2017-05-30T14:45:00,23.55
16232,2017-05-30T15:25:00,23.55
16233,2017-05-30T16:05:00,23.55
16234,2017-05-30T17:05:00,23.55
16235,2017-05-30T18:25:00,23.55
16236,2017-05-30T19:25:00,23.55
16237,2017-05-30T20:45:00,23.87
16238,2017-05-30T21:45:00,23.87
16239,2017-05-30T22:05:00,23.87
16240,2017-05-30T22:25:00,24.19
16241,2017-05-30T23:05:00,24.19
16242,2017-05-30T23:25:00,24.19
16243,2017-05-30T23:45:00,24.19
16244,2017-05-31T00:25:00,24.19
16245,2017-05-31T00:45:00,24.19
16246,2017-05-31T01:05:00,24.19
16247,2017-05-31T01:30:00,24.19
16248,2017-05-31T01:50:00,24.19
16249,2017-05-31T02:10:00,23.87
16250,2017-05-31T02:30:00,23.87
16251,2017-05-31T02:50:00,23.87
16252,2017-05-31T03:10:00,23.87
16253,2017-05-31T03:30:00,23.87
16254,2017-05-31T03:50:00,23.55
16255,2017-05-31T04:10:00,23.55
16256,2017-05-31T04:30:00,23.55
16257,2017-05-31T06:50:00,23.55
16258,2017-05-31T07:10:00,23.55
16259,2017-05-31T08:10:00,23.23
16260,2017-05-31T08:30:00,23.23
16261,2017-05-31T09:30:00,23.23
16262,2017-05-31T10:10:00,23.55
16263,2017-05-31T10:50:00,23.55
16264,2017-05-31T12:30:00,23.23
16265,2017-05-31T12:55:00,23.23
16266,2017-05-31T13:15:00,23.23
16267,2017-05-31T14:15:00,23.23
16268,2017-05-31T14:35:00,23.23
16269,2017-05-31T15:15:00,23.23
16270,2017-05-31T15:55:00,23.23
16271,2017-05-31T16:35:00,22.9
16272,2017-05-31T18:15:00,22.9
16273,2017-05-31T18:35:00,23.23
16274,2017-05-31T18:55:00,23.23
16275,2017-05-31T21:55:00,23.55
16276,2017-05-31T22:15:00,23.55
16277,2017-05-31T22:35:00,23.55
16278,2017-05-31T22:55:00,23.55
16279,2017-05-31T23:15:00,23.55
16280,2017-05-31T23:35:00,23.87
16281,2017-06-01T00:00:00,23.87
16282,2017-06-01T00:20:00,23.87
16283,2017-06-01T00:40:00,23.87
16284,2017-06-01T01:00:00,23.87
16285,2017-06-01T01:20:00,23.55
16286,2017-06-01T01:40:00,23.55
16287,2017-06-01T02:00:00,23.55
16288,2017-06-01T02:20:00,23.55
16289,2017-06-01T02:40:00,23.23
16290,2017-06-01T03:00:00,23.23
16291,2017-06-01T03:20:00,23.23
16292,2017-06-01T03:40:00,23.23
16293,2017-06-01T04:00:00,23.23
16294,2017-06-01T04:20:00,23.23
16295,2017-06-01T05:20:00,23.23
16296,2017-06-01T05:40:00,23.23
16297,2017-06-01T07:00:00,23.23
16298,2017-06-01T07:40:00,23.23
16299,2017-06-01T10:20:00,22.9
16300,2017-06-01T11:00:00,22.9
16301,2017-06-01T11:45:00,23.23
16302,2017-06-01T14:25:00,22.9
16303,2017-06-01T17:05:00,22.58
16304,2017-06-01T18:25:00,22.9
16305,2017-06-01T18:45:00,22.9
16306,2017-06-01T21:45:00,23.23
16307,2017-06-01T22:05:00,23.23
16308,2017-06-01T22:50:00,23.23
16309,2017-06-01T23:10:00,23.23
16310,2017-06-01T23:30:00,23.55
16311,2017-06-02T00:10:00,23.55
16312,2017-06-02T03:50:00,23.23
16313,2017-06-02T04:10:00,23.23
16314,2017-06-02T08:10:00,22.9
16315,2017-06-02T09:10:00,22.9
16316,2017-06-02T09:50:00,22.9
16317,2017-06-02T11:15:00,22.9
16318,2017-06-02T13:35:00,22.58
16319,2017-06-02T13:55:00,22.58
16320,2017-06-02T14:55:00,22.58
16321,2017-06-02T17:55:00,22.58
16322,2017-06-02T19:15:00,22.9
16323,2017-06-02T19:35:00,22.9
16324,2017-06-02T21:40:00,23.23
16325,2017-06-02T23:00:00,23.23
16326,2017-06-02T23:40:00,23.23
16327,2017-06-03T00:00:00,23.55
16328,2017-06-03T01:00:00,23.55
16329,2017-06-03T01:20:00,23.55
16330,2017-06-03T01:40:00,23.55
16331,2017-06-03T02:00:00,23.23
16332,2017-06-03T02:20:00,23.23
16333,2017-06-03T02:40:00,23.55
16334,2017-06-03T03:00:00,23.23
16335,2017-06-03T03:20:00,23.23
16336,2017-06-03T04:00:00,23.23
16337,2017-06-03T04:20:00,23.23
16338,2017-06-03T04:40:00,23.23
16339,2017-06-03T05:00:00,23.23
16340,2017-06-03T05:20:00,23.23
16341,2017-06-03T05:40:00,23.23
16342,2017-06-03T06:00:00,23.23
16343,2017-06-03T06:20:00,23.23
16344,2017-06-03T06:40:00,22.9
16345,2017-06-03T07:00:00,22.9
16346,2017-06-03T07:20:00,22.9
16347,2017-06-03T07:40:00,22.9
16348,2017-06-03T08:00:00,22.9
16349,2017-06-03T08:20:00,22.9
16350,2017-06-03T08:45:00,22.9
16351,2017-06-03T09:25:00,22.9
16352,2017-06-03T13:05:00,22.9
16353,2017-06-03T13:25:00,22.9
16354,2017-06-03T14:25:00,22.9
16355,2017-06-03T14:45:00,22.9
16356,2017-06-03T15:05:00,22.9
16357,2017-06-03T15:45:00,23.23
16358,2017-06-03T16:05:00,23.23
16359,2017-06-03T16:25:00,23.23
16360,2017-06-03T16:45:00,23.23
16361,2017-06-03T17:05:00,23.23
16362,2017-06-03T17:25:00,23.23
16363,2017-06-03T17:45:00,23.23
16364,2017-06-03T18:05:00,23.23
16365,2017-06-03T18:25:00,23.23
16366,2017-06-03T18:45:00,23.55
16367,2017-06-03T19:05:00,23.55
16368,2017-06-03T19:25:00,23.55
16369,2017-06-03T19:45:00,23.55
16370,2017-06-03T20:10:00,23.55
16371,2017-06-03T20:30:00,23.55
16372,2017-06-03T20:50:00,23.55
16373,2017-06-03T21:50:00,23.87
16374,2017-06-03T22:10:00,23.55
16375,2017-06-03T22:30:00,23.55
16376,2017-06-03T22:50:00,23.55
16377,2017-06-03T23:10:00,23.55
16378,2017-06-03T23:50:00,23.55
16379,2017-06-04T00:10:00,23.55
16380,2017-06-04T00:30:00,23.55
16381,2017-06-04T00:50:00,23.55
16382,2017-06-04T01:10:00,23.55
16383,2017-06-04T01:30:00,23.55
16384,2017-06-04T01:50:00,23.55
16385,2017-06-04T02:10:00,23.23
16386,2017-06-04T02:30:00,23.23
16387,2017-06-04T02:50:00,23.23
16388,2017-06-04T03:10:00,23.23
16389,2017-06-04T03:30:00,23.23
16390,2017-06-04T03:50:00,23.23
16391,2017-06-04T04:10:00,23.23
16392,2017-06-04T04:30:00,23.23
16393,2017-06-04T04:50:00,23.23
16394,2017-06-04T05:10:00,23.23
16395,2017-06-04T05:30:00,23.23
16396,2017-06-04T06:10:00,23.23
16397,2017-06-04T06:30:00,23.23
16398,2017-06-04T06:50:00,23.23
16399,2017-06-04T07:10:00,22.9
16400,2017-06-04T07:35:00,23.23
16401,2017-06-04T07:55:00,23.23
16402,2017-06-04T11:35:00,22.9
16403,2017-06-04T11:55:00,22.9
16404,2017-06-04T12:15:00,22.9
16405,2017-06-04T12:35:00,22.9
16406,2017-06-04T13:15:00,22.9
16407,2017-06-04T13:55:00,22.9
16408,2017-06-04T14:15:00,22.9
16409,2017-06-04T14:35:00,22.9
16410,2017-06-04T15:15:00,22.9
16411,2017-06-04T15:35:00,23.23
16412,2017-06-04T15:55:00,23.23
16413,2017-06-04T16:15:00,23.23
16414,2017-06-04T16:35:00,23.23
16415,2017-06-04T16:55:00,23.23
16416,2017-06-04T17:15:00,23.23
16417,2017-06-04T17:35:00,23.23
16418,2017-06-04T18:15:00,23.23
16419,2017-06-04T18:35:00,23.55
16420,2017-06-04T19:40:00,23.55
16421,2017-06-04T20:20:00,23.55
16422,2017-06-04T21:20:00,23.55
16423,2017-06-04T22:20:00,23.55
16424,2017-06-04T23:00:00,23.87
16425,2017-06-04T23:20:00,23.87
16426,2017-06-04T23:40:00,23.87
16427,2017-06-05T00:00:00,23.87
16428,2017-06-05T00:20:00,23.87
16429,2017-06-05T00:40:00,23.87
16430,2017-06-05T01:00:00,23.87
16431,2017-06-05T01:20:00,23.87
16432,2017-06-05T01:40:00,23.55
16433,2017-06-05T02:00:00,23.55
16434,2017-06-05T02:20:00,23.55
16435,2017-06-05T02:40:00,23.23
16436,2017-06-05T03:00:00,23.23
16437,2017-06-05T03:20:00,23.23
16438,2017-06-05T03:40:00,23.23
16439,2017-06-05T04:00:00,23.23
16440,2017-06-05T04:20:00,23.23
16441,2017-06-05T04:40:00,23.23
16442,2017-06-05T05:00:00,22.9
16443,2017-06-05T05:20:00,22.9
16444,2017-06-05T05:40:00,22.9
16445,2017-06-05T06:00:00,22.9
16446,2017-06-05T06:45:00,22.9
16447,2017-06-05T07:05:00,22.9
16448,2017-06-05T07:25:00,22.9
16449,2017-06-05T07:45:00,22.9
16450,2017-06-05T08:25:00,22.9
16451,2017-06-05T09:25:00,22.9
16452,2017-06-05T11:25:00,22.9
16453,2017-06-05T14:45:00,22.58
16454,2017-06-05T15:45:00,22.58
16455,2017-06-05T16:25:00,22.58
16456,2017-06-05T19:10:00,22.9
16457,2017-06-05T20:10:00,22.9
16458,2017-06-05T20:50:00,23.23
16459,2017-06-05T21:50:00,23.23
16460,2017-06-05T22:10:00,23.23
16461,2017-06-05T22:30:00,23.23
16462,2017-06-05T22:50:00,23.23
16463,2017-06-05T23:30:00,23.23
16464,2017-06-05T23:50:00,23.23
16465,2017-06-06T00:10:00,23.23
16466,2017-06-06T00:30:00,23.23
16467,2017-06-06T00:50:00,23.55
16468,2017-06-06T01:10:00,23.23
16469,2017-06-06T01:30:00,23.23
16470,2017-06-06T01:50:00,23.23
16471,2017-06-06T02:10:00,23.23
16472,2017-06-06T04:55:00,22.9
16473,2017-06-06T05:15:00,22.9
16474,2017-06-06T06:55:00,22.9
16475,2017-06-06T08:15:00,22.9
16476,2017-06-06T08:55:00,22.9
16477,2017-06-06T09:35:00,22.9
16478,2017-06-06T10:15:00,22.9
16479,2017-06-06T12:35:00,22.9
16480,2017-06-06T22:20:00,23.55
16481,2017-06-07T00:00:00,23.55
16482,2017-06-07T00:20:00,23.55
16483,2017-06-07T02:00:00,23.55
16484,2017-06-07T03:00:00,23.23
16485,2017-06-07T03:20:00,23.23
16486,2017-06-07T03:45:00,23.23
16487,2017-06-07T04:05:00,23.23
16488,2017-06-07T04:45:00,23.23
16489,2017-06-07T05:05:00,22.9
16490,2017-06-07T06:05:00,22.9
16491,2017-06-07T09:05:00,23.23
16492,2017-06-07T09:25:00,23.23
16493,2017-06-07T12:45:00,22.9
16494,2017-06-07T13:05:00,22.9
16495,2017-06-07T13:25:00,22.9
16496,2017-06-07T13:45:00,22.9
16497,2017-06-07T14:25:00,22.9
16498,2017-06-07T14:45:00,22.9
16499,2017-06-07T15:10:00,22.9
16500,2017-06-07T15:30:00,22.9
16501,2017-06-07T15:50:00,22.58
16502,2017-06-07T16:10:00,22.58
16503,2017-06-07T16:50:00,22.58
16504,2017-06-07T17:10:00,22.58
16505,2017-06-07T17:50:00,22.58
16506,2017-06-07T18:10:00,22.58
16507,2017-06-07T18:30:00,22.9
16508,2017-06-07T18:50:00,22.9
16509,2017-06-07T19:10:00,22.9
16510,2017-06-07T19:30:00,22.9
16511,2017-06-07T19:50:00,23.23
16512,2017-06-07T20:10:00,23.23
16513,2017-06-07T20:30:00,23.23
16514,2017-06-07T20:50:00,23.23
16515,2017-06-07T21:10:00,23.23
16516,2017-06-07T21:30:00,23.23
16517,2017-06-07T21:50:00,23.23
16518,2017-06-07T22:10:00,23.23
16519,2017-06-07T22:30:00,23.23
16520,2017-06-07T22:50:00,23.23
16521,2017-06-07T23:30:00,23.55
16522,2017-06-07T23:50:00,23.55
16523,2017-06-08T00:10:00,23.55
16524,2017-06-08T00:30:00,23.55
16525,2017-06-08T00:50:00,23.55
16526,2017-06-08T01:10:00,23.55
16527,2017-06-08T01:30:00,23.23
16528,2017-06-08T01:50:00,23.23
16529,2017-06-08T02:15:00,23.23
16530,2017-06-08T02:35:00,23.23
16531,2017-06-08T02:55:00,23.23
16532,2017-06-08T03:15:00,22.9
16533,2017-06-08T03:35:00,22.9
16534,2017-06-08T03:55:00,22.9
16535,2017-06-08T04:15:00,22.9
16536,2017-06-08T04:35:00,22.9
16537,2017-06-08T04:55:00,22.58
16538,2017-06-08T05:15:00,22.9
16539,2017-06-08T06:15:00,22.58
16540,2017-06-08T06:35:00,22.58
16541,2017-06-08T06:55:00,22.9
16542,2017-06-08T07:15:00,22.9
16543,2017-06-08T13:40:00,22.58
16544,2017-06-08T16:00:00,22.58
16545,2017-06-08T16:20:00,22.58
16546,2017-06-08T16:40:00,22.58
16547,2017-06-08T17:20:00,22.58
16548,2017-06-08T17:40:00,22.58
16549,2017-06-08T18:00:00,22.58
16550,2017-06-08T18:20:00,22.9
16551,2017-06-08T19:00:00,22.9
16552,2017-06-08T19:20:00,22.9
16553,2017-06-08T20:20:00,23.23
16554,2017-06-08T20:40:00,23.23
16555,2017-06-08T21:00:00,23.23
16556,2017-06-08T21:20:00,23.23
16557,2017-06-08T21:40:00,23.23
16558,2017-06-08T22:00:00,23.23
16559,2017-06-08T22:20:00,23.23
16560,2017-06-08T22:40:00,23.23
16561,2017-06-08T23:00:00,23.23
16562,2017-06-08T23:20:00,23.23
16563,2017-06-08T23:40:00,23.55
16564,2017-06-09T00:00:00,23.55
16565,2017-06-09T00:40:00,23.23
16566,2017-06-09T01:05:00,23.23
16567,2017-06-09T01:25:00,23.23
16568,2017-06-09T02:05:00,22.9
16569,2017-06-09T02:25:00,22.9
16570,2017-06-09T02:45:00,22.9
16571,2017-06-09T03:05:00,22.9
16572,2017-06-09T03:25:00,22.9
16573,2017-06-09T03:45:00,22.9
16574,2017-06-09T04:05:00,22.9
16575,2017-06-09T04:45:00,22.9
16576,2017-06-09T05:05:00,22.9
16577,2017-06-09T05:25:00,22.9
16578,2017-06-09T06:05:00,22.9
16579,2017-06-09T07:05:00,23.23
16580,2017-06-09T07:25:00,23.23
16581,2017-06-09T08:25:00,23.23
16582,2017-06-09T09:05:00,23.23
16583,2017-06-09T10:05:00,22.9
16584,2017-06-09T11:25:00,23.23
16585,2017-06-09T11:45:00,23.23
16586,2017-06-09T12:30:00,23.23
16587,2017-06-09T13:30:00,23.23
16588,2017-06-09T13:50:00,23.23
16589,2017-06-09T15:30:00,22.9
16590,2017-06-09T15:50:00,22.9
16591,2017-06-09T16:10:00,22.9
16592,2017-06-09T16:30:00,22.9
16593,2017-06-09T17:10:00,22.9
16594,2017-06-09T17:30:00,22.9
16595,2017-06-09T17:50:00,22.9
16596,2017-06-09T18:10:00,23.23
16597,2017-06-19T00:30:00,22.26
16598,2017-06-09T18:30:00,23.23
16599,2017-06-09T18:50:00,23.23
16600,2017-06-09T19:10:00,23.23
16601,2017-06-09T19:30:00,23.55
16602,2017-06-09T19:50:00,23.23
16603,2017-06-09T20:10:00,23.55
16604,2017-06-09T20:30:00,23.55
16605,2017-06-09T21:10:00,23.55
16606,2017-06-09T21:30:00,23.55
16607,2017-06-09T21:50:00,23.55
16608,2017-06-09T22:30:00,23.55
16609,2017-06-09T22:50:00,23.23
16610,2017-06-09T23:10:00,23.55
16611,2017-06-09T23:30:00,23.55
16612,2017-06-09T23:55:00,23.55
16613,2017-06-10T00:15:00,23.55
16614,2017-06-10T00:35:00,23.55
16615,2017-06-10T00:55:00,23.55
16616,2017-06-10T01:15:00,23.55
16617,2017-06-10T04:15:00,23.23
16618,2017-06-10T04:35:00,23.23
16619,2017-06-10T05:35:00,23.23
16620,2017-06-10T05:55:00,22.9
16621,2017-06-10T06:35:00,22.9
16622,2017-06-10T07:15:00,22.9
16623,2017-06-10T07:35:00,22.9
16624,2017-06-10T09:35:00,22.9
16625,2017-06-10T09:55:00,22.9
16626,2017-06-10T10:15:00,22.9
16627,2017-06-10T11:00:00,22.9
16628,2017-06-10T12:00:00,22.9
16629,2017-06-10T12:20:00,22.9
16630,2017-06-10T14:20:00,22.9
16631,2017-06-10T15:00:00,22.9
16632,2017-06-10T15:20:00,23.23
16633,2017-06-10T16:00:00,23.23
16634,2017-06-10T16:20:00,23.23
16635,2017-06-10T16:40:00,23.23
16636,2017-06-18T17:50:00,23.23
16637,2017-06-18T18:10:00,23.23
16638,2017-06-18T18:30:00,23.23
16639,2017-06-18T18:50:00,23.23
16640,2017-06-18T19:10:00,23.23
16641,2017-06-18T19:30:00,23.23
16642,2017-06-18T19:50:00,22.9
16643,2017-06-18T20:10:00,22.9
16644,2017-06-18T20:30:00,22.58
16645,2017-06-18T20:50:00,22.58
16646,2017-06-18T21:10:00,22.58
16647,2017-06-18T21:30:00,22.58
16648,2017-06-18T21:50:00,22.58
16649,2017-06-18T22:10:00,22.26
16650,2017-06-18T22:30:00,22.58
16651,2017-06-18T22:50:00,22.26
16652,2017-06-18T23:10:00,22.26
16653,2017-06-18T23:30:00,22.26
16654,2017-06-18T23:50:00,22.26
16655,2017-06-19T00:10:00,22.26
16656,2017-06-19T00:50:00,22.26
16657,2017-06-19T01:15:00,22.26
16658,2017-06-19T01:35:00,22.26
16659,2017-06-19T01:55:00,22.26
16660,2017-06-19T02:15:00,22.26
16661,2017-06-19T02:35:00,22.26
16662,2017-06-19T02:55:00,22.26
16663,2017-06-19T03:15:00,22.26
16664,2017-06-19T03:35:00,22.26
16665,2017-06-19T03:55:00,22.26
16666,2017-06-19T05:55:00,22.26
16667,2017-06-19T06:55:00,22.26
16668,2017-06-19T07:15:00,22.26
16669,2017-06-19T07:55:00,22.58
16670,2017-06-19T08:15:00,22.9
16671,2017-06-19T08:35:00,22.9
16672,2017-06-19T08:55:00,22.9
16673,2017-06-19T09:15:00,22.9
16674,2017-06-19T09:55:00,22.9
16675,2017-06-19T10:15:00,22.9
16676,2017-06-19T10:35:00,22.58
16677,2017-06-19T11:15:00,22.58
16678,2017-06-19T11:35:00,22.58
16679,2017-06-19T12:15:00,22.9
16680,2017-06-19T12:40:00,22.9
16681,2017-06-19T13:40:00,22.9
16682,2017-06-19T14:00:00,23.23
16683,2017-06-19T14:20:00,23.23
16684,2017-06-19T16:20:00,23.23
16685,2017-06-19T16:40:00,23.23
16686,2017-06-19T17:00:00,23.23
16687,2017-06-19T17:20:00,23.23
16688,2017-06-19T17:40:00,23.23
16689,2017-06-19T18:20:00,23.23
16690,2017-06-19T18:40:00,23.55
16691,2017-06-19T19:00:00,23.55
16692,2017-06-19T19:20:00,23.55
16693,2017-06-19T19:40:00,23.55
16694,2017-06-19T20:00:00,23.55
16695,2017-06-19T20:20:00,23.55
16696,2017-06-19T20:40:00,23.87
16697,2017-06-19T22:00:00,23.87
16698,2017-06-19T22:20:00,23.87
16699,2017-06-19T22:40:00,23.55
16700,2017-06-19T23:20:00,23.55
16701,2017-06-20T00:05:00,23.23
16702,2017-06-20T02:05:00,22.9
16703,2017-06-20T02:25:00,22.9
16704,2017-06-20T02:45:00,22.58
16705,2017-06-20T03:05:00,22.58
16706,2017-06-20T03:25:00,22.58
16707,2017-06-20T04:45:00,22.58
16708,2017-06-20T05:05:00,22.58
16709,2017-06-20T05:25:00,22.58
16710,2017-06-20T06:25:00,22.58
16711,2017-06-20T07:05:00,22.26
16712,2017-06-20T07:45:00,22.26
16713,2017-06-20T08:45:00,22.26
16714,2017-06-20T09:25:00,22.26
16715,2017-06-20T09:45:00,22.26
16716,2017-06-20T10:05:00,22.26
16717,2017-06-20T10:25:00,22.26
16718,2017-06-20T11:30:00,22.26
16719,2017-06-20T11:50:00,22.26
16720,2017-06-20T12:10:00,22.26
16721,2017-06-20T12:30:00,22.26
16722,2017-06-20T12:50:00,22.26
16723,2017-06-20T14:10:00,22.26
16724,2017-06-20T14:30:00,22.26
16725,2017-06-20T15:10:00,21.94
16726,2017-06-20T15:30:00,21.94
16727,2017-06-20T15:50:00,21.94
16728,2017-06-20T16:30:00,21.94
16729,2017-06-20T17:10:00,21.94
16730,2017-06-20T17:30:00,21.94
16731,2017-06-20T18:10:00,21.94
16732,2017-06-20T18:30:00,22.26
16733,2017-06-20T18:50:00,22.26
16734,2017-06-20T19:10:00,22.26
16735,2017-06-20T19:30:00,22.26
16736,2017-06-20T22:35:00,22.9
16737,2017-06-20T23:55:00,23.23
16738,2017-06-21T00:15:00,23.23
16739,2017-06-21T00:55:00,23.23
16740,2017-06-21T01:15:00,23.23
16741,2017-06-21T01:35:00,22.9
16742,2017-06-21T01:55:00,22.58
16743,2017-06-21T02:15:00,22.58
16744,2017-06-21T02:35:00,22.58
16745,2017-06-21T02:55:00,22.26
16746,2017-06-21T03:15:00,22.26
16747,2017-06-21T03:35:00,22.26
16748,2017-06-21T03:55:00,22.26
16749,2017-06-21T04:55:00,22.26
16750,2017-06-21T06:15:00,21.94
16751,2017-06-21T06:35:00,21.94
16752,2017-06-21T07:55:00,21.94
16753,2017-06-21T08:15:00,21.94
16754,2017-06-21T08:35:00,21.94
16755,2017-06-21T09:35:00,21.94
16756,2017-06-21T10:20:00,21.94
16757,2017-06-21T11:00:00,21.94
16758,2017-06-21T11:20:00,21.94
16759,2017-06-21T12:00:00,21.94
16760,2017-06-21T12:40:00,21.94
16761,2017-06-21T13:40:00,21.94
16762,2017-06-21T14:00:00,21.94
16763,2017-06-21T15:00:00,21.94
16764,2017-06-21T15:20:00,21.61
16765,2017-06-21T15:40:00,21.94
16766,2017-06-21T16:00:00,21.61
16767,2017-06-21T16:40:00,21.61
16768,2017-06-21T17:20:00,21.61
16769,2017-06-21T18:00:00,21.61
16770,2017-06-21T20:00:00,22.26
16771,2017-06-21T20:40:00,22.26
16772,2017-06-21T21:00:00,22.26
16773,2017-06-21T21:45:00,22.58
16774,2017-06-21T22:25:00,22.58
16775,2017-06-21T22:45:00,22.58
16776,2017-06-21T23:05:00,22.58
16777,2017-06-21T23:25:00,22.58
16778,2017-06-22T00:05:00,22.9
16779,2017-06-22T00:25:00,22.9
16780,2017-06-22T00:45:00,22.9
16781,2017-06-22T01:05:00,22.9
16782,2017-06-22T01:25:00,22.9
16783,2017-06-22T01:45:00,22.58
16784,2017-06-22T02:05:00,22.58
16785,2017-06-22T02:25:00,22.26
16786,2017-06-22T02:45:00,22.26
16787,2017-06-22T03:05:00,22.26
16788,2017-06-22T03:25:00,22.26
16789,2017-06-22T03:45:00,22.26
16790,2017-06-22T04:05:00,22.26
16791,2017-06-22T04:25:00,22.26
16792,2017-06-22T05:05:00,21.94
16793,2017-06-22T05:45:00,21.94
16794,2017-06-22T06:05:00,21.94
16795,2017-06-22T06:25:00,21.94
16796,2017-06-22T07:05:00,21.94
16797,2017-06-22T07:45:00,21.94
16798,2017-06-22T08:05:00,21.94
16799,2017-06-22T08:25:00,21.94
16800,2017-06-22T08:50:00,21.94
16801,2017-06-22T09:10:00,21.94
16802,2017-06-22T09:30:00,21.94
16803,2017-06-22T10:10:00,21.94
16804,2017-06-22T10:30:00,21.94
16805,2017-06-22T11:10:00,21.94
16806,2017-06-22T11:30:00,21.94
16807,2017-06-22T11:50:00,21.94
16808,2017-06-22T12:30:00,24.19
16809,2017-06-22T12:50:00,22.26
16810,2017-06-22T13:10:00,21.94
16811,2017-06-22T13:30:00,21.61
16812,2017-06-22T13:50:00,20.97
16813,2017-06-22T14:10:00,18.06
16814,2017-06-22T14:30:00,17.42
16815,2017-06-22T14:50:00,17.1
16816,2017-06-22T15:10:00,16.77
16817,2017-06-22T15:30:00,17.1
16818,2017-06-22T15:50:00,16.77
16819,2017-06-22T16:10:00,16.77
16820,2017-06-22T16:30:00,16.45
16821,2017-06-22T16:50:00,16.77
16822,2017-06-22T17:10:00,17.1
16823,2017-06-22T17:30:00,16.45
16824,2017-06-22T17:50:00,16.13
16825,2017-06-22T18:15:00,16.13
16826,2017-06-22T18:35:00,16.45
16827,2017-06-22T18:55:00,16.77
16828,2017-06-22T19:15:00,16.45
16829,2017-06-22T19:35:00,16.45
16830,2017-06-22T19:55:00,16.13
16831,2017-06-22T20:15:00,15.81
16832,2017-06-22T20:35:00,15.81
16833,2017-06-22T20:55:00,15.81
16834,2017-06-22T21:15:00,15.48
16835,2017-06-22T21:35:00,16.13
16836,2017-06-22T21:55:00,17.1
16837,2017-06-22T22:15:00,16.77
16838,2017-06-22T22:35:00,16.13
16839,2017-06-22T22:55:00,15.81
16840,2017-06-22T23:15:00,15.48
16841,2017-06-22T23:35:00,16.13
16842,2017-06-22T23:55:00,16.13
16843,2017-06-23T00:15:00,16.45
16844,2017-06-23T00:35:00,16.13
16845,2017-06-23T00:55:00,15.81
16846,2017-06-23T01:15:00,15.81
16847,2017-06-23T01:35:00,15.48
16848,2017-06-23T01:55:00,15.81
16849,2017-06-23T02:15:00,16.13
16850,2017-06-23T02:35:00,16.13
16851,2017-06-23T02:55:00,16.13
16852,2017-06-23T03:15:00,16.13
16853,2017-06-23T03:35:00,16.45
16854,2017-06-23T03:55:00,16.13
16855,2017-06-23T04:15:00,16.13
16856,2017-06-23T04:35:00,16.77
16857,2017-06-23T04:55:00,17.42
16858,2017-06-23T05:15:00,18.39
16859,2017-06-23T05:40:00,18.06
16860,2017-06-23T06:00:00,18.06
16861,2017-06-23T06:20:00,17.74
16862,2017-06-23T06:40:00,17.74
16863,2017-06-23T07:00:00,18.06
16864,2017-06-23T07:20:00,18.06
16865,2017-06-23T07:40:00,18.71
16866,2017-06-23T08:00:00,19.35
16867,2017-06-23T08:20:00,20.97
16868,2017-06-23T08:40:00,18.71
16869,2017-06-23T09:00:00,18.71
16870,2017-06-23T09:20:00,20.32
16871,2017-06-23T09:40:00,20.65
16872,2017-06-23T10:00:00,19.03
16873,2017-06-23T10:20:00,19.35
16874,2017-06-23T10:40:00,19.35
16875,2017-06-23T11:00:00,19.03
16876,2017-06-23T11:20:00,19.35
16877,2017-06-23T11:40:00,19.03
16878,2017-06-23T12:00:00,19.35
16879,2017-06-23T12:20:00,17.74
16880,2017-06-23T12:40:00,17.1
16881,2017-06-23T13:00:00,17.1
16882,2017-06-23T13:20:00,17.1
16883,2017-06-23T13:40:00,18.71
16884,2017-06-23T14:00:00,19.68
16885,2017-06-23T14:20:00,19.35
16886,2017-06-23T14:40:00,19.03
16887,2017-06-23T15:00:00,18.39
16888,2017-06-23T15:20:00,18.39
16889,2017-06-23T15:40:00,19.03
16890,2017-06-23T16:00:00,18.39
16891,2017-06-23T16:20:00,17.1
16892,2017-06-23T16:40:00,17.1
16893,2017-06-23T17:05:00,17.1
16894,2017-06-23T17:25:00,16.45
16895,2017-06-23T17:45:00,15.48
16896,2017-06-23T18:05:00,15.81
16897,2017-06-23T18:25:00,15.48
16898,2017-06-23T18:45:00,15.16
16899,2017-06-23T19:05:00,14.84
16900,2017-06-23T19:25:00,14.84
16901,2017-06-23T19:45:00,14.52
16902,2017-06-23T20:05:00,14.52
16903,2017-06-23T20:25:00,14.19
16904,2017-06-23T20:45:00,14.19
16905,2017-06-23T21:05:00,14.52
16906,2017-06-23T21:25:00,14.19
16907,2017-06-23T21:45:00,13.55
16908,2017-06-23T22:05:00,13.55
16909,2017-06-23T22:25:00,13.23
16910,2017-06-23T22:45:00,13.55
16911,2017-06-23T23:05:00,13.87
16912,2017-06-23T23:25:00,13.87
16913,2017-06-23T23:45:00,13.87
16914,2017-06-24T00:05:00,13.87
16915,2017-06-24T00:25:00,13.87
16916,2017-06-24T00:45:00,13.87
16917,2017-06-24T01:05:00,13.55
16918,2017-06-24T01:25:00,13.55
16919,2017-06-24T01:45:00,13.87
16920,2017-06-24T02:05:00,13.87
16921,2017-06-24T02:25:00,13.87
16922,2017-06-24T02:45:00,14.19
16923,2017-06-24T03:05:00,13.23
16924,2017-06-24T03:25:00,13.55
16925,2017-06-24T03:45:00,13.23
16926,2017-06-24T04:05:00,13.23
16927,2017-06-24T04:30:00,13.55
16928,2017-06-24T04:50:00,13.55
16929,2017-06-24T05:10:00,14.19
16930,2017-06-24T05:30:00,13.87
16931,2017-06-24T05:50:00,14.52
16932,2017-06-24T06:10:00,15.16
16933,2017-06-24T06:30:00,13.87
16934,2017-06-24T06:50:00,13.87
16935,2017-06-24T07:50:00,13.87
16936,2017-06-24T08:10:00,13.87
16937,2017-06-24T08:30:00,15.48
16938,2017-06-24T08:50:00,15.48
16939,2017-06-24T09:10:00,15.81
16940,2017-06-24T09:30:00,16.45
16941,2017-06-24T09:50:00,16.13
16942,2017-06-24T10:10:00,21.29
16943,2017-06-24T10:30:00,20.65
16944,2017-06-24T10:50:00,18.06
16945,2017-06-24T11:10:00,18.06
16946,2017-06-24T11:30:00,18.39
16947,2017-06-24T11:50:00,17.1
16948,2017-06-24T12:10:00,16.13
16949,2017-06-24T12:30:00,20.32
16950,2017-06-24T12:50:00,20.65
16951,2017-06-24T13:10:00,20.65
16952,2017-06-24T13:30:00,21.94
16953,2017-06-24T13:50:00,21.94
16954,2017-06-24T14:10:00,20.65
16955,2017-06-24T14:30:00,19.68
16956,2017-06-24T14:50:00,19.03
16957,2017-06-24T15:10:00,19.03
16958,2017-06-24T15:35:00,17.74
16959,2017-06-24T15:55:00,16.77
16960,2017-06-24T16:15:00,16.77
16961,2017-06-24T16:35:00,17.1
16962,2017-06-24T16:55:00,16.77
16963,2017-06-24T17:15:00,16.13
16964,2017-06-24T17:35:00,15.81
16965,2017-06-24T17:55:00,15.16
16966,2017-06-24T18:15:00,15.16
16967,2017-06-24T18:35:00,14.84
16968,2017-06-24T18:55:00,13.87
16969,2017-06-24T19:15:00,13.55
16970,2017-06-24T19:35:00,13.23
16971,2017-06-24T19:55:00,12.9
16972,2017-06-24T20:15:00,12.58
16973,2017-06-24T20:35:00,12.26
16974,2017-06-24T20:55:00,11.94
16975,2017-06-24T21:15:00,11.94
16976,2017-06-24T21:35:00,12.26
16977,2017-06-24T21:55:00,12.26
16978,2017-06-24T22:15:00,11.94
16979,2017-06-24T22:35:00,11.61
16980,2017-06-24T22:55:00,11.29
16981,2017-06-24T23:15:00,11.61
16982,2017-06-24T23:35:00,11.29
16983,2017-06-24T23:55:00,10.65
16984,2017-06-25T00:15:00,10.32
16985,2017-06-25T00:35:00,10.32
16986,2017-06-25T00:55:00,10.32
16987,2017-06-25T01:15:00,10.97
16988,2017-06-25T01:35:00,11.29
16989,2017-06-25T01:55:00,11.61
16990,2017-06-25T02:15:00,11.61
16991,2017-06-25T02:35:00,11.61
16992,2017-06-25T03:00:00,11.94
16993,2017-06-25T03:20:00,11.94
16994,2017-06-25T03:40:00,12.26
16995,2017-06-25T04:00:00,12.58
16996,2017-06-25T04:20:00,12.58
16997,2017-06-25T04:40:00,12.9
16998,2017-06-25T05:00:00,11.94
16999,2017-06-25T05:20:00,11.61
17000,2017-06-25T05:40:00,11.94
17001,2017-06-25T06:00:00,12.58
17002,2017-06-25T06:20:00,12.9
17003,2017-06-25T06:40:00,12.9
17004,2017-06-25T07:00:00,15.81
17005,2017-06-25T07:20:00,17.74
17006,2017-06-25T07:40:00,16.77
17007,2017-06-25T08:00:00,18.06
17008,2017-06-25T08:20:00,16.77
17009,2017-06-25T08:40:00,17.74
17010,2017-06-25T09:00:00,18.71
17011,2017-06-25T09:20:00,18.71
17012,2017-06-25T09:40:00,19.35
17013,2017-06-25T10:00:00,17.74
17014,2017-06-25T10:20:00,19.68
17015,2017-06-25T10:40:00,18.06
17016,2017-06-25T11:00:00,19.03
17017,2017-06-25T11:20:00,18.39
17018,2017-06-25T11:40:00,20
17019,2017-06-25T12:00:00,19.68
17020,2017-06-25T12:20:00,17.1
17021,2017-06-25T12:40:00,20.65
17022,2017-06-25T13:00:00,20.65
17023,2017-06-25T13:20:00,20.32
17024,2017-06-25T13:40:00,19.35
17025,2017-06-25T14:00:00,20.32
17026,2017-06-25T14:25:00,19.03
17027,2017-06-25T14:45:00,20.32
17028,2017-06-25T15:05:00,17.42
17029,2017-06-25T15:25:00,17.1
17030,2017-06-25T15:45:00,16.77
17031,2017-06-25T16:05:00,16.77
17032,2017-06-25T16:25:00,15.81
17033,2017-06-25T16:45:00,15.48
17034,2017-06-25T17:05:00,15.48
17035,2017-06-25T17:25:00,15.16
17036,2017-06-25T17:45:00,14.52
17037,2017-06-25T18:05:00,14.52
17038,2017-06-25T18:25:00,15.16
17039,2017-06-25T18:45:00,13.87
17040,2017-06-25T19:05:00,13.87
17041,2017-06-25T19:25:00,13.23
17042,2017-06-25T19:45:00,12.9
17043,2017-06-25T20:05:00,12.26
17044,2017-06-25T20:25:00,11.94
17045,2017-06-25T20:45:00,11.94
17046,2017-06-25T21:05:00,11.94
17047,2017-06-25T21:25:00,11.61
17048,2017-06-25T21:45:00,11.61
17049,2017-06-25T22:05:00,10.97
17050,2017-06-25T22:25:00,10.97
17051,2017-06-25T22:45:00,10.32
17052,2017-06-25T23:05:00,10.32
17053,2017-06-25T23:25:00,10.32
17054,2017-06-25T23:45:00,10.32
17055,2017-06-26T00:05:00,10.65
17056,2017-06-26T00:25:00,10.32
17057,2017-06-26T00:45:00,10
17058,2017-06-26T01:05:00,10
17059,2017-06-26T01:25:00,9.68
17060,2017-06-26T01:50:00,10
17061,2017-06-26T02:10:00,10.32
17062,2017-06-26T02:30:00,10.32
17063,2017-07-05T23:55:00,9.68
17064,2017-06-26T02:50:00,10.32
17065,2017-06-26T03:10:00,10.32
17066,2017-06-26T03:30:00,10.65
17067,2017-06-26T03:50:00,11.29
17068,2017-06-26T04:10:00,11.94
17069,2017-06-26T04:30:00,12.26
17070,2017-06-26T04:50:00,12.9
17071,2017-06-26T05:10:00,13.87
17072,2017-06-26T05:30:00,14.52
17073,2017-06-26T05:50:00,15.81
17074,2017-06-26T06:10:00,16.45
17075,2017-06-26T06:30:00,15.16
17076,2017-06-26T06:50:00,18.39
17077,2017-06-26T07:10:00,19.68
17078,2017-06-26T07:30:00,17.42
17079,2017-06-26T07:50:00,17.42
17080,2017-06-26T08:10:00,18.06
17081,2017-06-26T08:30:00,21.29
17082,2017-06-26T08:50:00,21.29
17083,2017-06-26T09:10:00,18.39
17084,2017-06-26T09:30:00,20.97
17085,2017-06-26T09:50:00,21.61
17086,2017-06-26T10:10:00,18.39
17087,2017-06-26T10:30:00,20.65
17088,2017-06-26T10:50:00,19.35
17089,2017-06-26T11:10:00,20.32
17090,2017-06-26T11:30:00,20
17091,2017-06-26T11:50:00,21.29
17092,2017-06-26T12:10:00,18.39
17093,2017-06-26T12:30:00,17.74
17094,2017-06-26T12:50:00,19.03
17095,2017-06-26T13:15:00,18.06
17096,2017-06-26T13:35:00,22.9
17097,2017-06-26T13:55:00,17.74
17098,2017-06-26T14:15:00,19.68
17099,2017-06-26T14:35:00,20
17100,2017-06-26T14:55:00,19.68
17101,2017-06-26T15:15:00,18.39
17102,2017-06-26T15:35:00,18.39
17103,2017-06-26T15:55:00,17.74
17104,2017-06-26T16:15:00,17.42
17105,2017-06-26T16:35:00,17.1
17106,2017-06-26T16:55:00,15.81
17107,2017-06-26T17:15:00,15.81
17108,2017-06-26T17:35:00,15.16
17109,2017-06-26T17:55:00,14.84
17110,2017-06-26T18:15:00,15.48
17111,2017-06-26T18:35:00,13.87
17112,2017-06-26T18:55:00,13.23
17113,2017-06-26T19:15:00,12.58
17114,2017-06-26T19:35:00,12.26
17115,2017-06-26T19:55:00,12.26
17116,2017-06-26T20:15:00,11.94
17117,2017-06-26T20:35:00,11.61
17118,2017-06-26T20:55:00,10.97
17119,2017-06-26T21:15:00,10.97
17120,2017-06-26T21:35:00,11.29
17121,2017-06-26T21:55:00,11.29
17122,2017-06-26T22:15:00,10.97
17123,2017-06-26T22:35:00,10.65
17124,2017-06-26T22:55:00,10.32
17125,2017-06-26T23:15:00,10
17126,2017-06-26T23:35:00,9.68
17127,2017-06-26T23:55:00,9.68
17128,2017-06-27T00:20:00,9.35
17129,2017-06-27T00:40:00,9.35
17130,2017-06-27T01:00:00,9.35
17131,2017-06-27T01:20:00,9.03
17132,2017-06-27T01:40:00,9.03
17133,2017-06-27T02:00:00,8.71
17134,2017-06-27T02:20:00,8.06
17135,2017-06-27T02:40:00,8.06
17136,2017-06-27T03:00:00,8.39
17137,2017-06-27T03:20:00,8.06
17138,2017-06-27T03:40:00,8.06
17139,2017-06-27T04:00:00,9.03
17140,2017-06-27T04:20:00,9.68
17141,2017-06-27T04:40:00,10
17142,2017-06-27T05:00:00,10.97
17143,2017-06-27T05:20:00,12.9
17144,2017-06-27T05:40:00,14.19
17145,2017-06-27T06:00:00,16.77
17146,2017-06-27T06:20:00,16.77
17147,2017-06-27T06:40:00,18.39
17148,2017-06-27T07:00:00,19.35
17149,2017-06-27T07:20:00,20
17150,2017-06-27T07:40:00,20.32
17151,2017-06-27T08:00:00,18.71
17152,2017-06-27T08:20:00,21.94
17153,2017-06-27T08:40:00,21.94
17154,2017-06-27T09:00:00,22.26
17155,2017-06-27T09:20:00,22.9
17156,2017-06-27T09:40:00,20.97
17157,2017-06-27T10:00:00,21.94
17158,2017-06-27T10:20:00,23.55
17159,2017-06-27T10:40:00,22.9
17160,2017-06-27T11:00:00,22.58
17161,2017-06-27T11:20:00,23.55
17162,2017-06-27T11:45:00,24.19
17163,2017-06-27T12:05:00,23.87
17164,2017-06-27T12:25:00,21.94
17165,2017-06-27T12:45:00,24.52
17166,2017-06-27T13:05:00,25.16
17167,2017-06-27T13:25:00,21.94
17168,2017-06-27T13:45:00,22.26
17169,2017-06-27T14:05:00,21.94
17170,2017-06-27T14:25:00,21.94
17171,2017-06-27T14:45:00,26.13
17172,2017-06-27T15:05:00,26.13
17173,2017-06-27T15:25:00,17.74
17174,2017-06-27T15:45:00,17.1
17175,2017-06-27T16:05:00,16.77
17176,2017-06-27T16:25:00,15.48
17177,2017-06-27T16:45:00,16.13
17178,2017-06-27T17:05:00,15.16
17179,2017-06-27T17:25:00,15.48
17180,2017-06-27T17:45:00,15.48
17181,2017-07-06T00:15:00,9.35
17182,2017-06-27T18:05:00,15.16
17183,2017-06-27T18:25:00,15.16
17184,2017-06-27T18:45:00,15.48
17185,2017-06-27T19:05:00,14.52
17186,2017-06-27T19:25:00,14.19
17187,2017-06-27T19:45:00,14.19
17188,2017-06-27T20:05:00,14.19
17189,2017-06-27T20:25:00,14.52
17190,2017-06-27T20:45:00,14.52
17191,2017-06-27T21:05:00,14.19
17192,2017-06-27T21:25:00,14.52
17193,2017-06-27T21:45:00,14.52
17194,2017-06-27T22:05:00,13.87
17195,2017-06-27T22:25:00,13.23
17196,2017-06-27T22:50:00,13.55
17197,2017-06-27T23:10:00,13.23
17198,2017-06-27T23:30:00,13.55
17199,2017-06-27T23:50:00,13.55
17200,2017-06-28T00:10:00,13.23
17201,2017-06-28T00:30:00,13.23
17202,2017-06-28T00:50:00,13.55
17203,2017-06-28T01:10:00,12.58
17204,2017-06-28T01:30:00,12.9
17205,2017-06-28T01:50:00,13.23
17206,2017-06-28T02:10:00,13.23
17207,2017-06-28T02:30:00,13.55
17208,2017-06-28T02:50:00,13.55
17209,2017-06-28T03:10:00,13.55
17210,2017-06-28T03:30:00,14.19
17211,2017-06-28T03:50:00,14.84
17212,2017-06-28T04:10:00,15.16
17213,2017-06-28T04:30:00,15.16
17214,2017-06-28T04:50:00,15.81
17215,2017-06-28T05:10:00,15.81
17216,2017-06-28T05:30:00,15.48
17217,2017-06-28T05:50:00,15.81
17218,2017-06-28T06:10:00,14.52
17219,2017-06-28T06:30:00,14.84
17220,2017-06-28T06:50:00,14.52
17221,2017-06-28T07:10:00,14.19
17222,2017-06-28T07:30:00,14.19
17223,2017-06-28T07:50:00,14.19
17224,2017-06-28T08:10:00,15.48
17225,2017-06-28T08:30:00,16.77
17226,2017-06-28T08:50:00,18.39
17227,2017-06-28T09:10:00,18.06
17228,2017-06-28T09:30:00,18.39
17229,2017-06-28T09:55:00,17.1
17230,2017-06-28T10:15:00,16.77
17231,2017-06-28T10:35:00,16.77
17232,2017-06-28T10:55:00,17.74
17233,2017-06-28T11:15:00,17.1
17234,2017-06-28T11:35:00,16.45
17235,2017-06-28T11:55:00,17.1
17236,2017-06-28T12:15:00,17.42
17237,2017-06-28T12:35:00,18.06
17238,2017-06-28T12:55:00,19.03
17239,2017-06-28T13:15:00,21.61
17240,2017-06-28T13:35:00,21.29
17241,2017-06-28T13:55:00,22.9
17242,2017-06-28T14:15:00,19.35
17243,2017-06-28T14:35:00,19.35
17244,2017-06-28T14:55:00,20.65
17245,2017-06-28T15:15:00,19.03
17246,2017-06-28T15:35:00,19.03
17247,2017-06-28T16:35:00,17.42
17248,2017-06-28T16:55:00,16.77
17249,2017-06-28T17:15:00,16.77
17250,2017-06-28T17:35:00,16.77
17251,2017-06-28T17:55:00,16.45
17252,2017-06-28T18:15:00,16.13
17253,2017-06-28T18:35:00,16.13
17254,2017-06-28T18:55:00,16.13
17255,2017-06-28T19:15:00,16.13
17256,2017-06-28T19:35:00,16.13
17257,2017-06-28T19:55:00,16.13
17258,2017-06-28T20:15:00,15.81
17259,2017-06-28T20:40:00,15.48
17260,2017-06-28T21:00:00,15.48
17261,2017-06-28T21:20:00,15.48
17262,2017-06-28T21:40:00,15.48
17263,2017-06-28T22:00:00,15.48
17264,2017-06-28T22:20:00,15.48
17265,2017-06-28T22:40:00,15.16
17266,2017-06-28T23:00:00,15.16
17267,2017-06-28T23:20:00,15.16
17268,2017-06-28T23:40:00,15.16
17269,2017-06-29T00:00:00,15.16
17270,2017-06-29T00:20:00,15.16
17271,2017-06-29T00:40:00,15.16
17272,2017-06-29T01:00:00,15.16
17273,2017-06-29T01:20:00,15.16
17274,2017-06-29T01:40:00,14.84
17275,2017-06-29T02:00:00,11.94
17276,2017-06-29T02:20:00,11.94
17277,2017-06-29T02:40:00,13.23
17278,2017-06-29T03:00:00,13.23
17279,2017-06-29T03:20:00,13.23
17280,2017-06-29T03:40:00,13.23
17281,2017-06-29T04:00:00,13.23
17282,2017-06-29T04:20:00,13.23
17283,2017-06-29T04:40:00,13.55
17284,2017-06-29T05:00:00,13.23
17285,2017-06-29T05:20:00,13.23
17286,2017-06-29T05:40:00,13.55
17287,2017-06-29T06:00:00,13.87
17288,2017-06-29T06:20:00,13.87
17289,2017-06-29T06:40:00,14.19
17290,2017-06-29T07:00:00,14.19
17291,2017-06-29T07:20:00,13.87
17292,2017-06-29T07:40:00,14.52
17293,2017-06-29T08:05:00,15.16
17294,2017-06-29T08:25:00,15.48
17295,2017-06-29T08:45:00,15.48
17296,2017-06-29T09:05:00,15.48
17297,2017-06-29T09:25:00,15.81
17298,2017-06-29T09:45:00,16.13
17299,2017-06-29T10:05:00,16.13
17300,2017-06-29T10:25:00,16.45
17301,2017-06-29T10:45:00,16.13
17302,2017-06-29T11:05:00,16.13
17303,2017-06-29T11:25:00,16.45
17304,2017-06-29T11:45:00,16.45
17305,2017-06-29T12:05:00,16.77
17306,2017-06-29T12:25:00,16.77
17307,2017-06-29T12:45:00,17.42
17308,2017-06-29T13:05:00,17.74
17309,2017-06-29T13:25:00,17.42
17310,2017-06-29T13:45:00,17.1
17311,2017-06-29T14:05:00,17.42
17312,2017-06-29T14:25:00,17.42
17313,2017-06-29T14:45:00,17.42
17314,2017-06-29T15:05:00,17.42
17315,2017-06-29T15:25:00,17.42
17316,2017-06-29T15:45:00,17.1
17317,2017-06-29T16:05:00,17.1
17318,2017-06-29T16:25:00,16.77
17319,2017-06-29T16:45:00,16.45
17320,2017-06-29T17:05:00,16.45
17321,2017-06-29T17:25:00,16.45
17322,2017-06-29T17:45:00,16.45
17323,2017-06-29T18:05:00,16.45
17324,2017-06-29T18:25:00,16.13
17325,2017-06-29T18:45:00,16.45
17326,2017-06-29T19:10:00,16.45
17327,2017-06-29T19:30:00,16.13
17328,2017-06-29T19:50:00,16.13
17329,2017-06-29T20:10:00,15.48
17330,2017-06-29T20:30:00,15.16
17331,2017-06-29T20:50:00,14.52
17332,2017-06-29T21:10:00,14.19
17333,2017-06-29T21:30:00,14.19
17334,2017-06-29T21:50:00,14.19
17335,2017-06-29T22:10:00,14.19
17336,2017-06-29T22:30:00,14.19
17337,2017-06-29T22:50:00,14.19
17338,2017-06-29T23:10:00,13.87
17339,2017-06-29T23:30:00,14.19
17340,2017-06-29T23:50:00,14.19
17341,2017-06-30T00:10:00,14.19
17342,2017-06-30T00:30:00,14.19
17343,2017-06-30T00:50:00,14.19
17344,2017-06-30T01:10:00,14.19
17345,2017-06-30T01:30:00,13.87
17346,2017-06-30T01:50:00,13.87
17347,2017-06-30T02:10:00,13.87
17348,2017-06-30T02:30:00,13.55
17349,2017-06-30T02:50:00,13.87
17350,2017-06-30T03:10:00,13.87
17351,2017-06-30T03:30:00,13.87
17352,2017-06-30T03:50:00,13.87
17353,2017-06-30T04:10:00,14.19
17354,2017-06-30T04:30:00,14.19
17355,2017-06-30T04:50:00,14.52
17356,2017-06-30T05:10:00,14.52
17357,2017-06-30T05:30:00,14.84
17358,2017-06-30T05:50:00,14.84
17359,2017-06-30T06:10:00,14.84
17360,2017-06-30T06:35:00,15.16
17361,2017-06-30T06:55:00,15.48
17362,2017-06-30T07:15:00,15.48
17363,2017-06-30T07:35:00,15.48
17364,2017-06-30T07:55:00,14.84
17365,2017-06-30T08:15:00,14.84
17366,2017-06-30T08:35:00,14.84
17367,2017-06-30T08:55:00,15.16
17368,2017-06-30T09:15:00,15.16
17369,2017-06-30T09:35:00,14.84
17370,2017-06-30T09:55:00,15.16
17371,2017-06-30T10:15:00,15.81
17372,2017-06-30T10:35:00,16.13
17373,2017-06-30T10:55:00,16.13
17374,2017-06-30T11:15:00,15.81
17375,2017-06-30T11:35:00,15.81
17376,2017-06-30T11:55:00,16.13
17377,2017-06-30T12:15:00,15.81
17378,2017-06-30T12:35:00,15.81
17379,2017-06-30T12:55:00,15.16
17380,2017-06-30T13:15:00,15.48
17381,2017-06-30T13:35:00,15.81
17382,2017-06-30T13:55:00,15.81
17383,2017-06-30T14:15:00,16.45
17384,2017-06-30T14:35:00,15.81
17385,2017-06-30T14:55:00,15.48
17386,2017-06-30T15:15:00,15.48
17387,2017-06-30T15:35:00,14.84
17388,2017-06-30T15:55:00,14.84
17389,2017-06-30T16:15:00,14.84
17390,2017-06-30T16:35:00,14.84
17391,2017-06-30T16:55:00,14.84
17392,2017-06-30T17:15:00,14.84
17393,2017-06-30T17:35:00,14.52
17394,2017-06-30T18:00:00,14.84
17395,2017-06-30T18:20:00,14.52
17396,2017-06-30T18:40:00,14.52
17397,2017-06-30T19:00:00,14.52
17398,2017-06-30T19:20:00,14.52
17399,2017-06-30T19:40:00,14.19
17400,2017-06-30T20:00:00,14.52
17401,2017-06-30T20:20:00,14.52
17402,2017-06-30T20:40:00,14.19
17403,2017-06-30T21:00:00,14.19
17404,2017-06-30T21:20:00,14.19
17405,2017-06-30T21:40:00,14.19
17406,2017-06-30T22:00:00,14.19
17407,2017-06-30T22:20:00,14.19
17408,2017-06-30T22:40:00,14.19
17409,2017-06-30T23:00:00,14.19
17410,2017-06-30T23:20:00,14.19
17411,2017-06-30T23:40:00,13.87
17412,2017-07-01T00:00:00,13.87
17413,2017-07-01T00:20:00,14.19
17414,2017-07-01T00:40:00,14.19
17415,2017-07-01T01:00:00,14.52
17416,2017-07-01T01:20:00,14.52
17417,2017-07-01T01:40:00,14.52
17418,2017-07-01T02:00:00,14.84
17419,2017-07-01T02:20:00,14.84
17420,2017-07-01T02:40:00,15.16
17421,2017-07-01T03:00:00,15.16
17422,2017-07-01T03:20:00,15.16
17423,2017-07-01T03:40:00,15.48
17424,2017-07-01T04:00:00,15.81
17425,2017-07-01T04:20:00,16.13
17426,2017-07-01T04:40:00,16.13
17427,2017-07-01T05:00:00,16.45
17428,2017-07-01T05:25:00,18.06
17429,2017-07-01T05:45:00,19.68
17430,2017-07-01T06:05:00,20.97
17431,2017-07-01T06:25:00,20.97
17432,2017-07-01T06:45:00,21.61
17433,2017-07-01T07:05:00,22.58
17434,2017-07-01T07:25:00,23.55
17435,2017-07-01T07:45:00,24.19
17436,2017-07-01T08:05:00,24.19
17437,2017-07-01T08:25:00,25.48
17438,2017-07-01T08:45:00,25.48
17439,2017-07-01T09:05:00,25.16
17440,2017-07-01T09:25:00,26.77
17441,2017-07-01T09:45:00,25.48
17442,2017-07-01T10:05:00,25.48
17443,2017-07-01T10:25:00,26.45
17444,2017-07-01T10:45:00,27.42
17445,2017-07-01T11:05:00,26.77
17446,2017-07-01T11:25:00,28.06
17447,2017-07-01T11:45:00,29.35
17448,2017-07-01T12:05:00,29.35
17449,2017-07-01T12:25:00,29.68
17450,2017-07-01T12:45:00,26.45
17451,2017-07-01T13:05:00,31.61
17452,2017-07-01T13:25:00,28.06
17453,2017-07-01T13:45:00,29.35
17454,2017-07-01T14:05:00,24.52
17455,2017-07-01T14:25:00,30.32
17456,2017-07-01T14:45:00,31.29
17457,2017-07-01T15:05:00,25.48
17458,2017-07-01T15:25:00,24.52
17459,2017-07-01T15:45:00,24.84
17460,2017-07-01T16:05:00,24.52
17461,2017-07-01T16:30:00,23.55
17462,2017-07-01T16:50:00,23.23
17463,2017-07-01T17:10:00,22.9
17464,2017-07-01T17:30:00,22.26
17465,2017-07-01T17:50:00,21.94
17466,2017-07-01T18:10:00,21.94
17467,2017-07-01T18:30:00,21.29
17468,2017-07-01T18:50:00,20.32
17469,2017-07-01T19:10:00,19.35
17470,2017-07-01T19:30:00,18.39
17471,2017-07-01T19:50:00,17.42
17472,2017-07-01T20:10:00,16.13
17473,2017-07-01T20:30:00,15.16
17474,2017-07-01T20:50:00,13.87
17475,2017-07-01T21:10:00,13.23
17476,2017-07-01T21:30:00,12.9
17477,2017-07-01T21:50:00,12.9
17478,2017-07-01T22:10:00,12.9
17479,2017-07-01T22:30:00,13.23
17480,2017-07-01T22:50:00,13.23
17481,2017-07-01T23:10:00,13.55
17482,2017-07-01T23:30:00,13.23
17483,2017-07-01T23:50:00,12.58
17484,2017-07-02T00:10:00,12.26
17485,2017-07-02T00:30:00,12.26
17486,2017-07-02T00:50:00,11.94
17487,2017-07-02T01:10:00,11.94
17488,2017-07-02T01:30:00,11.94
17489,2017-07-02T01:50:00,11.61
17490,2017-07-02T02:10:00,11.29
17491,2017-07-02T02:30:00,11.29
17492,2017-07-02T02:50:00,11.29
17493,2017-07-02T03:15:00,10.97
17494,2017-07-02T03:35:00,11.61
17495,2017-07-02T03:55:00,12.26
17496,2017-07-02T04:15:00,12.58
17497,2017-07-02T04:35:00,12.26
17498,2017-07-02T04:55:00,12.58
17499,2017-07-02T05:15:00,12.9
17500,2017-07-02T05:35:00,13.55
17501,2017-07-02T05:55:00,14.19
17502,2017-07-02T06:15:00,14.52
17503,2017-07-02T06:35:00,14.84
17504,2017-07-02T06:55:00,15.48
17505,2017-07-02T07:15:00,15.81
17506,2017-07-02T07:35:00,17.42
17507,2017-07-02T07:55:00,16.77
17508,2017-07-02T08:15:00,19.03
17509,2017-07-02T08:35:00,20
17510,2017-07-02T08:55:00,19.68
17511,2017-07-02T09:15:00,25.81
17512,2017-07-02T09:35:00,21.61
17513,2017-07-02T09:55:00,18.71
17514,2017-07-02T10:15:00,18.06
17515,2017-07-02T10:35:00,21.94
17516,2017-07-02T10:55:00,19.35
17517,2017-07-02T11:15:00,20.97
17518,2017-07-02T11:35:00,22.26
17519,2017-07-02T11:55:00,20.65
17520,2017-07-02T12:15:00,20.65
17521,2017-07-02T12:35:00,19.35
17522,2017-07-02T12:55:00,21.94
17523,2017-07-02T13:15:00,19.03
17524,2017-07-02T13:35:00,20.32
17525,2017-07-02T13:55:00,17.74
17526,2017-07-02T14:20:00,18.39
17527,2017-07-02T14:40:00,19.03
17528,2017-07-02T15:00:00,18.06
17529,2017-07-02T15:20:00,18.06
17530,2017-07-02T15:40:00,18.06
17531,2017-07-02T16:00:00,16.45
17532,2017-07-02T16:20:00,16.77
17533,2017-07-02T16:40:00,16.13
17534,2017-07-02T17:00:00,15.48
17535,2017-07-02T17:20:00,15.48
17536,2017-07-02T17:40:00,15.16
17537,2017-07-02T18:00:00,14.84
17538,2017-07-02T18:20:00,14.52
17539,2017-07-02T18:40:00,14.19
17540,2017-07-02T19:00:00,13.87
17541,2017-07-02T19:20:00,13.55
17542,2017-07-02T19:40:00,12.9
17543,2017-07-02T20:00:00,12.26
17544,2017-07-02T20:20:00,11.94
17545,2017-07-02T20:40:00,11.61
17546,2017-07-02T21:00:00,11.29
17547,2017-07-02T22:00:00,10.97
17548,2017-07-02T22:20:00,10.97
17549,2017-07-02T22:40:00,11.29
17550,2017-07-02T23:00:00,10.97
17551,2017-07-02T23:20:00,10.97
17552,2017-07-02T23:40:00,10.97
17553,2017-07-03T00:00:00,11.29
17554,2017-07-03T00:20:00,11.29
17555,2017-07-03T00:40:00,10.97
17556,2017-07-03T01:00:00,10.97
17557,2017-07-03T01:25:00,10.65
17558,2017-07-03T01:45:00,10.32
17559,2017-07-03T02:05:00,10.32
17560,2017-07-03T02:25:00,10.32
17561,2017-07-03T02:45:00,10
17562,2017-07-03T03:05:00,10
17563,2017-07-03T03:25:00,10
17564,2017-07-03T03:45:00,10.65
17565,2017-07-03T04:05:00,10.97
17566,2017-07-03T04:25:00,11.94
17567,2017-07-03T04:45:00,12.26
17568,2017-07-03T05:05:00,12.9
17569,2017-07-03T05:25:00,13.87
17570,2017-07-03T05:45:00,15.16
17571,2017-07-03T06:05:00,16.45
17572,2017-07-03T06:25:00,17.74
17573,2017-07-03T06:45:00,16.45
17574,2017-07-03T07:05:00,16.77
17575,2017-07-03T07:25:00,18.39
17576,2017-07-03T07:45:00,20.65
17577,2017-07-03T08:05:00,16.77
17578,2017-07-03T08:25:00,18.06
17579,2017-07-03T08:45:00,16.77
17580,2017-07-03T09:05:00,15.48
17581,2017-07-03T09:25:00,20
17582,2017-07-03T09:45:00,22.26
17583,2017-07-03T10:05:00,19.03
17584,2017-07-03T10:25:00,15.48
17585,2017-07-03T10:45:00,16.77
17586,2017-07-03T11:05:00,19.03
17587,2017-07-03T11:25:00,21.29
17588,2017-07-03T11:45:00,20.32
17589,2017-07-03T12:05:00,19.03
17590,2017-07-03T12:30:00,19.35
17591,2017-07-03T12:50:00,20
17592,2017-07-03T13:10:00,16.77
17593,2017-07-03T13:30:00,17.42
17594,2017-07-03T13:50:00,17.1
17595,2017-07-03T14:10:00,18.06
17596,2017-07-03T14:30:00,17.42
17597,2017-07-03T14:50:00,19.68
17598,2017-07-03T15:10:00,17.74
17599,2017-07-03T15:30:00,18.06
17600,2017-07-03T15:50:00,16.45
17601,2017-07-03T16:10:00,16.45
17602,2017-07-03T16:30:00,16.77
17603,2017-07-03T16:50:00,14.84
17604,2017-07-03T17:10:00,14.84
17605,2017-07-03T17:30:00,14.84
17606,2017-07-03T17:50:00,15.16
17607,2017-07-03T18:10:00,15.81
17608,2017-07-03T18:30:00,14.52
17609,2017-07-03T18:50:00,14.19
17610,2017-07-03T19:10:00,13.23
17611,2017-07-03T19:30:00,12.9
17612,2017-07-03T19:50:00,12.26
17613,2017-07-03T20:10:00,11.94
17614,2017-07-03T20:30:00,11.94
17615,2017-07-03T20:50:00,11.29
17616,2017-07-03T21:10:00,10.97
17617,2017-07-03T21:30:00,10.65
17618,2017-07-03T21:50:00,10.32
17619,2017-07-03T22:10:00,10.32
17620,2017-07-03T22:30:00,10.32
17621,2017-07-03T22:50:00,10
17622,2017-07-03T23:10:00,9.68
17623,2017-07-03T23:30:00,9.68
17624,2017-07-03T23:55:00,10
17625,2017-07-04T00:15:00,10.32
17626,2017-07-04T00:35:00,10.65
17627,2017-07-04T00:55:00,10.32
17628,2017-07-04T01:15:00,10.65
17629,2017-07-04T01:35:00,10.97
17630,2017-07-04T01:55:00,10.97
17631,2017-07-04T02:15:00,10.97
17632,2017-07-04T02:35:00,10.65
17633,2017-07-04T02:55:00,10.65
17634,2017-07-04T03:15:00,10.97
17635,2017-07-04T03:35:00,11.29
17636,2017-07-04T03:55:00,11.29
17637,2017-07-04T04:15:00,11.61
17638,2017-07-04T04:35:00,12.26
17639,2017-07-04T04:55:00,12.9
17640,2017-07-04T05:15:00,14.19
17641,2017-07-04T05:35:00,16.13
17642,2017-07-04T05:55:00,16.45
17643,2017-07-04T06:15:00,18.39
17644,2017-07-04T06:35:00,20.65
17645,2017-07-04T06:55:00,20.97
17646,2017-07-04T07:15:00,17.42
17647,2017-07-04T07:35:00,17.42
17648,2017-07-04T07:55:00,19.68
17649,2017-07-04T08:15:00,22.58
17650,2017-07-04T08:35:00,20.97
17651,2017-07-04T08:55:00,21.94
17652,2017-07-04T09:15:00,22.9
17653,2017-07-04T09:35:00,23.55
17654,2017-07-04T09:55:00,24.84
17655,2017-07-04T10:15:00,24.19
17656,2017-07-04T10:35:00,25.16
17657,2017-07-04T10:55:00,23.55
17658,2017-07-04T11:20:00,24.52
17659,2017-07-04T11:40:00,21.94
17660,2017-07-04T12:00:00,22.26
17661,2017-07-04T12:20:00,24.52
17662,2017-07-04T12:40:00,25.16
17663,2017-07-04T13:00:00,25.48
17664,2017-07-04T13:20:00,26.13
17665,2017-07-04T13:40:00,26.77
17666,2017-07-04T14:00:00,26.13
17667,2017-07-04T14:20:00,25.16
17668,2017-07-04T14:40:00,24.84
17669,2017-07-04T15:00:00,24.19
17670,2017-07-04T15:20:00,20.32
17671,2017-07-04T15:40:00,20
17672,2017-07-04T16:00:00,19.03
17673,2017-07-04T16:20:00,18.71
17674,2017-07-04T16:40:00,18.71
17675,2017-07-04T17:00:00,17.74
17676,2017-07-04T17:20:00,17.1
17677,2017-07-04T17:40:00,16.45
17678,2017-07-04T18:00:00,16.13
17679,2017-07-04T18:20:00,15.81
17680,2017-07-04T18:40:00,15.16
17681,2017-07-04T19:00:00,14.52
17682,2017-07-04T19:20:00,13.87
17683,2017-07-04T19:40:00,13.23
17684,2017-07-04T20:00:00,12.9
17685,2017-07-04T20:20:00,12.9
17686,2017-07-04T20:40:00,12.26
17687,2017-07-04T21:00:00,11.94
17688,2017-07-04T21:20:00,11.61
17689,2017-07-04T21:40:00,11.29
17690,2017-07-04T22:00:00,11.29
17691,2017-07-04T22:25:00,10.65
17692,2017-07-04T22:45:00,10.65
17693,2017-07-04T23:05:00,10.32
17694,2017-07-04T23:25:00,10.32
17695,2017-07-04T23:45:00,10.65
17696,2017-07-05T00:05:00,10.32
17697,2017-07-05T00:25:00,10.65
17698,2017-07-05T00:45:00,10.32
17699,2017-07-05T01:05:00,10.32
17700,2017-07-05T01:25:00,10.32
17701,2017-07-05T01:45:00,10.32
17702,2017-07-05T02:05:00,10.32
17703,2017-07-05T02:25:00,10.32
17704,2017-07-05T02:45:00,10.65
17705,2017-07-05T03:05:00,10.65
17706,2017-07-05T03:25:00,10.65
17707,2017-07-05T03:45:00,10.97
17708,2017-07-05T04:05:00,11.29
17709,2017-07-05T04:25:00,11.29
17710,2017-07-05T04:45:00,11.94
17711,2017-07-05T05:05:00,12.58
17712,2017-07-05T05:25:00,14.19
17713,2017-07-05T05:45:00,15.48
17714,2017-07-05T06:05:00,17.1
17715,2017-07-05T06:25:00,18.06
17716,2017-07-05T06:45:00,19.35
17717,2017-07-05T07:05:00,20
17718,2017-07-05T07:25:00,22.58
17719,2017-07-05T07:45:00,23.87
17720,2017-07-05T08:05:00,24.52
17721,2017-07-05T08:25:00,24.52
17722,2017-07-05T08:45:00,22.58
17723,2017-07-05T09:10:00,23.23
17724,2017-07-05T09:30:00,24.52
17725,2017-07-05T09:50:00,23.87
17726,2017-07-05T10:10:00,25.16
17727,2017-07-05T10:30:00,25.16
17728,2017-07-05T10:50:00,27.1
17729,2017-07-05T11:10:00,26.13
17730,2017-07-05T11:30:00,26.45
17731,2017-07-05T11:50:00,26.77
17732,2017-07-05T12:10:00,28.06
17733,2017-07-05T12:30:00,27.42
17734,2017-07-05T12:50:00,28.06
17735,2017-07-05T13:10:00,29.03
17736,2017-07-05T13:30:00,28.06
17737,2017-07-05T13:50:00,27.42
17738,2017-07-05T14:10:00,27.74
17739,2017-07-05T14:30:00,28.06
17740,2017-07-05T14:50:00,26.77
17741,2017-07-05T15:10:00,23.55
17742,2017-07-05T15:30:00,21.94
17743,2017-07-05T15:50:00,21.29
17744,2017-07-05T16:10:00,20.97
17745,2017-07-05T16:30:00,20
17746,2017-07-05T16:50:00,19.35
17747,2017-07-05T17:10:00,18.71
17748,2017-07-05T17:30:00,17.74
17749,2017-07-05T17:50:00,17.42
17750,2017-07-05T18:10:00,18.39
17751,2017-07-05T18:30:00,16.77
17752,2017-07-05T18:50:00,15.48
17753,2017-07-05T19:10:00,14.84
17754,2017-07-05T19:35:00,14.52
17755,2017-07-05T19:55:00,13.87
17756,2017-07-05T20:15:00,13.23
17757,2017-07-05T20:55:00,12.26
17758,2017-07-05T21:15:00,11.61
17759,2017-07-05T21:35:00,11.61
17760,2017-07-05T21:55:00,11.61
17761,2017-07-05T22:15:00,10.97
17762,2017-07-05T22:35:00,10.32
17763,2017-07-05T22:55:00,10
17764,2017-07-05T23:15:00,10
17765,2017-07-05T23:35:00,10
17766,2017-07-06T00:35:00,9.03
17767,2017-07-06T00:55:00,9.35
17768,2017-07-06T01:15:00,9.35
17769,2017-07-06T01:35:00,9.03
17770,2017-07-06T01:55:00,8.39
17771,2017-07-06T02:15:00,8.39
17772,2017-07-06T02:35:00,8.71
17773,2017-07-06T02:55:00,9.03
17774,2017-07-06T03:15:00,8.71
17775,2017-07-06T03:35:00,8.39
17776,2017-07-06T03:55:00,9.35
17777,2017-07-06T04:15:00,9.68
17778,2017-07-06T04:35:00,10.32
17779,2017-07-06T04:55:00,10.65
17780,2017-07-06T05:15:00,11.94
17781,2017-07-06T05:35:00,14.19
17782,2017-07-06T05:55:00,16.13
17783,2017-07-06T06:15:00,16.13
17784,2017-07-06T06:35:00,16.77
17785,2017-07-06T07:00:00,22.26
17786,2017-07-06T07:20:00,23.55
17787,2017-07-06T07:40:00,17.74
17788,2017-07-06T08:00:00,18.71
17789,2017-07-06T08:20:00,19.35
17790,2017-07-06T08:40:00,22.26
17791,2017-07-06T09:00:00,22.58
17792,2017-07-06T09:20:00,25.16
17793,2017-07-06T09:40:00,25.81
17794,2017-07-06T10:00:00,23.55
17795,2017-07-06T10:20:00,24.19
17796,2017-07-06T10:40:00,21.94
17797,2017-07-06T11:00:00,23.87
17798,2017-07-06T11:20:00,24.19
17799,2017-07-06T11:40:00,22.58
17800,2017-07-06T12:00:00,21.29
17801,2017-07-06T12:20:00,20.65
17802,2017-07-06T12:40:00,20.32
17803,2017-07-06T13:00:00,21.61
17804,2017-07-06T13:20:00,20.97
17805,2017-07-06T13:40:00,20.65
17806,2017-07-06T14:00:00,20
17807,2017-07-06T14:20:00,20.65
17808,2017-07-06T14:40:00,21.61
17809,2017-07-06T15:00:00,20.97
17810,2017-07-06T15:20:00,18.39
17811,2017-07-06T15:40:00,18.71
17812,2017-07-06T16:00:00,19.35
17813,2017-07-06T16:20:00,18.39
17814,2017-07-06T16:40:00,18.39
17815,2017-07-06T17:05:00,18.06
17816,2017-07-06T17:25:00,18.39
17817,2017-07-06T17:45:00,17.74
17818,2017-07-06T18:05:00,17.42
17819,2017-07-06T18:25:00,17.1
17820,2017-07-06T18:45:00,16.77
17821,2017-07-06T19:05:00,16.45
17822,2017-07-06T19:25:00,16.45
17823,2017-07-06T19:45:00,16.45
17824,2017-07-06T20:05:00,16.13
17825,2017-07-06T21:05:00,15.48
17826,2017-07-06T21:25:00,15.16
17827,2017-07-06T21:45:00,15.16
17828,2017-07-06T22:05:00,15.16
17829,2017-07-06T22:25:00,14.84
17830,2017-07-06T22:45:00,14.84
17831,2017-07-06T23:05:00,14.52
17832,2017-07-06T23:25:00,14.52
17833,2017-07-06T23:45:00,14.52
17834,2017-07-07T00:05:00,14.19
17835,2017-07-07T00:25:00,14.19
17836,2017-07-07T00:45:00,13.87
17837,2017-07-07T01:05:00,13.87
17838,2017-07-07T01:25:00,13.55
17839,2017-07-07T01:45:00,13.55
17840,2017-07-07T02:05:00,13.55
17841,2017-07-07T02:25:00,13.55
17842,2017-07-07T02:45:00,13.87
17843,2017-07-07T03:05:00,13.87
17844,2017-07-07T03:25:00,13.87
17845,2017-07-07T03:45:00,14.19
17846,2017-07-07T04:10:00,14.84
17847,2017-07-07T04:30:00,15.16
17848,2017-07-07T04:50:00,15.48
17849,2017-07-07T05:10:00,16.13
17850,2017-07-07T05:30:00,16.77
17851,2017-07-07T05:50:00,17.42
17852,2017-07-07T06:10:00,17.42
17853,2017-07-07T06:30:00,19.68
17854,2017-07-07T06:50:00,22.58
17855,2017-07-07T07:10:00,22.26
17856,2017-07-07T07:30:00,25.16
17857,2017-07-07T07:50:00,26.45
17858,2017-07-07T08:10:00,28.06
17859,2017-07-07T08:30:00,21.94
17860,2017-07-07T08:50:00,21.94
17861,2017-07-07T09:10:00,22.26
17862,2017-07-07T09:30:00,23.23
17863,2017-07-07T09:50:00,20.65
17864,2017-07-07T10:10:00,18.39
17865,2017-07-07T10:30:00,20.32
17866,2017-07-07T10:50:00,22.26
17867,2017-07-07T11:10:00,21.94
17868,2017-07-07T11:30:00,18.71
17869,2017-07-07T11:50:00,18.39
17870,2017-07-07T12:10:00,18.06
17871,2017-07-07T12:30:00,19.03
17872,2017-07-07T12:50:00,17.74
17873,2017-07-07T13:10:00,17.42
17874,2017-07-07T13:30:00,17.1
17875,2017-07-07T13:50:00,17.74
17876,2017-07-07T14:10:00,18.71
17877,2017-07-07T14:30:00,18.06
17878,2017-07-07T14:50:00,19.35
17879,2017-07-07T15:10:00,19.03
17880,2017-07-07T15:35:00,19.03
17881,2017-07-07T15:55:00,19.68
17882,2017-07-07T16:15:00,19.03
17883,2017-07-07T16:35:00,17.74
17884,2017-07-07T16:55:00,17.42
17885,2017-07-07T17:15:00,16.77
17886,2017-07-07T17:35:00,16.45
17887,2017-07-07T17:55:00,16.45
17888,2017-07-07T18:15:00,16.45
17889,2017-07-07T18:35:00,16.13
17890,2017-07-07T18:55:00,16.13
17891,2017-07-07T19:15:00,15.81
17892,2017-07-07T19:35:00,15.81
17893,2017-07-07T19:55:00,15.48
17894,2017-07-07T20:15:00,15.81
17895,2017-07-07T20:35:00,15.81
17896,2017-07-07T20:55:00,15.81
17897,2017-07-07T21:15:00,15.81
17898,2017-07-07T21:35:00,15.81
17899,2017-07-07T21:55:00,15.81
17900,2017-07-07T22:15:00,15.48
17901,2017-07-07T22:35:00,15.48
17902,2017-07-07T22:55:00,15.81
17903,2017-07-07T23:15:00,15.81
17904,2017-07-07T23:35:00,15.81
17905,2017-07-07T23:55:00,15.48
17906,2017-07-08T00:15:00,15.48
17907,2017-07-08T00:35:00,15.48
17908,2017-07-08T00:55:00,15.16
17909,2017-07-08T01:15:00,15.16
17910,2017-07-08T01:35:00,13.87
17911,2017-07-08T01:55:00,13.87
17912,2017-07-08T02:15:00,13.87
17913,2017-07-08T02:35:00,14.19
17914,2017-07-08T03:00:00,14.19
17915,2017-07-08T03:20:00,14.19
17916,2017-07-08T03:40:00,14.52
17917,2017-07-08T04:00:00,14.52
17918,2017-07-08T04:20:00,14.84
17919,2017-07-08T04:40:00,15.16
17920,2017-07-08T05:00:00,15.48
17921,2017-07-08T05:20:00,15.48
17922,2017-07-08T05:40:00,16.13
17923,2017-07-08T06:00:00,15.81
17924,2017-07-08T06:20:00,16.13
17925,2017-07-08T06:40:00,16.45
17926,2017-07-08T07:00:00,17.1
17927,2017-07-08T07:20:00,16.77
17928,2017-07-08T07:40:00,16.77
17929,2017-07-08T08:00:00,16.45
17930,2017-07-08T08:20:00,18.71
17931,2017-07-08T08:40:00,15.48
17932,2017-07-08T09:00:00,17.1
17933,2017-07-08T09:20:00,16.13
17934,2017-07-08T09:40:00,16.45
17935,2017-07-08T10:00:00,17.74
17936,2017-07-08T10:20:00,17.42
17937,2017-07-08T10:40:00,19.68
17938,2017-07-08T11:00:00,23.55
17939,2017-07-08T11:20:00,22.58
17940,2017-07-08T11:40:00,21.29
17941,2017-07-08T12:00:00,22.26
17942,2017-07-08T12:20:00,22.58
17943,2017-07-08T12:40:00,26.13
17944,2017-07-08T13:00:00,22.26
17945,2017-07-08T13:20:00,21.29
17946,2017-07-08T13:40:00,20
17947,2017-07-08T14:05:00,20.65
17948,2017-07-08T14:25:00,17.74
17949,2017-07-08T14:45:00,18.71
17950,2017-07-08T15:05:00,22.9
17951,2017-07-08T15:25:00,19.68
17952,2017-07-08T15:45:00,19.03
17953,2017-07-08T16:05:00,18.39
17954,2017-07-08T16:25:00,17.74
17955,2017-07-08T16:45:00,17.1
17956,2017-07-08T17:05:00,17.1
17957,2017-07-08T17:25:00,17.1
17958,2017-07-08T17:45:00,15.81
17959,2017-07-08T18:05:00,15.48
17960,2017-07-08T18:25:00,15.48
17961,2017-07-08T18:45:00,14.84
17962,2017-07-08T19:05:00,13.87
17963,2017-07-08T19:25:00,13.55
17964,2017-07-08T19:45:00,13.87
17965,2017-07-08T20:05:00,13.55
17966,2017-07-08T20:25:00,13.23
17967,2017-07-08T20:45:00,12.9
17968,2017-07-08T21:05:00,12.9
17969,2017-07-08T21:25:00,12.58
17970,2017-07-08T21:45:00,11.61
17971,2017-07-08T22:05:00,11.94
17972,2017-07-08T22:25:00,11.94
17973,2017-07-08T22:45:00,10.97
17974,2017-07-08T23:05:00,10.65
17975,2017-07-08T23:25:00,10.32
17976,2017-07-08T23:45:00,10
17977,2017-07-09T00:05:00,9.68
17978,2017-07-09T00:25:00,9.35
17979,2017-07-09T00:50:00,9.35
17980,2017-07-09T01:10:00,9.03
17981,2017-07-09T01:30:00,9.03
17982,2017-07-09T01:50:00,8.71
17983,2017-07-09T02:10:00,8.71
17984,2017-07-09T02:30:00,8.71
17985,2017-07-09T02:50:00,8.39
17986,2017-07-09T03:10:00,9.35
17987,2017-07-09T03:30:00,9.03
17988,2017-07-09T03:50:00,10
17989,2017-07-09T04:10:00,10.65
17990,2017-07-09T04:30:00,10.97
17991,2017-07-09T04:50:00,11.94
17992,2017-07-09T05:10:00,13.23
17993,2017-07-09T05:30:00,14.19
17994,2017-07-09T05:50:00,15.81
17995,2017-07-09T06:10:00,17.1
17996,2017-07-09T06:30:00,17.74
17997,2017-07-09T06:50:00,18.39
17998,2017-07-09T07:10:00,20.97
17999,2017-07-09T07:30:00,21.61
18000,2017-07-09T07:50:00,22.9
18001,2017-07-09T08:10:00,23.55
18002,2017-07-09T08:30:00,22.58
18003,2017-07-09T08:50:00,21.29
18004,2017-07-09T09:10:00,22.9
18005,2017-07-09T09:30:00,23.23
18006,2017-07-09T09:50:00,23.55
18007,2017-07-09T10:10:00,21.29
18008,2017-07-09T10:30:00,23.87
18009,2017-07-09T10:50:00,22.26
18010,2017-07-09T11:10:00,25.16
18011,2017-07-09T11:35:00,23.87
18012,2017-07-09T11:55:00,28.06
18013,2017-07-09T12:15:00,24.52
18014,2017-07-09T12:35:00,23.23
18015,2017-07-09T12:55:00,26.45
18016,2017-07-09T13:15:00,26.13
18017,2017-07-09T13:35:00,29.35
18018,2017-07-09T13:55:00,29.68
18019,2017-07-09T14:15:00,26.13
18020,2017-07-09T14:35:00,23.87
18021,2017-07-09T14:55:00,24.19
18022,2017-07-09T15:15:00,21.61
18023,2017-07-09T15:35:00,20.65
18024,2017-07-09T15:55:00,21.29
18025,2017-07-09T16:15:00,20.65
18026,2017-07-09T16:35:00,19.68
18027,2017-07-09T16:55:00,20.97
18028,2017-07-09T17:15:00,19.68
18029,2017-07-09T17:35:00,19.68
18030,2017-07-09T17:55:00,19.35
18031,2017-07-09T18:15:00,19.03
18032,2017-07-09T18:35:00,18.39
18033,2017-07-09T18:55:00,17.74
18034,2017-07-09T19:15:00,17.42
18035,2017-07-09T19:35:00,16.77
18036,2017-07-09T19:55:00,16.45
18037,2017-07-09T20:15:00,15.81
18038,2017-07-09T20:35:00,15.48
18039,2017-07-09T20:55:00,14.84
18040,2017-07-09T21:15:00,14.52
18041,2017-07-09T21:35:00,14.19
18042,2017-07-09T22:00:00,13.87
18043,2017-07-09T22:20:00,13.55
18044,2017-07-09T22:40:00,13.23
18045,2017-07-09T23:00:00,12.9
18046,2017-07-09T23:20:00,12.9
18047,2017-07-09T23:40:00,12.58
18048,2017-07-10T00:00:00,12.26
18049,2017-07-10T00:20:00,11.94
18050,2017-07-10T00:40:00,11.61
18051,2017-07-10T01:00:00,11.29
18052,2017-07-10T01:20:00,11.29
18053,2017-07-10T01:40:00,11.29
18054,2017-07-10T02:00:00,11.29
18055,2017-07-10T02:20:00,11.29
18056,2017-07-10T02:40:00,10.97
18057,2017-07-10T03:00:00,10.65
18058,2017-07-10T03:20:00,11.29
18059,2017-07-10T03:40:00,11.61
18060,2017-07-10T04:00:00,11.94
18061,2017-07-10T04:20:00,12.58
18062,2017-07-10T04:40:00,13.55
18063,2017-07-10T05:00:00,14.84
18064,2017-07-10T05:20:00,16.13
18065,2017-07-10T05:40:00,18.39
18066,2017-07-10T06:00:00,16.77
18067,2017-07-10T06:20:00,17.74
18068,2017-07-10T06:40:00,17.74
18069,2017-07-10T07:00:00,18.71
18070,2017-07-10T07:20:00,18.06
18071,2017-07-10T07:40:00,16.77
18072,2017-07-10T08:00:00,17.1
18073,2017-07-10T08:20:00,18.71
18074,2017-07-10T08:40:00,19.03
18075,2017-07-10T09:00:00,19.35
18076,2017-07-10T09:25:00,17.42
18077,2017-07-10T09:45:00,17.42
18078,2017-07-10T10:05:00,16.77
18079,2017-07-10T10:25:00,17.1
18080,2017-07-10T10:45:00,16.77
18081,2017-07-10T11:05:00,17.1
18082,2017-07-10T11:25:00,17.74
18083,2017-07-10T11:45:00,18.39
18084,2017-07-10T12:05:00,17.1
18085,2017-07-10T12:25:00,17.74
18086,2017-07-10T12:45:00,18.71
18087,2017-07-10T13:05:00,18.39
18088,2017-07-10T13:25:00,18.06
18089,2017-07-10T13:45:00,17.74
18090,2017-07-10T14:05:00,17.42
18091,2017-07-10T14:25:00,17.42
18092,2017-07-10T14:45:00,17.42
18093,2017-07-10T15:05:00,17.1
18094,2017-07-10T15:25:00,17.1
18095,2017-07-10T15:45:00,18.39
18096,2017-07-10T16:05:00,19.03
18097,2017-07-10T16:25:00,18.39
18098,2017-07-10T16:45:00,18.39
18099,2017-07-10T17:05:00,17.42
18100,2017-07-10T17:25:00,17.1
18101,2017-07-10T17:45:00,16.77
18102,2017-07-10T18:05:00,16.13
18103,2017-07-10T18:25:00,15.81
18104,2017-07-10T18:45:00,15.48
18105,2017-07-10T19:05:00,15.48
18106,2017-07-10T19:25:00,15.16
18107,2017-07-10T19:45:00,14.84
18108,2017-07-10T20:05:00,15.48
18109,2017-07-10T20:30:00,15.16
18110,2017-07-10T20:50:00,14.84
18111,2017-07-10T21:10:00,14.84
18112,2017-07-10T21:30:00,14.84
18113,2017-07-10T21:50:00,14.19
18114,2017-07-10T22:10:00,14.52
18115,2017-07-10T22:30:00,14.52
18116,2017-07-10T22:50:00,14.52
18117,2017-07-10T23:10:00,14.52
18118,2017-07-10T23:30:00,14.19
18119,2017-07-11T00:30:00,13.87
18120,2017-07-11T00:50:00,13.55
18121,2017-07-11T01:10:00,13.23
18122,2017-07-11T01:30:00,12.9
18123,2017-07-11T01:50:00,12.9
18124,2017-07-11T02:10:00,12.9
18125,2017-07-11T02:30:00,12.9
18126,2017-07-11T02:50:00,13.23
18127,2017-07-11T03:10:00,13.55
18128,2017-07-11T03:30:00,13.55
18129,2017-07-11T03:50:00,13.87
18130,2017-07-11T04:10:00,13.87
18131,2017-07-11T04:30:00,14.52
18132,2017-07-11T04:50:00,14.52
18133,2017-07-11T05:10:00,14.19
18134,2017-07-11T05:30:00,14.52
18135,2017-07-11T05:50:00,14.19
18136,2017-07-11T06:10:00,14.52
18137,2017-07-11T06:30:00,14.52
18138,2017-07-11T06:50:00,15.48
18139,2017-07-11T07:10:00,15.16
18140,2017-07-11T07:30:00,15.81
18141,2017-07-11T07:55:00,16.77
18142,2017-07-11T08:15:00,16.13
18143,2017-07-11T08:35:00,16.13
18144,2017-07-11T08:55:00,16.45
18145,2017-07-11T09:15:00,16.13
18146,2017-07-11T09:35:00,17.1
18147,2017-07-11T09:55:00,21.29
18148,2017-07-11T10:15:00,19.35
18149,2017-07-11T10:35:00,19.35
18150,2017-07-11T10:55:00,19.03
18151,2017-07-11T11:15:00,19.03
18152,2017-07-11T11:35:00,20.65
18153,2017-07-11T11:55:00,16.13
18154,2017-07-11T12:15:00,14.84
18155,2017-07-11T12:35:00,15.16
18156,2017-07-11T12:55:00,16.77
18157,2017-07-11T13:15:00,21.94
18158,2017-07-11T13:35:00,22.58
18159,2017-07-11T13:55:00,18.39
18160,2017-07-11T14:15:00,21.29
18161,2017-07-11T14:35:00,22.9
18162,2017-07-11T14:55:00,22.9
18163,2017-07-11T15:15:00,20.32
18164,2017-07-11T15:35:00,20
18165,2017-07-11T15:55:00,20
18166,2017-07-11T16:15:00,19.03
18167,2017-07-11T16:35:00,18.06
18168,2017-07-11T16:55:00,17.74
18169,2017-07-11T17:15:00,17.42
18170,2017-07-11T17:35:00,16.77
18171,2017-07-11T17:55:00,16.77
18172,2017-07-11T18:15:00,16.77
18173,2017-07-11T18:35:00,16.77
18174,2017-07-11T18:55:00,16.45
18175,2017-07-11T19:20:00,16.13
18176,2017-07-11T19:40:00,15.48
18177,2017-07-11T20:00:00,14.84
18178,2017-07-11T20:20:00,14.19
18179,2017-07-11T20:40:00,14.19
18180,2017-07-11T21:00:00,13.87
18181,2017-07-11T21:20:00,13.87
18182,2017-07-11T21:40:00,13.23
18183,2017-07-11T22:00:00,13.23
18184,2017-07-11T22:20:00,12.9
18185,2017-07-11T22:40:00,12.9
18186,2017-07-11T23:00:00,12.9
18187,2017-07-11T23:20:00,12.9
18188,2017-07-11T23:40:00,12.9
18189,2017-07-12T00:00:00,12.9
18190,2017-07-12T00:20:00,12.9
18191,2017-07-12T00:40:00,12.58
18192,2017-07-12T01:00:00,12.58
18193,2017-07-12T01:20:00,12.9
18194,2017-07-12T01:40:00,13.23
18195,2017-07-12T02:00:00,13.23
18196,2017-07-12T02:20:00,12.9
18197,2017-07-12T03:00:00,12.26
18198,2017-07-12T03:20:00,12.26
18199,2017-07-12T03:40:00,12.26
18200,2017-07-12T04:00:00,12.26
18201,2017-07-12T04:20:00,12.26
18202,2017-07-12T04:40:00,12.26
18203,2017-07-12T05:00:00,12.9
18204,2017-07-12T05:20:00,13.23
18205,2017-07-12T05:40:00,12.58
18206,2017-07-12T06:00:00,12.9
18207,2017-07-12T06:25:00,14.19
18208,2017-07-12T06:45:00,13.87
18209,2017-07-12T07:05:00,16.13
18210,2017-07-12T07:25:00,17.1
18211,2017-07-12T07:45:00,17.42
18212,2017-07-12T08:05:00,17.1
18213,2017-07-12T08:25:00,17.1
18214,2017-07-12T08:45:00,17.42
18215,2017-07-12T09:05:00,20
18216,2017-07-12T09:25:00,20.97
18217,2017-07-12T09:45:00,19.68
18218,2017-07-12T10:05:00,22.26
18219,2017-07-12T10:25:00,20.97
18220,2017-07-12T10:45:00,19.68
18221,2017-07-12T11:05:00,20.97
18222,2017-07-12T11:25:00,22.26
18223,2017-07-12T11:45:00,24.84
18224,2017-07-12T12:05:00,24.19
18225,2017-07-12T12:25:00,24.19
18226,2017-07-12T12:45:00,24.19
18227,2017-07-12T13:05:00,24.52
18228,2017-07-12T13:25:00,24.52
18229,2017-07-12T13:45:00,27.74
18230,2017-07-12T14:05:00,27.74
18231,2017-07-12T14:25:00,24.84
18232,2017-07-12T14:45:00,24.84
18233,2017-07-12T15:05:00,20.97
18234,2017-07-12T15:25:00,20.97
18235,2017-07-12T15:45:00,20
18236,2017-07-12T16:05:00,19.35
18237,2017-07-12T16:25:00,19.68
18238,2017-07-12T16:45:00,18.71
18239,2017-07-12T17:05:00,18.39
18240,2017-07-12T17:30:00,18.06
18241,2017-07-12T17:50:00,17.74
18242,2017-07-25T02:00:00,15.48
18243,2017-07-12T18:10:00,18.39
18244,2017-07-12T18:30:00,17.1
18245,2017-07-12T18:50:00,16.13
18246,2017-07-12T19:10:00,15.48
18247,2017-07-12T19:30:00,14.84
18248,2017-07-12T19:50:00,14.52
18249,2017-07-12T20:10:00,13.87
18250,2017-07-12T20:30:00,13.23
18251,2017-07-12T20:50:00,12.9
18252,2017-07-12T21:10:00,12.58
18253,2017-07-12T21:30:00,11.94
18254,2017-07-12T21:50:00,11.94
18255,2017-07-12T22:10:00,11.94
18256,2017-07-12T22:30:00,11.61
18257,2017-07-12T22:50:00,11.61
18258,2017-07-12T23:10:00,11.29
18259,2017-07-12T23:30:00,11.29
18260,2017-07-12T23:50:00,11.29
18261,2017-07-13T00:10:00,11.29
18262,2017-07-13T00:30:00,10.97
18263,2017-07-13T00:50:00,10.97
18264,2017-07-13T01:10:00,10.97
18265,2017-07-13T01:30:00,10.97
18266,2017-07-13T01:50:00,10.97
18267,2017-07-13T02:10:00,10.65
18268,2017-07-13T02:30:00,10.65
18269,2017-07-13T02:50:00,10.65
18270,2017-07-13T03:10:00,10.65
18271,2017-07-13T03:30:00,10.65
18272,2017-07-13T03:50:00,10.97
18273,2017-07-13T04:10:00,11.29
18274,2017-07-13T04:35:00,11.94
18275,2017-07-13T04:55:00,12.9
18276,2017-07-13T05:15:00,13.87
18277,2017-07-13T05:35:00,15.48
18278,2017-07-13T05:55:00,16.45
18279,2017-07-13T06:15:00,17.74
18280,2017-07-13T06:35:00,19.35
18281,2017-07-13T06:55:00,19.68
18282,2017-07-13T07:15:00,21.29
18283,2017-07-13T07:35:00,22.9
18284,2017-07-13T07:55:00,22.26
18285,2017-07-13T08:15:00,22.58
18286,2017-07-13T08:35:00,24.19
18287,2017-07-13T08:55:00,23.55
18288,2017-07-13T09:15:00,24.52
18289,2017-07-13T09:35:00,24.19
18290,2017-07-13T09:55:00,20.32
18291,2017-07-13T10:15:00,24.19
18292,2017-07-13T10:35:00,23.23
18293,2017-07-13T10:55:00,22.26
18294,2017-07-13T11:15:00,25.16
18295,2017-07-13T11:35:00,24.84
18296,2017-07-13T11:55:00,23.23
18297,2017-07-13T12:15:00,22.26
18298,2017-07-13T12:35:00,26.13
18299,2017-07-13T12:55:00,25.81
18300,2017-07-13T13:15:00,25.16
18301,2017-07-13T13:35:00,21.61
18302,2017-07-13T13:55:00,21.94
18303,2017-07-13T14:15:00,20.97
18304,2017-07-13T14:35:00,21.29
18305,2017-07-13T14:55:00,21.61
18306,2017-07-13T15:20:00,19.68
18307,2017-07-13T15:40:00,19.35
18308,2017-07-13T16:00:00,19.35
18309,2017-07-13T16:20:00,18.71
18310,2017-07-13T16:40:00,18.06
18311,2017-07-13T17:00:00,17.1
18312,2017-07-13T17:20:00,17.1
18313,2017-07-13T17:40:00,16.45
18314,2017-07-13T18:00:00,16.45
18315,2017-07-13T18:20:00,15.81
18316,2017-07-13T18:40:00,14.84
18317,2017-07-13T19:00:00,14.19
18318,2017-07-13T19:20:00,13.87
18319,2017-07-13T19:40:00,13.23
18320,2017-07-13T20:00:00,12.58
18321,2017-07-13T20:20:00,11.94
18322,2017-07-13T20:40:00,11.61
18323,2017-07-13T21:00:00,11.29
18324,2017-07-13T21:20:00,10.97
18325,2017-07-13T21:40:00,10.65
18326,2017-07-13T22:00:00,10.32
18327,2017-07-13T22:20:00,10
18328,2017-07-13T22:40:00,10
18329,2017-07-13T23:00:00,9.68
18330,2017-07-13T23:20:00,9.68
18331,2017-07-13T23:40:00,9.68
18332,2017-07-14T00:00:00,9.68
18333,2017-07-14T00:20:00,9.68
18334,2017-07-14T00:40:00,9.68
18335,2017-07-14T01:00:00,9.68
18336,2017-07-14T01:20:00,9.35
18337,2017-07-14T01:40:00,9.68
18338,2017-07-14T02:00:00,10
18339,2017-07-14T02:25:00,10
18340,2017-07-14T02:45:00,10
18341,2017-07-14T03:05:00,10.32
18342,2017-07-14T03:25:00,10.32
18343,2017-07-14T03:45:00,10.65
18344,2017-07-14T04:05:00,10.97
18345,2017-07-14T04:25:00,11.29
18346,2017-07-14T04:45:00,11.94
18347,2017-07-14T05:05:00,12.58
18348,2017-07-14T05:25:00,12.9
18349,2017-07-14T05:45:00,14.19
18350,2017-07-14T06:05:00,13.87
18351,2017-07-14T06:25:00,14.52
18352,2017-07-14T06:45:00,15.16
18353,2017-07-14T07:05:00,16.13
18354,2017-07-14T07:25:00,16.13
18355,2017-07-14T07:45:00,17.1
18356,2017-07-14T08:05:00,17.42
18357,2017-07-14T08:25:00,17.1
18358,2017-07-14T08:45:00,17.42
18359,2017-07-14T09:05:00,16.13
18360,2017-07-14T09:25:00,17.74
18361,2017-07-14T09:45:00,14.19
18362,2017-07-14T10:05:00,14.84
18363,2017-07-14T10:25:00,13.87
18364,2017-07-14T10:45:00,13.87
18365,2017-07-14T11:05:00,12.26
18366,2017-07-14T11:25:00,14.19
18367,2017-07-14T11:45:00,16.13
18368,2017-07-14T12:05:00,15.16
18369,2017-07-14T12:25:00,15.16
18370,2017-07-14T12:45:00,13.87
18371,2017-07-14T13:05:00,14.84
18372,2017-07-14T13:25:00,14.19
18373,2017-07-14T13:50:00,15.16
18374,2017-07-14T14:10:00,15.16
18375,2017-07-14T14:30:00,14.52
18376,2017-07-14T14:50:00,15.16
18377,2017-07-14T15:10:00,16.13
18378,2017-07-14T15:30:00,17.1
18379,2017-07-14T15:50:00,17.74
18380,2017-07-14T16:10:00,16.77
18381,2017-07-14T16:30:00,18.06
18382,2017-07-14T16:50:00,18.71
18383,2017-07-14T17:10:00,17.42
18384,2017-07-14T17:30:00,16.13
18385,2017-07-14T17:50:00,15.81
18386,2017-07-14T18:10:00,15.48
18387,2017-07-14T18:30:00,15.48
18388,2017-07-14T18:50:00,14.84
18389,2017-07-14T19:10:00,14.52
18390,2017-07-14T19:30:00,14.19
18391,2017-07-14T19:50:00,13.55
18392,2017-07-14T20:10:00,13.55
18393,2017-07-14T20:30:00,13.55
18394,2017-07-14T20:50:00,13.23
18395,2017-07-14T21:10:00,13.23
18396,2017-07-14T21:30:00,13.23
18397,2017-07-14T21:50:00,12.9
18398,2017-07-14T22:10:00,12.58
18399,2017-07-14T22:30:00,12.58
18400,2017-07-14T22:50:00,12.58
18401,2017-07-14T23:10:00,12.9
18402,2017-07-14T23:30:00,12.26
18403,2017-07-14T23:50:00,11.94
18404,2017-07-15T00:10:00,11.61
18405,2017-07-15T00:30:00,11.29
18406,2017-07-15T00:50:00,10.65
18407,2017-07-15T01:15:00,10.97
18408,2017-07-15T01:35:00,10.65
18409,2017-07-15T01:55:00,10.32
18410,2017-07-15T02:15:00,10.65
18411,2017-07-15T02:35:00,10.32
18412,2017-07-15T02:55:00,10.32
18413,2017-07-15T03:15:00,10.65
18414,2017-07-15T03:35:00,10.32
18415,2017-07-15T03:55:00,10
18416,2017-07-15T04:15:00,10.32
18417,2017-07-15T04:35:00,10.97
18418,2017-07-15T04:55:00,11.94
18419,2017-07-15T05:15:00,13.55
18420,2017-07-15T05:35:00,15.48
18421,2017-07-15T05:55:00,17.1
18422,2017-07-15T06:15:00,19.68
18423,2017-07-15T06:35:00,20.97
18424,2017-07-15T06:55:00,20.97
18425,2017-07-15T07:15:00,20.65
18426,2017-07-15T08:15:00,23.55
18427,2017-07-15T08:35:00,26.13
18428,2017-07-15T08:55:00,21.61
18429,2017-07-15T09:15:00,22.26
18430,2017-07-15T09:35:00,22.9
18431,2017-07-15T09:55:00,20.97
18432,2017-07-15T10:15:00,18.06
18433,2017-07-15T10:35:00,18.39
18434,2017-07-15T10:55:00,18.39
18435,2017-07-15T11:15:00,20.32
18436,2017-07-15T11:35:00,23.55
18437,2017-07-15T11:55:00,21.29
18438,2017-07-15T12:20:00,23.23
18439,2017-07-15T12:40:00,18.06
18440,2017-07-15T13:00:00,17.74
18441,2017-07-15T13:20:00,19.03
18442,2017-07-15T13:40:00,20
18443,2017-07-15T14:00:00,21.94
18444,2017-07-15T14:20:00,20.97
18445,2017-07-15T14:40:00,22.26
18446,2017-07-15T15:00:00,21.94
18447,2017-07-15T15:20:00,20.65
18448,2017-07-15T15:40:00,20.97
18449,2017-07-15T16:00:00,20
18450,2017-07-15T16:20:00,20
18451,2017-07-15T16:40:00,20
18452,2017-07-15T17:00:00,19.35
18453,2017-07-15T17:20:00,19.03
18454,2017-07-15T17:40:00,19.03
18455,2017-07-15T18:00:00,19.03
18456,2017-07-15T18:20:00,18.06
18457,2017-07-15T18:40:00,17.74
18458,2017-07-15T19:00:00,17.1
18459,2017-07-15T19:20:00,16.77
18460,2017-07-15T19:40:00,16.45
18461,2017-07-15T20:00:00,16.13
18462,2017-07-15T20:20:00,15.48
18463,2017-07-15T20:40:00,14.84
18464,2017-07-15T21:00:00,14.52
18465,2017-07-15T21:20:00,14.52
18466,2017-07-15T21:40:00,14.19
18467,2017-07-15T22:00:00,14.19
18468,2017-07-15T22:20:00,13.87
18469,2017-07-15T22:40:00,13.55
18470,2017-07-15T23:00:00,13.55
18471,2017-07-15T23:25:00,13.55
18472,2017-07-15T23:45:00,13.23
18473,2017-07-16T00:05:00,13.23
18474,2017-07-16T00:25:00,13.23
18475,2017-07-16T00:45:00,13.23
18476,2017-07-16T01:05:00,13.23
18477,2017-07-16T01:25:00,13.23
18478,2017-07-16T01:45:00,13.23
18479,2017-07-16T02:05:00,12.9
18480,2017-07-16T02:25:00,12.9
18481,2017-07-16T02:45:00,12.9
18482,2017-07-16T03:05:00,13.23
18483,2017-07-16T03:25:00,13.23
18484,2017-07-16T03:45:00,13.55
18485,2017-07-16T04:05:00,13.55
18486,2017-07-16T04:25:00,13.23
18487,2017-07-16T04:45:00,12.9
18488,2017-07-16T05:05:00,12.9
18489,2017-07-16T05:25:00,12.9
18490,2017-07-16T05:45:00,12.9
18491,2017-07-16T06:05:00,13.23
18492,2017-07-16T06:25:00,13.23
18493,2017-07-16T06:45:00,13.23
18494,2017-07-16T07:05:00,13.87
18495,2017-07-16T07:25:00,14.19
18496,2017-07-16T07:45:00,14.52
18497,2017-07-16T08:05:00,14.84
18498,2017-07-16T08:25:00,15.16
18499,2017-07-16T08:45:00,15.48
18500,2017-07-16T09:05:00,15.48
18501,2017-07-16T09:25:00,16.45
18502,2017-07-16T09:45:00,17.42
18503,2017-07-16T10:05:00,17.74
18504,2017-07-16T10:25:00,20.32
18505,2017-07-16T10:50:00,20
18506,2017-07-16T11:10:00,20.32
18507,2017-07-16T11:30:00,20.65
18508,2017-07-16T11:50:00,21.29
18509,2017-07-16T12:10:00,20.65
18510,2017-07-16T12:30:00,24.19
18511,2017-07-16T12:50:00,22.26
18512,2017-07-16T13:10:00,20
18513,2017-07-16T13:30:00,19.68
18514,2017-07-16T13:50:00,18.71
18515,2017-07-16T14:10:00,21.29
18516,2017-07-16T14:30:00,22.26
18517,2017-07-16T14:50:00,26.45
18518,2017-07-16T15:10:00,25.48
18519,2017-07-16T15:30:00,21.29
18520,2017-07-16T15:50:00,20.97
18521,2017-07-16T16:10:00,19.68
18522,2017-07-16T16:30:00,18.39
18523,2017-07-16T16:50:00,17.74
18524,2017-07-16T17:10:00,17.74
18525,2017-07-16T17:30:00,17.1
18526,2017-07-16T17:50:00,16.77
18527,2017-07-16T18:10:00,16.77
18528,2017-07-16T18:30:00,16.13
18529,2017-07-16T18:50:00,15.16
18530,2017-07-16T19:10:00,14.84
18531,2017-07-16T19:30:00,14.19
18532,2017-07-16T19:50:00,13.55
18533,2017-07-16T20:10:00,13.23
18534,2017-07-16T20:30:00,12.9
18535,2017-07-16T20:50:00,12.58
18536,2017-07-16T21:10:00,11.94
18537,2017-07-16T21:30:00,11.61
18538,2017-07-16T21:50:00,11.29
18539,2017-07-16T22:15:00,10.97
18540,2017-07-16T22:35:00,10.97
18541,2017-07-16T22:55:00,10.65
18542,2017-07-16T23:15:00,10.65
18543,2017-07-16T23:35:00,10.97
18544,2017-07-16T23:55:00,10.97
18545,2017-07-17T00:15:00,10.97
18546,2017-07-17T00:35:00,10.97
18547,2017-07-17T00:55:00,11.29
18548,2017-07-17T01:15:00,11.29
18549,2017-07-17T01:35:00,11.29
18550,2017-07-17T01:55:00,11.29
18551,2017-07-17T02:15:00,11.29
18552,2017-07-17T02:35:00,10.97
18553,2017-07-17T02:55:00,10.97
18554,2017-07-17T03:15:00,11.29
18555,2017-07-17T03:35:00,11.29
18556,2017-07-17T03:55:00,10.97
18557,2017-07-17T04:15:00,10.97
18558,2017-07-17T04:35:00,11.94
18559,2017-07-17T04:55:00,12.9
18560,2017-07-17T05:15:00,13.87
18561,2017-07-17T05:35:00,15.16
18562,2017-07-17T05:55:00,16.13
18563,2017-07-17T06:15:00,17.1
18564,2017-07-17T06:35:00,18.39
18565,2017-07-17T06:55:00,20
18566,2017-07-17T07:15:00,21.29
18567,2017-07-17T07:35:00,21.29
18568,2017-07-17T07:55:00,20.97
18569,2017-07-17T08:15:00,22.9
18570,2017-07-17T08:35:00,21.94
18571,2017-07-17T08:55:00,19.03
18572,2017-07-17T09:20:00,18.06
18573,2017-07-17T09:40:00,22.9
18574,2017-07-17T10:00:00,21.94
18575,2017-07-17T10:20:00,20.65
18576,2017-07-17T10:40:00,21.29
18577,2017-07-17T11:00:00,23.23
18578,2017-07-17T11:20:00,22.26
18579,2017-07-17T11:40:00,25.48
18580,2017-07-17T12:00:00,20.97
18581,2017-07-17T12:20:00,20.97
18582,2017-07-17T12:40:00,23.23
18583,2017-07-17T13:00:00,22.26
18584,2017-07-17T13:20:00,20.65
18585,2017-07-17T13:40:00,20.32
18586,2017-07-17T14:00:00,25.16
18587,2017-07-17T14:20:00,20.32
18588,2017-07-17T14:40:00,22.58
18589,2017-07-17T15:00:00,24.19
18590,2017-07-17T15:20:00,21.61
18591,2017-07-17T15:40:00,20
18592,2017-07-17T16:00:00,19.68
18593,2017-07-17T16:20:00,20
18594,2017-07-17T16:40:00,19.03
18595,2017-07-17T17:00:00,18.71
18596,2017-07-17T17:20:00,18.39
18597,2017-07-17T17:40:00,17.42
18598,2017-07-17T18:00:00,18.39
18599,2017-07-17T18:20:00,16.77
18600,2017-07-17T18:40:00,16.13
18601,2017-07-17T19:00:00,15.81
18602,2017-07-17T19:20:00,15.16
18603,2017-07-17T19:40:00,14.52
18604,2017-07-17T20:00:00,14.52
18605,2017-07-17T20:20:00,13.87
18606,2017-07-17T20:45:00,13.87
18607,2017-07-17T21:05:00,13.23
18608,2017-07-17T21:25:00,12.9
18609,2017-07-17T21:45:00,12.9
18610,2017-07-17T22:05:00,12.9
18611,2017-07-17T22:25:00,12.58
18612,2017-07-17T22:45:00,12.58
18613,2017-07-17T23:05:00,12.58
18614,2017-07-17T23:25:00,12.9
18615,2017-07-17T23:45:00,13.55
18616,2017-07-18T00:05:00,13.55
18617,2017-07-18T00:25:00,13.87
18618,2017-07-18T00:45:00,13.87
18619,2017-07-18T01:05:00,13.87
18620,2017-07-18T01:25:00,13.87
18621,2017-07-18T01:45:00,13.87
18622,2017-07-18T02:05:00,13.87
18623,2017-07-18T02:25:00,13.87
18624,2017-07-18T02:45:00,13.87
18625,2017-07-18T03:05:00,13.87
18626,2017-07-18T03:25:00,13.87
18627,2017-07-18T03:45:00,13.87
18628,2017-07-18T04:05:00,13.87
18629,2017-07-18T04:25:00,13.87
18630,2017-07-18T04:45:00,13.87
18631,2017-07-18T05:05:00,14.52
18632,2017-07-18T05:25:00,14.19
18633,2017-07-18T05:45:00,14.19
18634,2017-07-18T06:05:00,13.87
18635,2017-07-18T06:25:00,14.52
18636,2017-07-18T06:45:00,15.48
18637,2017-07-18T07:05:00,16.13
18638,2017-07-18T07:25:00,16.13
18639,2017-07-18T07:45:00,16.13
18640,2017-07-18T08:10:00,16.77
18641,2017-07-18T08:30:00,16.45
18642,2017-07-18T08:50:00,18.39
18643,2017-07-18T09:10:00,19.68
18644,2017-07-18T09:30:00,19.35
18645,2017-07-18T09:50:00,18.39
18646,2017-07-18T10:10:00,20.97
18647,2017-07-18T10:30:00,21.61
18648,2017-07-18T10:50:00,22.58
18649,2017-07-18T11:10:00,24.52
18650,2017-07-18T11:30:00,24.52
18651,2017-07-18T11:50:00,23.23
18652,2017-07-18T12:10:00,25.48
18653,2017-07-18T12:30:00,26.45
18654,2017-07-18T12:50:00,22.9
18655,2017-07-18T13:10:00,24.19
18656,2017-07-18T13:30:00,26.45
18657,2017-07-18T13:50:00,22.9
18658,2017-07-18T14:10:00,22.26
18659,2017-07-18T14:30:00,21.94
18660,2017-07-18T14:50:00,23.55
18661,2017-07-18T15:10:00,21.94
18662,2017-07-18T15:30:00,21.94
18663,2017-07-18T15:50:00,21.61
18664,2017-07-18T16:10:00,20.65
18665,2017-07-18T16:30:00,20.32
18666,2017-07-18T16:50:00,20
18667,2017-07-18T17:10:00,19.68
18668,2017-07-18T17:30:00,19.35
18669,2017-07-18T17:50:00,19.35
18670,2017-07-18T18:10:00,18.39
18671,2017-07-18T18:30:00,18.39
18672,2017-07-18T18:50:00,17.1
18673,2017-07-18T19:10:00,16.45
18674,2017-07-18T19:35:00,15.81
18675,2017-07-18T19:55:00,14.84
18676,2017-07-18T20:15:00,14.52
18677,2017-07-18T20:35:00,14.19
18678,2017-07-18T20:55:00,13.87
18679,2017-07-18T21:15:00,13.23
18680,2017-07-18T21:35:00,12.9
18681,2017-07-18T21:55:00,12.58
18682,2017-07-18T22:15:00,12.26
18683,2017-07-18T22:35:00,11.94
18684,2017-07-18T22:55:00,11.61
18685,2017-07-18T23:15:00,11.61
18686,2017-07-18T23:35:00,11.29
18687,2017-07-18T23:55:00,10.97
18688,2017-07-19T00:15:00,10.97
18689,2017-07-19T00:35:00,10.65
18690,2017-07-19T00:55:00,10.65
18691,2017-07-19T01:15:00,10.32
18692,2017-07-19T01:35:00,10.32
18693,2017-07-19T01:55:00,10
18694,2017-07-19T02:15:00,9.68
18695,2017-07-19T02:35:00,10
18696,2017-07-19T02:55:00,10
18697,2017-07-19T03:15:00,10
18698,2017-07-19T03:35:00,10.32
18699,2017-07-19T03:55:00,10.65
18700,2017-07-19T04:15:00,11.29
18701,2017-07-19T04:35:00,11.61
18702,2017-07-19T04:55:00,12.58
18703,2017-07-19T05:15:00,14.19
18704,2017-07-19T05:35:00,16.45
18705,2017-07-19T05:55:00,18.39
18706,2017-07-19T06:15:00,20.32
18707,2017-07-19T06:40:00,21.61
18708,2017-07-19T07:00:00,23.55
18709,2017-07-19T07:20:00,25.16
18710,2017-07-19T07:40:00,25.81
18711,2017-07-19T08:00:00,23.23
18712,2017-07-19T08:20:00,22.9
18713,2017-07-19T08:40:00,20.32
18714,2017-07-19T09:00:00,20.32
18715,2017-07-19T09:20:00,21.61
18716,2017-07-19T09:40:00,21.29
18717,2017-07-19T10:00:00,20.32
18718,2017-07-19T10:20:00,19.03
18719,2017-07-19T10:40:00,20.97
18720,2017-07-19T11:00:00,20
18721,2017-07-19T11:20:00,20.32
18722,2017-07-19T11:40:00,20.97
18723,2017-07-19T12:00:00,22.9
18724,2017-07-19T12:20:00,24.19
18725,2017-07-19T12:40:00,23.55
18726,2017-07-19T13:00:00,22.58
18727,2017-07-19T13:20:00,21.94
18728,2017-07-19T13:40:00,22.26
18729,2017-07-19T14:00:00,22.9
18730,2017-07-19T14:20:00,22.9
18731,2017-07-19T14:40:00,22.9
18732,2017-07-19T15:00:00,22.58
18733,2017-07-19T15:20:00,19.03
18734,2017-07-19T15:40:00,18.39
18735,2017-07-19T16:00:00,17.74
18736,2017-07-19T16:20:00,17.74
18737,2017-07-19T16:40:00,17.74
18738,2017-07-19T17:00:00,18.06
18739,2017-07-19T17:20:00,17.74
18740,2017-07-19T18:25:00,17.1
18741,2017-07-19T18:45:00,16.77
18742,2017-07-19T19:05:00,16.45
18743,2017-07-19T19:25:00,16.77
18744,2017-07-19T19:45:00,16.77
18745,2017-07-19T20:05:00,16.77
18746,2017-07-19T20:25:00,16.13
18747,2017-07-19T20:45:00,16.13
18748,2017-07-19T21:05:00,15.81
18749,2017-07-19T21:25:00,15.81
18750,2017-07-19T21:45:00,15.48
18751,2017-07-19T22:05:00,15.48
18752,2017-07-19T22:25:00,15.48
18753,2017-07-19T22:45:00,15.16
18754,2017-07-19T23:05:00,15.16
18755,2017-07-19T23:25:00,15.16
18756,2017-07-19T23:45:00,14.84
18757,2017-07-20T00:05:00,14.84
18758,2017-07-20T00:25:00,14.84
18759,2017-07-20T00:45:00,14.84
18760,2017-07-20T01:05:00,14.84
18761,2017-07-20T01:25:00,14.84
18762,2017-07-20T01:45:00,14.52
18763,2017-07-20T02:05:00,14.52
18764,2017-07-20T02:25:00,14.52
18765,2017-07-20T02:45:00,14.52
18766,2017-07-20T03:05:00,14.52
18767,2017-07-20T03:25:00,14.84
18768,2017-07-20T03:45:00,15.16
18769,2017-07-20T04:05:00,15.16
18770,2017-07-20T04:25:00,15.48
18771,2017-07-20T04:50:00,15.48
18772,2017-07-20T05:10:00,15.81
18773,2017-07-20T05:30:00,17.1
18774,2017-07-20T05:50:00,17.42
18775,2017-07-20T06:10:00,17.74
18776,2017-07-20T06:30:00,18.06
18777,2017-07-20T06:50:00,19.35
18778,2017-07-20T07:10:00,19.68
18779,2017-07-20T07:30:00,20.32
18780,2017-07-20T07:50:00,21.61
18781,2017-07-20T08:10:00,21.61
18782,2017-07-20T08:30:00,21.61
18783,2017-07-20T08:50:00,22.26
18784,2017-07-20T09:10:00,22.26
18785,2017-07-20T09:30:00,21.94
18786,2017-07-20T09:50:00,22.9
18787,2017-07-20T10:10:00,22.9
18788,2017-07-20T10:30:00,22.26
18789,2017-07-20T10:50:00,21.29
18790,2017-07-20T11:10:00,21.29
18791,2017-07-20T11:30:00,19.35
18792,2017-07-20T11:50:00,19.03
18793,2017-07-20T12:10:00,19.68
18794,2017-07-20T12:30:00,18.39
18795,2017-07-20T12:50:00,18.39
18796,2017-07-20T13:10:00,18.06
18797,2017-07-20T13:30:00,18.71
18798,2017-07-20T13:50:00,19.03
18799,2017-07-20T14:10:00,18.39
18800,2017-07-20T14:30:00,18.06
18801,2017-07-20T14:50:00,18.06
18802,2017-07-20T15:10:00,17.74
18803,2017-07-20T15:30:00,18.06
18804,2017-07-20T15:55:00,17.74
18805,2017-07-20T16:15:00,17.74
18806,2017-07-20T16:35:00,17.1
18807,2017-07-20T16:55:00,16.77
18808,2017-07-20T17:15:00,16.77
18809,2017-07-20T17:35:00,16.45
18810,2017-07-20T17:55:00,16.13
18811,2017-07-20T18:15:00,16.13
18812,2017-07-20T18:35:00,16.13
18813,2017-07-20T18:55:00,16.13
18814,2017-07-20T19:15:00,16.13
18815,2017-07-20T19:35:00,16.13
18816,2017-07-20T19:55:00,15.81
18817,2017-07-20T20:15:00,15.81
18818,2017-07-20T20:35:00,15.48
18819,2017-07-20T20:55:00,15.48
18820,2017-07-20T21:15:00,15.48
18821,2017-07-20T21:35:00,15.81
18822,2017-07-20T21:55:00,15.81
18823,2017-07-20T22:15:00,15.81
18824,2017-07-20T22:35:00,15.48
18825,2017-07-20T22:55:00,15.48
18826,2017-07-20T23:15:00,15.48
18827,2017-07-20T23:35:00,15.81
18828,2017-07-20T23:55:00,15.81
18829,2017-07-21T00:15:00,15.81
18830,2017-07-21T00:35:00,15.81
18831,2017-07-21T00:55:00,15.48
18832,2017-07-21T01:15:00,15.48
18833,2017-07-21T01:35:00,15.48
18834,2017-07-21T01:55:00,15.48
18835,2017-07-21T02:15:00,15.48
18836,2017-07-21T02:35:00,15.48
18837,2017-07-21T02:55:00,15.48
18838,2017-07-21T03:20:00,15.48
18839,2017-07-21T03:40:00,15.81
18840,2017-07-21T04:00:00,15.81
18841,2017-07-21T04:20:00,15.81
18842,2017-07-21T04:40:00,16.13
18843,2017-07-21T05:00:00,16.45
18844,2017-07-21T05:20:00,17.1
18845,2017-07-21T05:40:00,17.74
18846,2017-07-21T06:00:00,18.39
18847,2017-07-21T06:20:00,18.39
18848,2017-07-21T06:40:00,19.68
18849,2017-07-21T07:00:00,19.03
18850,2017-07-21T07:20:00,19.03
18851,2017-07-21T07:40:00,18.71
18852,2017-07-21T08:00:00,18.06
18853,2017-07-21T08:20:00,18.71
18854,2017-07-21T08:40:00,18.39
18855,2017-07-21T09:00:00,18.39
18856,2017-07-21T09:20:00,20
18857,2017-07-21T09:40:00,20
18858,2017-07-21T10:00:00,23.23
18859,2017-07-21T10:20:00,20.97
18860,2017-07-21T10:40:00,22.26
18861,2017-07-21T11:00:00,20.32
18862,2017-07-21T11:20:00,19.68
18863,2017-07-21T11:40:00,21.29
18864,2017-07-21T12:00:00,24.19
18865,2017-07-21T12:20:00,25.48
18866,2017-07-21T12:40:00,27.1
18867,2017-07-21T13:00:00,25.48
18868,2017-07-21T13:20:00,24.84
18869,2017-07-21T13:40:00,21.29
18870,2017-07-21T14:00:00,20
18871,2017-07-21T14:20:00,19.35
18872,2017-07-21T14:45:00,19.35
18873,2017-07-21T15:05:00,19.03
18874,2017-07-21T15:25:00,19.03
18875,2017-07-21T15:45:00,18.71
18876,2017-07-21T16:05:00,18.71
18877,2017-07-21T16:25:00,19.35
18878,2017-07-21T16:45:00,19.68
18879,2017-07-21T17:05:00,19.35
18880,2017-07-21T17:25:00,19.35
18881,2017-07-21T17:45:00,19.03
18882,2017-07-21T18:05:00,18.39
18883,2017-07-21T18:25:00,17.74
18884,2017-07-21T18:45:00,17.74
18885,2017-07-21T19:05:00,17.1
18886,2017-07-21T19:25:00,16.77
18887,2017-07-21T19:45:00,17.1
18888,2017-07-21T20:05:00,16.77
18889,2017-07-21T20:25:00,16.77
18890,2017-07-21T20:45:00,16.77
18891,2017-07-21T21:05:00,16.45
18892,2017-07-21T21:25:00,16.77
18893,2017-07-21T21:45:00,16.13
18894,2017-07-21T22:05:00,16.13
18895,2017-07-21T22:25:00,15.81
18896,2017-07-21T22:45:00,15.48
18897,2017-07-21T23:05:00,15.48
18898,2017-07-21T23:25:00,15.48
18899,2017-07-21T23:45:00,15.48
18900,2017-07-22T00:05:00,15.48
18901,2017-07-22T00:25:00,15.48
18902,2017-07-22T00:45:00,15.16
18903,2017-07-22T01:05:00,15.16
18904,2017-07-22T01:25:00,15.48
18905,2017-07-22T01:50:00,15.16
18906,2017-07-22T02:10:00,15.48
18907,2017-07-22T02:30:00,15.48
18908,2017-07-22T02:50:00,15.48
18909,2017-07-22T03:10:00,15.48
18910,2017-07-22T03:30:00,15.48
18911,2017-07-22T03:50:00,15.48
18912,2017-07-22T04:10:00,15.48
18913,2017-07-22T04:30:00,15.48
18914,2017-07-22T04:50:00,15.48
18915,2017-07-22T05:10:00,15.48
18916,2017-07-22T05:30:00,15.16
18917,2017-07-22T05:50:00,15.16
18918,2017-07-22T06:10:00,15.16
18919,2017-07-22T06:30:00,15.48
18920,2017-07-22T06:50:00,15.81
18921,2017-07-22T07:10:00,15.81
18922,2017-07-22T07:30:00,16.13
18923,2017-07-22T07:50:00,16.45
18924,2017-07-22T08:10:00,16.13
18925,2017-07-22T08:30:00,16.13
18926,2017-07-22T08:50:00,16.13
18927,2017-07-22T09:10:00,16.45
18928,2017-07-22T09:30:00,18.06
18929,2017-07-22T09:50:00,20.32
18930,2017-07-22T10:10:00,20.65
18931,2017-07-22T10:30:00,19.35
18932,2017-07-22T10:50:00,18.71
18933,2017-07-22T11:10:00,20.97
18934,2017-07-22T11:30:00,20.97
18935,2017-07-22T11:50:00,21.61
18936,2017-07-22T12:10:00,22.26
18937,2017-07-22T12:30:00,20
18938,2017-07-22T12:50:00,20
18939,2017-07-22T13:15:00,19.68
18940,2017-07-22T13:35:00,20
18941,2017-07-22T13:55:00,18.71
18942,2017-07-22T14:15:00,18.39
18943,2017-07-22T14:35:00,18.39
18944,2017-07-22T14:55:00,18.06
18945,2017-07-22T15:15:00,16.77
18946,2017-07-22T15:35:00,14.84
18947,2017-07-22T15:55:00,14.84
18948,2017-07-22T16:15:00,15.81
18949,2017-07-22T16:35:00,16.13
18950,2017-07-22T16:55:00,16.45
18951,2017-07-22T17:15:00,16.77
18952,2017-07-22T17:35:00,17.1
18953,2017-07-22T17:55:00,17.42
18954,2017-07-22T18:15:00,17.1
18955,2017-07-22T18:35:00,16.77
18956,2017-07-22T18:55:00,16.77
18957,2017-07-22T19:15:00,16.77
18958,2017-07-22T19:35:00,16.77
18959,2017-07-22T19:55:00,16.77
18960,2017-07-22T20:15:00,16.77
18961,2017-07-22T20:35:00,16.77
18962,2017-07-22T20:55:00,16.77
18963,2017-07-22T21:15:00,16.77
18964,2017-07-22T21:35:00,16.77
18965,2017-07-22T21:55:00,16.45
18966,2017-07-22T22:15:00,16.45
18967,2017-07-22T22:35:00,16.45
18968,2017-07-22T22:55:00,16.45
18969,2017-07-22T23:15:00,16.13
18970,2017-07-22T23:35:00,16.45
18971,2017-07-22T23:55:00,16.13
18972,2017-07-23T00:15:00,16.13
18973,2017-07-23T00:40:00,16.13
18974,2017-07-23T01:00:00,15.48
18975,2017-07-23T01:20:00,15.81
18976,2017-07-23T01:40:00,15.48
18977,2017-07-23T02:00:00,15.48
18978,2017-07-23T02:20:00,14.84
18979,2017-07-23T02:40:00,15.16
18980,2017-07-23T03:00:00,15.16
18981,2017-07-23T03:20:00,15.16
18982,2017-07-23T03:40:00,15.16
18983,2017-07-23T04:00:00,14.84
18984,2017-07-23T04:20:00,14.52
18985,2017-07-23T04:40:00,13.55
18986,2017-07-23T05:00:00,14.52
18987,2017-07-23T05:20:00,14.52
18988,2017-07-23T05:40:00,13.23
18989,2017-07-23T06:00:00,13.55
18990,2017-07-23T06:20:00,13.55
18991,2017-07-23T06:40:00,13.87
18992,2017-07-23T07:00:00,14.19
18993,2017-07-23T07:20:00,14.84
18994,2017-07-23T07:40:00,15.16
18995,2017-07-23T08:00:00,15.48
18996,2017-07-23T08:20:00,15.48
18997,2017-07-23T08:40:00,15.48
18998,2017-07-23T09:00:00,15.81
18999,2017-07-23T09:20:00,16.13
19000,2017-07-23T09:40:00,16.45
19001,2017-07-23T10:00:00,16.45
19002,2017-07-23T10:20:00,16.45
19003,2017-07-23T10:40:00,16.45
19004,2017-07-23T11:00:00,16.77
19005,2017-07-23T11:20:00,16.13
19006,2017-07-23T11:40:00,16.45
19007,2017-07-23T12:05:00,16.45
19008,2017-07-23T12:25:00,15.81
19009,2017-07-23T12:45:00,15.48
19010,2017-07-23T13:05:00,15.48
19011,2017-07-23T13:25:00,15.81
19012,2017-07-23T13:45:00,15.81
19013,2017-07-23T14:05:00,15.81
19014,2017-07-23T14:25:00,15.48
19015,2017-07-23T14:45:00,15.16
19016,2017-07-23T15:05:00,15.16
19017,2017-07-23T15:25:00,15.16
19018,2017-07-23T15:45:00,15.16
19019,2017-07-23T16:05:00,15.16
19020,2017-07-23T16:25:00,15.81
19021,2017-07-23T16:45:00,16.13
19022,2017-07-23T17:05:00,16.13
19023,2017-07-23T17:25:00,16.13
19024,2017-07-23T17:45:00,16.13
19025,2017-07-23T18:05:00,15.81
19026,2017-07-23T18:25:00,15.81
19027,2017-07-23T18:45:00,15.48
19028,2017-07-23T19:05:00,15.16
19029,2017-07-23T19:25:00,14.84
19030,2017-07-23T19:45:00,14.52
19031,2017-07-23T20:05:00,14.52
19032,2017-07-23T20:25:00,14.19
19033,2017-07-23T20:45:00,13.87
19034,2017-07-23T21:05:00,13.55
19035,2017-07-23T21:25:00,13.55
19036,2017-07-23T21:45:00,13.23
19037,2017-07-23T22:05:00,13.55
19038,2017-07-23T22:25:00,13.23
19039,2017-07-23T22:45:00,13.23
19040,2017-07-23T23:10:00,12.9
19041,2017-07-23T23:30:00,12.58
19042,2017-07-23T23:50:00,12.26
19043,2017-07-24T00:10:00,11.94
19044,2017-07-24T00:30:00,12.26
19045,2017-07-24T00:50:00,12.26
19046,2017-07-24T01:10:00,11.94
19047,2017-07-24T01:30:00,11.94
19048,2017-07-24T01:50:00,11.94
19049,2017-07-24T02:10:00,11.61
19050,2017-07-24T02:30:00,11.61
19051,2017-07-24T02:50:00,11.61
19052,2017-07-24T03:10:00,11.61
19053,2017-07-24T03:30:00,11.29
19054,2017-07-24T03:50:00,10.97
19055,2017-07-24T04:10:00,11.29
19056,2017-07-24T05:10:00,12.9
19057,2017-07-24T05:30:00,15.81
19058,2017-07-24T05:50:00,14.19
19059,2017-07-24T06:10:00,17.74
19060,2017-07-24T06:30:00,15.81
19061,2017-07-24T06:50:00,16.77
19062,2017-07-24T07:10:00,18.71
19063,2017-07-24T07:30:00,19.35
19064,2017-07-24T07:50:00,21.94
19065,2017-07-24T08:10:00,20.97
19066,2017-07-24T08:30:00,26.13
19067,2017-07-24T08:50:00,24.19
19068,2017-07-24T09:10:00,28.39
19069,2017-07-24T09:30:00,24.19
19070,2017-07-24T09:50:00,26.45
19071,2017-07-24T10:10:00,21.61
19072,2017-07-24T10:35:00,20.65
19073,2017-07-24T10:55:00,23.23
19074,2017-07-24T11:15:00,20.65
19075,2017-07-24T11:35:00,21.29
19076,2017-07-24T11:55:00,19.03
19077,2017-07-24T12:15:00,20.65
19078,2017-07-24T12:35:00,19.03
19079,2017-07-24T12:55:00,20.32
19080,2017-07-24T13:15:00,20.32
19081,2017-07-24T13:35:00,20
19082,2017-07-24T13:55:00,18.71
19083,2017-07-24T14:15:00,18.39
19084,2017-07-24T14:35:00,19.03
19085,2017-07-24T14:55:00,19.03
19086,2017-07-24T15:15:00,18.39
19087,2017-07-24T15:35:00,17.74
19088,2017-07-24T15:55:00,18.06
19089,2017-07-24T16:15:00,16.77
19090,2017-07-24T16:35:00,16.77
19091,2017-07-24T16:55:00,16.45
19092,2017-07-24T17:15:00,16.45
19093,2017-07-24T17:35:00,16.45
19094,2017-07-24T17:55:00,16.45
19095,2017-07-24T18:15:00,16.45
19096,2017-07-24T18:35:00,16.45
19097,2017-07-24T18:55:00,16.45
19098,2017-07-24T19:15:00,16.13
19099,2017-07-24T19:35:00,16.13
19100,2017-07-24T19:55:00,16.13
19101,2017-07-24T20:15:00,16.13
19102,2017-07-24T20:35:00,16.13
19103,2017-07-24T20:55:00,16.13
19104,2017-07-24T21:15:00,16.13
19105,2017-07-24T21:35:00,16.13
19106,2017-07-24T22:00:00,16.13
19107,2017-07-24T22:20:00,16.13
19108,2017-07-24T22:40:00,16.13
19109,2017-07-24T23:00:00,15.81
19110,2017-07-24T23:20:00,15.81
19111,2017-07-24T23:40:00,15.48
19112,2017-07-25T00:00:00,15.48
19113,2017-07-25T00:20:00,15.16
19114,2017-07-25T00:40:00,15.16
19115,2017-07-25T01:00:00,15.16
19116,2017-07-25T01:20:00,15.48
19117,2017-07-25T01:40:00,15.48
19118,2017-07-25T02:20:00,15.48
19119,2017-07-25T02:40:00,15.48
19120,2017-07-25T03:00:00,15.48
19121,2017-07-25T03:20:00,15.48
19122,2017-07-25T03:40:00,15.16
19123,2017-07-25T04:00:00,15.48
19124,2017-07-25T04:20:00,15.48
19125,2017-07-25T04:40:00,15.81
19126,2017-07-25T05:00:00,16.13
19127,2017-07-25T05:20:00,16.77
19128,2017-07-25T05:40:00,17.42
19129,2017-07-25T06:00:00,18.06
19130,2017-07-25T06:20:00,19.35
19131,2017-07-25T06:40:00,19.68
19132,2017-07-25T07:00:00,20.97
19133,2017-07-25T07:20:00,22.58
19134,2017-07-25T07:40:00,22.26
19135,2017-07-25T08:00:00,22.9
19136,2017-07-25T08:20:00,22.9
19137,2017-07-25T08:40:00,22.58
19138,2017-07-25T09:00:00,22.9
19139,2017-07-25T09:25:00,21.61
19140,2017-07-25T09:45:00,21.61
19141,2017-07-25T10:05:00,21.94
19142,2017-07-25T10:25:00,21.61
19143,2017-07-25T10:45:00,21.94
19144,2017-07-25T11:05:00,21.94
19145,2017-07-25T11:25:00,21.29
19146,2017-07-25T11:45:00,20.97
19147,2017-07-25T12:05:00,20.32
19148,2017-07-25T12:25:00,20.32
19149,2017-07-25T12:45:00,20.32
19150,2017-07-25T13:05:00,20.32
19151,2017-07-25T13:25:00,19.68
19152,2017-07-25T13:45:00,20
19153,2017-07-25T14:05:00,20
19154,2017-07-25T14:25:00,20
19155,2017-07-25T14:45:00,20
19156,2017-07-25T15:05:00,19.68
19157,2017-07-25T15:25:00,19.35
19158,2017-07-25T15:45:00,19.35
19159,2017-07-25T16:05:00,19.03
19160,2017-07-25T16:25:00,18.71
19161,2017-07-25T16:45:00,18.71
19162,2017-07-25T17:05:00,18.71
19163,2017-07-25T17:25:00,18.39
19164,2017-07-25T17:45:00,18.06
19165,2017-07-25T18:05:00,17.74
19166,2017-07-25T18:25:00,17.74
19167,2017-07-25T18:45:00,17.42
19168,2017-07-25T19:05:00,17.42
19169,2017-07-25T19:25:00,17.1
19170,2017-07-25T19:45:00,17.1
19171,2017-07-25T20:05:00,16.77
19172,2017-07-25T20:25:00,16.45
19173,2017-07-25T20:50:00,16.45
19174,2017-07-25T21:10:00,16.45
19175,2017-07-25T21:30:00,16.45
19176,2017-07-25T21:50:00,16.45
19177,2017-07-25T22:10:00,16.45
19178,2017-07-25T22:30:00,16.45
19179,2017-07-25T22:50:00,16.13
19180,2017-07-25T23:10:00,15.81
19181,2017-07-25T23:30:00,15.81
19182,2017-07-25T23:50:00,16.13
19183,2017-07-26T00:10:00,16.13
19184,2017-07-26T00:30:00,15.81
19185,2017-07-26T00:50:00,15.81
19186,2017-07-26T01:10:00,15.81
19187,2017-07-26T01:30:00,15.81
19188,2017-07-26T01:50:00,15.48
19189,2017-07-26T02:10:00,15.48
19190,2017-07-26T02:30:00,15.16
19191,2017-07-26T02:50:00,15.48
19192,2017-07-26T03:10:00,15.48
19193,2017-07-26T03:30:00,15.16
19194,2017-07-26T03:50:00,15.16
19195,2017-07-26T04:10:00,15.16
19196,2017-07-26T04:30:00,15.81
19197,2017-07-26T04:50:00,16.13
19198,2017-07-26T05:10:00,17.1
19199,2017-07-26T05:30:00,17.1
19200,2017-07-26T05:50:00,17.74
19201,2017-07-26T06:10:00,18.71
19202,2017-07-26T06:30:00,19.68
19203,2017-07-26T06:50:00,20.32
19204,2017-07-26T07:10:00,21.29
19205,2017-07-26T07:30:00,21.61
19206,2017-07-26T07:55:00,23.23
19207,2017-07-26T08:15:00,29.03
19208,2017-07-26T08:35:00,30
19209,2017-07-26T08:55:00,32.58
19210,2017-07-26T09:15:00,32.9
19211,2017-07-26T09:35:00,29.35
19212,2017-07-26T09:55:00,26.45
19213,2017-07-26T10:15:00,23.55
19214,2017-07-26T10:35:00,25.48
19215,2017-07-26T10:55:00,25.16
19216,2017-07-26T11:15:00,23.87
19217,2017-07-26T11:35:00,23.87
19218,2017-07-26T11:55:00,24.84
19219,2017-07-26T12:15:00,27.74
19220,2017-07-26T12:35:00,24.52
19221,2017-07-26T12:55:00,22.9
19222,2017-07-26T13:15:00,25.48
19223,2017-07-26T13:35:00,23.23
19224,2017-07-26T13:55:00,26.13
19225,2017-07-26T14:15:00,25.16
19226,2017-07-26T14:35:00,20.65
19227,2017-07-26T14:55:00,22.9
19228,2017-07-26T15:15:00,20
19229,2017-07-26T15:35:00,19.03
19230,2017-07-26T15:55:00,19.03
19231,2017-07-26T16:15:00,18.71
19232,2017-07-26T16:35:00,18.71
19233,2017-07-26T16:55:00,18.71
19234,2017-07-26T17:15:00,18.39
19235,2017-07-26T17:35:00,18.71
19236,2017-07-26T17:55:00,18.39
19237,2017-07-26T18:15:00,18.06
19238,2017-07-26T18:35:00,17.74
19239,2017-07-26T18:55:00,17.42
19240,2017-07-26T19:20:00,17.42
19241,2017-07-26T19:40:00,17.1
19242,2017-07-26T20:00:00,16.77
19243,2017-07-26T20:20:00,16.45
19244,2017-07-26T20:40:00,16.45
19245,2017-07-26T21:00:00,16.13
19246,2017-07-26T21:20:00,16.13
19247,2017-07-26T21:40:00,16.45
19248,2017-07-26T22:00:00,16.45
19249,2017-07-26T22:20:00,16.45
19250,2017-07-26T22:40:00,16.45
19251,2017-07-26T23:00:00,16.45
19252,2017-07-26T23:20:00,16.13
19253,2017-07-26T23:40:00,15.81
19254,2017-07-27T00:00:00,15.48
19255,2017-07-27T00:20:00,15.48
19256,2017-07-27T00:40:00,15.81
19257,2017-07-27T01:00:00,15.48
19258,2017-07-27T01:20:00,15.48
19259,2017-07-27T01:40:00,15.48
19260,2017-07-27T02:00:00,15.16
19261,2017-07-27T02:20:00,15.16
19262,2017-07-27T02:40:00,14.84
19263,2017-07-27T03:00:00,15.16
19264,2017-07-27T03:20:00,15.16
19265,2017-07-27T03:40:00,15.81
19266,2017-07-27T04:00:00,15.81
19267,2017-07-27T04:20:00,15.81
19268,2017-07-27T04:40:00,15.81
19269,2017-07-27T05:00:00,16.45
19270,2017-07-27T05:20:00,16.13
19271,2017-07-27T05:40:00,16.45
19272,2017-07-27T06:00:00,16.77
19273,2017-07-27T06:20:00,17.42
19274,2017-07-27T06:45:00,18.06
19275,2017-07-27T07:05:00,17.42
19276,2017-07-27T07:25:00,17.1
19277,2017-07-27T07:45:00,17.42
19278,2017-07-27T08:05:00,17.42
19279,2017-07-27T08:25:00,17.42
19280,2017-07-27T08:45:00,17.74
19281,2017-07-27T09:05:00,17.42
19282,2017-07-27T09:25:00,17.42
19283,2017-07-27T09:45:00,16.77
19284,2017-07-27T10:05:00,15.81
19285,2017-07-27T10:25:00,15.81
19286,2017-07-27T10:45:00,15.81
19287,2017-07-27T11:05:00,16.13
19288,2017-07-27T11:25:00,18.06
19289,2017-07-27T11:45:00,20
19290,2017-07-27T12:05:00,19.35
19291,2017-07-27T12:25:00,19.68
19292,2017-07-27T12:45:00,20
19293,2017-07-27T13:05:00,20.32
19294,2017-07-27T13:25:00,20.97
19295,2017-07-27T13:45:00,22.26
19296,2017-07-27T14:05:00,22.9
19297,2017-07-27T14:25:00,20.65
19298,2017-07-27T14:45:00,21.29
19299,2017-07-27T15:05:00,21.61
19300,2017-07-27T15:25:00,20.97
19301,2017-07-27T15:45:00,20.65
19302,2017-07-27T16:05:00,19.35
19303,2017-07-27T16:25:00,18.71
19304,2017-07-27T16:45:00,18.71
19305,2017-07-27T17:05:00,18.06
19306,2017-07-27T17:25:00,17.42
19307,2017-07-27T17:45:00,16.77
19308,2017-07-27T18:10:00,16.13
19309,2017-07-27T18:30:00,16.13
19310,2017-07-27T18:50:00,15.81
19311,2017-07-27T19:10:00,15.48
19312,2017-07-27T19:30:00,15.48
19313,2017-07-27T19:50:00,15.16
19314,2017-07-27T20:10:00,14.84
19315,2017-07-27T20:30:00,14.84
19316,2017-07-27T20:50:00,14.19
19317,2017-07-27T21:10:00,13.55
19318,2017-07-27T21:30:00,13.55
19319,2017-07-27T21:50:00,13.55
19320,2017-07-27T22:10:00,13.23
19321,2017-07-27T22:30:00,12.9
19322,2017-07-27T22:50:00,12.58
19323,2017-07-27T23:10:00,12.26
19324,2017-07-27T23:30:00,12.26
19325,2017-07-27T23:50:00,11.94
19326,2017-07-28T00:10:00,11.94
19327,2017-07-28T00:30:00,11.61
19328,2017-07-28T00:50:00,11.61
19329,2017-07-28T01:10:00,11.61
19330,2017-07-28T01:30:00,11.29
19331,2017-07-28T01:50:00,11.29
19332,2017-07-28T02:10:00,11.29
19333,2017-07-28T02:30:00,11.29
19334,2017-07-28T02:50:00,10.97
19335,2017-07-28T03:10:00,10.97
19336,2017-07-28T03:30:00,11.29
19337,2017-07-28T03:50:00,11.29
19338,2017-07-28T04:10:00,11.61
19339,2017-07-28T04:30:00,12.26
19340,2017-07-28T04:50:00,12.9
19341,2017-07-28T05:10:00,14.19
19342,2017-07-28T05:35:00,15.16
19343,2017-07-28T05:55:00,16.45
19344,2017-07-28T06:15:00,17.74
19345,2017-07-28T06:35:00,16.45
19346,2017-07-28T06:55:00,18.71
19347,2017-07-28T07:15:00,20
19348,2017-07-28T07:35:00,19.68
19349,2017-07-28T07:55:00,21.61
19350,2017-07-28T08:15:00,19.68
19351,2017-07-28T08:35:00,20
19352,2017-07-28T08:55:00,19.68
19353,2017-07-28T09:15:00,18.06
19354,2017-07-28T09:35:00,16.45
19355,2017-07-28T09:55:00,18.06
19356,2017-07-28T10:15:00,18.71
19357,2017-07-28T10:35:00,21.94
19358,2017-07-28T10:55:00,21.61
19359,2017-07-28T11:15:00,21.94
19360,2017-07-28T11:35:00,20.65
19361,2017-07-28T11:55:00,19.03
19362,2017-07-28T12:15:00,20.65
19363,2017-07-28T12:35:00,18.39
19364,2017-07-28T12:55:00,15.81
19365,2017-07-28T13:15:00,20.32
19366,2017-07-28T13:35:00,21.61
19367,2017-07-28T13:55:00,20.65
19368,2017-07-28T14:15:00,21.94
19369,2017-07-28T14:35:00,22.58
19370,2017-07-28T14:55:00,20
19371,2017-07-28T15:15:00,19.35
19372,2017-07-28T15:35:00,19.03
19373,2017-07-28T15:55:00,19.35
19374,2017-07-28T16:15:00,19.35
19375,2017-07-28T16:40:00,17.74
19376,2017-07-28T17:00:00,17.42
19377,2017-07-28T17:20:00,17.74
19378,2017-07-28T17:40:00,16.77
19379,2017-07-28T18:00:00,14.52
19380,2017-07-28T18:20:00,14.84
19381,2017-07-28T18:40:00,14.52
19382,2017-07-28T19:00:00,14.52
19383,2017-07-28T19:20:00,14.19
19384,2017-07-28T19:40:00,14.19
19385,2017-07-28T20:00:00,14.19
19386,2017-07-28T21:00:00,14.19
19387,2017-07-28T21:20:00,14.19
19388,2017-07-28T21:40:00,13.87
19389,2017-07-28T22:00:00,13.55
19390,2017-07-28T22:20:00,13.55
19391,2017-07-28T22:40:00,13.55
19392,2017-07-28T23:00:00,13.23
19393,2017-07-28T23:20:00,12.9
19394,2017-07-28T23:40:00,12.58
19395,2017-07-29T00:00:00,12.58
19396,2017-07-29T00:20:00,12.26
19397,2017-07-29T00:40:00,12.26
19398,2017-07-29T01:00:00,12.58
19399,2017-07-29T01:20:00,12.9
19400,2017-07-29T01:40:00,12.9
19401,2017-07-29T02:00:00,13.23
19402,2017-07-29T02:20:00,13.87
19403,2017-07-29T02:40:00,13.87
19404,2017-07-29T03:00:00,13.87
19405,2017-07-29T03:20:00,13.23
19406,2017-07-29T03:40:00,13.55
19407,2017-07-29T04:05:00,13.55
19408,2017-07-29T04:25:00,13.87
19409,2017-07-29T04:45:00,13.87
19410,2017-07-29T05:05:00,13.55
19411,2017-07-29T05:25:00,13.87
19412,2017-07-29T05:45:00,13.87
19413,2017-07-29T06:05:00,13.87
19414,2017-07-29T06:25:00,14.19
19415,2017-07-29T06:45:00,14.19
19416,2017-07-29T07:05:00,14.19
19417,2017-07-29T07:25:00,14.52
19418,2017-07-29T07:45:00,14.52
19419,2017-07-29T08:05:00,14.84
19420,2017-07-29T08:25:00,14.84
19421,2017-07-29T08:45:00,14.84
19422,2017-07-29T09:05:00,15.48
19423,2017-07-29T09:25:00,15.16
19424,2017-07-29T09:45:00,15.81
19425,2017-07-29T10:05:00,15.81
19426,2017-07-29T10:25:00,16.13
19427,2017-07-29T10:45:00,16.77
19428,2017-07-29T11:05:00,17.42
19429,2017-07-29T11:25:00,17.1
19430,2017-07-29T11:45:00,18.71
19431,2017-07-29T12:05:00,19.35
19432,2017-07-29T12:25:00,20.97
19433,2017-07-29T12:45:00,22.9
19434,2017-07-29T13:05:00,21.29
19435,2017-07-29T13:25:00,23.55
19436,2017-07-29T13:45:00,23.23
19437,2017-07-29T14:05:00,20.65
19438,2017-07-29T14:25:00,20.65
19439,2017-07-29T14:45:00,19.35
19440,2017-07-29T15:05:00,19.03
19441,2017-07-29T15:30:00,18.06
19442,2017-07-29T15:50:00,17.74
19443,2017-07-29T16:10:00,18.39
19444,2017-07-29T16:30:00,18.06
19445,2017-07-29T16:50:00,18.39
19446,2017-07-29T17:10:00,18.71
19447,2017-07-29T17:30:00,19.03
19448,2017-07-29T17:50:00,18.06
19449,2017-07-29T18:10:00,17.42
19450,2017-07-29T18:30:00,17.1
19451,2017-07-29T18:50:00,16.77
19452,2017-07-29T19:10:00,16.45
19453,2017-07-29T19:30:00,16.13
19454,2017-07-29T19:50:00,15.81
19455,2017-07-29T20:10:00,15.48
19456,2017-07-29T20:30:00,14.84
19457,2017-07-29T20:50:00,14.19
19458,2017-07-29T21:10:00,14.19
19459,2017-07-29T21:30:00,13.87
19460,2017-07-29T21:50:00,13.87
19461,2017-07-29T22:10:00,13.87
19462,2017-07-29T22:30:00,13.55
19463,2017-07-29T22:50:00,13.55
19464,2017-07-29T23:10:00,13.23
19465,2017-07-29T23:30:00,13.55
19466,2017-07-29T23:50:00,13.55
19467,2017-07-30T00:10:00,13.87
19468,2017-07-30T00:30:00,13.55
19469,2017-07-30T00:50:00,13.55
19470,2017-07-30T01:10:00,13.55
19471,2017-07-30T01:30:00,13.55
19472,2017-07-30T01:50:00,13.87
19473,2017-07-30T02:10:00,14.19
19474,2017-07-30T02:30:00,14.19
19475,2017-07-30T02:55:00,14.52
19476,2017-07-30T03:15:00,14.52
19477,2017-07-30T03:35:00,14.84
19478,2017-07-30T03:55:00,14.84
19479,2017-07-30T04:15:00,14.84
19480,2017-07-30T04:35:00,15.16
19481,2017-07-30T04:55:00,15.48
19482,2017-07-30T05:15:00,15.81
19483,2017-07-30T05:35:00,15.48
19484,2017-07-30T05:55:00,15.48
19485,2017-07-30T06:15:00,14.84
19486,2017-07-30T06:35:00,14.84
19487,2017-07-30T06:55:00,15.16
19488,2017-07-30T07:15:00,15.48
19489,2017-07-30T07:35:00,15.81
19490,2017-07-30T07:55:00,18.06
19491,2017-07-30T08:15:00,16.45
19492,2017-07-30T08:35:00,16.77
19493,2017-07-30T08:55:00,16.45
19494,2017-07-30T09:15:00,16.45
19495,2017-07-30T09:35:00,16.13
19496,2017-07-30T09:55:00,16.13
19497,2017-07-30T10:15:00,15.81
19498,2017-07-30T10:35:00,15.81
19499,2017-07-30T10:55:00,17.74
19500,2017-07-30T11:15:00,18.06
19501,2017-07-30T11:35:00,19.03
19502,2017-07-30T11:55:00,19.68
19503,2017-07-30T12:15:00,20
19504,2017-07-30T12:35:00,22.9
19505,2017-07-30T12:55:00,24.19
19506,2017-07-30T13:15:00,21.94
19507,2017-07-30T13:35:00,22.58
19508,2017-07-30T13:55:00,22.9
19509,2017-07-30T14:20:00,25.48
19510,2017-07-30T14:40:00,25.81
19511,2017-07-30T15:00:00,24.19
19512,2017-07-30T15:20:00,23.23
19513,2017-07-30T15:40:00,22.26
19514,2017-07-30T16:00:00,21.94
19515,2017-07-30T16:20:00,21.94
19516,2017-07-30T16:40:00,21.29
19517,2017-07-30T17:00:00,20.32
19518,2017-07-30T17:20:00,20.65
19519,2017-07-30T17:40:00,19.68
19520,2017-07-30T18:00:00,19.35
19521,2017-07-30T18:20:00,18.39
19522,2017-07-30T18:40:00,17.42
19523,2017-07-30T19:00:00,16.77
19524,2017-07-30T19:20:00,16.13
19525,2017-07-30T19:40:00,15.48
19526,2017-07-30T20:00:00,14.84
19527,2017-07-30T20:20:00,14.84
19528,2017-07-30T20:40:00,14.52
19529,2017-07-30T21:00:00,14.52
19530,2017-07-30T21:20:00,14.19
19531,2017-07-30T21:40:00,13.87
19532,2017-07-30T22:00:00,13.55
19533,2017-07-30T22:20:00,13.23
19534,2017-07-30T22:40:00,12.9
19535,2017-07-30T23:00:00,12.9
19536,2017-07-30T23:20:00,12.9
19537,2017-07-30T23:40:00,12.9
19538,2017-07-31T00:00:00,12.58
19539,2017-07-31T00:20:00,12.58
19540,2017-07-31T00:40:00,12.58
19541,2017-07-31T01:00:00,12.58
19542,2017-07-31T01:25:00,12.58
19543,2017-07-31T01:45:00,12.26
19544,2017-07-31T02:05:00,12.58
19545,2017-07-31T02:25:00,12.58
19546,2017-07-31T02:45:00,12.58
19547,2017-07-31T03:05:00,12.58
19548,2017-07-31T03:25:00,12.58
19549,2017-07-31T03:45:00,12.9
19550,2017-07-31T04:05:00,12.58
19551,2017-07-31T04:25:00,12.9
19552,2017-07-31T04:45:00,13.55
19553,2017-07-31T05:05:00,14.52
19554,2017-07-31T05:25:00,15.48
19555,2017-07-31T05:45:00,16.45
19556,2017-07-31T06:05:00,18.39
19557,2017-07-31T06:25:00,19.03
19558,2017-07-31T06:45:00,19.03
19559,2017-07-31T07:05:00,20
19560,2017-07-31T07:25:00,17.1
19561,2017-07-31T07:45:00,17.42
19562,2017-07-31T08:05:00,18.06
19563,2017-07-31T08:25:00,17.42
19564,2017-07-31T08:45:00,18.06
19565,2017-07-31T09:05:00,18.39
19566,2017-07-31T09:25:00,22.58
19567,2017-07-31T09:45:00,20.32
19568,2017-07-31T10:05:00,19.68
19569,2017-07-31T10:25:00,23.23
19570,2017-07-31T10:45:00,20.97
19571,2017-07-31T11:05:00,23.87
19572,2017-07-31T11:25:00,21.94
19573,2017-07-31T11:45:00,19.03
19574,2017-07-31T12:05:00,27.42
19575,2017-07-31T12:25:00,21.29
19576,2017-07-31T12:50:00,26.13
19577,2017-07-31T13:10:00,21.61
19578,2017-07-31T13:30:00,23.23
19579,2017-07-31T13:50:00,22.9
19580,2017-07-31T14:10:00,21.94
19581,2017-07-31T14:30:00,21.29
19582,2017-07-31T14:50:00,22.26
19583,2017-07-31T15:10:00,24.19
19584,2017-08-08T01:05:00,13.87
19585,2017-07-31T15:30:00,21.29
19586,2017-07-31T15:50:00,21.29
19587,2017-07-31T16:10:00,20.65
19588,2017-07-31T16:30:00,20.65
19589,2017-07-31T16:50:00,20
19590,2017-07-31T17:10:00,19.68
19591,2017-07-31T17:30:00,20
19592,2017-07-31T17:50:00,19.35
19593,2017-07-31T18:10:00,19.03
19594,2017-07-31T18:30:00,18.71
19595,2017-07-31T18:50:00,18.06
19596,2017-07-31T19:10:00,17.74
19597,2017-07-31T19:30:00,17.1
19598,2017-07-31T19:50:00,16.77
19599,2017-07-31T20:10:00,16.13
19600,2017-07-31T20:30:00,15.81
19601,2017-07-31T20:50:00,15.48
19602,2017-07-31T21:10:00,15.16
19603,2017-07-31T21:30:00,14.84
19604,2017-07-31T21:50:00,14.52
19605,2017-07-31T22:10:00,14.52
19606,2017-07-31T22:30:00,14.52
19607,2017-07-31T22:50:00,14.19
19608,2017-07-31T23:10:00,14.19
19609,2017-07-31T23:30:00,13.87
19610,2017-07-31T23:50:00,13.87
19611,2017-08-01T00:15:00,13.55
19612,2017-08-01T00:35:00,13.23
19613,2017-08-01T00:55:00,13.23
19614,2017-08-01T01:15:00,13.23
19615,2017-08-01T01:35:00,13.23
19616,2017-08-01T01:55:00,12.9
19617,2017-08-01T02:15:00,12.9
19618,2017-08-01T02:35:00,12.9
19619,2017-08-01T02:55:00,12.9
19620,2017-08-01T03:15:00,12.9
19621,2017-08-01T03:35:00,12.58
19622,2017-08-01T03:55:00,12.58
19623,2017-08-01T04:15:00,12.9
19624,2017-08-01T04:35:00,13.55
19625,2017-08-01T04:55:00,14.52
19626,2017-08-01T05:15:00,15.16
19627,2017-08-01T05:35:00,17.1
19628,2017-08-01T05:55:00,18.39
19629,2017-08-01T06:15:00,20.32
19630,2017-08-01T06:35:00,24.52
19631,2017-08-01T06:55:00,26.77
19632,2017-08-01T07:15:00,28.06
19633,2017-08-01T07:35:00,23.87
19634,2017-08-01T07:55:00,24.52
19635,2017-08-01T08:15:00,21.61
19636,2017-08-01T08:35:00,23.55
19637,2017-08-01T08:55:00,22.9
19638,2017-08-01T09:15:00,23.87
19639,2017-08-01T09:35:00,24.19
19640,2017-08-01T09:55:00,21.61
19641,2017-08-01T10:15:00,22.26
19642,2017-08-01T10:35:00,21.94
19643,2017-08-01T10:55:00,22.26
19644,2017-08-01T11:15:00,22.58
19645,2017-08-01T11:40:00,21.94
19646,2017-08-01T12:00:00,22.58
19647,2017-08-01T12:20:00,22.26
19648,2017-08-01T12:40:00,21.94
19649,2017-08-01T13:00:00,20.32
19650,2017-08-01T13:20:00,21.94
19651,2017-08-01T13:40:00,18.71
19652,2017-08-01T14:00:00,18.39
19653,2017-08-01T14:20:00,18.06
19654,2017-08-01T14:40:00,17.74
19655,2017-08-01T15:00:00,17.74
19656,2017-08-01T15:20:00,17.74
19657,2017-08-01T15:40:00,17.74
19658,2017-08-01T16:00:00,17.74
19659,2017-08-01T16:20:00,17.74
19660,2017-08-01T16:40:00,17.74
19661,2017-08-01T17:00:00,17.74
19662,2017-08-01T17:20:00,17.74
19663,2017-08-01T17:40:00,17.74
19664,2017-08-01T18:00:00,18.06
19665,2017-08-01T18:20:00,17.74
19666,2017-08-01T18:40:00,17.42
19667,2017-08-01T19:00:00,17.1
19668,2017-08-01T19:20:00,17.1
19669,2017-08-01T19:40:00,16.77
19670,2017-08-01T20:00:00,17.1
19671,2017-08-01T20:20:00,17.1
19672,2017-08-01T20:40:00,17.1
19673,2017-08-01T21:00:00,16.77
19674,2017-08-01T21:20:00,16.77
19675,2017-08-01T21:40:00,17.1
19676,2017-08-01T22:00:00,15.81
19677,2017-08-01T22:20:00,16.13
19678,2017-08-01T22:40:00,16.13
19679,2017-08-01T23:05:00,15.48
19680,2017-08-01T23:25:00,14.84
19681,2017-08-01T23:45:00,14.52
19682,2017-08-02T00:05:00,14.19
19683,2017-08-02T00:25:00,14.19
19684,2017-08-02T00:45:00,14.19
19685,2017-08-02T01:05:00,13.87
19686,2017-08-02T01:25:00,13.55
19687,2017-08-02T01:45:00,13.55
19688,2017-08-02T02:05:00,13.23
19689,2017-08-02T02:25:00,12.9
19690,2017-08-02T02:45:00,12.9
19691,2017-08-02T03:05:00,12.9
19692,2017-08-02T03:25:00,12.9
19693,2017-08-02T03:45:00,13.23
19694,2017-08-02T04:05:00,13.23
19695,2017-08-02T04:25:00,13.55
19696,2017-08-02T04:45:00,13.87
19697,2017-08-02T05:05:00,14.19
19698,2017-08-02T05:25:00,15.16
19699,2017-08-02T05:45:00,15.81
19700,2017-08-02T06:05:00,17.1
19701,2017-08-02T06:25:00,18.39
19702,2017-08-02T06:45:00,19.03
19703,2017-08-02T07:05:00,20.32
19704,2017-08-02T07:25:00,20.32
19705,2017-08-02T07:45:00,21.94
19706,2017-08-02T08:05:00,21.29
19707,2017-08-02T08:25:00,19.68
19708,2017-08-02T08:45:00,16.13
19709,2017-08-02T09:05:00,15.16
19710,2017-08-02T09:25:00,17.1
19711,2017-08-02T09:45:00,18.71
19712,2017-08-02T10:10:00,20
19713,2017-08-02T10:30:00,22.58
19714,2017-08-02T10:50:00,21.61
19715,2017-08-02T11:10:00,23.55
19716,2017-08-02T11:30:00,21.94
19717,2017-08-02T12:30:00,22.9
19718,2017-08-02T12:50:00,22.9
19719,2017-08-02T13:10:00,22.26
19720,2017-08-02T13:30:00,22.58
19721,2017-08-02T13:50:00,23.55
19722,2017-08-02T14:10:00,21.94
19723,2017-08-02T14:30:00,21.61
19724,2017-08-02T14:50:00,23.55
19725,2017-08-02T15:10:00,22.9
19726,2017-08-02T15:30:00,21.61
19727,2017-08-02T15:50:00,19.68
19728,2017-08-02T16:10:00,19.03
19729,2017-08-02T16:30:00,18.39
19730,2017-08-02T16:50:00,18.39
19731,2017-08-02T17:10:00,18.06
19732,2017-08-02T17:30:00,18.71
19733,2017-08-02T17:50:00,18.71
19734,2017-08-02T18:10:00,18.39
19735,2017-08-02T18:30:00,18.06
19736,2017-08-02T18:50:00,17.74
19737,2017-08-02T19:10:00,17.42
19738,2017-08-02T19:30:00,17.42
19739,2017-08-02T19:50:00,16.77
19740,2017-08-02T20:10:00,16.45
19741,2017-08-02T20:30:00,16.13
19742,2017-08-02T20:50:00,15.81
19743,2017-08-02T21:10:00,15.81
19744,2017-08-02T21:35:00,15.48
19745,2017-08-02T21:55:00,15.16
19746,2017-08-02T22:15:00,14.84
19747,2017-08-02T22:35:00,14.52
19748,2017-08-02T22:55:00,14.52
19749,2017-08-02T23:15:00,14.19
19750,2017-08-02T23:35:00,14.19
19751,2017-08-02T23:55:00,14.19
19752,2017-08-03T00:15:00,14.19
19753,2017-08-03T00:35:00,14.52
19754,2017-08-03T00:55:00,14.84
19755,2017-08-03T01:15:00,14.84
19756,2017-08-03T01:35:00,14.84
19757,2017-08-03T01:55:00,14.84
19758,2017-08-03T02:15:00,14.84
19759,2017-08-03T02:35:00,15.16
19760,2017-08-03T02:55:00,15.48
19761,2017-08-03T03:15:00,15.81
19762,2017-08-03T03:35:00,16.13
19763,2017-08-03T03:55:00,16.45
19764,2017-08-03T04:15:00,16.45
19765,2017-08-03T04:35:00,15.81
19766,2017-08-03T04:55:00,14.84
19767,2017-08-03T05:15:00,14.19
19768,2017-08-03T05:35:00,14.19
19769,2017-08-03T05:55:00,14.52
19770,2017-08-03T06:15:00,14.84
19771,2017-08-03T06:35:00,15.16
19772,2017-08-03T06:55:00,15.48
19773,2017-08-03T07:15:00,15.16
19774,2017-08-03T07:35:00,15.16
19775,2017-08-03T07:55:00,15.48
19776,2017-08-03T08:15:00,15.16
19777,2017-08-03T08:35:00,14.84
19778,2017-08-03T09:00:00,14.84
19779,2017-08-03T09:20:00,15.16
19780,2017-08-03T09:40:00,15.48
19781,2017-08-03T10:00:00,15.48
19782,2017-08-03T10:20:00,15.81
19783,2017-08-03T10:40:00,15.81
19784,2017-08-03T11:00:00,16.45
19785,2017-08-03T11:20:00,15.81
19786,2017-08-03T11:40:00,16.13
19787,2017-08-03T12:00:00,16.77
19788,2017-08-03T12:20:00,16.77
19789,2017-08-03T12:40:00,17.74
19790,2017-08-03T13:00:00,18.71
19791,2017-08-03T13:20:00,18.71
19792,2017-08-03T13:40:00,19.03
19793,2017-08-03T14:00:00,21.94
19794,2017-08-03T14:20:00,20
19795,2017-08-03T14:40:00,19.68
19796,2017-08-03T15:00:00,21.61
19797,2017-08-03T15:20:00,22.58
19798,2017-08-03T15:40:00,19.68
19799,2017-08-03T16:00:00,20
19800,2017-08-03T16:20:00,19.35
19801,2017-08-03T16:40:00,20
19802,2017-08-03T17:00:00,19.35
19803,2017-08-03T17:20:00,18.71
19804,2017-08-03T17:40:00,18.71
19805,2017-08-03T18:00:00,18.06
19806,2017-08-03T18:20:00,17.74
19807,2017-08-03T18:40:00,17.42
19808,2017-08-03T19:00:00,16.13
19809,2017-08-03T19:20:00,15.16
19810,2017-08-03T19:40:00,15.16
19811,2017-08-03T20:00:00,14.19
19812,2017-08-03T20:25:00,14.19
19813,2017-08-03T20:45:00,14.19
19814,2017-08-03T21:05:00,14.52
19815,2017-08-03T21:25:00,14.19
19816,2017-08-03T21:45:00,14.19
19817,2017-08-03T22:05:00,14.19
19818,2017-08-03T22:25:00,13.87
19819,2017-08-03T22:45:00,13.87
19820,2017-08-03T23:05:00,14.19
19821,2017-08-03T23:25:00,14.52
19822,2017-08-03T23:45:00,14.19
19823,2017-08-04T00:05:00,14.19
19824,2017-08-04T00:25:00,14.19
19825,2017-08-04T00:45:00,14.19
19826,2017-08-04T01:05:00,14.19
19827,2017-08-04T01:25:00,13.87
19828,2017-08-04T01:45:00,14.19
19829,2017-08-04T02:05:00,14.19
19830,2017-08-04T02:25:00,14.19
19831,2017-08-04T02:45:00,14.52
19832,2017-08-04T03:05:00,14.52
19833,2017-08-04T03:25:00,14.52
19834,2017-08-04T03:45:00,14.52
19835,2017-08-04T04:05:00,14.52
19836,2017-08-04T04:25:00,14.84
19837,2017-08-04T04:45:00,14.84
19838,2017-08-04T05:05:00,15.48
19839,2017-08-04T05:25:00,15.48
19840,2017-08-04T05:45:00,16.77
19841,2017-08-04T06:05:00,16.45
19842,2017-08-04T06:25:00,16.77
19843,2017-08-04T06:45:00,17.42
19844,2017-08-04T07:05:00,17.42
19845,2017-08-04T07:25:00,19.03
19846,2017-08-04T07:50:00,18.39
19847,2017-08-04T08:10:00,19.35
19848,2017-08-04T08:30:00,19.03
19849,2017-08-04T08:50:00,20.32
19850,2017-08-04T09:10:00,19.68
19851,2017-08-04T09:30:00,16.77
19852,2017-08-04T09:50:00,18.71
19853,2017-08-04T10:10:00,20
19854,2017-08-04T10:30:00,20
19855,2017-08-04T10:50:00,19.03
19856,2017-08-04T11:10:00,19.03
19857,2017-08-04T11:30:00,16.77
19858,2017-08-04T11:50:00,18.71
19859,2017-08-04T12:10:00,22.26
19860,2017-08-04T12:30:00,20.97
19861,2017-08-04T12:50:00,19.35
19862,2017-08-04T13:10:00,20.97
19863,2017-08-04T13:30:00,16.13
19864,2017-08-04T13:50:00,18.71
19865,2017-08-04T14:10:00,18.39
19866,2017-08-04T14:30:00,15.48
19867,2017-08-04T14:50:00,17.74
19868,2017-08-04T15:10:00,19.68
19869,2017-08-04T15:30:00,17.74
19870,2017-08-04T15:50:00,17.1
19871,2017-08-04T16:10:00,14.84
19872,2017-08-04T16:30:00,15.81
19873,2017-08-04T16:50:00,16.13
19874,2017-08-04T17:10:00,15.81
19875,2017-08-04T17:30:00,15.48
19876,2017-08-04T17:50:00,15.48
19877,2017-08-04T18:10:00,15.48
19878,2017-08-04T18:30:00,15.48
19879,2017-08-04T18:55:00,15.48
19880,2017-08-04T19:15:00,15.48
19881,2017-08-04T19:35:00,15.16
19882,2017-08-04T19:55:00,14.84
19883,2017-08-04T20:15:00,14.84
19884,2017-08-04T20:35:00,14.84
19885,2017-08-04T20:55:00,14.52
19886,2017-08-04T21:15:00,13.87
19887,2017-08-04T21:35:00,13.55
19888,2017-08-04T21:55:00,13.87
19889,2017-08-04T22:15:00,13.87
19890,2017-08-04T22:35:00,13.87
19891,2017-08-04T22:55:00,13.87
19892,2017-08-04T23:15:00,13.87
19893,2017-08-04T23:35:00,13.55
19894,2017-08-04T23:55:00,13.55
19895,2017-08-05T00:15:00,13.55
19896,2017-08-05T00:35:00,13.55
19897,2017-08-05T00:55:00,13.55
19898,2017-08-05T01:15:00,13.55
19899,2017-08-05T01:35:00,13.87
19900,2017-08-05T01:55:00,13.87
19901,2017-08-05T02:15:00,13.87
19902,2017-08-05T02:35:00,13.55
19903,2017-08-05T02:55:00,13.55
19904,2017-08-05T03:15:00,13.87
19905,2017-08-05T03:35:00,13.87
19906,2017-08-05T03:55:00,14.19
19907,2017-08-05T04:15:00,14.19
19908,2017-08-05T04:35:00,14.52
19909,2017-08-05T04:55:00,14.52
19910,2017-08-05T05:15:00,14.84
19911,2017-08-05T05:35:00,15.48
19912,2017-08-05T05:55:00,16.45
19913,2017-08-05T06:20:00,18.39
19914,2017-08-05T06:40:00,17.1
19915,2017-08-05T07:00:00,19.68
19916,2017-08-05T07:20:00,17.74
19917,2017-08-05T07:40:00,18.71
19918,2017-08-05T08:00:00,19.03
19919,2017-08-05T08:20:00,19.68
19920,2017-08-05T08:40:00,17.42
19921,2017-08-05T09:00:00,17.74
19922,2017-08-05T09:20:00,15.16
19923,2017-08-05T09:40:00,19.35
19924,2017-08-05T10:00:00,23.55
19925,2017-08-05T10:20:00,19.35
19926,2017-08-05T10:40:00,18.39
19927,2017-08-05T11:00:00,20.32
19928,2017-08-05T11:20:00,23.87
19929,2017-08-05T11:40:00,22.9
19930,2017-08-05T12:00:00,20.65
19931,2017-08-05T12:20:00,22.9
19932,2017-08-05T12:40:00,19.35
19933,2017-08-05T13:00:00,19.03
19934,2017-08-05T13:20:00,18.71
19935,2017-08-05T13:40:00,21.61
19936,2017-08-05T14:00:00,22.9
19937,2017-08-05T14:20:00,21.61
19938,2017-08-05T14:40:00,21.94
19939,2017-08-05T15:00:00,18.71
19940,2017-08-05T15:20:00,20.97
19941,2017-08-05T15:40:00,18.71
19942,2017-08-05T16:00:00,17.74
19943,2017-08-05T16:20:00,17.74
19944,2017-08-05T16:40:00,17.74
19945,2017-08-05T17:00:00,18.06
19946,2017-08-05T17:20:00,17.74
19947,2017-08-05T17:45:00,17.1
19948,2017-08-05T18:05:00,16.45
19949,2017-08-05T18:25:00,16.45
19950,2017-08-05T18:45:00,15.81
19951,2017-08-05T19:05:00,15.16
19952,2017-08-05T19:25:00,14.52
19953,2017-08-05T19:45:00,14.19
19954,2017-08-05T20:05:00,13.55
19955,2017-08-05T20:25:00,13.23
19956,2017-08-05T20:45:00,12.9
19957,2017-08-05T21:05:00,12.9
19958,2017-08-05T21:25:00,12.58
19959,2017-08-05T21:45:00,12.26
19960,2017-08-05T22:05:00,12.26
19961,2017-08-05T22:25:00,11.94
19962,2017-08-05T22:45:00,11.94
19963,2017-08-05T23:05:00,11.94
19964,2017-08-05T23:25:00,11.61
19965,2017-08-05T23:45:00,11.29
19966,2017-08-06T00:05:00,11.61
19967,2017-08-06T00:25:00,11.29
19968,2017-08-06T00:45:00,11.61
19969,2017-08-06T01:05:00,11.61
19970,2017-08-06T01:25:00,11.61
19971,2017-08-06T01:45:00,11.61
19972,2017-08-06T02:05:00,11.61
19973,2017-08-06T02:25:00,11.29
19974,2017-08-06T02:45:00,11.29
19975,2017-08-06T03:05:00,11.61
19976,2017-08-06T03:25:00,11.29
19977,2017-08-06T03:45:00,11.29
19978,2017-08-06T04:05:00,11.61
19979,2017-08-06T04:25:00,11.61
19980,2017-08-06T04:45:00,11.61
19981,2017-08-06T05:10:00,12.58
19982,2017-08-06T05:30:00,14.19
19983,2017-08-06T05:50:00,14.84
19984,2017-08-06T06:10:00,17.1
19985,2017-08-06T06:30:00,18.71
19986,2017-08-06T06:50:00,18.71
19987,2017-08-06T07:10:00,20.65
19988,2017-08-06T07:30:00,21.61
19989,2017-08-06T07:50:00,22.9
19990,2017-08-06T08:10:00,21.29
19991,2017-08-06T08:30:00,21.94
19992,2017-08-06T08:50:00,21.61
19993,2017-08-06T09:10:00,15.81
19994,2017-08-06T09:30:00,16.77
19995,2017-08-06T09:50:00,16.77
19996,2017-08-06T10:10:00,20
19997,2017-08-06T10:30:00,18.71
19998,2017-08-06T10:50:00,23.23
19999,2017-08-06T11:10:00,22.9
20000,2017-08-06T11:30:00,16.77
20001,2017-08-06T11:50:00,24.84
20002,2017-08-06T12:10:00,20.97
20003,2017-08-06T12:30:00,22.58
20004,2017-08-06T12:50:00,23.87
20005,2017-08-06T13:10:00,19.03
20006,2017-08-06T13:30:00,20.97
20007,2017-08-06T13:50:00,16.77
20008,2017-08-06T14:10:00,20.65
20009,2017-08-06T14:30:00,20.65
20010,2017-08-06T14:50:00,18.39
20011,2017-08-06T15:10:00,17.1
20012,2017-08-06T15:30:00,17.42
20013,2017-08-06T15:50:00,17.74
20014,2017-08-06T16:10:00,18.06
20015,2017-08-06T16:35:00,17.42
20016,2017-08-06T16:55:00,18.06
20017,2017-08-06T17:15:00,18.06
20018,2017-08-06T17:35:00,17.74
20019,2017-08-06T17:55:00,17.1
20020,2017-08-06T18:15:00,16.45
20021,2017-08-06T18:35:00,15.48
20022,2017-08-06T18:55:00,14.84
20023,2017-08-06T19:15:00,14.19
20024,2017-08-06T19:35:00,13.87
20025,2017-08-06T19:55:00,13.55
20026,2017-08-06T20:15:00,12.9
20027,2017-08-06T20:35:00,12.9
20028,2017-08-06T20:55:00,12.58
20029,2017-08-06T21:15:00,12.26
20030,2017-08-06T21:35:00,12.26
20031,2017-08-06T21:55:00,11.94
20032,2017-08-06T22:15:00,11.94
20033,2017-08-06T22:35:00,11.61
20034,2017-08-06T22:55:00,11.61
20035,2017-08-06T23:15:00,11.29
20036,2017-08-06T23:35:00,11.29
20037,2017-08-06T23:55:00,10.97
20038,2017-08-07T00:15:00,10.97
20039,2017-08-07T00:35:00,10.97
20040,2017-08-07T00:55:00,10.65
20041,2017-08-07T01:15:00,10.65
20042,2017-08-07T01:35:00,10.32
20043,2017-08-07T01:55:00,10.32
20044,2017-08-07T02:55:00,10.32
20045,2017-08-07T03:15:00,10.32
20046,2017-08-07T03:40:00,10.65
20047,2017-08-07T04:00:00,10.65
20048,2017-08-07T04:20:00,10.97
20049,2017-08-07T04:40:00,11.29
20050,2017-08-07T05:00:00,12.26
20051,2017-08-07T05:20:00,13.23
20052,2017-08-07T05:40:00,14.52
20053,2017-08-07T06:00:00,16.45
20054,2017-08-07T06:20:00,16.77
20055,2017-08-07T06:40:00,17.74
20056,2017-08-07T07:00:00,18.39
20057,2017-08-07T07:20:00,18.71
20058,2017-08-07T07:40:00,20
20059,2017-08-07T08:00:00,19.35
20060,2017-08-07T08:20:00,19.68
20061,2017-08-07T08:40:00,19.03
20062,2017-08-07T09:00:00,19.03
20063,2017-08-07T09:20:00,20
20064,2017-08-07T09:40:00,20.97
20065,2017-08-07T10:00:00,21.94
20066,2017-08-07T10:20:00,21.94
20067,2017-08-07T10:40:00,21.94
20068,2017-08-07T11:00:00,22.58
20069,2017-08-07T11:20:00,21.29
20070,2017-08-07T11:40:00,21.94
20071,2017-08-07T12:00:00,24.52
20072,2017-08-07T12:20:00,20.97
20073,2017-08-07T12:40:00,21.94
20074,2017-08-07T13:00:00,21.61
20075,2017-08-07T13:20:00,24.84
20076,2017-08-07T13:40:00,23.55
20077,2017-08-07T14:00:00,24.19
20078,2017-08-07T14:20:00,24.19
20079,2017-08-07T14:40:00,24.52
20080,2017-08-07T15:05:00,24.52
20081,2017-08-07T15:25:00,21.29
20082,2017-08-07T15:45:00,20.97
20083,2017-08-07T16:05:00,20.65
20084,2017-08-07T16:25:00,20.65
20085,2017-08-07T16:45:00,20.32
20086,2017-08-07T17:05:00,20
20087,2017-08-07T17:25:00,19.35
20088,2017-08-07T17:45:00,19.03
20089,2017-08-07T18:05:00,18.39
20090,2017-08-07T18:25:00,17.74
20091,2017-08-07T18:45:00,17.42
20092,2017-08-07T19:05:00,17.1
20093,2017-08-07T19:25:00,16.45
20094,2017-08-07T19:45:00,16.13
20095,2017-08-07T20:05:00,16.13
20096,2017-08-07T20:25:00,15.48
20097,2017-08-07T20:45:00,15.16
20098,2017-08-07T21:05:00,15.16
20099,2017-08-07T21:25:00,14.84
20100,2017-08-07T21:45:00,14.52
20101,2017-08-07T22:05:00,14.19
20102,2017-08-07T22:25:00,14.19
20103,2017-08-07T22:45:00,14.19
20104,2017-08-07T23:05:00,13.87
20105,2017-08-07T23:25:00,13.87
20106,2017-08-07T23:45:00,13.55
20107,2017-08-08T00:05:00,13.55
20108,2017-08-08T00:25:00,13.87
20109,2017-08-08T00:45:00,13.87
20110,2017-08-08T01:25:00,13.87
20111,2017-08-08T01:45:00,13.87
20112,2017-08-08T02:05:00,13.87
20113,2017-08-08T02:30:00,13.87
20114,2017-08-08T02:50:00,13.55
20115,2017-08-08T03:10:00,13.55
20116,2017-08-08T03:30:00,13.55
20117,2017-08-08T03:50:00,13.55
20118,2017-08-08T04:10:00,14.19
20119,2017-08-08T04:30:00,14.84
20120,2017-08-08T04:50:00,15.48
20121,2017-08-08T05:10:00,16.13
20122,2017-08-08T05:30:00,17.1
20123,2017-08-08T05:50:00,17.74
20124,2017-08-08T06:10:00,19.68
20125,2017-08-08T06:30:00,18.71
20126,2017-08-08T06:50:00,20.32
20127,2017-08-08T07:10:00,23.23
20128,2017-08-08T07:30:00,26.77
20129,2017-08-08T07:50:00,23.23
20130,2017-08-08T08:10:00,25.48
20131,2017-08-08T08:30:00,25.16
20132,2017-08-08T08:50:00,21.94
20133,2017-08-08T09:10:00,22.58
20134,2017-08-08T09:30:00,25.81
20135,2017-08-08T09:50:00,23.23
20136,2017-08-08T10:10:00,24.52
20137,2017-08-08T10:30:00,27.1
20138,2017-08-08T10:50:00,29.68
20139,2017-08-08T11:10:00,28.71
20140,2017-08-08T11:30:00,30
20141,2017-08-08T11:50:00,27.1
20142,2017-08-08T12:10:00,26.45
20143,2017-08-08T12:30:00,23.87
20144,2017-08-08T12:50:00,22.58
20145,2017-08-08T13:10:00,22.26
20146,2017-08-08T13:30:00,22.26
20147,2017-08-08T13:55:00,21.94
20148,2017-08-08T14:15:00,21.61
20149,2017-08-08T14:35:00,20.65
20150,2017-08-08T14:55:00,20
20151,2017-08-08T15:15:00,20
20152,2017-08-08T15:35:00,20
20153,2017-08-08T15:55:00,19.35
20154,2017-08-08T16:15:00,18.71
20155,2017-08-08T16:35:00,18.39
20156,2017-08-08T16:55:00,18.06
20157,2017-08-08T17:15:00,18.06
20158,2017-08-08T17:35:00,18.06
20159,2017-08-08T17:55:00,18.06
20160,2017-08-08T18:15:00,18.39
20161,2017-08-08T18:35:00,18.06
20162,2017-08-08T18:55:00,18.06
20163,2017-08-08T19:15:00,18.06
20164,2017-08-08T19:35:00,18.06
20165,2017-08-08T19:55:00,18.06
20166,2017-08-08T20:15:00,17.74
20167,2017-08-08T20:35:00,17.74
20168,2017-08-08T20:55:00,17.42
20169,2017-08-08T21:15:00,17.74
20170,2017-08-08T21:35:00,17.74
20171,2017-08-08T21:55:00,17.42
20172,2017-08-08T22:15:00,15.48
20173,2017-08-08T22:35:00,15.81
20174,2017-08-08T22:55:00,15.81
20175,2017-08-08T23:15:00,15.48
20176,2017-08-08T23:35:00,15.48
20177,2017-08-08T23:55:00,15.81
20178,2017-08-09T00:15:00,16.13
20179,2017-08-09T00:35:00,16.45
20180,2017-08-09T00:55:00,16.77
20181,2017-08-09T01:20:00,16.45
20182,2017-08-09T01:40:00,16.45
20183,2017-08-09T02:00:00,16.45
20184,2017-08-09T02:20:00,16.13
20185,2017-08-09T02:40:00,16.45
20186,2017-08-09T03:00:00,16.77
20187,2017-08-09T03:20:00,16.77
20188,2017-08-09T03:40:00,16.77
20189,2017-08-09T04:00:00,16.45
20190,2017-08-09T04:20:00,16.13
20191,2017-08-09T04:40:00,16.45
20192,2017-08-09T05:00:00,16.45
20193,2017-08-09T05:20:00,16.77
20194,2017-08-09T05:40:00,17.42
20195,2017-08-09T06:00:00,19.03
20196,2017-08-09T06:20:00,17.42
20197,2017-08-09T06:40:00,17.42
20198,2017-08-09T07:00:00,16.77
20199,2017-08-09T07:20:00,17.1
20200,2017-08-09T07:40:00,17.74
20201,2017-08-09T08:00:00,17.74
20202,2017-08-09T08:20:00,18.06
20203,2017-08-09T08:40:00,18.71
20204,2017-08-09T09:00:00,18.06
20205,2017-08-09T09:20:00,18.39
20206,2017-08-09T09:40:00,21.61
20207,2017-08-09T10:00:00,22.58
20208,2017-08-09T10:20:00,20.97
20209,2017-08-09T10:40:00,20.65
20210,2017-08-09T11:00:00,21.94
20211,2017-08-09T11:20:00,20.65
20212,2017-08-09T11:40:00,23.55
20213,2017-08-09T12:00:00,23.23
20214,2017-08-09T12:25:00,24.19
20215,2017-08-09T12:45:00,22.9
20216,2017-08-09T13:05:00,22.26
20217,2017-08-09T13:25:00,21.29
20218,2017-08-09T13:45:00,23.87
20219,2017-08-09T14:05:00,20.97
20220,2017-08-09T14:25:00,20.65
20221,2017-08-09T14:45:00,20.97
20222,2017-08-09T15:05:00,21.94
20223,2017-08-09T15:25:00,20
20224,2017-08-09T15:45:00,19.68
20225,2017-08-09T16:05:00,19.03
20226,2017-08-09T16:25:00,18.71
20227,2017-08-09T16:45:00,18.71
20228,2017-08-09T17:05:00,18.71
20229,2017-08-09T17:25:00,18.39
20230,2017-08-09T17:45:00,18.06
20231,2017-08-09T18:05:00,17.42
20232,2017-08-09T18:25:00,17.1
20233,2017-08-09T18:45:00,16.77
20234,2017-08-09T19:05:00,16.45
20235,2017-08-09T19:25:00,16.13
20236,2017-08-09T19:45:00,16.13
20237,2017-08-09T20:05:00,15.81
20238,2017-08-09T20:25:00,15.81
20239,2017-08-09T20:45:00,15.48
20240,2017-08-09T21:05:00,15.16
20241,2017-08-09T21:25:00,14.84
20242,2017-08-09T21:45:00,15.16
20243,2017-08-09T22:05:00,15.16
20244,2017-08-09T22:25:00,15.16
20245,2017-08-09T22:45:00,14.84
20246,2017-08-09T23:05:00,14.52
20247,2017-08-09T23:25:00,14.52
20248,2017-08-09T23:50:00,14.84
20249,2017-08-10T00:10:00,14.84
20250,2017-08-10T00:30:00,14.84
20251,2017-08-10T00:50:00,15.16
20252,2017-08-10T01:10:00,14.84
20253,2017-08-10T01:30:00,14.84
20254,2017-08-10T01:50:00,14.84
20255,2017-08-10T02:10:00,14.84
20256,2017-08-10T02:30:00,14.84
20257,2017-08-10T02:50:00,15.16
20258,2017-08-10T03:10:00,14.84
20259,2017-08-10T03:30:00,14.84
20260,2017-08-10T03:50:00,14.84
20261,2017-08-10T04:10:00,15.16
20262,2017-08-10T04:30:00,15.48
20263,2017-08-10T04:50:00,15.16
20264,2017-08-10T05:10:00,15.48
20265,2017-08-10T05:30:00,16.13
20266,2017-08-10T05:50:00,16.77
20267,2017-08-10T06:10:00,16.77
20268,2017-08-10T06:30:00,20.97
20269,2017-08-10T06:50:00,18.71
20270,2017-08-10T07:10:00,17.74
20271,2017-08-10T07:30:00,18.71
20272,2017-08-10T07:50:00,22.26
20273,2017-08-10T08:10:00,20
20274,2017-08-10T08:30:00,19.35
20275,2017-08-10T08:50:00,23.87
20276,2017-08-10T09:10:00,25.81
20277,2017-08-10T09:30:00,27.74
20278,2017-08-10T09:50:00,22.26
20279,2017-08-10T10:10:00,25.48
20280,2017-08-10T10:30:00,23.23
20281,2017-08-10T10:50:00,27.1
20282,2017-08-10T11:15:00,29.35
20283,2017-08-10T11:35:00,27.74
20284,2017-08-10T11:55:00,29.03
20285,2017-08-10T12:15:00,25.16
20286,2017-08-10T12:35:00,29.03
20287,2017-08-10T12:55:00,28.71
20288,2017-08-10T13:15:00,29.68
20289,2017-08-10T13:35:00,30.32
20290,2017-08-10T13:55:00,30.65
20291,2017-08-10T14:15:00,28.06
20292,2017-08-10T14:35:00,29.35
20293,2017-08-10T14:55:00,29.68
20294,2017-08-10T15:15:00,29.68
20295,2017-08-10T15:35:00,22.26
20296,2017-08-10T15:55:00,21.29
20297,2017-08-10T16:15:00,20.65
20298,2017-08-10T16:35:00,20.32
20299,2017-08-10T16:55:00,19.68
20300,2017-08-10T17:15:00,19.03
20301,2017-08-10T17:35:00,18.39
20302,2017-08-10T17:55:00,18.06
20303,2017-08-10T18:15:00,17.1
20304,2017-08-10T18:35:00,17.1
20305,2017-08-10T18:55:00,15.48
20306,2017-08-10T19:15:00,15.16
20307,2017-08-10T19:35:00,14.84
20308,2017-08-10T19:55:00,14.19
20309,2017-08-10T20:15:00,13.87
20310,2017-08-10T20:35:00,13.55
20311,2017-08-10T20:55:00,13.23
20312,2017-08-10T21:15:00,12.9
20313,2017-08-10T21:35:00,12.9
20314,2017-08-10T21:55:00,12.9
20315,2017-08-10T22:15:00,13.23
20316,2017-08-10T22:40:00,13.23
20317,2017-08-10T23:00:00,13.23
20318,2017-08-10T23:20:00,12.9
20319,2017-08-10T23:40:00,12.9
20320,2017-08-11T00:00:00,12.9
20321,2017-08-11T00:20:00,12.9
20322,2017-08-11T00:40:00,13.55
20323,2017-08-11T01:00:00,13.55
20324,2017-08-11T01:20:00,13.87
20325,2017-08-11T01:40:00,13.87
20326,2017-08-11T02:00:00,13.55
20327,2017-08-11T02:20:00,13.23
20328,2017-08-11T02:40:00,13.87
20329,2017-08-11T03:00:00,13.87
20330,2017-08-11T03:20:00,14.52
20331,2017-08-11T03:40:00,14.19
20332,2017-08-11T04:00:00,14.52
20333,2017-08-11T04:20:00,14.52
20334,2017-08-11T04:40:00,14.84
20335,2017-08-11T05:00:00,14.84
20336,2017-08-11T05:20:00,14.19
20337,2017-08-11T05:40:00,14.52
20338,2017-08-11T06:00:00,15.16
20339,2017-08-11T06:20:00,15.81
20340,2017-08-11T06:40:00,16.45
20341,2017-08-11T07:00:00,17.1
20342,2017-08-11T07:20:00,16.45
20343,2017-08-11T07:40:00,17.74
20344,2017-08-11T08:00:00,17.74
20345,2017-08-11T08:20:00,18.06
20346,2017-08-11T08:40:00,19.35
20347,2017-08-11T09:00:00,19.03
20348,2017-08-11T09:20:00,19.35
20349,2017-08-11T09:45:00,18.06
20350,2017-08-11T10:05:00,18.39
20351,2017-08-11T10:25:00,19.35
20352,2017-08-11T10:45:00,20.65
20353,2017-08-11T11:05:00,20.32
20354,2017-08-11T11:25:00,19.68
20355,2017-08-11T11:45:00,20.32
20356,2017-08-11T12:05:00,21.61
20357,2017-08-11T12:25:00,19.35
20358,2017-08-11T12:45:00,19.03
20359,2017-08-11T13:05:00,19.68
20360,2017-08-11T13:25:00,18.39
20361,2017-08-11T13:45:00,21.94
20362,2017-08-11T14:05:00,20
20363,2017-08-11T14:25:00,19.03
20364,2017-08-11T14:45:00,20.32
20365,2017-08-11T15:05:00,20.65
20366,2017-08-11T15:25:00,20
20367,2017-08-11T15:45:00,20
20368,2017-08-11T16:05:00,19.03
20369,2017-08-11T16:25:00,19.35
20370,2017-08-11T16:45:00,17.1
20371,2017-08-11T17:05:00,17.42
20372,2017-08-11T17:25:00,16.77
20373,2017-08-11T17:45:00,16.45
20374,2017-08-11T18:45:00,16.13
20375,2017-08-11T19:05:00,16.13
20376,2017-08-11T19:25:00,15.81
20377,2017-08-11T19:45:00,16.13
20378,2017-08-11T20:05:00,16.13
20379,2017-08-11T20:25:00,16.13
20380,2017-08-11T20:45:00,16.45
20381,2017-08-11T21:10:00,16.45
20382,2017-08-11T21:30:00,16.13
20383,2017-08-11T21:50:00,15.81
20384,2017-08-11T22:10:00,15.48
20385,2017-08-11T22:30:00,15.16
20386,2017-08-11T22:50:00,14.84
20387,2017-08-11T23:10:00,14.52
20388,2017-08-11T23:30:00,14.52
20389,2017-08-11T23:50:00,14.52
20390,2017-08-12T00:10:00,14.52
20391,2017-08-12T00:30:00,14.84
20392,2017-08-12T00:50:00,14.52
20393,2017-08-12T01:10:00,14.52
20394,2017-08-12T01:30:00,14.19
20395,2017-08-12T01:50:00,13.87
20396,2017-08-12T02:10:00,13.87
20397,2017-08-12T02:30:00,13.55
20398,2017-08-12T02:50:00,13.23
20399,2017-08-12T03:10:00,12.9
20400,2017-08-12T03:30:00,13.23
20401,2017-08-12T03:50:00,13.55
20402,2017-08-12T04:10:00,13.55
20403,2017-08-12T04:30:00,13.55
20404,2017-08-12T04:50:00,13.23
20405,2017-08-12T05:10:00,13.55
20406,2017-08-12T05:30:00,14.19
20407,2017-08-12T05:50:00,14.19
20408,2017-08-12T06:10:00,14.19
20409,2017-08-12T06:30:00,14.52
20410,2017-08-12T06:50:00,14.84
20411,2017-08-12T07:10:00,15.16
20412,2017-08-12T07:30:00,16.13
20413,2017-08-12T07:50:00,16.77
20414,2017-08-12T08:10:00,22.9
20415,2017-08-12T08:35:00,19.03
20416,2017-08-12T08:55:00,19.03
20417,2017-08-12T09:15:00,20
20418,2017-08-12T09:35:00,18.06
20419,2017-08-12T09:55:00,17.1
20420,2017-08-12T10:15:00,15.16
20421,2017-08-12T10:35:00,14.52
20422,2017-08-12T10:55:00,15.16
20423,2017-08-12T11:15:00,14.19
20424,2017-08-12T11:35:00,14.19
20425,2017-08-12T11:55:00,14.52
20426,2017-08-12T12:15:00,14.84
20427,2017-08-12T12:35:00,15.48
20428,2017-08-12T12:55:00,15.16
20429,2017-08-12T13:15:00,15.16
20430,2017-08-12T13:35:00,15.16
20431,2017-08-12T13:55:00,15.16
20432,2017-08-12T14:15:00,15.16
20433,2017-08-12T14:35:00,16.77
20434,2017-08-12T14:55:00,17.74
20435,2017-08-12T15:15:00,18.39
20436,2017-08-12T15:35:00,18.39
20437,2017-08-12T15:55:00,17.1
20438,2017-08-12T16:15:00,18.06
20439,2017-08-12T16:35:00,18.06
20440,2017-08-12T16:55:00,18.06
20441,2017-08-12T17:15:00,17.1
20442,2017-08-12T17:35:00,17.1
20443,2017-08-12T17:55:00,16.77
20444,2017-08-12T18:15:00,16.13
20445,2017-08-12T18:35:00,15.81
20446,2017-08-12T18:55:00,15.16
20447,2017-08-12T19:15:00,14.84
20448,2017-08-12T19:35:00,14.19
20449,2017-08-12T20:00:00,14.19
20450,2017-08-12T20:20:00,13.87
20451,2017-08-12T20:40:00,13.87
20452,2017-08-12T21:00:00,13.55
20453,2017-08-12T21:20:00,14.19
20454,2017-08-12T21:40:00,14.52
20455,2017-08-12T22:00:00,14.52
20456,2017-08-12T22:20:00,14.19
20457,2017-08-12T22:40:00,14.19
20458,2017-08-12T23:00:00,13.87
20459,2017-08-12T23:20:00,13.87
20460,2017-08-12T23:40:00,12.9
20461,2017-08-13T00:00:00,12.58
20462,2017-08-13T00:20:00,12.58
20463,2017-08-13T00:40:00,12.26
20464,2017-08-13T01:00:00,11.94
20465,2017-08-13T01:20:00,11.61
20466,2017-08-13T01:40:00,11.61
20467,2017-08-13T02:00:00,11.29
20468,2017-08-13T02:20:00,10.97
20469,2017-08-13T02:40:00,11.29
20470,2017-08-13T03:00:00,10.97
20471,2017-08-13T03:20:00,10.97
20472,2017-08-13T03:40:00,11.29
20473,2017-08-13T04:00:00,10.97
20474,2017-08-13T04:20:00,11.29
20475,2017-08-13T04:40:00,11.61
20476,2017-08-13T05:00:00,12.58
20477,2017-08-13T05:20:00,14.19
20478,2017-08-13T05:40:00,15.48
20479,2017-08-13T06:00:00,16.77
20480,2017-08-13T06:20:00,18.39
20481,2017-08-13T06:40:00,18.71
20482,2017-08-13T07:00:00,21.29
20483,2017-08-13T07:25:00,21.61
20484,2017-08-13T07:45:00,23.23
20485,2017-08-13T08:05:00,23.55
20486,2017-08-13T08:25:00,23.55
20487,2017-08-13T08:45:00,24.19
20488,2017-08-13T09:05:00,24.52
20489,2017-08-13T09:25:00,24.84
20490,2017-08-13T09:45:00,25.48
20491,2017-08-13T10:05:00,23.23
20492,2017-08-13T10:25:00,25.48
20493,2017-08-13T10:45:00,18.71
20494,2017-08-13T11:05:00,24.19
20495,2017-08-13T11:25:00,22.9
20496,2017-08-13T11:45:00,22.26
20497,2017-08-13T12:05:00,26.45
20498,2017-08-13T12:25:00,28.39
20499,2017-08-13T12:45:00,20.97
20500,2017-08-13T13:05:00,25.81
20501,2017-08-13T13:25:00,22.9
20502,2017-08-13T13:45:00,22.26
20503,2017-08-13T14:05:00,26.45
20504,2017-08-13T14:25:00,20.97
20505,2017-08-13T14:45:00,25.81
20506,2017-08-13T15:05:00,22.9
20507,2017-08-13T15:25:00,21.94
20508,2017-08-13T15:45:00,19.03
20509,2017-08-13T16:05:00,18.71
20510,2017-08-13T16:25:00,18.06
20511,2017-08-13T16:45:00,17.74
20512,2017-08-13T17:05:00,17.1
20513,2017-08-13T17:25:00,16.77
20514,2017-08-13T17:45:00,16.45
20515,2017-08-13T18:05:00,15.81
20516,2017-08-13T18:30:00,16.13
20517,2017-08-13T18:50:00,14.19
20518,2017-08-13T19:10:00,13.87
20519,2017-08-13T19:30:00,13.23
20520,2017-08-13T19:50:00,13.23
20521,2017-08-13T20:10:00,12.26
20522,2017-08-13T20:30:00,11.94
20523,2017-08-13T20:50:00,11.29
20524,2017-08-13T21:10:00,10.97
20525,2017-08-13T21:30:00,10.97
20526,2017-08-13T21:50:00,10.97
20527,2017-08-13T22:10:00,10.65
20528,2017-08-13T22:30:00,10.65
20529,2017-08-13T22:50:00,10.65
20530,2017-08-13T23:10:00,10.32
20531,2017-08-13T23:30:00,10.32
20532,2017-08-13T23:50:00,10.65
20533,2017-08-14T00:10:00,10
20534,2017-08-14T00:30:00,9.68
20535,2017-08-14T00:50:00,9.68
20536,2017-08-14T01:10:00,9.35
20537,2017-08-14T01:30:00,9.35
20538,2017-08-14T01:50:00,9.35
20539,2017-08-14T02:10:00,9.03
20540,2017-08-14T02:30:00,9.35
20541,2017-08-14T02:50:00,9.35
20542,2017-08-14T03:10:00,9.35
20543,2017-08-14T03:30:00,9.35
20544,2017-08-14T03:50:00,9.35
20545,2017-08-14T04:10:00,9.68
20546,2017-08-14T04:30:00,9.68
20547,2017-08-14T04:50:00,10.32
20548,2017-08-14T05:10:00,11.94
20549,2017-08-14T05:30:00,13.55
20550,2017-08-14T05:55:00,15.16
20551,2017-08-14T06:15:00,16.77
20552,2017-08-14T06:35:00,19.35
20553,2017-08-14T06:55:00,21.94
20554,2017-08-14T07:15:00,21.61
20555,2017-08-14T07:35:00,22.9
20556,2017-08-14T07:55:00,24.84
20557,2017-08-14T08:15:00,23.23
20558,2017-08-14T08:35:00,21.94
20559,2017-08-14T08:55:00,22.9
20560,2017-08-14T09:15:00,21.61
20561,2017-08-14T09:35:00,23.55
20562,2017-08-14T09:55:00,20
20563,2017-08-14T10:15:00,19.68
20564,2017-08-14T10:35:00,17.42
20565,2017-08-14T10:55:00,16.45
20566,2017-08-14T11:15:00,16.45
20567,2017-08-14T11:35:00,16.45
20568,2017-08-14T11:55:00,16.45
20569,2017-08-14T12:15:00,17.74
20570,2017-08-14T12:35:00,19.35
20571,2017-08-14T12:55:00,20.32
20572,2017-08-14T13:15:00,18.06
20573,2017-08-14T13:35:00,19.68
20574,2017-08-14T13:55:00,18.71
20575,2017-08-14T14:15:00,20
20576,2017-08-14T14:35:00,19.68
20577,2017-08-14T14:55:00,20
20578,2017-08-14T15:15:00,19.35
20579,2017-08-14T15:35:00,17.74
20580,2017-08-14T15:55:00,17.42
20581,2017-08-14T16:15:00,17.1
20582,2017-08-14T16:35:00,16.77
20583,2017-08-14T16:55:00,16.77
20584,2017-08-14T17:20:00,16.77
20585,2017-08-14T17:40:00,16.45
20586,2017-08-14T18:00:00,16.13
20587,2017-08-14T18:20:00,15.81
20588,2017-08-14T18:40:00,15.81
20589,2017-08-14T19:00:00,15.48
20590,2017-08-14T19:20:00,15.48
20591,2017-08-14T19:40:00,15.48
20592,2017-08-14T20:00:00,15.16
20593,2017-08-14T20:20:00,15.16
20594,2017-08-14T20:40:00,15.16
20595,2017-08-14T21:00:00,15.16
20596,2017-08-14T21:20:00,15.16
20597,2017-08-14T21:40:00,15.16
20598,2017-08-14T22:00:00,15.48
20599,2017-08-14T22:20:00,15.16
20600,2017-08-14T22:40:00,14.84
20601,2017-08-14T23:00:00,14.84
20602,2017-08-14T23:20:00,14.52
20603,2017-08-14T23:40:00,14.52
20604,2017-08-15T00:00:00,14.19
20605,2017-08-15T00:20:00,14.52
20606,2017-08-15T00:40:00,14.52
20607,2017-08-15T01:00:00,14.52
20608,2017-08-15T01:20:00,14.52
20609,2017-08-15T01:40:00,14.52
20610,2017-08-15T02:00:00,14.52
20611,2017-08-15T02:20:00,14.52
20612,2017-08-15T02:40:00,14.84
20613,2017-08-15T03:00:00,14.84
20614,2017-08-15T03:20:00,15.16
20615,2017-08-15T03:40:00,15.16
20616,2017-08-15T04:00:00,15.16
20617,2017-08-15T04:20:00,15.16
20618,2017-08-15T04:45:00,15.48
20619,2017-08-15T05:05:00,15.48
20620,2017-08-15T05:25:00,15.81
20621,2017-08-15T05:45:00,15.81
20622,2017-08-15T06:05:00,15.81
20623,2017-08-15T06:25:00,16.13
20624,2017-08-15T06:45:00,16.77
20625,2017-08-15T07:05:00,17.1
20626,2017-08-15T07:25:00,17.1
20627,2017-08-15T07:45:00,17.42
20628,2017-08-15T08:05:00,19.68
20629,2017-08-15T08:25:00,22.58
20630,2017-08-15T08:45:00,20
20631,2017-08-15T09:05:00,19.03
20632,2017-08-15T09:25:00,20.97
20633,2017-08-15T09:45:00,21.29
20634,2017-08-15T10:05:00,21.94
20635,2017-08-15T10:25:00,22.9
20636,2017-08-15T10:45:00,22.58
20637,2017-08-15T11:05:00,23.23
20638,2017-08-15T11:25:00,20.97
20639,2017-08-15T11:45:00,19.35
20640,2017-08-15T12:05:00,20.65
20641,2017-08-15T12:25:00,20.97
20642,2017-08-15T12:45:00,22.26
20643,2017-08-15T13:05:00,20
20644,2017-08-15T13:25:00,20.97
20645,2017-08-15T13:45:00,20.97
20646,2017-08-15T14:05:00,20.32
20647,2017-08-15T14:25:00,20.32
20648,2017-08-15T14:45:00,20.65
20649,2017-08-15T15:05:00,20.32
20650,2017-08-15T15:25:00,20
20651,2017-08-15T15:45:00,19.68
20652,2017-08-15T16:10:00,19.68
20653,2017-08-15T16:30:00,19.68
20654,2017-08-15T16:50:00,17.42
20655,2017-08-15T17:10:00,17.1
20656,2017-08-15T17:30:00,18.06
20657,2017-08-15T17:50:00,18.06
20658,2017-08-15T18:10:00,18.06
20659,2017-08-15T18:30:00,17.42
20660,2017-08-15T18:50:00,17.42
20661,2017-08-15T19:10:00,17.74
20662,2017-08-15T19:30:00,17.74
20663,2017-08-15T19:50:00,16.77
20664,2017-08-15T20:10:00,16.77
20665,2017-08-15T20:30:00,16.77
20666,2017-08-15T20:50:00,17.1
20667,2017-08-15T21:10:00,17.1
20668,2017-08-15T21:30:00,16.77
20669,2017-08-15T21:50:00,16.45
20670,2017-08-15T22:10:00,16.45
20671,2017-08-15T22:30:00,16.13
20672,2017-08-15T22:50:00,16.13
20673,2017-08-15T23:10:00,15.81
20674,2017-08-15T23:30:00,15.81
20675,2017-08-15T23:50:00,15.48
20676,2017-08-16T00:10:00,15.16
20677,2017-08-16T00:30:00,14.84
20678,2017-08-16T00:50:00,14.84
20679,2017-08-16T01:10:00,14.52
20680,2017-08-16T01:30:00,14.52
20681,2017-08-16T01:50:00,14.52
20682,2017-08-16T02:10:00,14.19
20683,2017-08-16T02:30:00,14.19
20684,2017-08-16T02:50:00,14.19
20685,2017-08-16T03:15:00,13.87
20686,2017-08-16T03:35:00,13.55
20687,2017-08-16T03:55:00,13.55
20688,2017-08-16T04:15:00,13.87
20689,2017-08-16T04:35:00,14.52
20690,2017-08-16T04:55:00,15.48
20691,2017-08-16T05:15:00,14.52
20692,2017-08-16T05:35:00,14.52
20693,2017-08-16T05:55:00,14.84
20694,2017-08-16T06:15:00,15.48
20695,2017-08-16T06:35:00,21.94
20696,2017-08-16T06:55:00,20.97
20697,2017-08-16T07:15:00,22.58
20698,2017-08-16T07:35:00,21.61
20699,2017-08-16T07:55:00,27.1
20700,2017-08-16T08:55:00,21.29
20701,2017-08-16T09:15:00,23.23
20702,2017-08-16T09:35:00,26.13
20703,2017-08-16T09:55:00,28.39
20704,2017-08-16T10:15:00,28.39
20705,2017-08-16T10:35:00,26.77
20706,2017-08-16T10:55:00,29.03
20707,2017-08-16T11:15:00,27.74
20708,2017-08-16T11:35:00,24.52
20709,2017-08-16T11:55:00,24.52
20710,2017-08-16T12:15:00,28.39
20711,2017-08-16T12:35:00,28.39
20712,2017-08-16T12:55:00,28.06
20713,2017-08-16T13:15:00,27.42
20714,2017-08-16T13:35:00,30.97
20715,2017-08-16T13:55:00,32.26
20716,2017-08-16T14:15:00,27.74
20717,2017-08-16T14:40:00,29.68
20718,2017-08-16T15:00:00,27.42
20719,2017-08-16T15:20:00,26.77
20720,2017-08-16T15:40:00,23.23
20721,2017-08-16T16:00:00,23.23
20722,2017-08-16T16:20:00,22.26
20723,2017-08-16T16:40:00,20.32
20724,2017-08-16T17:00:00,19.68
20725,2017-08-16T17:20:00,19.03
20726,2017-08-16T17:40:00,19.03
20727,2017-08-16T18:00:00,19.03
20728,2017-08-16T18:20:00,18.71
20729,2017-08-16T18:40:00,18.06
20730,2017-08-16T19:00:00,17.74
20731,2017-08-16T19:20:00,17.42
20732,2017-08-16T19:40:00,17.1
20733,2017-08-16T20:00:00,16.77
20734,2017-08-16T20:20:00,16.13
20735,2017-08-16T20:40:00,15.81
20736,2017-08-16T21:00:00,15.48
20737,2017-08-16T21:20:00,15.16
20738,2017-08-16T21:40:00,14.84
20739,2017-08-16T22:00:00,14.52
20740,2017-08-16T22:20:00,14.19
20741,2017-08-16T22:40:00,14.19
20742,2017-08-16T23:00:00,13.55
20743,2017-08-16T23:20:00,13.55
20744,2017-08-16T23:40:00,13.23
20745,2017-08-17T00:00:00,12.9
20746,2017-08-17T00:20:00,12.58
20747,2017-08-17T00:40:00,12.58
20748,2017-08-17T01:00:00,12.58
20749,2017-08-17T01:20:00,12.58
20750,2017-08-17T01:40:00,12.26
20751,2017-08-17T02:05:00,12.26
20752,2017-08-17T02:25:00,11.61
20753,2017-08-17T02:45:00,12.26
20754,2017-08-17T03:05:00,11.94
20755,2017-08-17T03:25:00,12.26
20756,2017-08-17T03:45:00,12.58
20757,2017-08-17T04:05:00,12.9
20758,2017-08-17T04:25:00,13.23
20759,2017-08-17T04:45:00,13.55
20760,2017-08-17T05:05:00,15.16
20761,2017-08-17T05:25:00,17.1
20762,2017-08-17T05:45:00,17.1
20763,2017-08-17T06:05:00,18.06
20764,2017-08-17T06:25:00,18.71
20765,2017-08-17T06:45:00,19.68
20766,2017-08-17T07:05:00,20
20767,2017-08-17T07:25:00,20.32
20768,2017-08-17T07:45:00,19.35
20769,2017-08-17T08:05:00,20.97
20770,2017-08-17T08:25:00,22.26
20771,2017-08-17T08:45:00,22.58
20772,2017-08-17T09:05:00,22.26
20773,2017-08-17T09:25:00,21.94
20774,2017-08-17T09:45:00,20
20775,2017-08-17T10:05:00,19.35
20776,2017-08-17T10:25:00,20.97
20777,2017-08-17T10:45:00,20.32
20778,2017-08-17T11:05:00,20.97
20779,2017-08-17T11:45:00,19.03
20780,2017-08-17T12:05:00,19.35
20781,2017-08-17T12:25:00,19.35
20782,2017-08-17T12:45:00,19.03
20783,2017-08-17T13:05:00,18.06
20784,2017-08-17T13:30:00,18.39
20785,2017-08-17T13:50:00,18.71
20786,2017-08-17T14:10:00,18.71
20787,2017-08-17T14:30:00,18.71
20788,2017-08-17T14:50:00,18.71
20789,2017-08-17T15:10:00,18.39
20790,2017-08-17T15:30:00,17.1
20791,2017-08-17T15:50:00,16.77
20792,2017-08-17T16:10:00,16.77
20793,2017-08-17T16:30:00,16.45
20794,2017-08-17T16:50:00,15.81
20795,2017-08-17T17:10:00,15.48
20796,2017-08-17T17:30:00,15.16
20797,2017-08-17T17:50:00,15.16
20798,2017-08-17T18:10:00,15.16
20799,2017-08-17T18:30:00,14.84
20800,2017-08-17T18:50:00,15.16
20801,2017-08-17T19:10:00,15.16
20802,2017-08-17T19:30:00,15.16
20803,2017-08-17T19:50:00,15.16
20804,2017-08-17T20:10:00,15.16
20805,2017-08-17T20:30:00,15.48
20806,2017-08-17T20:50:00,15.48
20807,2017-08-17T21:10:00,15.48
20808,2017-08-17T21:30:00,15.48
20809,2017-08-17T21:50:00,15.81
20810,2017-08-17T22:10:00,15.48
20811,2017-08-17T22:30:00,15.81
20812,2017-08-17T22:50:00,15.48
20813,2017-08-17T23:10:00,15.16
20814,2017-08-17T23:30:00,15.16
20815,2017-08-17T23:50:00,14.84
20816,2017-08-18T00:10:00,14.84
20817,2017-08-18T00:30:00,15.16
20818,2017-08-18T00:55:00,15.16
20819,2017-08-18T01:15:00,15.16
20820,2017-08-18T01:35:00,15.16
20821,2017-08-18T01:55:00,15.48
20822,2017-08-18T02:15:00,15.16
20823,2017-08-18T02:35:00,15.16
20824,2017-08-18T02:55:00,15.48
20825,2017-08-18T03:15:00,15.48
20826,2017-08-18T03:35:00,15.48
20827,2017-08-18T03:55:00,15.48
20828,2017-08-18T04:15:00,15.48
20829,2017-08-18T04:35:00,15.81
20830,2017-08-18T04:55:00,16.13
20831,2017-08-18T05:15:00,16.77
20832,2017-08-18T05:35:00,16.45
20833,2017-08-18T05:55:00,16.45
20834,2017-08-18T06:15:00,16.77
20835,2017-08-18T06:35:00,16.77
20836,2017-08-18T06:55:00,17.1
20837,2017-08-18T07:15:00,17.1
20838,2017-08-18T07:35:00,17.42
20839,2017-08-18T07:55:00,18.39
20840,2017-08-18T08:15:00,18.71
20841,2017-08-18T08:35:00,19.68
20842,2017-08-18T08:55:00,20.65
20843,2017-08-18T09:15:00,21.94
20844,2017-08-18T09:35:00,20.97
20845,2017-08-18T09:55:00,22.26
20846,2017-08-18T10:15:00,21.29
20847,2017-08-18T10:35:00,22.26
20848,2017-08-18T10:55:00,20.97
20849,2017-08-18T11:15:00,20.65
20850,2017-08-18T11:35:00,21.29
20851,2017-08-18T12:00:00,20.65
20852,2017-08-18T12:20:00,20.65
20853,2017-08-18T12:40:00,20.97
20854,2017-08-18T13:00:00,21.29
20855,2017-08-18T13:20:00,20.97
20856,2017-08-18T13:40:00,20
20857,2017-08-18T14:00:00,20
20858,2017-08-18T14:20:00,20
20859,2017-08-18T14:40:00,20.65
20860,2017-08-18T15:00:00,20.65
20861,2017-08-18T15:20:00,20.97
20862,2017-08-18T15:40:00,20.65
20863,2017-08-18T16:00:00,20
20864,2017-08-18T16:20:00,19.68
20865,2017-08-18T16:40:00,19.35
20866,2017-08-18T17:00:00,19.35
20867,2017-08-18T17:20:00,19.03
20868,2017-08-18T17:40:00,18.71
20869,2017-08-18T18:00:00,18.39
20870,2017-08-18T18:20:00,18.06
20871,2017-08-18T18:40:00,17.74
20872,2017-08-18T19:00:00,17.74
20873,2017-08-18T19:20:00,17.42
20874,2017-08-18T19:40:00,17.42
20875,2017-08-18T20:00:00,17.1
20876,2017-08-18T20:20:00,15.16
20877,2017-08-18T20:40:00,14.84
20878,2017-08-18T21:00:00,13.87
20879,2017-08-18T21:20:00,14.19
20880,2017-08-18T21:40:00,14.19
20881,2017-08-18T22:00:00,14.19
20882,2017-08-18T22:20:00,14.19
20883,2017-08-18T22:40:00,14.52
20884,2017-08-18T23:00:00,14.19
20885,2017-08-18T23:25:00,13.87
20886,2017-08-18T23:45:00,13.55
20887,2017-08-19T00:05:00,13.55
20888,2017-08-19T00:25:00,13.55
20889,2017-08-19T00:45:00,13.23
20890,2017-08-19T01:05:00,13.55
20891,2017-08-19T01:25:00,13.55
20892,2017-08-19T01:45:00,13.55
20893,2017-08-19T02:05:00,13.55
20894,2017-08-19T02:25:00,13.55
20895,2017-08-19T02:45:00,13.87
20896,2017-08-19T03:05:00,13.23
20897,2017-08-19T03:25:00,12.9
20898,2017-08-19T03:45:00,12.9
20899,2017-08-19T04:05:00,12.9
20900,2017-08-19T04:25:00,12.9
20901,2017-08-19T04:45:00,13.23
20902,2017-08-19T05:05:00,13.55
20903,2017-08-19T05:25:00,12.58
20904,2017-08-19T05:45:00,13.87
20905,2017-08-19T06:05:00,13.23
20906,2017-08-19T06:25:00,13.87
20907,2017-08-19T06:45:00,16.77
20908,2017-08-19T07:05:00,18.06
20909,2017-08-19T07:25:00,18.71
20910,2017-08-19T07:45:00,19.35
20911,2017-08-19T08:05:00,20.65
20912,2017-08-19T08:25:00,20
20913,2017-08-19T08:45:00,19.03
20914,2017-08-19T09:05:00,19.68
20915,2017-08-19T09:25:00,17.74
20916,2017-08-19T09:45:00,16.77
20917,2017-08-19T10:05:00,16.77
20918,2017-08-19T10:25:00,20.32
20919,2017-08-19T10:50:00,20.65
20920,2017-08-19T11:10:00,19.68
20921,2017-08-19T11:30:00,21.29
20922,2017-08-19T11:50:00,21.61
20923,2017-08-19T12:10:00,19.03
20924,2017-08-19T12:30:00,18.71
20925,2017-08-19T12:50:00,21.61
20926,2017-08-19T13:10:00,20.65
20927,2017-08-19T13:30:00,18.06
20928,2017-08-19T13:50:00,19.35
20929,2017-08-19T14:10:00,19.35
20930,2017-08-19T14:30:00,20
20931,2017-08-19T14:50:00,20
20932,2017-08-19T15:10:00,19.68
20933,2017-08-19T15:30:00,15.81
20934,2017-08-19T15:50:00,17.1
20935,2017-08-19T16:10:00,16.77
20936,2017-08-19T16:30:00,17.1
20937,2017-08-19T16:50:00,16.45
20938,2017-08-19T17:10:00,15.48
20939,2017-08-19T17:30:00,15.81
20940,2017-08-19T17:50:00,15.48
20941,2017-08-19T18:10:00,15.16
20942,2017-08-19T18:30:00,14.84
20943,2017-08-19T18:50:00,14.19
20944,2017-08-19T19:10:00,14.19
20945,2017-08-19T19:30:00,14.19
20946,2017-08-19T19:50:00,13.55
20947,2017-08-19T20:10:00,12.9
20948,2017-08-19T20:30:00,12.9
20949,2017-08-19T20:50:00,12.58
20950,2017-08-19T21:10:00,12.58
20951,2017-08-19T21:30:00,12.26
20952,2017-08-19T21:50:00,11.94
20953,2017-08-19T22:15:00,11.94
20954,2017-08-19T22:35:00,12.26
20955,2017-08-19T22:55:00,11.94
20956,2017-08-19T23:15:00,11.94
20957,2017-08-19T23:35:00,11.94
20958,2017-08-19T23:55:00,11.61
20959,2017-08-20T00:15:00,11.61
20960,2017-08-20T00:35:00,11.29
20961,2017-08-20T00:55:00,10.97
20962,2017-08-20T01:15:00,10.97
20963,2017-08-20T01:35:00,10.97
20964,2017-08-20T01:55:00,10.65
20965,2017-08-20T02:15:00,10.65
20966,2017-08-20T02:35:00,10.97
20967,2017-08-20T02:55:00,11.29
20968,2017-08-20T03:15:00,11.29
20969,2017-08-20T03:35:00,11.61
20970,2017-08-20T03:55:00,11.61
20971,2017-08-20T04:15:00,10.97
20972,2017-08-20T04:35:00,10.97
20973,2017-08-20T04:55:00,10.97
20974,2017-08-20T05:15:00,11.29
20975,2017-08-20T05:35:00,11.61
20976,2017-08-20T05:55:00,11.61
20977,2017-08-20T06:15:00,12.26
20978,2017-08-20T06:35:00,13.23
20979,2017-08-20T06:55:00,12.9
20980,2017-08-20T07:15:00,15.16
20981,2017-08-20T07:35:00,17.42
20982,2017-08-20T07:55:00,19.03
20983,2017-08-20T08:15:00,18.06
20984,2017-08-20T08:35:00,21.61
20985,2017-08-20T08:55:00,21.61
20986,2017-08-20T09:15:00,23.23
20987,2017-08-20T09:40:00,21.29
20988,2017-08-20T10:00:00,21.61
20989,2017-08-20T10:20:00,19.68
20990,2017-08-20T10:40:00,15.81
20991,2017-08-20T11:00:00,16.45
20992,2017-08-20T11:20:00,16.13
20993,2017-08-20T11:40:00,22.58
20994,2017-08-20T12:00:00,22.58
20995,2017-08-20T12:20:00,17.42
20996,2017-08-20T12:40:00,20.32
20997,2017-08-20T13:00:00,17.1
20998,2017-08-20T13:20:00,15.81
20999,2017-08-20T13:40:00,22.9
21000,2017-08-20T14:00:00,18.06
21001,2017-08-20T14:20:00,20.97
21002,2017-08-20T14:40:00,18.06
21003,2017-08-20T15:00:00,17.1
21004,2017-08-20T15:20:00,17.74
21005,2017-08-20T15:40:00,16.45
21006,2017-08-20T16:00:00,15.16
21007,2017-08-20T16:20:00,16.45
21008,2017-08-20T16:40:00,15.81
21009,2017-08-20T17:00:00,15.48
21010,2017-08-20T17:20:00,14.84
21011,2017-08-20T17:40:00,14.52
21012,2017-08-20T18:00:00,12.9
21013,2017-08-20T18:20:00,12.9
21014,2017-08-20T18:40:00,12.26
21015,2017-08-20T19:00:00,12.26
21016,2017-08-20T19:20:00,12.26
21017,2017-08-20T19:40:00,12.58
21018,2017-08-20T20:00:00,12.58
21019,2017-08-20T20:20:00,12.26
21020,2017-08-20T20:45:00,12.26
21021,2017-08-20T21:05:00,11.94
21022,2017-08-20T21:25:00,11.94
21023,2017-08-20T21:45:00,12.26
21024,2017-08-20T22:05:00,12.26
21025,2017-08-20T22:25:00,12.26
21026,2017-08-20T22:45:00,12.26
21027,2017-08-20T23:45:00,12.58
21028,2017-08-21T00:05:00,12.58
21029,2017-08-21T00:25:00,12.26
21030,2017-08-21T00:45:00,12.26
21031,2017-08-21T01:05:00,12.58
21032,2017-08-21T01:25:00,12.58
21033,2017-08-21T01:45:00,12.9
21034,2017-08-21T02:05:00,13.23
21035,2017-08-21T02:25:00,13.23
21036,2017-08-21T02:45:00,13.23
21037,2017-08-21T03:05:00,13.23
21038,2017-08-21T03:25:00,12.9
21039,2017-08-21T03:45:00,13.23
21040,2017-08-21T04:05:00,13.55
21041,2017-08-21T04:25:00,14.19
21042,2017-08-21T04:45:00,15.16
21043,2017-08-21T05:05:00,16.13
21044,2017-08-21T05:25:00,17.1
21045,2017-08-21T05:45:00,17.1
21046,2017-08-21T06:05:00,19.68
21047,2017-08-21T06:25:00,20.32
21048,2017-08-21T06:45:00,22.9
21049,2017-08-21T07:05:00,23.23
21050,2017-08-21T07:25:00,20.97
21051,2017-08-21T07:45:00,21.94
21052,2017-08-21T08:10:00,23.23
21053,2017-08-21T08:30:00,25.16
21054,2017-08-21T08:50:00,24.19
21055,2017-08-21T09:10:00,27.1
21056,2017-08-21T09:30:00,26.45
21057,2017-08-21T09:50:00,27.42
21058,2017-08-21T10:10:00,26.77
21059,2017-08-21T10:30:00,22.26
21060,2017-08-21T10:50:00,22.9
21061,2017-08-21T11:10:00,24.84
21062,2017-08-21T11:30:00,27.42
21063,2017-08-21T11:50:00,27.74
21064,2017-08-21T12:10:00,27.1
21065,2017-08-21T12:30:00,27.1
21066,2017-08-21T12:50:00,21.61
21067,2017-08-21T13:10:00,26.45
21068,2017-08-21T13:30:00,26.77
21069,2017-08-21T13:50:00,25.81
21070,2017-08-21T14:10:00,23.55
21071,2017-08-21T14:30:00,25.16
21072,2017-08-21T14:50:00,24.52
21073,2017-08-21T15:10:00,22.9
21074,2017-08-21T15:30:00,19.68
21075,2017-08-21T15:50:00,18.06
21076,2017-08-21T16:10:00,17.42
21077,2017-08-21T16:30:00,16.77
21078,2017-08-21T16:50:00,16.45
21079,2017-08-21T17:10:00,15.81
21080,2017-08-21T17:30:00,15.48
21081,2017-08-21T17:50:00,15.16
21082,2017-08-21T18:10:00,15.16
21083,2017-08-21T18:30:00,14.84
21084,2017-08-21T18:50:00,14.84
21085,2017-08-21T19:10:00,14.52
21086,2017-08-21T19:35:00,14.19
21087,2017-08-21T19:55:00,14.52
21088,2017-08-21T20:15:00,14.19
21089,2017-08-21T20:35:00,13.87
21090,2017-08-21T20:55:00,13.23
21091,2017-08-21T21:15:00,13.23
21092,2017-08-21T21:35:00,12.9
21093,2017-08-21T21:55:00,12.58
21094,2017-08-21T22:15:00,12.26
21095,2017-08-21T22:35:00,12.26
21096,2017-08-21T22:55:00,12.26
21097,2017-08-21T23:15:00,12.26
21098,2017-08-21T23:35:00,11.94
21099,2017-08-21T23:55:00,11.94
21100,2017-08-22T00:15:00,11.94
21101,2017-08-22T00:35:00,11.94
21102,2017-08-22T00:55:00,11.61
21103,2017-08-22T01:15:00,11.61
21104,2017-08-22T01:35:00,11.61
21105,2017-08-22T01:55:00,11.61
21106,2017-08-22T02:15:00,11.29
21107,2017-08-22T02:35:00,11.29
21108,2017-08-22T02:55:00,10.97
21109,2017-08-22T03:15:00,10.97
21110,2017-08-22T03:35:00,10.97
21111,2017-08-22T03:55:00,10.97
21112,2017-08-22T04:15:00,10.97
21113,2017-08-22T04:35:00,11.29
21114,2017-08-22T04:55:00,11.61
21115,2017-08-22T05:15:00,12.9
21116,2017-08-22T05:35:00,15.48
21117,2017-08-22T05:55:00,17.74
21118,2017-08-22T06:15:00,19.03
21119,2017-08-22T06:35:00,20.97
21120,2017-08-22T07:00:00,23.23
21121,2017-08-22T07:20:00,23.87
21122,2017-08-22T07:40:00,26.13
21123,2017-08-22T08:00:00,27.74
21124,2017-08-22T08:20:00,26.77
21125,2017-08-22T08:40:00,24.84
21126,2017-08-22T09:00:00,25.48
21127,2017-08-22T09:20:00,26.45
21128,2017-08-22T09:40:00,28.39
21129,2017-08-22T10:00:00,29.03
21130,2017-08-22T10:20:00,24.52
21131,2017-08-22T10:40:00,20.65
21132,2017-08-22T11:00:00,19.68
21133,2017-08-22T11:20:00,24.52
21134,2017-08-22T11:40:00,31.94
21135,2017-08-22T12:00:00,25.48
21136,2017-08-22T12:20:00,21.94
21137,2017-08-22T12:40:00,25.48
21138,2017-08-22T13:00:00,29.35
21139,2017-08-22T13:20:00,26.77
21140,2017-08-22T13:40:00,20.32
21141,2017-08-22T14:00:00,20.32
21142,2017-08-22T14:20:00,20.32
21143,2017-08-22T14:40:00,20
21144,2017-08-22T15:00:00,20.65
21145,2017-08-22T15:20:00,24.84
21146,2017-08-22T15:40:00,19.68
21147,2017-08-22T16:00:00,20.65
21148,2017-08-22T16:20:00,20.32
21149,2017-08-22T16:40:00,19.68
21150,2017-08-22T17:00:00,19.35
21151,2017-08-22T17:20:00,18.39
21152,2017-08-22T17:40:00,17.74
21153,2017-08-22T18:00:00,17.74
21154,2017-08-22T18:25:00,17.42
21155,2017-08-22T18:45:00,17.1
21156,2017-08-22T19:05:00,16.77
21157,2017-08-22T19:25:00,16.45
21158,2017-08-22T19:45:00,16.13
21159,2017-08-22T20:05:00,15.81
21160,2017-08-22T20:25:00,15.16
21161,2017-08-22T20:45:00,14.52
21162,2017-08-22T21:05:00,14.52
21163,2017-08-22T21:25:00,13.87
21164,2017-08-22T21:45:00,13.55
21165,2017-08-22T22:05:00,13.23
21166,2017-08-22T22:25:00,13.55
21167,2017-08-22T22:45:00,13.23
21168,2017-08-22T23:05:00,13.23
21169,2017-08-22T23:25:00,12.9
21170,2017-08-22T23:45:00,12.9
21171,2017-08-23T00:05:00,12.9
21172,2017-08-23T00:25:00,12.58
21173,2017-08-23T00:45:00,12.26
21174,2017-08-23T01:05:00,11.94
21175,2017-08-23T01:25:00,11.94
21176,2017-08-23T01:45:00,11.94
21177,2017-08-23T02:05:00,11.94
21178,2017-08-23T02:25:00,11.94
21179,2017-08-23T02:45:00,11.61
21180,2017-08-23T03:05:00,10.97
21181,2017-08-23T03:25:00,11.61
21182,2017-08-23T03:45:00,10.97
21183,2017-08-23T04:05:00,10
21184,2017-08-23T04:25:00,10.65
21185,2017-08-23T04:45:00,12.26
21186,2017-08-23T05:05:00,14.84
21187,2017-08-23T05:30:00,14.84
21188,2017-08-23T05:50:00,16.13
21189,2017-08-23T06:10:00,17.1
21190,2017-08-23T06:30:00,19.35
21191,2017-08-23T06:50:00,22.9
21192,2017-08-23T07:10:00,26.13
21193,2017-08-23T07:30:00,28.39
21194,2017-08-23T07:50:00,30.32
21195,2017-08-23T08:10:00,30.32
21196,2017-08-23T08:30:00,30
21197,2017-08-23T08:50:00,31.29
21198,2017-08-23T09:10:00,31.94
21199,2017-08-23T09:30:00,31.61
21200,2017-08-23T09:50:00,27.74
21201,2017-08-23T10:10:00,25.81
21202,2017-08-23T10:30:00,24.52
21203,2017-08-23T10:50:00,24.19
21204,2017-08-23T11:10:00,26.77
21205,2017-08-23T11:30:00,22.9
21206,2017-08-23T11:50:00,20.97
21207,2017-08-23T12:10:00,23.23
21208,2017-08-23T12:30:00,22.26
21209,2017-08-23T12:50:00,22.9
21210,2017-08-23T13:10:00,21.61
21211,2017-08-23T13:30:00,22.9
21212,2017-08-23T13:50:00,23.23
21213,2017-08-23T14:10:00,22.26
21214,2017-08-23T14:30:00,21.61
21215,2017-08-23T14:50:00,23.55
21216,2017-08-23T15:10:00,22.9
21217,2017-08-23T15:30:00,19.03
21218,2017-08-23T15:50:00,16.77
21219,2017-08-23T16:10:00,16.45
21220,2017-08-23T16:30:00,16.13
21221,2017-08-23T16:55:00,15.81
21222,2017-08-23T17:15:00,15.48
21223,2017-08-23T17:35:00,15.48
21224,2017-08-23T17:55:00,15.16
21225,2017-08-23T18:15:00,14.84
21226,2017-08-23T18:35:00,14.52
21227,2017-08-23T18:55:00,14.52
21228,2017-08-23T19:15:00,14.52
21229,2017-08-23T19:35:00,14.52
21230,2017-08-23T19:55:00,14.19
21231,2017-08-23T20:15:00,13.87
21232,2017-08-23T20:35:00,13.87
21233,2017-08-23T20:55:00,13.87
21234,2017-08-23T21:15:00,13.55
21235,2017-08-23T21:35:00,13.55
21236,2017-08-23T21:55:00,13.55
21237,2017-08-23T22:15:00,13.23
21238,2017-08-23T22:35:00,13.23
21239,2017-08-23T22:55:00,13.23
21240,2017-08-23T23:15:00,13.23
21241,2017-08-23T23:35:00,13.23
21242,2017-08-23T23:55:00,13.23
21243,2017-08-24T00:15:00,13.55
21244,2017-08-24T00:35:00,13.23
21245,2017-08-24T00:55:00,13.23
21246,2017-08-24T01:15:00,13.55
21247,2017-08-24T01:35:00,13.55
21248,2017-08-24T01:55:00,13.23
21249,2017-08-24T02:15:00,13.55
21250,2017-08-24T02:35:00,13.55
21251,2017-08-24T02:55:00,13.55
21252,2017-08-24T03:15:00,13.87
21253,2017-08-24T03:35:00,13.87
21254,2017-08-24T03:55:00,13.87
21255,2017-08-24T04:20:00,14.19
21256,2017-08-24T04:40:00,14.19
21257,2017-08-24T05:00:00,14.52
21258,2017-08-24T05:20:00,14.52
21259,2017-08-24T05:40:00,15.16
21260,2017-08-24T06:00:00,15.48
21261,2017-08-24T06:20:00,16.13
21262,2017-08-24T06:40:00,18.39
21263,2017-08-24T07:00:00,17.42
21264,2017-08-24T07:20:00,19.35
21265,2017-08-24T07:40:00,18.71
21266,2017-08-24T08:00:00,17.1
21267,2017-08-24T08:20:00,19.35
21268,2017-08-24T08:40:00,17.74
21269,2017-08-24T09:00:00,17.1
21270,2017-08-24T09:20:00,17.1
21271,2017-08-24T09:40:00,16.77
21272,2017-08-24T10:00:00,17.1
21273,2017-08-24T10:20:00,17.1
21274,2017-08-24T10:40:00,18.39
21275,2017-08-24T11:00:00,18.06
21276,2017-08-24T11:20:00,17.42
21277,2017-08-24T11:40:00,17.74
21278,2017-08-24T12:00:00,18.39
21279,2017-08-24T12:20:00,19.03
21280,2017-08-24T12:40:00,19.35
21281,2017-08-24T13:00:00,18.71
21282,2017-08-24T13:20:00,18.39
21283,2017-08-24T13:40:00,17.42
21284,2017-08-24T14:00:00,22.26
21285,2017-08-24T14:20:00,22.58
21286,2017-08-24T14:40:00,21.29
21287,2017-08-24T15:00:00,20.65
21288,2017-08-24T15:20:00,22.26
21289,2017-08-24T15:45:00,19.68
21290,2017-08-24T16:05:00,19.68
21291,2017-08-24T16:25:00,19.03
21292,2017-08-24T16:45:00,18.06
21293,2017-08-24T17:05:00,17.74
21294,2017-08-24T17:25:00,17.1
21295,2017-08-24T17:45:00,16.77
21296,2017-08-24T18:05:00,16.45
21297,2017-08-24T18:25:00,15.81
21298,2017-08-24T18:45:00,15.48
21299,2017-08-24T19:05:00,15.16
21300,2017-08-24T19:25:00,14.84
21301,2017-08-24T19:45:00,14.52
21302,2017-08-24T20:05:00,14.52
21303,2017-08-24T20:25:00,14.19
21304,2017-08-24T20:45:00,14.19
21305,2017-08-24T21:05:00,14.19
21306,2017-08-24T21:25:00,14.19
21307,2017-08-24T21:45:00,13.87
21308,2017-08-24T22:05:00,13.87
21309,2017-08-24T22:25:00,13.87
21310,2017-08-24T22:45:00,13.87
21311,2017-08-24T23:05:00,13.87
21312,2017-08-24T23:25:00,13.55
21313,2017-08-24T23:45:00,13.87
21314,2017-08-25T00:05:00,13.55
21315,2017-08-25T00:25:00,13.55
21316,2017-08-25T00:45:00,13.55
21317,2017-08-25T01:05:00,13.55
21318,2017-08-25T01:25:00,13.23
21319,2017-08-25T01:45:00,12.9
21320,2017-08-25T02:05:00,12.9
21321,2017-08-25T02:25:00,12.58
21322,2017-08-25T02:45:00,12.58
21323,2017-08-25T03:10:00,12.58
21324,2017-08-25T03:30:00,12.58
21325,2017-08-25T03:50:00,12.58
21326,2017-08-25T04:10:00,12.58
21327,2017-08-25T04:30:00,12.9
21328,2017-08-25T04:50:00,13.23
21329,2017-08-25T05:10:00,13.87
21330,2017-08-25T05:30:00,15.16
21331,2017-08-25T05:50:00,16.13
21332,2017-08-25T06:10:00,17.1
21333,2017-08-25T06:30:00,19.68
21334,2017-08-25T06:50:00,19.35
21335,2017-08-25T07:10:00,20.32
21336,2017-08-25T07:30:00,21.61
21337,2017-08-25T07:50:00,23.87
21338,2017-08-25T08:10:00,24.19
21339,2017-08-25T08:30:00,24.19
21340,2017-08-25T08:50:00,24.19
21341,2017-08-25T09:10:00,23.23
21342,2017-08-25T09:30:00,26.13
21343,2017-08-25T09:50:00,23.23
21344,2017-08-25T10:10:00,24.19
21345,2017-08-25T10:30:00,23.87
21346,2017-08-25T10:50:00,27.42
21347,2017-08-25T11:10:00,26.13
21348,2017-08-25T11:30:00,26.45
21349,2017-08-25T11:50:00,26.13
21350,2017-08-25T12:10:00,26.13
21351,2017-08-25T12:30:00,25.48
21352,2017-08-25T13:50:00,25.48
21353,2017-08-25T14:15:00,26.77
21354,2017-08-25T14:35:00,22.58
21355,2017-08-25T14:55:00,21.61
21356,2017-08-25T15:15:00,24.84
21357,2017-08-25T15:35:00,21.61
21358,2017-08-25T15:55:00,20
21359,2017-08-25T16:15:00,20
21360,2017-08-25T16:35:00,19.03
21361,2017-08-25T16:55:00,18.71
21362,2017-08-25T17:15:00,18.06
21363,2017-08-25T17:35:00,17.42
21364,2017-08-25T17:55:00,17.1
21365,2017-08-25T18:15:00,16.45
21366,2017-08-25T18:35:00,16.13
21367,2017-08-25T18:55:00,15.48
21368,2017-08-25T19:15:00,14.84
21369,2017-08-25T19:35:00,14.84
21370,2017-08-25T19:55:00,14.52
21371,2017-08-25T20:15:00,14.19
21372,2017-08-25T20:35:00,13.87
21373,2017-08-25T20:55:00,13.87
21374,2017-08-25T21:15:00,13.87
21375,2017-08-25T21:35:00,13.55
21376,2017-08-25T21:55:00,13.55
21377,2017-08-25T22:15:00,13.23
21378,2017-08-25T22:35:00,13.23
21379,2017-08-25T22:55:00,12.9
21380,2017-08-25T23:15:00,12.9
21381,2017-08-25T23:35:00,13.23
21382,2017-08-25T23:55:00,12.9
21383,2017-08-26T00:15:00,12.9
21384,2017-08-26T00:35:00,12.9
21385,2017-08-26T00:55:00,12.9
21386,2017-08-26T01:15:00,12.9
21387,2017-08-26T01:40:00,12.9
21388,2017-08-26T02:00:00,12.58
21389,2017-08-26T02:20:00,12.58
21390,2017-08-26T02:40:00,12.58
21391,2017-08-26T03:00:00,12.58
21392,2017-08-26T03:20:00,12.58
21393,2017-08-26T03:40:00,12.58
21394,2017-08-26T04:00:00,12.58
21395,2017-08-26T04:20:00,12.58
21396,2017-08-26T04:40:00,12.9
21397,2017-08-26T05:00:00,12.9
21398,2017-08-26T05:20:00,13.23
21399,2017-08-26T05:40:00,13.55
21400,2017-08-26T06:00:00,14.19
21401,2017-08-26T06:20:00,14.52
21402,2017-08-26T06:40:00,15.16
21403,2017-08-26T07:00:00,15.48
21404,2017-08-26T07:20:00,18.71
21405,2017-08-26T07:40:00,18.39
21406,2017-08-26T08:00:00,19.35
21407,2017-08-26T08:20:00,20.32
21408,2017-08-26T08:40:00,20.65
21409,2017-08-26T09:00:00,22.58
21410,2017-08-26T09:20:00,25.81
21411,2017-08-26T09:40:00,29.68
21412,2017-08-26T10:00:00,22.9
21413,2017-08-26T10:20:00,22.9
21414,2017-08-26T10:40:00,20
21415,2017-08-26T11:00:00,19.03
21416,2017-08-26T11:20:00,19.03
21417,2017-08-26T11:40:00,19.35
21418,2017-08-26T12:00:00,19.68
21419,2017-08-26T12:20:00,21.29
21420,2017-08-26T12:40:00,27.1
21421,2017-08-26T13:05:00,21.29
21422,2017-08-26T13:25:00,20.65
21423,2017-08-26T13:45:00,20.65
21424,2017-08-26T14:05:00,20.65
21425,2017-08-26T14:25:00,20.65
21426,2017-08-26T14:45:00,20
21427,2017-08-26T15:05:00,20.32
21428,2017-08-26T15:25:00,19.35
21429,2017-08-26T15:45:00,18.71
21430,2017-08-26T16:05:00,18.39
21431,2017-08-26T16:25:00,18.06
21432,2017-08-26T16:45:00,18.06
21433,2017-08-26T17:05:00,17.42
21434,2017-08-26T17:25:00,17.1
21435,2017-08-26T17:45:00,17.1
21436,2017-08-26T18:05:00,16.77
21437,2017-08-26T18:25:00,15.48
21438,2017-08-26T18:45:00,15.48
21439,2017-08-26T19:05:00,15.16
21440,2017-08-26T19:25:00,15.48
21441,2017-08-26T19:45:00,15.16
21442,2017-08-26T20:05:00,15.16
21443,2017-08-26T20:25:00,15.16
21444,2017-08-26T20:45:00,15.48
21445,2017-08-26T21:05:00,15.16
21446,2017-08-26T21:25:00,15.16
21447,2017-08-26T21:45:00,15.16
21448,2017-08-26T22:05:00,14.84
21449,2017-08-26T22:25:00,14.84
21450,2017-08-26T22:45:00,14.84
21451,2017-08-26T23:05:00,14.84
21452,2017-08-26T23:25:00,14.84
21453,2017-08-26T23:45:00,14.19
21454,2017-08-27T00:05:00,14.19
21455,2017-08-27T00:30:00,14.19
21456,2017-08-27T00:50:00,14.19
21457,2017-08-27T01:10:00,14.84
21458,2017-08-27T01:30:00,13.87
21459,2017-08-27T01:50:00,13.55
21460,2017-08-27T02:10:00,13.23
21461,2017-08-27T02:30:00,12.9
21462,2017-08-27T02:50:00,13.23
21463,2017-08-27T03:10:00,13.23
21464,2017-08-27T03:30:00,13.23
21465,2017-08-27T03:50:00,12.9
21466,2017-08-27T04:10:00,13.55
21467,2017-08-27T04:30:00,13.87
21468,2017-08-27T04:50:00,13.87
21469,2017-08-27T05:10:00,13.87
21470,2017-08-27T05:30:00,13.87
21471,2017-08-27T05:50:00,16.13
21472,2017-08-27T06:10:00,14.19
21473,2017-08-27T06:30:00,15.81
21474,2017-08-27T06:50:00,18.06
21475,2017-08-27T07:10:00,19.35
21476,2017-08-27T07:30:00,22.26
21477,2017-08-27T07:50:00,20.32
21478,2017-08-27T08:10:00,20
21479,2017-08-27T08:30:00,22.58
21480,2017-08-27T08:50:00,21.29
21481,2017-08-27T09:10:00,23.23
21482,2017-08-27T09:30:00,23.87
21483,2017-08-27T09:50:00,23.23
21484,2017-08-27T10:10:00,27.42
21485,2017-08-27T10:30:00,29.03
21486,2017-08-27T10:50:00,27.42
21487,2017-08-27T11:10:00,30.32
21488,2017-08-27T11:30:00,31.94
21489,2017-08-27T11:55:00,26.45
21490,2017-08-27T12:15:00,20.97
21491,2017-08-27T12:35:00,21.94
21492,2017-08-27T12:55:00,29.68
21493,2017-08-27T13:15:00,26.45
21494,2017-08-27T13:35:00,19.68
21495,2017-08-27T13:55:00,18.39
21496,2017-08-27T14:15:00,19.68
21497,2017-08-27T14:35:00,26.45
21498,2017-08-27T14:55:00,20
21499,2017-08-27T15:15:00,19.35
21500,2017-08-27T15:35:00,19.68
21501,2017-08-27T15:55:00,20.97
21502,2017-08-27T16:15:00,19.68
21503,2017-08-27T16:35:00,19.03
21504,2017-08-27T16:55:00,18.06
21505,2017-08-27T17:15:00,17.74
21506,2017-08-27T17:35:00,17.42
21507,2017-08-27T17:55:00,16.77
21508,2017-08-27T18:15:00,16.13
21509,2017-08-27T18:35:00,15.81
21510,2017-08-27T18:55:00,15.48
21511,2017-08-27T19:15:00,15.48
21512,2017-08-27T19:35:00,15.81
21513,2017-08-27T19:55:00,16.13
21514,2017-08-27T20:15:00,15.81
21515,2017-08-27T20:35:00,15.16
21516,2017-08-27T20:55:00,14.52
21517,2017-08-27T21:15:00,13.87
21518,2017-08-27T21:35:00,13.55
21519,2017-08-27T21:55:00,13.55
21520,2017-08-27T22:15:00,13.23
21521,2017-08-27T22:35:00,13.23
21522,2017-08-27T23:00:00,13.23
21523,2017-08-27T23:20:00,12.9
21524,2017-08-27T23:40:00,13.23
21525,2017-08-28T00:00:00,12.9
21526,2017-08-28T00:20:00,13.23
21527,2017-08-28T00:40:00,13.23
21528,2017-08-28T01:00:00,12.58
21529,2017-08-28T01:20:00,12.58
21530,2017-08-28T01:40:00,11.94
21531,2017-08-28T02:00:00,11.94
21532,2017-08-28T02:20:00,12.26
21533,2017-08-28T02:40:00,11.94
21534,2017-08-28T03:00:00,11.61
21535,2017-08-28T03:20:00,11.94
21536,2017-08-28T03:40:00,11.61
21537,2017-08-28T04:00:00,11.29
21538,2017-08-28T04:20:00,10.97
21539,2017-08-28T04:40:00,11.61
21540,2017-08-28T05:00:00,12.9
21541,2017-08-28T05:20:00,14.52
21542,2017-08-28T05:40:00,16.45
21543,2017-08-28T06:00:00,18.71
21544,2017-08-28T06:20:00,21.29
21545,2017-08-28T06:40:00,23.87
21546,2017-08-28T07:00:00,21.61
21547,2017-08-28T07:20:00,21.94
21548,2017-08-28T07:40:00,22.26
21549,2017-08-28T08:00:00,23.55
21550,2017-08-28T08:20:00,27.42
21551,2017-08-28T08:40:00,20.97
21552,2017-08-28T09:00:00,28.39
21553,2017-08-28T09:20:00,27.1
21554,2017-08-28T09:40:00,20.97
21555,2017-08-28T10:00:00,19.68
21556,2017-08-28T10:25:00,21.61
21557,2017-08-28T10:45:00,24.84
21558,2017-08-28T11:05:00,21.61
21559,2017-08-28T11:25:00,20.32
21560,2017-08-28T11:45:00,23.55
21561,2017-08-28T12:05:00,22.26
21562,2017-08-28T12:25:00,22.9
21563,2017-08-28T12:45:00,23.55
21564,2017-08-28T13:05:00,30.65
21565,2017-08-28T13:25:00,23.55
21566,2017-08-28T13:45:00,23.23
21567,2017-08-28T14:05:00,21.29
21568,2017-08-28T14:25:00,22.58
21569,2017-08-28T14:45:00,20.32
21570,2017-08-28T15:05:00,22.26
21571,2017-08-28T15:25:00,22.26
21572,2017-08-28T15:45:00,18.71
21573,2017-08-28T16:05:00,18.39
21574,2017-08-28T16:25:00,18.39
21575,2017-08-28T16:45:00,18.39
21576,2017-08-28T17:05:00,18.06
21577,2017-08-28T17:25:00,17.74
21578,2017-08-28T17:45:00,17.1
21579,2017-08-28T18:05:00,17.1
21580,2017-08-28T18:25:00,16.77
21581,2017-08-28T18:45:00,16.77
21582,2017-08-28T19:05:00,16.45
21583,2017-08-28T19:25:00,16.45
21584,2017-08-28T19:45:00,16.13
21585,2017-08-28T20:05:00,16.13
21586,2017-08-28T20:25:00,16.13
21587,2017-08-28T20:45:00,16.13
21588,2017-08-28T21:05:00,15.81
21589,2017-08-28T21:25:00,15.48
21590,2017-08-28T21:50:00,15.48
21591,2017-08-28T22:10:00,15.48
21592,2017-08-28T22:30:00,15.48
21593,2017-08-28T22:50:00,15.16
21594,2017-08-28T23:10:00,15.48
21595,2017-08-28T23:30:00,15.48
21596,2017-08-28T23:50:00,15.16
21597,2017-08-29T00:10:00,14.84
21598,2017-08-29T00:30:00,14.84
21599,2017-08-29T00:50:00,14.52
21600,2017-08-29T01:10:00,14.52
21601,2017-08-29T01:30:00,15.48
21602,2017-08-29T01:50:00,14.52
21603,2017-08-29T02:10:00,14.19
21604,2017-08-29T02:30:00,14.19
21605,2017-08-29T02:50:00,14.19
21606,2017-08-29T03:10:00,14.19
21607,2017-08-29T03:30:00,14.19
21608,2017-08-29T03:50:00,14.19
21609,2017-08-29T04:10:00,14.19
21610,2017-08-29T04:30:00,14.52
21611,2017-08-29T04:50:00,15.16
21612,2017-08-29T05:10:00,16.45
21613,2017-08-29T05:30:00,17.1
21614,2017-08-29T05:50:00,16.77
21615,2017-08-29T06:10:00,17.1
21616,2017-08-29T06:30:00,17.42
21617,2017-08-29T06:50:00,18.06
21618,2017-08-29T07:10:00,19.68
21619,2017-08-29T07:30:00,19.35
21620,2017-08-29T07:50:00,19.68
21621,2017-08-29T08:10:00,22.9
21622,2017-08-29T08:30:00,21.94
21623,2017-08-29T08:50:00,23.55
21624,2017-08-29T09:15:00,24.52
21625,2017-08-29T09:35:00,24.84
21626,2017-08-29T09:55:00,25.81
21627,2017-08-29T10:15:00,25.48
21628,2017-08-29T10:35:00,25.48
21629,2017-08-29T10:55:00,26.45
21630,2017-08-29T11:15:00,26.45
21631,2017-08-29T11:35:00,27.1
21632,2017-08-29T11:55:00,26.77
21633,2017-08-29T12:15:00,27.1
21634,2017-08-29T12:35:00,26.45
21635,2017-08-29T12:55:00,26.77
21636,2017-08-29T13:15:00,27.74
21637,2017-08-29T13:35:00,27.1
21638,2017-08-29T13:55:00,27.74
21639,2017-08-29T14:15:00,27.1
21640,2017-08-29T14:35:00,24.52
21641,2017-08-29T14:55:00,24.19
21642,2017-08-29T15:15:00,23.87
21643,2017-08-29T15:35:00,24.19
21644,2017-08-29T15:55:00,23.87
21645,2017-08-29T16:15:00,23.55
21646,2017-08-29T16:35:00,23.23
21647,2017-08-29T16:55:00,22.9
21648,2017-08-29T17:15:00,22.26
21649,2017-08-29T17:35:00,21.61
21650,2017-08-29T17:55:00,20.97
21651,2017-08-29T18:15:00,20.32
21652,2017-08-29T18:35:00,20
21653,2017-08-29T18:55:00,19.35
21654,2017-08-29T19:15:00,19.03
21655,2017-08-29T19:35:00,18.39
21656,2017-08-29T19:55:00,18.06
21657,2017-08-29T20:15:00,17.74
21658,2017-08-29T20:40:00,17.74
21659,2017-08-29T21:00:00,17.1
21660,2017-08-29T21:20:00,16.77
21661,2017-08-29T21:40:00,16.45
21662,2017-08-29T22:00:00,16.77
21663,2017-08-29T22:20:00,17.1
21664,2017-08-29T22:40:00,16.77
21665,2017-08-29T23:00:00,16.45
21666,2017-08-29T23:20:00,16.45
21667,2017-08-29T23:40:00,16.45
21668,2017-08-30T00:00:00,16.45
21669,2017-08-30T00:20:00,16.77
21670,2017-08-30T00:40:00,16.45
21671,2017-08-30T01:00:00,16.77
21672,2017-08-30T01:20:00,16.45
21673,2017-08-30T01:40:00,16.45
21674,2017-08-30T02:00:00,15.81
21675,2017-08-30T02:20:00,15.81
21676,2017-08-30T02:40:00,15.48
21677,2017-08-30T03:00:00,15.48
21678,2017-08-30T03:20:00,15.48
21679,2017-08-30T03:40:00,15.48
21680,2017-08-30T04:00:00,15.48
21681,2017-08-30T04:20:00,15.48
21682,2017-08-30T05:20:00,15.81
21683,2017-08-30T05:40:00,16.77
21684,2017-08-30T06:00:00,17.1
21685,2017-08-30T06:20:00,17.74
21686,2017-08-30T06:40:00,18.71
21687,2017-08-30T07:00:00,20.97
21688,2017-08-30T07:20:00,21.94
21689,2017-08-30T07:45:00,19.35
21690,2017-08-30T08:05:00,19.35
21691,2017-08-30T08:25:00,18.71
21692,2017-08-30T08:45:00,19.35
21693,2017-08-30T09:05:00,19.68
21694,2017-08-30T09:25:00,19.03
21695,2017-08-30T09:45:00,19.03
21696,2017-08-30T10:05:00,17.74
21697,2017-08-30T10:25:00,17.74
21698,2017-08-30T10:45:00,18.06
21699,2017-08-30T11:05:00,17.42
21700,2017-08-30T11:25:00,17.1
21701,2017-08-30T11:45:00,16.77
21702,2017-08-30T12:05:00,16.77
21703,2017-08-30T12:25:00,16.13
21704,2017-08-30T12:45:00,15.48
21705,2017-08-30T13:05:00,15.48
21706,2017-08-30T13:25:00,15.48
21707,2017-08-30T13:45:00,15.48
21708,2017-08-30T14:05:00,15.16
21709,2017-08-30T14:25:00,14.84
21710,2017-08-30T14:45:00,14.52
21711,2017-08-30T15:05:00,14.19
21712,2017-08-30T15:25:00,14.52
21713,2017-08-30T15:45:00,14.19
21714,2017-08-30T16:05:00,13.55
21715,2017-08-30T16:25:00,13.23
21716,2017-08-30T16:45:00,13.23
21717,2017-08-30T17:05:00,13.23
21718,2017-08-30T17:25:00,13.23
21719,2017-08-30T17:45:00,13.55
21720,2017-08-30T18:05:00,13.23
21721,2017-08-30T18:25:00,13.23
21722,2017-08-30T18:45:00,12.26
21723,2017-08-30T19:10:00,13.55
21724,2017-08-30T19:30:00,13.55
21725,2017-08-30T19:50:00,13.55
21726,2017-08-30T20:10:00,13.23
21727,2017-08-30T20:30:00,13.23
21728,2017-08-30T20:50:00,13.55
21729,2017-08-30T21:10:00,13.55
21730,2017-08-30T21:30:00,13.55
21731,2017-08-30T21:50:00,13.23
21732,2017-08-30T22:10:00,13.23
21733,2017-08-30T22:30:00,13.55
21734,2017-08-30T22:50:00,13.55
21735,2017-08-30T23:10:00,13.55
21736,2017-08-30T23:30:00,13.23
21737,2017-08-30T23:50:00,13.23
21738,2017-08-31T00:10:00,13.23
21739,2017-08-31T00:30:00,12.9
21740,2017-08-31T00:50:00,12.26
21741,2017-08-31T01:10:00,11.94
21742,2017-08-31T01:30:00,12.58
21743,2017-08-31T01:50:00,12.58
21744,2017-08-31T02:10:00,12.26
21745,2017-08-31T02:30:00,12.58
21746,2017-08-31T02:50:00,12.58
21747,2017-08-31T03:10:00,12.9
21748,2017-08-31T03:30:00,12.58
21749,2017-08-31T03:50:00,12.58
21750,2017-08-31T04:10:00,12.9
21751,2017-08-31T04:30:00,12.9
21752,2017-08-31T04:50:00,12.9
21753,2017-08-31T05:10:00,12.9
21754,2017-08-31T05:30:00,13.23
21755,2017-08-31T05:50:00,13.23
21756,2017-08-31T06:10:00,13.55
21757,2017-08-31T06:35:00,13.87
21758,2017-08-31T06:55:00,14.19
21759,2017-08-31T07:15:00,14.19
21760,2017-08-31T07:35:00,14.19
21761,2017-08-31T07:55:00,14.52
21762,2017-08-31T08:15:00,14.84
21763,2017-08-31T08:35:00,15.16
21764,2017-08-31T08:55:00,15.48
21765,2017-08-31T09:15:00,17.1
21766,2017-08-31T09:35:00,17.74
21767,2017-08-31T09:55:00,17.42
21768,2017-08-31T10:15:00,16.77
21769,2017-08-31T10:35:00,16.77
21770,2017-08-31T10:55:00,16.77
21771,2017-08-31T11:15:00,16.45
21772,2017-08-31T11:35:00,15.81
21773,2017-08-31T11:55:00,18.06
21774,2017-08-31T12:15:00,18.39
21775,2017-08-31T12:35:00,23.87
21776,2017-08-31T12:55:00,23.55
21777,2017-08-31T13:15:00,17.74
21778,2017-08-31T13:35:00,19.68
21779,2017-08-31T13:55:00,18.39
21780,2017-08-31T14:15:00,16.13
21781,2017-08-31T14:35:00,15.81
21782,2017-08-31T14:55:00,17.1
21783,2017-08-31T15:15:00,16.77
21784,2017-08-31T15:35:00,18.71
21785,2017-08-31T15:55:00,16.77
21786,2017-08-31T16:15:00,16.77
21787,2017-08-31T16:35:00,16.13
21788,2017-08-31T16:55:00,15.48
21789,2017-08-31T17:15:00,15.48
21790,2017-08-31T17:35:00,14.84
21791,2017-08-31T18:00:00,14.52
21792,2017-08-31T18:20:00,13.87
21793,2017-08-31T18:40:00,13.55
21794,2017-08-31T19:00:00,12.9
21795,2017-08-31T19:20:00,12.58
21796,2017-08-31T19:40:00,12.26
21797,2017-08-31T20:00:00,12.26
21798,2017-08-31T20:20:00,11.94
21799,2017-08-31T20:40:00,11.61
21800,2017-08-31T21:00:00,11.61
21801,2017-08-31T21:20:00,11.29
21802,2017-08-31T21:40:00,11.29
21803,2017-08-31T22:00:00,11.29
21804,2017-08-31T22:20:00,11.29
21805,2017-08-31T22:40:00,10.97
21806,2017-08-31T23:00:00,10.65
21807,2017-08-31T23:20:00,10.32
21808,2017-08-31T23:40:00,10.32
21809,2017-09-01T00:00:00,10
21810,2017-09-01T00:20:00,9.68
21811,2017-09-01T00:40:00,9.68
21812,2017-09-01T01:00:00,9.68
21813,2017-09-01T01:20:00,9.35
21814,2017-09-01T01:40:00,9.35
21815,2017-09-01T02:00:00,9.35
21816,2017-09-01T02:20:00,9.35
21817,2017-09-01T02:40:00,9.35
21818,2017-09-01T03:00:00,9.03
21819,2017-09-01T03:20:00,9.03
21820,2017-09-01T03:40:00,9.03
21821,2017-09-01T04:00:00,9.03
21822,2017-09-01T04:20:00,9.03
21823,2017-09-01T04:40:00,9.35
21824,2017-09-01T05:00:00,10.32
21825,2017-09-01T05:25:00,11.61
21826,2017-09-01T05:45:00,12.58
21827,2017-09-01T06:05:00,13.87
21828,2017-09-01T06:25:00,16.45
21829,2017-09-01T06:45:00,18.06
21830,2017-09-01T07:05:00,21.29
21831,2017-09-01T07:25:00,21.61
21832,2017-09-01T07:45:00,23.87
21833,2017-09-01T08:05:00,21.94
21834,2017-09-01T08:25:00,19.35
21835,2017-09-01T08:45:00,21.94
21836,2017-09-01T09:05:00,25.48
21837,2017-09-01T09:25:00,23.23
21838,2017-09-01T09:45:00,23.87
21839,2017-09-01T10:05:00,26.13
21840,2017-09-01T10:25:00,24.84
21841,2017-09-01T10:45:00,25.48
21842,2017-09-01T11:05:00,22.26
21843,2017-09-01T11:25:00,24.84
21844,2017-09-01T11:45:00,21.94
21845,2017-09-01T12:05:00,19.68
21846,2017-09-01T12:25:00,18.39
21847,2017-09-01T12:45:00,21.61
21848,2017-09-01T13:05:00,28.06
21849,2017-09-01T13:25:00,28.71
21850,2017-09-01T13:45:00,29.68
21851,2017-09-01T14:05:00,26.77
21852,2017-09-01T14:25:00,27.42
21853,2017-09-01T14:45:00,20.97
21854,2017-09-01T15:05:00,23.23
21855,2017-09-01T15:25:00,22.26
21856,2017-09-01T15:45:00,18.71
21857,2017-09-01T16:05:00,17.74
21858,2017-09-01T16:30:00,18.39
21859,2017-09-01T16:50:00,17.74
21860,2017-09-01T17:10:00,17.1
21861,2017-09-01T17:30:00,16.13
21862,2017-09-01T17:50:00,15.81
21863,2017-09-01T18:10:00,16.13
21864,2017-09-01T18:30:00,15.81
21865,2017-09-01T18:50:00,15.48
21866,2017-09-01T19:10:00,14.52
21867,2017-09-01T19:30:00,13.87
21868,2017-09-01T19:50:00,13.55
21869,2017-09-01T20:10:00,12.9
21870,2017-09-01T20:30:00,12.9
21871,2017-09-01T20:50:00,12.26
21872,2017-09-01T21:10:00,11.94
21873,2017-09-01T21:30:00,11.61
21874,2017-09-01T21:50:00,11.61
21875,2017-09-01T22:10:00,11.29
21876,2017-09-01T22:30:00,10.97
21877,2017-09-01T22:50:00,10.97
21878,2017-09-01T23:10:00,10.32
21879,2017-09-01T23:30:00,10.32
21880,2017-09-01T23:50:00,10
21881,2017-09-02T00:10:00,10
21882,2017-09-02T00:30:00,9.68
21883,2017-09-02T00:50:00,9.68
21884,2017-09-02T01:10:00,9.03
21885,2017-09-02T01:30:00,8.71
21886,2017-09-02T01:50:00,8.71
21887,2017-09-02T02:10:00,9.03
21888,2017-09-02T02:30:00,9.03
21889,2017-09-02T02:50:00,8.71
21890,2017-09-02T03:10:00,8.71
21891,2017-09-02T03:30:00,8.71
21892,2017-09-02T03:55:00,8.71
21893,2017-09-02T04:15:00,8.71
21894,2017-09-02T04:35:00,9.03
21895,2017-09-02T04:55:00,10.32
21896,2017-09-02T05:15:00,11.29
21897,2017-09-02T05:35:00,12.26
21898,2017-09-02T05:55:00,13.55
21899,2017-09-02T06:15:00,15.48
21900,2017-09-02T06:35:00,17.42
21901,2017-09-02T06:55:00,20
21902,2017-09-02T07:15:00,19.68
21903,2017-09-02T07:35:00,23.23
21904,2017-09-02T07:55:00,23.55
21905,2017-09-02T08:15:00,19.68
21906,2017-09-02T08:35:00,19.68
21907,2017-09-02T08:55:00,19.03
21908,2017-09-02T09:15:00,18.39
21909,2017-09-02T09:35:00,17.1
21910,2017-09-02T09:55:00,16.45
21911,2017-09-02T10:15:00,18.39
21912,2017-09-02T10:35:00,17.1
21913,2017-09-02T10:55:00,18.71
21914,2017-09-02T11:15:00,17.74
21915,2017-09-02T11:35:00,17.1
21916,2017-09-02T11:55:00,16.13
21917,2017-09-02T12:15:00,18.06
21918,2017-09-02T12:35:00,22.26
21919,2017-09-02T12:55:00,23.87
21920,2017-09-02T13:15:00,20.32
21921,2017-09-02T13:35:00,16.13
21922,2017-09-02T13:55:00,15.81
21923,2017-09-02T14:15:00,15.81
21924,2017-09-02T14:35:00,15.81
21925,2017-09-02T14:55:00,17.1
21926,2017-09-02T15:20:00,16.13
21927,2017-09-02T15:40:00,16.13
21928,2017-09-02T16:00:00,15.16
21929,2017-09-02T16:20:00,15.16
21930,2017-09-02T16:40:00,14.84
21931,2017-09-02T17:00:00,14.84
21932,2017-09-02T17:20:00,14.84
21933,2017-09-02T17:40:00,14.52
21934,2017-09-02T18:00:00,13.87
21935,2017-09-02T18:20:00,13.55
21936,2017-09-02T18:40:00,13.55
21937,2017-09-02T19:00:00,13.23
21938,2017-09-02T19:20:00,13.23
21939,2017-09-02T19:40:00,13.55
21940,2017-09-02T20:00:00,13.23
21941,2017-09-02T20:20:00,12.9
21942,2017-09-02T20:40:00,12.58
21943,2017-09-02T21:00:00,12.26
21944,2017-09-02T21:20:00,11.94
21945,2017-09-02T21:40:00,11.61
21946,2017-09-02T22:00:00,11.61
21947,2017-09-02T22:20:00,11.29
21948,2017-09-02T22:40:00,10.97
21949,2017-09-02T23:00:00,10.65
21950,2017-09-02T23:20:00,10.97
21951,2017-09-02T23:40:00,10.97
21952,2017-09-03T00:00:00,10.65
21953,2017-09-03T00:20:00,10.32
21954,2017-09-03T00:40:00,10.32
21955,2017-09-03T01:00:00,9.68
21956,2017-09-03T01:20:00,9.35
21957,2017-09-03T01:40:00,9.35
21958,2017-09-03T02:00:00,9.35
21959,2017-09-03T02:20:00,9.35
21960,2017-09-03T02:45:00,9.03
21961,2017-09-03T03:05:00,9.35
21962,2017-09-03T03:25:00,9.35
21963,2017-09-03T03:45:00,9.35
21964,2017-09-03T04:05:00,9.35
21965,2017-09-03T04:25:00,8.71
21966,2017-09-03T04:45:00,8.39
21967,2017-09-03T05:05:00,11.29
21968,2017-09-03T05:25:00,10.65
21969,2017-09-03T05:45:00,11.61
21970,2017-09-03T06:05:00,15.48
21971,2017-09-03T06:25:00,18.06
21972,2017-09-03T06:45:00,19.68
21973,2017-09-03T07:05:00,23.87
21974,2017-09-03T07:25:00,24.19
21975,2017-09-03T07:45:00,24.52
21976,2017-09-03T08:05:00,23.87
21977,2017-09-03T08:25:00,24.19
21978,2017-09-03T08:45:00,22.58
21979,2017-09-03T09:05:00,26.77
21980,2017-09-03T09:25:00,22.26
21981,2017-09-03T09:45:00,23.87
21982,2017-09-03T10:05:00,25.81
21983,2017-09-03T10:25:00,26.45
21984,2017-09-03T10:45:00,23.23
21985,2017-09-03T11:05:00,23.87
21986,2017-09-03T11:25:00,23.23
21987,2017-09-03T11:45:00,23.23
21988,2017-09-03T12:05:00,23.87
21989,2017-09-03T12:25:00,24.52
21990,2017-09-03T12:45:00,23.23
21991,2017-09-03T13:05:00,23.55
21992,2017-09-03T13:25:00,26.45
21993,2017-09-03T13:50:00,22.9
21994,2017-09-03T14:10:00,22.58
21995,2017-09-03T14:30:00,23.55
21996,2017-09-03T14:50:00,25.16
21997,2017-09-03T15:10:00,25.81
21998,2017-09-03T15:30:00,25.48
21999,2017-09-03T15:50:00,18.39
22000,2017-09-03T16:10:00,17.42
22001,2017-09-03T16:30:00,16.13
22002,2017-09-03T16:50:00,15.48
22003,2017-09-03T17:10:00,15.48
22004,2017-09-03T17:30:00,14.84
22005,2017-09-03T17:50:00,14.52
22006,2017-09-03T18:50:00,14.84
22007,2017-09-03T19:10:00,14.19
22008,2017-09-03T19:30:00,13.87
22009,2017-09-03T19:50:00,13.23
22010,2017-09-03T20:10:00,12.9
22011,2017-09-03T20:30:00,12.9
22012,2017-09-03T20:50:00,12.58
22013,2017-09-03T21:10:00,12.9
22014,2017-09-03T21:30:00,12.9
22015,2017-09-03T21:50:00,12.9
22016,2017-09-03T22:10:00,12.58
22017,2017-09-03T22:30:00,12.58
22018,2017-09-03T22:50:00,11.61
22019,2017-09-03T23:10:00,11.61
22020,2017-09-03T23:30:00,11.94
22021,2017-09-03T23:50:00,11.94
22022,2017-09-04T00:10:00,11.29
22023,2017-09-04T00:30:00,11.29
22024,2017-09-04T00:50:00,10.97
22025,2017-09-04T01:15:00,10.32
22026,2017-09-04T01:35:00,9.68
22027,2017-09-04T01:55:00,10
22028,2017-09-04T02:15:00,9.35
22029,2017-09-04T02:35:00,9.03
22030,2017-09-04T02:55:00,9.35
22031,2017-09-04T03:15:00,9.35
22032,2017-09-04T03:35:00,9.68
22033,2017-09-04T03:55:00,9.35
22034,2017-09-04T04:15:00,9.03
22035,2017-09-04T04:35:00,9.35
22036,2017-09-04T04:55:00,10.65
22037,2017-09-04T05:15:00,12.9
22038,2017-09-04T05:35:00,13.23
22039,2017-09-04T05:55:00,15.81
22040,2017-09-04T06:15:00,18.06
22041,2017-09-04T06:35:00,21.61
22042,2017-09-04T06:55:00,15.81
22043,2017-09-04T07:15:00,17.1
22044,2017-09-04T07:35:00,15.81
22045,2017-09-04T07:55:00,17.1
22046,2017-09-04T08:15:00,17.74
22047,2017-09-04T08:35:00,16.45
22048,2017-09-04T08:55:00,17.74
22049,2017-09-04T09:15:00,16.77
22050,2017-09-04T09:35:00,17.1
22051,2017-09-04T09:55:00,17.74
22052,2017-09-04T10:15:00,24.19
22053,2017-09-04T10:35:00,20
22054,2017-09-04T10:55:00,20.97
22055,2017-09-04T11:15:00,20
22056,2017-09-04T11:35:00,30
22057,2017-09-04T11:55:00,18.06
22058,2017-09-04T12:15:00,17.42
22059,2017-09-04T12:40:00,17.42
22060,2017-09-04T13:00:00,18.39
22061,2017-09-04T13:20:00,22.26
22062,2017-09-04T13:40:00,19.68
22063,2017-09-04T14:00:00,28.71
22064,2017-09-04T14:20:00,27.1
22065,2017-09-04T14:40:00,28.71
22066,2017-09-04T15:00:00,25.81
22067,2017-09-04T15:20:00,24.52
22068,2017-09-04T15:40:00,18.06
22069,2017-09-04T16:00:00,17.42
22070,2017-09-04T16:20:00,17.1
22071,2017-09-04T16:40:00,16.45
22072,2017-09-04T17:00:00,16.45
22073,2017-09-04T17:20:00,15.48
22074,2017-09-04T17:40:00,14.84
22075,2017-09-04T18:00:00,14.19
22076,2017-09-04T18:20:00,13.87
22077,2017-09-04T18:40:00,13.87
22078,2017-09-04T19:00:00,13.23
22079,2017-09-04T19:20:00,12.9
22080,2017-09-04T19:40:00,11.94
22081,2017-09-04T20:00:00,13.23
22082,2017-09-04T20:20:00,12.58
22083,2017-09-04T20:40:00,12.26
22084,2017-09-04T21:00:00,12.26
22085,2017-09-04T21:20:00,12.26
22086,2017-09-04T21:40:00,11.94
22087,2017-09-04T22:00:00,12.26
22088,2017-09-04T22:20:00,12.26
22089,2017-09-04T22:40:00,12.26
22090,2017-09-04T23:00:00,11.94
22091,2017-09-04T23:20:00,11.29
22092,2017-09-04T23:40:00,10.97
22093,2017-09-05T00:05:00,10.65
22094,2017-09-05T00:25:00,10.65
22095,2017-09-05T00:45:00,9.68
22096,2017-09-05T01:05:00,9.68
22097,2017-09-05T01:25:00,10.32
22098,2017-09-05T01:45:00,10.32
22099,2017-09-05T02:05:00,10.32
22100,2017-09-05T02:25:00,10
22101,2017-09-05T02:45:00,9.35
22102,2017-09-05T03:05:00,10
22103,2017-09-05T03:25:00,9.35
22104,2017-09-05T03:45:00,9.35
22105,2017-09-05T04:05:00,9.68
22106,2017-09-05T04:25:00,9.68
22107,2017-09-05T04:45:00,10.32
22108,2017-09-05T05:05:00,10.97
22109,2017-09-05T05:25:00,10.97
22110,2017-09-05T05:45:00,10.65
22111,2017-09-05T06:05:00,12.26
22112,2017-09-05T06:25:00,12.58
22113,2017-09-05T06:45:00,14.52
22114,2017-09-05T07:05:00,16.13
22115,2017-09-05T07:25:00,15.48
22116,2017-09-05T07:45:00,15.16
22117,2017-09-05T08:05:00,22.26
22118,2017-09-05T08:25:00,21.61
22119,2017-09-05T08:45:00,22.26
22120,2017-09-05T09:05:00,21.94
22121,2017-09-05T09:25:00,21.29
22122,2017-09-05T09:45:00,19.03
22123,2017-09-05T10:05:00,21.29
22124,2017-09-05T10:25:00,18.06
22125,2017-09-05T10:45:00,16.77
22126,2017-09-05T11:10:00,17.74
22127,2017-09-05T11:30:00,17.42
22128,2017-09-05T11:50:00,16.77
22129,2017-09-05T12:10:00,17.1
22130,2017-09-05T12:30:00,16.77
22131,2017-09-05T12:50:00,18.06
22132,2017-09-05T13:10:00,20.97
22133,2017-09-05T13:30:00,19.68
22134,2017-09-05T13:50:00,18.71
22135,2017-09-05T14:10:00,19.03
22136,2017-09-05T14:30:00,18.06
22137,2017-09-05T14:50:00,20.32
22138,2017-09-05T15:10:00,18.71
22139,2017-09-05T15:30:00,19.35
22140,2017-09-05T15:50:00,18.06
22141,2017-09-05T16:10:00,17.42
22142,2017-09-05T16:30:00,16.77
22143,2017-09-05T16:50:00,16.45
22144,2017-09-05T17:10:00,16.45
22145,2017-09-05T17:30:00,16.13
22146,2017-09-05T17:50:00,16.13
22147,2017-09-05T18:10:00,16.45
22148,2017-09-05T18:30:00,16.13
22149,2017-09-05T18:50:00,16.45
22150,2017-09-05T19:10:00,16.45
22151,2017-09-05T19:30:00,16.45
22152,2017-09-05T19:50:00,16.45
22153,2017-09-05T20:10:00,16.13
22154,2017-09-05T20:30:00,16.45
22155,2017-09-05T20:50:00,16.45
22156,2017-09-05T21:10:00,16.13
22157,2017-09-05T21:30:00,16.13
22158,2017-09-05T21:50:00,16.13
22159,2017-09-05T22:10:00,14.84
22160,2017-09-05T22:35:00,13.87
22161,2017-09-05T22:55:00,13.87
22162,2017-09-05T23:15:00,13.87
22163,2017-09-05T23:35:00,13.87
22164,2017-09-05T23:55:00,13.55
22165,2017-09-06T00:15:00,13.87
22166,2017-09-06T00:35:00,13.87
22167,2017-09-06T00:55:00,14.19
22168,2017-09-06T01:15:00,14.19
22169,2017-09-06T01:35:00,14.52
22170,2017-09-06T01:55:00,14.52
22171,2017-09-06T02:15:00,14.52
22172,2017-09-06T02:35:00,14.52
22173,2017-09-06T02:55:00,14.52
22174,2017-09-06T03:15:00,14.52
22175,2017-09-06T03:35:00,14.84
22176,2017-09-06T03:55:00,14.84
22177,2017-09-06T04:15:00,14.84
22178,2017-09-06T04:35:00,14.84
22179,2017-09-06T04:55:00,14.84
22180,2017-09-06T05:15:00,15.16
22181,2017-09-06T05:35:00,15.48
22182,2017-09-06T05:55:00,15.16
22183,2017-09-06T06:15:00,15.16
22184,2017-09-06T06:35:00,15.16
22185,2017-09-06T06:55:00,15.48
22186,2017-09-06T07:15:00,15.81
22187,2017-09-06T07:35:00,16.45
22188,2017-09-06T07:55:00,15.81
22189,2017-09-06T08:15:00,16.13
22190,2017-09-06T08:35:00,16.77
22191,2017-09-06T08:55:00,15.81
22192,2017-09-06T09:15:00,16.77
22193,2017-09-06T09:35:00,17.1
22194,2017-09-06T10:00:00,17.74
22195,2017-09-06T10:20:00,18.39
22196,2017-09-06T10:40:00,17.42
22197,2017-09-06T11:00:00,16.77
22198,2017-09-06T11:20:00,16.77
22199,2017-09-06T11:40:00,16.13
22200,2017-09-06T12:00:00,15.48
22201,2017-09-06T12:20:00,15.48
22202,2017-09-06T12:40:00,15.48
22203,2017-09-06T13:00:00,15.81
22204,2017-09-06T13:20:00,15.81
22205,2017-09-06T13:40:00,15.81
22206,2017-09-06T14:00:00,16.13
22207,2017-09-06T14:20:00,16.77
22208,2017-09-06T14:40:00,16.45
22209,2017-09-06T15:00:00,16.45
22210,2017-09-06T15:20:00,13.87
22211,2017-09-06T15:40:00,12.9
22212,2017-09-06T16:00:00,13.55
22213,2017-09-06T16:20:00,13.55
22214,2017-09-06T16:40:00,13.23
22215,2017-09-06T17:00:00,13.23
22216,2017-09-06T17:20:00,13.23
22217,2017-09-06T17:40:00,13.23
22218,2017-09-06T18:00:00,13.23
22219,2017-09-06T18:20:00,13.55
22220,2017-09-06T18:40:00,13.55
22221,2017-09-06T19:00:00,13.55
22222,2017-09-06T19:20:00,13.55
22223,2017-09-06T19:40:00,13.87
22224,2017-09-06T20:00:00,13.55
22225,2017-09-06T20:20:00,13.87
22226,2017-09-06T20:40:00,13.23
22227,2017-09-06T21:00:00,12.9
22228,2017-09-06T21:25:00,12.9
22229,2017-09-06T21:45:00,12.9
22230,2017-09-06T22:05:00,12.9
22231,2017-09-06T22:25:00,13.23
22232,2017-09-06T22:45:00,13.23
22233,2017-09-06T23:05:00,13.23
22234,2017-09-06T23:25:00,13.23
22235,2017-09-06T23:45:00,13.23
22236,2017-09-07T00:05:00,13.23
22237,2017-09-07T00:25:00,13.23
22238,2017-09-07T00:45:00,12.9
22239,2017-09-07T01:05:00,12.9
22240,2017-09-07T01:25:00,12.9
22241,2017-09-07T01:45:00,12.9
22242,2017-09-07T02:05:00,12.9
22243,2017-09-07T02:25:00,12.58
22244,2017-09-07T02:45:00,12.9
22245,2017-09-07T03:05:00,12.9
22246,2017-09-07T03:25:00,12.9
22247,2017-09-07T03:45:00,12.9
22248,2017-09-07T04:05:00,12.9
22249,2017-09-07T04:25:00,12.9
22250,2017-09-07T04:45:00,12.9
22251,2017-09-07T05:05:00,13.23
22252,2017-09-07T05:25:00,13.23
22253,2017-09-07T05:45:00,13.55
22254,2017-09-07T06:05:00,13.87
22255,2017-09-07T06:25:00,14.19
22256,2017-09-07T06:45:00,14.19
22257,2017-09-07T07:05:00,13.87
22258,2017-09-07T07:25:00,13.87
22259,2017-09-07T07:45:00,13.87
22260,2017-09-07T08:05:00,14.52
22261,2017-09-07T08:25:00,14.52
22262,2017-09-07T08:50:00,15.16
22263,2017-09-07T09:10:00,16.13
22264,2017-09-07T09:30:00,17.1
22265,2017-09-07T09:50:00,16.45
22266,2017-09-07T10:10:00,16.77
22267,2017-09-07T10:30:00,15.81
22268,2017-09-07T10:50:00,15.81
22269,2017-09-07T11:10:00,16.77
22270,2017-09-07T11:30:00,17.1
22271,2017-09-07T11:50:00,15.81
22272,2017-09-07T12:10:00,13.55
22273,2017-09-07T12:30:00,13.23
22274,2017-09-07T12:50:00,13.87
22275,2017-09-07T13:10:00,13.23
22276,2017-09-07T13:30:00,12.9
22277,2017-09-07T13:50:00,13.23
22278,2017-09-07T14:10:00,13.23
22279,2017-09-07T14:30:00,13.55
22280,2017-09-07T14:50:00,14.19
22281,2017-09-07T15:10:00,14.19
22282,2017-09-07T15:30:00,14.52
22283,2017-09-07T15:50:00,13.87
22284,2017-09-07T16:10:00,13.55
22285,2017-09-07T16:30:00,13.55
22286,2017-09-07T16:50:00,13.55
22287,2017-09-07T17:10:00,13.55
22288,2017-09-07T17:30:00,13.23
22289,2017-09-07T17:50:00,13.23
22290,2017-09-07T18:10:00,13.23
22291,2017-09-07T18:30:00,13.23
22292,2017-09-07T18:50:00,13.23
22293,2017-09-07T19:10:00,13.23
22294,2017-09-07T19:30:00,13.23
22295,2017-09-07T19:55:00,12.9
22296,2017-09-07T20:15:00,12.58
22297,2017-09-07T20:35:00,12.58
22298,2017-09-07T20:55:00,12.26
22299,2017-09-07T21:15:00,12.26
22300,2017-09-07T21:35:00,12.26
22301,2017-09-07T21:55:00,11.94
22302,2017-09-07T22:15:00,11.94
22303,2017-09-07T22:35:00,11.94
22304,2017-09-07T22:55:00,11.94
22305,2017-09-07T23:15:00,11.94
22306,2017-09-07T23:35:00,12.26
22307,2017-09-07T23:55:00,12.26
22308,2017-09-08T00:15:00,12.26
22309,2017-09-08T00:35:00,12.26
22310,2017-09-08T00:55:00,12.26
22311,2017-09-08T01:15:00,11.94
22312,2017-09-08T01:35:00,11.94
22313,2017-09-08T01:55:00,11.94
22314,2017-09-08T02:15:00,11.94
22315,2017-09-08T02:35:00,11.94
22316,2017-09-08T02:55:00,11.94
22317,2017-09-08T03:15:00,11.61
22318,2017-09-08T03:35:00,11.61
22319,2017-09-08T03:55:00,11.94
22320,2017-09-08T04:15:00,11.94
22321,2017-09-08T04:35:00,11.94
22322,2017-09-08T04:55:00,11.94
22323,2017-09-08T05:15:00,12.26
22324,2017-09-08T05:35:00,12.58
22325,2017-09-08T05:55:00,12.9
22326,2017-09-08T06:15:00,12.9
22327,2017-09-08T06:35:00,12.9
22328,2017-09-08T06:55:00,12.26
22329,2017-09-08T07:20:00,12.26
22330,2017-09-08T07:40:00,12.58
22331,2017-09-08T08:40:00,12.26
22332,2017-09-08T09:00:00,12.58
22333,2017-09-08T09:20:00,12.9
22334,2017-09-08T09:40:00,13.23
22335,2017-09-08T10:00:00,12.9
22336,2017-09-08T10:20:00,12.58
22337,2017-09-08T10:40:00,12.58
22338,2017-09-08T11:00:00,12.9
22339,2017-09-08T11:20:00,12.9
22340,2017-09-08T11:40:00,12.9
22341,2017-09-08T12:00:00,13.23
22342,2017-09-08T12:20:00,13.87
22343,2017-09-08T12:40:00,16.77
22344,2017-09-08T13:00:00,20
22345,2017-09-08T13:20:00,17.74
22346,2017-09-08T13:40:00,19.35
22347,2017-09-08T14:00:00,20
22348,2017-09-08T14:20:00,17.42
22349,2017-09-08T14:40:00,16.77
22350,2017-09-08T15:00:00,20.32
22351,2017-09-08T15:20:00,17.74
22352,2017-09-08T15:40:00,17.42
22353,2017-09-08T16:00:00,16.45
22354,2017-09-08T16:20:00,15.81
22355,2017-09-08T16:40:00,15.16
22356,2017-09-08T17:00:00,15.16
22357,2017-09-08T17:20:00,14.84
22358,2017-09-08T17:40:00,14.52
22359,2017-09-08T18:00:00,14.19
22360,2017-09-08T18:20:00,13.87
22361,2017-09-08T18:45:00,13.55
22362,2017-09-08T19:05:00,13.55
22363,2017-09-08T19:25:00,13.23
22364,2017-09-08T19:45:00,12.9
22365,2017-09-08T20:05:00,12.9
22366,2017-09-08T20:25:00,12.58
22367,2017-09-08T20:45:00,12.58
22368,2017-09-08T21:05:00,12.58
22369,2017-09-08T21:25:00,12.26
22370,2017-09-08T21:45:00,12.58
22371,2017-09-08T22:05:00,12.58
22372,2017-09-08T22:25:00,12.58
22373,2017-09-08T22:45:00,12.26
22374,2017-09-08T23:05:00,12.58
22375,2017-09-08T23:25:00,12.9
22376,2017-09-08T23:45:00,12.58
22377,2017-09-09T00:05:00,12.58
22378,2017-09-09T00:25:00,12.58
22379,2017-09-09T00:45:00,12.26
22380,2017-09-09T01:05:00,12.58
22381,2017-09-09T01:25:00,12.58
22382,2017-09-09T01:45:00,12.58
22383,2017-09-09T02:05:00,12.26
22384,2017-09-09T02:25:00,12.58
22385,2017-09-09T02:45:00,12.58
22386,2017-09-09T03:05:00,12.26
22387,2017-09-09T03:25:00,12.26
22388,2017-09-09T03:45:00,11.94
22389,2017-09-09T04:05:00,11.94
22390,2017-09-09T04:25:00,11.61
22391,2017-09-09T04:45:00,11.94
22392,2017-09-09T05:05:00,12.26
22393,2017-09-09T05:25:00,12.58
22394,2017-09-09T05:45:00,12.58
22395,2017-09-09T06:10:00,12.58
22396,2017-09-09T06:30:00,13.55
22397,2017-09-09T06:50:00,14.52
22398,2017-09-09T07:10:00,14.52
22399,2017-09-09T07:30:00,13.55
22400,2017-09-09T07:50:00,15.48
22401,2017-09-09T08:10:00,14.19
22402,2017-09-09T08:30:00,16.77
22403,2017-09-09T08:50:00,17.1
22404,2017-09-09T09:10:00,17.74
22405,2017-09-09T09:30:00,17.1
22406,2017-09-09T09:50:00,15.81
22407,2017-09-09T10:10:00,15.16
22408,2017-09-09T10:30:00,15.48
22409,2017-09-09T10:50:00,14.84
22410,2017-09-09T11:10:00,16.13
22411,2017-09-09T11:30:00,16.45
22412,2017-09-09T11:50:00,14.84
22413,2017-09-09T12:10:00,15.16
22414,2017-09-09T12:30:00,14.52
22415,2017-09-09T12:50:00,14.19
22416,2017-09-09T13:10:00,14.19
22417,2017-09-09T13:30:00,13.87
22418,2017-09-09T13:50:00,13.87
22419,2017-09-09T14:10:00,13.55
22420,2017-09-09T14:30:00,13.55
22421,2017-09-09T14:50:00,13.55
22422,2017-09-09T15:10:00,14.52
22423,2017-09-09T15:30:00,14.52
22424,2017-09-09T15:50:00,14.52
22425,2017-09-09T16:10:00,14.19
22426,2017-09-09T16:30:00,13.87
22427,2017-09-09T16:50:00,14.19
22428,2017-09-09T17:15:00,13.87
22429,2017-09-09T17:35:00,13.55
22430,2017-09-09T17:55:00,13.23
22431,2017-09-09T18:15:00,12.58
22432,2017-09-09T18:35:00,12.58
22433,2017-09-09T18:55:00,12.9
22434,2017-09-09T19:15:00,12.26
22435,2017-09-09T19:35:00,12.26
22436,2017-09-09T19:55:00,12.26
22437,2017-09-09T20:15:00,12.26
22438,2017-09-09T20:35:00,11.94
22439,2017-09-09T20:55:00,11.94
22440,2017-09-09T21:15:00,11.61
22441,2017-09-09T21:35:00,11.29
22442,2017-09-09T21:55:00,11.29
22443,2017-09-09T22:15:00,10.97
22444,2017-09-09T22:35:00,10.97
22445,2017-09-09T22:55:00,10.97
22446,2017-09-09T23:15:00,10.65
22447,2017-09-09T23:35:00,10.65
22448,2017-09-09T23:55:00,10.32
22449,2017-09-10T00:15:00,10.32
22450,2017-09-10T00:35:00,10.32
22451,2017-09-10T00:55:00,10.32
22452,2017-09-10T01:15:00,10
22453,2017-09-10T01:35:00,10.32
22454,2017-09-10T01:55:00,10.32
22455,2017-09-10T02:15:00,10
22456,2017-09-10T02:35:00,10.32
22457,2017-09-10T02:55:00,10
22458,2017-09-10T03:15:00,9.68
22459,2017-09-10T03:35:00,10
22460,2017-09-10T03:55:00,9.68
22461,2017-09-10T04:15:00,10
22462,2017-09-10T04:40:00,10
22463,2017-09-10T05:00:00,10.65
22464,2017-09-10T05:20:00,11.94
22465,2017-09-10T05:40:00,12.58
22466,2017-09-10T06:00:00,14.19
22467,2017-09-10T06:20:00,15.81
22468,2017-09-10T06:40:00,16.77
22469,2017-09-10T07:00:00,17.1
22470,2017-09-10T07:20:00,18.39
22471,2017-09-10T07:40:00,19.03
22472,2017-09-10T08:00:00,19.68
22473,2017-09-10T08:20:00,19.68
22474,2017-09-10T08:40:00,20.97
22475,2017-09-10T09:00:00,21.29
22476,2017-09-10T09:20:00,17.74
22477,2017-09-10T09:40:00,17.42
22478,2017-09-10T10:00:00,15.81
22479,2017-10-24T08:45:00,10.65
22480,2017-10-24T09:05:00,10.65
22481,2017-10-24T09:25:00,10.32
22482,2017-10-24T09:45:00,10.65
22483,2017-10-24T10:05:00,10.65
22484,2017-10-24T10:25:00,10.32
22485,2017-10-24T10:45:00,10.32
22486,2017-10-24T11:05:00,10.32
22487,2017-10-24T11:25:00,10.65
22488,2017-10-24T11:45:00,10.97
22489,2017-10-24T12:05:00,10.97
22490,2017-10-24T12:25:00,10.32
22491,2017-10-24T12:45:00,10.32
22492,2017-10-24T13:05:00,9.68
22493,2017-10-24T13:25:00,9.68
22494,2017-10-24T13:45:00,9.68
22495,2017-10-24T14:05:00,9.68
22496,2017-10-24T14:25:00,9.68
22497,2017-10-24T14:45:00,9.68
22498,2017-10-24T15:05:00,9.68
22499,2017-10-24T15:25:00,9.68
22500,2017-10-24T15:45:00,10
22501,2017-10-24T16:05:00,10
22502,2017-10-24T16:25:00,10
22503,2017-10-24T16:45:00,10
22504,2017-10-24T17:05:00,10
22505,2017-10-24T17:25:00,10.32
22506,2017-10-24T17:45:00,10.65
22507,2017-10-24T18:05:00,10.97
22508,2017-10-24T18:30:00,11.29
22509,2017-10-24T18:50:00,11.29
22510,2017-10-24T19:10:00,11.61
22511,2017-10-24T19:30:00,11.61
22512,2017-10-24T19:50:00,11.61
22513,2017-10-24T20:10:00,11.94
22514,2017-10-24T20:30:00,11.61
22515,2017-10-24T20:50:00,11.94
22516,2017-10-24T21:10:00,11.94
22517,2017-10-24T21:30:00,12.26
22518,2017-10-24T21:50:00,12.26
22519,2017-10-24T22:10:00,12.26
22520,2017-10-24T22:30:00,12.58
22521,2017-10-24T22:50:00,13.23
22522,2017-10-24T23:10:00,13.23
22523,2017-10-24T23:30:00,13.55
22524,2017-10-24T23:50:00,13.55
22525,2017-10-25T00:10:00,13.23
22526,2017-10-25T00:30:00,13.55
22527,2017-10-25T00:50:00,13.23
22528,2017-10-25T01:10:00,13.23
22529,2017-10-25T01:30:00,12.9
22530,2017-10-25T01:50:00,12.9
22531,2017-10-25T02:10:00,12.58
22532,2017-10-25T02:30:00,12.58
22533,2017-10-25T02:50:00,12.58
22534,2017-10-25T03:10:00,12.26
22535,2017-10-25T03:30:00,12.26
22536,2017-10-25T03:50:00,12.26
22537,2017-10-25T04:10:00,12.26
22538,2017-10-25T04:30:00,12.26
22539,2017-10-25T04:50:00,11.94
22540,2017-10-25T05:10:00,11.61
22541,2017-10-25T05:30:00,11.94
22542,2017-10-25T05:55:00,11.94
22543,2017-10-25T06:15:00,11.94
22544,2017-10-25T06:35:00,11.94
22545,2017-10-25T06:55:00,11.94
22546,2017-10-25T07:15:00,11.94
22547,2017-10-25T07:35:00,12.26
22548,2017-10-25T07:55:00,12.58
22549,2017-10-25T08:15:00,12.9
22550,2017-10-25T08:35:00,13.23
22551,2017-10-25T08:55:00,13.23
22552,2017-10-25T09:15:00,12.9
22553,2017-10-25T09:35:00,12.9
22554,2017-10-25T09:55:00,19.35
22555,2017-10-25T10:15:00,17.42
22556,2017-10-25T10:35:00,17.74
22557,2017-10-25T10:55:00,13.87
22558,2017-10-25T11:15:00,13.23
22559,2017-10-25T11:35:00,14.52
22560,2017-10-25T11:55:00,13.55
22561,2017-10-25T12:15:00,12.9
22562,2017-10-25T12:35:00,13.87
22563,2017-10-25T12:55:00,20.97
22564,2017-10-25T13:15:00,14.84
22565,2017-10-25T13:35:00,15.48
22566,2017-10-25T13:55:00,20.97
22567,2017-10-25T14:15:00,20
22568,2017-10-25T14:35:00,16.77
22569,2017-10-25T14:55:00,16.13
22570,2017-10-25T15:15:00,13.87
22571,2017-10-25T15:35:00,11.61
22572,2017-10-25T15:55:00,11.29
22573,2017-10-25T16:15:00,10.97
22574,2017-10-25T16:35:00,10.65
22575,2017-10-25T16:55:00,10.65
22576,2017-10-25T17:20:00,10.65
22577,2017-10-25T17:40:00,10.32
22578,2017-10-25T18:00:00,9.68
22579,2017-10-25T18:20:00,10
22580,2017-10-25T18:40:00,10
22581,2017-10-25T19:00:00,10
22582,2017-10-25T19:20:00,10
22583,2017-10-25T19:40:00,10
22584,2017-10-25T20:00:00,10.32
22585,2017-10-25T20:20:00,10.32
22586,2017-10-25T20:40:00,10
22587,2017-10-25T21:00:00,10
22588,2017-10-25T21:20:00,9.68
22589,2017-10-25T21:40:00,9.68
22590,2017-10-25T22:00:00,9.68
22591,2017-10-25T22:20:00,9.68
22592,2017-10-25T22:40:00,9.68
22593,2017-10-25T23:00:00,10
22594,2017-10-25T23:20:00,10
22595,2017-10-25T23:40:00,9.68
22596,2017-10-26T00:00:00,10
22597,2017-10-26T00:20:00,10
22598,2017-10-26T00:40:00,10
22599,2017-10-26T01:00:00,10
22600,2017-10-26T01:20:00,10
22601,2017-10-26T01:40:00,10
22602,2017-10-26T02:00:00,10
22603,2017-10-26T02:20:00,10
22604,2017-10-26T02:40:00,10
22605,2017-10-26T03:00:00,9.68
22606,2017-10-26T03:20:00,9.68
22607,2017-10-26T03:40:00,9.68
22608,2017-10-26T04:00:00,9.68
22609,2017-10-26T04:20:00,10
22610,2017-10-26T04:45:00,10.32
22611,2017-10-26T05:05:00,10.32
22612,2017-10-26T05:25:00,10.32
22613,2017-10-26T05:45:00,10.32
22614,2017-10-26T06:05:00,10.32
22615,2017-10-26T06:25:00,10.32
22616,2017-10-26T06:45:00,10
22617,2017-10-26T07:05:00,10.32
22618,2017-10-26T07:25:00,10.32
22619,2017-10-26T07:45:00,10.65
22620,2017-10-26T08:05:00,10.65
22621,2017-10-26T08:25:00,11.29
22622,2017-10-26T08:45:00,11.29
22623,2017-10-26T09:05:00,11.61
22624,2017-10-26T09:25:00,11.61
22625,2017-10-26T09:45:00,11.29
22626,2017-10-26T10:05:00,13.55
22627,2017-10-26T10:25:00,13.23
22628,2017-10-26T10:45:00,16.45
22629,2017-10-26T11:05:00,13.87
22630,2017-10-26T11:25:00,19.35
22631,2017-10-26T11:45:00,20
22632,2017-10-26T12:05:00,14.84
22633,2017-10-26T12:25:00,15.81
22634,2017-10-26T12:45:00,20
22635,2017-10-26T13:05:00,14.19
22636,2017-10-26T13:25:00,13.55
22637,2017-10-26T13:45:00,13.23
22638,2017-10-26T14:05:00,14.84
22639,2017-10-26T14:25:00,12.58
22640,2017-10-26T14:45:00,11.61
22641,2017-10-26T15:05:00,11.61
22642,2017-10-26T15:25:00,11.29
22643,2017-10-26T15:45:00,10.65
22644,2017-10-26T16:10:00,10.65
22645,2017-10-26T16:30:00,10.32
22646,2017-10-26T16:50:00,10.32
22647,2017-10-26T17:10:00,10
22648,2017-10-26T17:30:00,10
22649,2017-10-26T17:50:00,10
22650,2017-10-26T18:10:00,9.68
22651,2017-10-26T18:30:00,9.68
22652,2017-10-26T18:50:00,10
22653,2017-10-26T19:10:00,10
22654,2017-10-26T19:30:00,9.68
22655,2017-10-26T19:50:00,10.32
22656,2017-10-26T20:10:00,10.32
22657,2017-10-26T20:30:00,10.65
22658,2017-10-26T20:50:00,10.65
22659,2017-10-26T21:10:00,10.65
22660,2017-10-26T21:30:00,10.32
22661,2017-10-26T21:50:00,10.32
22662,2017-10-26T22:10:00,10.32
22663,2017-10-26T22:30:00,10.32
22664,2017-10-26T22:50:00,10.32
22665,2017-10-26T23:10:00,10.32
22666,2017-10-26T23:30:00,10.32
22667,2017-10-26T23:50:00,10.32
22668,2017-10-27T00:10:00,10.32
22669,2017-10-27T00:30:00,10.32
22670,2017-10-27T00:50:00,10.32
22671,2017-10-27T01:10:00,10.65
22672,2017-10-27T01:30:00,10.65
22673,2017-10-27T01:50:00,10.32
22674,2017-10-27T02:10:00,10.32
22675,2017-10-27T02:30:00,10.65
22676,2017-10-27T02:50:00,10.65
22677,2017-10-27T03:15:00,10.65
22678,2017-10-27T03:35:00,10
22679,2017-10-27T03:55:00,10
22680,2017-10-27T04:15:00,10.32
22681,2017-10-27T04:35:00,10.97
22682,2017-10-27T04:55:00,10.65
22683,2017-10-27T05:15:00,10
22684,2017-10-27T05:35:00,9.68
22685,2017-10-27T05:55:00,9.35
22686,2017-10-27T06:15:00,9.03
22687,2017-10-27T06:35:00,9.35
22688,2017-10-27T06:55:00,11.29
22689,2017-10-27T07:15:00,9.68
22690,2017-10-27T07:35:00,11.61
22691,2017-10-27T07:55:00,18.06
22692,2017-10-27T08:15:00,19.03
22693,2017-10-27T08:35:00,21.29
22694,2017-10-27T08:55:00,21.94
22695,2017-10-27T09:15:00,22.9
22696,2017-10-27T09:35:00,24.19
22697,2017-10-27T09:55:00,23.55
22698,2017-10-27T10:15:00,21.61
22699,2017-10-28T06:25:00,9.68
22700,2017-10-27T10:35:00,20
22701,2017-10-27T10:55:00,19.35
22702,2017-10-27T11:15:00,20.97
22703,2017-10-27T11:35:00,13.55
22704,2017-10-27T11:55:00,13.23
22705,2017-10-27T12:15:00,13.23
22706,2017-10-27T12:35:00,16.13
22707,2017-10-27T12:55:00,18.39
22708,2017-10-27T13:15:00,20
22709,2017-10-27T13:35:00,19.35
22710,2017-10-27T13:55:00,14.19
22711,2017-10-27T14:15:00,12.9
22712,2017-10-27T14:40:00,11.94
22713,2017-10-27T15:00:00,11.61
22714,2017-10-27T15:20:00,11.29
22715,2017-10-27T15:40:00,10.97
22716,2017-10-27T16:00:00,10.97
22717,2017-10-27T16:20:00,10.65
22718,2017-10-27T16:40:00,10.65
22719,2017-10-27T17:00:00,10.65
22720,2017-10-27T17:20:00,10.32
22721,2017-10-27T17:40:00,10
22722,2017-10-27T18:00:00,10.32
22723,2017-10-27T18:20:00,10.32
22724,2017-10-27T18:40:00,10.32
22725,2017-10-27T19:00:00,10.32
22726,2017-10-27T19:20:00,10.32
22727,2017-10-27T19:40:00,10.65
22728,2017-10-27T20:00:00,10.65
22729,2017-10-27T20:20:00,10.65
22730,2017-10-27T20:40:00,10.32
22731,2017-10-27T21:00:00,10.32
22732,2017-10-27T21:20:00,10
22733,2017-10-27T21:40:00,10
22734,2017-10-27T22:00:00,10
22735,2017-10-27T22:20:00,10
22736,2017-10-27T22:40:00,10.65
22737,2017-10-27T23:00:00,10.32
22738,2017-10-27T23:20:00,10.32
22739,2017-10-27T23:40:00,10
22740,2017-10-28T00:00:00,10
22741,2017-10-28T00:20:00,10
22742,2017-10-28T00:40:00,10
22743,2017-10-28T01:00:00,10.65
22744,2017-10-28T01:20:00,10.32
22745,2017-10-28T01:40:00,10.65
22746,2017-10-28T02:05:00,10.65
22747,2017-10-28T02:25:00,10.65
22748,2017-10-28T02:45:00,10.65
22749,2017-10-28T03:05:00,10.65
22750,2017-10-28T03:25:00,10.65
22751,2017-10-28T03:45:00,10.97
22752,2017-10-28T04:05:00,10.65
22753,2017-10-28T04:25:00,10.32
22754,2017-10-28T04:45:00,10
22755,2017-10-28T05:05:00,10
22756,2017-10-28T05:25:00,10.32
22757,2017-10-28T05:45:00,10.32
22758,2017-10-28T06:05:00,10.32
22759,2017-10-28T06:45:00,10
22760,2017-10-28T07:05:00,10
22761,2017-10-28T07:25:00,10
22762,2017-10-28T07:45:00,10.32
22763,2017-10-28T08:05:00,10.65
22764,2017-10-28T08:25:00,10.97
22765,2017-10-28T08:45:00,11.29
22766,2017-10-28T09:05:00,11.61
22767,2017-10-28T09:25:00,11.29
22768,2017-10-28T09:45:00,11.29
22769,2017-10-28T10:05:00,12.58
22770,2017-10-28T10:25:00,13.23
22771,2017-10-28T10:45:00,12.26
22772,2017-10-28T11:05:00,12.9
22773,2017-10-28T11:25:00,12.26
22774,2017-10-28T11:45:00,12.9
22775,2017-10-28T12:05:00,16.45
22776,2017-10-28T12:25:00,13.23
22777,2017-10-28T12:45:00,17.1
22778,2017-10-28T13:05:00,14.19
22779,2017-10-28T13:30:00,14.19
22780,2017-10-28T13:50:00,14.19
22781,2017-10-28T14:10:00,13.23
22782,2017-10-28T14:30:00,12.26
22783,2017-10-28T14:50:00,11.29
22784,2017-10-28T15:10:00,11.29
22785,2017-10-28T15:30:00,10.97
22786,2017-10-28T15:50:00,10.97
22787,2017-10-28T16:10:00,10.65
22788,2017-10-28T16:30:00,10.65
22789,2017-10-28T16:50:00,10.65
22790,2017-10-28T17:50:00,10.65
22791,2017-10-28T18:10:00,10.65
22792,2017-10-28T18:30:00,10.65
22793,2017-10-28T18:50:00,10.65
22794,2017-10-28T19:10:00,10.65
22795,2017-10-28T19:30:00,10.97
22796,2017-10-28T19:50:00,10.65
22797,2017-10-28T20:10:00,10.65
22798,2017-10-28T20:30:00,10.65
22799,2017-10-28T20:50:00,10.65
22800,2017-10-28T21:10:00,10
22801,2017-10-28T21:30:00,9.35
22802,2017-10-28T21:50:00,9.35
22803,2017-10-28T22:10:00,9.68
22804,2017-10-28T22:30:00,9.68
22805,2017-10-28T22:50:00,9.35
22806,2017-10-28T23:10:00,9.35
22807,2017-10-28T23:30:00,9.35
22808,2017-10-28T23:50:00,9.03
22809,2017-10-29T00:10:00,9.03
22810,2017-10-29T00:35:00,9.03
22811,2017-10-29T00:55:00,8.71
22812,2017-10-29T01:15:00,6.77
22813,2017-10-29T01:35:00,6.77
22814,2017-10-29T01:55:00,7.1
22815,2017-10-29T02:15:00,7.1
22816,2017-10-29T02:35:00,7.42
22817,2017-10-29T02:55:00,7.74
22818,2017-10-29T03:15:00,8.71
22819,2017-10-29T03:35:00,7.74
22820,2017-10-29T03:55:00,7.1
22821,2017-10-29T04:15:00,7.42
22822,2017-10-29T04:35:00,7.42
22823,2017-10-29T04:55:00,7.74
22824,2017-10-29T05:15:00,8.39
22825,2017-10-29T05:35:00,8.71
22826,2017-10-29T05:55:00,8.39
22827,2017-10-29T06:15:00,7.74
22828,2017-10-29T06:35:00,8.06
22829,2017-10-29T06:55:00,7.74
22830,2017-10-29T07:15:00,7.74
22831,2017-10-29T07:35:00,8.71
22832,2017-10-29T07:55:00,9.35
22833,2017-10-29T08:15:00,11.94
22834,2017-10-29T08:35:00,17.1
22835,2017-10-29T08:55:00,19.03
22836,2017-10-29T09:15:00,18.39
22837,2017-10-29T09:35:00,20.32
22838,2017-10-29T09:55:00,21.29
22839,2017-10-29T10:15:00,20.97
22840,2017-10-29T10:35:00,20
22841,2017-10-29T10:55:00,20.97
22842,2017-10-29T11:15:00,20.97
22843,2017-10-29T11:35:00,20.97
22844,2017-10-29T12:00:00,17.1
22845,2017-10-29T12:20:00,20.97
22846,2017-10-29T12:40:00,20
22847,2017-10-29T13:00:00,20.32
22848,2017-10-29T13:20:00,19.68
22849,2017-10-29T13:40:00,18.39
22850,2017-10-29T14:00:00,19.03
22851,2017-10-29T14:20:00,18.06
22852,2017-10-29T14:40:00,17.42
22853,2017-10-29T15:00:00,15.48
22854,2017-10-29T15:20:00,10.32
22855,2017-10-29T15:40:00,9.35
22856,2017-10-29T16:00:00,8.71
22857,2017-10-29T16:20:00,8.06
22858,2017-10-29T16:40:00,8.06
22859,2017-10-29T17:00:00,8.06
22860,2017-10-29T17:20:00,8.06
22861,2017-10-29T17:40:00,8.06
22862,2017-10-29T18:00:00,7.42
22863,2017-10-29T18:20:00,7.42
22864,2017-10-29T18:40:00,7.1
22865,2017-10-29T19:00:00,6.45
22866,2017-10-29T19:20:00,6.45
22867,2017-10-29T19:40:00,6.13
22868,2017-10-29T20:00:00,6.77
22869,2017-10-29T20:20:00,6.45
22870,2017-10-29T20:40:00,5.81
22871,2017-10-29T21:00:00,6.77
22872,2017-10-29T21:20:00,6.77
22873,2017-10-29T21:40:00,6.77
22874,2017-10-29T22:00:00,6.45
22875,2017-10-29T22:20:00,6.45
22876,2017-10-29T22:40:00,6.45
22877,2017-10-29T23:00:00,6.13
22878,2017-10-29T23:25:00,6.45
22879,2017-10-29T23:45:00,6.13
22880,2017-10-30T00:05:00,5.81
22881,2017-10-30T00:25:00,5.48
22882,2017-10-30T00:45:00,5.81
22883,2017-10-30T01:05:00,5.48
22884,2017-10-30T01:25:00,5.48
22885,2017-10-30T01:45:00,5.16
22886,2017-10-30T02:05:00,5.16
22887,2017-10-30T02:25:00,5.16
22888,2017-10-30T02:45:00,5.16
22889,2017-10-30T03:05:00,4.84
22890,2017-10-30T03:25:00,4.84
22891,2017-10-30T03:45:00,4.84
22892,2017-10-30T04:05:00,4.84
22893,2017-10-30T04:25:00,4.19
22894,2017-10-30T04:45:00,4.19
22895,2017-10-30T05:05:00,3.87
22896,2017-10-30T05:25:00,4.19
22897,2017-10-30T05:45:00,4.19
22898,2017-10-30T06:05:00,3.87
22899,2017-10-30T06:25:00,4.19
22900,2017-10-30T06:45:00,6.45
22901,2017-10-30T07:05:00,5.16
22902,2017-10-30T07:25:00,11.29
22903,2017-10-30T07:45:00,13.87
22904,2017-10-30T08:05:00,12.9
22905,2017-10-30T08:25:00,18.71
22906,2017-10-30T08:45:00,21.61
22907,2017-10-30T09:05:00,20.32
22908,2017-10-30T09:25:00,20
22909,2017-10-30T09:45:00,21.29
22910,2017-10-30T10:05:00,22.9
22911,2017-10-30T10:25:00,19.68
22912,2017-10-30T10:50:00,20.32
22913,2017-10-30T11:10:00,19.03
22914,2017-10-30T11:30:00,21.94
22915,2017-10-30T11:50:00,20.65
22916,2017-10-30T12:10:00,19.03
22917,2017-10-30T12:30:00,20.32
22918,2017-10-30T12:50:00,18.06
22919,2017-10-30T13:10:00,17.42
22920,2017-10-30T13:30:00,10.97
22921,2017-10-30T13:50:00,9.35
22922,2017-10-30T14:10:00,13.87
22923,2017-10-30T14:30:00,8.71
22924,2017-10-30T14:50:00,9.03
22925,2017-10-30T15:10:00,8.06
22926,2017-10-30T15:30:00,7.74
22927,2017-10-30T15:50:00,6.45
22928,2017-10-30T16:10:00,6.77
22929,2017-10-30T16:30:00,6.77
22930,2017-10-30T16:50:00,6.13
22931,2017-10-30T17:10:00,6.45
22932,2017-10-30T17:30:00,6.13
22933,2017-10-30T17:50:00,6.13
22934,2017-10-30T18:10:00,6.45
22935,2017-10-30T18:30:00,6.45
22936,2017-10-30T18:50:00,5.48
22937,2017-10-30T19:10:00,5.16
22938,2017-10-30T19:30:00,5.16
22939,2017-10-30T19:50:00,4.84
22940,2017-10-30T20:10:00,4.84
22941,2017-10-30T20:30:00,4.19
22942,2017-10-30T20:50:00,4.19
22943,2017-10-30T21:10:00,3.87
22944,2017-10-30T21:30:00,3.87
22945,2017-10-30T21:50:00,3.87
22946,2017-10-30T22:15:00,4.52
22947,2017-10-30T22:35:00,4.52
22948,2017-10-30T22:55:00,3.55
22949,2017-10-30T23:15:00,2.58
22950,2017-10-30T23:35:00,2.9
22951,2017-10-30T23:55:00,3.23
22952,2017-10-31T00:15:00,2.9
22953,2017-10-31T00:35:00,2.9
22954,2017-10-31T00:55:00,2.9
22955,2017-10-31T01:15:00,2.9
22956,2017-10-31T01:35:00,2.9
22957,2017-10-31T01:55:00,2.9
22958,2017-10-31T02:15:00,2.9
22959,2017-10-31T02:35:00,2.9
22960,2017-10-31T02:55:00,3.55
22961,2017-10-31T03:15:00,3.55
22962,2017-10-31T03:35:00,4.19
22963,2017-10-31T03:55:00,3.87
22964,2017-10-31T04:15:00,3.55
22965,2017-10-31T04:35:00,3.87
22966,2017-10-31T04:55:00,4.52
22967,2017-10-31T05:15:00,4.52
22968,2017-10-31T05:35:00,4.84
22969,2017-10-31T05:55:00,5.16
22970,2017-10-31T06:15:00,6.77
22971,2017-10-31T06:35:00,5.48
22972,2017-10-31T06:55:00,5.81
22973,2017-10-31T07:15:00,5.81
22974,2017-10-31T07:35:00,6.13
22975,2017-10-31T07:55:00,7.1
22976,2017-10-31T08:15:00,7.42
22977,2017-10-31T08:35:00,8.06
22978,2017-10-31T08:55:00,7.74
22979,2017-10-31T09:20:00,7.42
22980,2017-10-31T09:40:00,7.74
22981,2017-10-31T10:00:00,9.03
22982,2017-10-31T10:20:00,9.03
22983,2017-10-31T10:40:00,9.35
22984,2017-10-31T11:00:00,9.68
22985,2017-10-31T11:20:00,10
22986,2017-10-31T11:40:00,9.35
22987,2017-10-31T12:00:00,10
22988,2017-10-31T12:20:00,10.32
22989,2017-10-31T12:40:00,10
22990,2017-10-31T13:00:00,10
22991,2017-10-31T13:20:00,10
22992,2017-10-31T13:40:00,9.68
22993,2017-10-31T14:00:00,9.68
22994,2017-10-31T14:20:00,10
22995,2017-10-31T14:40:00,9.03
22996,2017-10-31T15:00:00,9.35
22997,2017-10-31T15:20:00,9.03
22998,2017-10-31T15:40:00,9.03
22999,2017-10-31T16:00:00,8.71
23000,2017-10-31T16:20:00,9.35
23001,2017-10-31T16:40:00,9.03
23002,2017-10-31T17:00:00,9.03
23003,2017-10-31T17:20:00,9.03
23004,2017-10-31T17:40:00,9.35
23005,2017-10-31T18:00:00,9.35
23006,2017-10-31T18:20:00,9.03
23007,2017-10-31T18:40:00,9.35
23008,2017-10-31T19:00:00,9.03
23009,2017-10-31T19:20:00,9.03
23010,2017-10-31T19:40:00,9.35
23011,2017-10-31T20:00:00,9.03
23012,2017-10-31T20:20:00,8.71
23013,2017-10-31T20:45:00,9.03
23014,2017-10-31T21:05:00,8.71
23015,2017-10-31T21:25:00,8.71
23016,2017-10-31T21:45:00,8.71
23017,2017-10-31T22:05:00,8.71
23018,2017-10-31T22:25:00,8.71
23019,2017-10-31T22:45:00,8.71
23020,2017-10-31T23:05:00,8.71
23021,2017-10-31T23:25:00,8.71
23022,2017-10-31T23:45:00,8.39
23023,2017-11-01T00:05:00,8.71
23024,2017-11-01T00:25:00,9.35
23025,2017-11-01T00:45:00,9.35
23026,2017-11-01T01:05:00,9.68
23027,2017-11-01T01:25:00,9.68
23028,2017-11-01T01:45:00,9.35
23029,2017-11-01T02:05:00,10
23030,2017-11-01T02:25:00,10
23031,2017-11-01T02:45:00,10.32
23032,2017-11-01T03:05:00,10
23033,2017-11-01T03:25:00,9.68
23034,2017-11-01T03:45:00,10
23035,2017-11-01T04:05:00,10
23036,2017-11-01T04:25:00,10
23037,2017-11-01T04:45:00,10.65
23038,2017-11-01T05:05:00,10.97
23039,2017-11-01T05:25:00,10.65
23040,2017-11-01T05:45:00,10.65
23041,2017-11-01T06:05:00,10.65
23042,2017-11-01T06:25:00,11.29
23043,2017-11-01T06:45:00,11.61
23044,2017-11-01T07:05:00,11.61
23045,2017-11-01T07:25:00,11.61
23046,2017-11-01T07:45:00,11.94
23047,2017-11-01T08:10:00,11.61
23048,2017-11-01T08:30:00,11.94
23049,2017-11-01T08:50:00,12.26
23050,2017-11-01T09:10:00,12.26
23051,2017-11-01T09:30:00,12.26
23052,2017-11-01T09:50:00,12.26
23053,2017-11-01T10:10:00,12.58
23054,2017-11-01T10:30:00,12.26
23055,2017-11-01T10:50:00,12.58
23056,2017-11-01T11:10:00,12.58
23057,2017-11-01T11:30:00,12.9
23058,2017-11-01T11:50:00,12.58
23059,2017-11-01T12:10:00,11.94
23060,2017-11-01T12:30:00,11.94
23061,2017-11-01T12:50:00,11.61
23062,2017-11-01T13:10:00,11.94
23063,2017-11-01T13:30:00,12.58
23064,2017-11-01T13:50:00,12.58
23065,2017-11-01T14:10:00,12.58
23066,2017-11-01T14:30:00,12.58
23067,2017-11-01T14:50:00,12.26
23068,2017-11-01T15:10:00,12.26
23069,2017-11-01T15:30:00,12.26
23070,2017-11-01T15:50:00,11.94
23071,2017-11-01T16:10:00,12.26
23072,2017-11-01T16:30:00,11.94
23073,2017-11-01T16:50:00,11.94
23074,2017-11-01T17:10:00,11.94
23075,2017-11-01T17:30:00,11.94
23076,2017-11-01T17:50:00,11.94
23077,2017-11-01T18:10:00,11.61
23078,2017-11-01T18:30:00,11.61
23079,2017-11-01T18:50:00,11.61
23080,2017-11-01T19:10:00,10.32
23081,2017-11-01T19:35:00,10.97
23082,2017-11-01T19:55:00,10.97
23083,2017-11-01T20:15:00,10.97
23084,2017-11-01T20:35:00,10.97
23085,2017-11-01T20:55:00,10.32
23086,2017-11-01T21:15:00,10.32
23087,2017-11-01T21:35:00,10.32
23088,2017-11-01T21:55:00,10
23089,2017-11-01T22:15:00,10
23090,2017-11-01T22:35:00,10
23091,2017-11-01T22:55:00,10
23092,2017-11-01T23:15:00,10
23093,2017-11-01T23:35:00,10
23094,2017-11-01T23:55:00,9.68
23095,2017-11-02T00:15:00,9.68
23096,2017-11-02T00:35:00,9.68
23097,2017-11-02T00:55:00,9.68
23098,2017-11-02T01:15:00,9.68
23099,2017-11-02T01:35:00,10
23100,2017-11-02T01:55:00,9.35
23101,2017-11-02T02:15:00,9.35
23102,2017-11-02T02:35:00,10
23103,2017-11-02T02:55:00,10.32
23104,2017-11-02T03:55:00,10
23105,2017-11-02T04:15:00,10
23106,2017-11-02T04:35:00,10.32
23107,2017-11-02T04:55:00,10
23108,2017-11-02T05:15:00,10
23109,2017-11-02T05:35:00,9.68
23110,2017-11-02T05:55:00,10.32
23111,2017-11-02T06:15:00,10.32
23112,2017-11-02T06:40:00,10
23113,2017-11-02T07:00:00,10.32
23114,2017-11-02T07:20:00,10.32
23115,2017-11-02T07:40:00,10.65
23116,2017-11-02T08:00:00,11.61
23117,2017-11-02T08:20:00,12.9
23118,2017-11-02T08:40:00,11.29
23119,2017-11-02T09:00:00,11.94
23120,2017-11-02T09:20:00,11.29
23121,2017-11-02T09:40:00,11.61
23122,2017-11-02T10:00:00,11.61
23123,2017-11-02T10:20:00,11.29
23124,2017-11-02T10:40:00,12.26
23125,2017-11-02T11:00:00,11.94
23126,2017-11-02T11:20:00,12.26
23127,2017-11-02T11:40:00,12.9
23128,2017-11-02T12:00:00,13.23
23129,2017-11-02T12:20:00,13.87
23130,2017-11-02T12:40:00,13.23
23131,2017-11-02T13:00:00,17.1
23132,2017-11-02T13:20:00,13.87
23133,2017-11-02T13:40:00,13.23
23134,2017-11-02T14:00:00,13.23
23135,2017-11-02T14:20:00,12.9
23136,2017-11-02T14:40:00,12.58
23137,2017-11-02T15:00:00,11.94
23138,2017-11-02T15:20:00,11.29
23139,2017-11-02T15:40:00,10.97
23140,2017-11-02T16:00:00,10.32
23141,2017-11-02T16:20:00,10
23142,2017-11-02T16:40:00,9.68
23143,2017-11-02T17:00:00,10
23144,2017-11-02T17:20:00,10
23145,2017-11-02T17:40:00,9.35
23146,2017-11-02T18:05:00,9.68
23147,2017-11-02T18:25:00,9.35
23148,2017-11-02T18:45:00,9.03
23149,2017-11-02T19:05:00,8.71
23150,2017-11-02T19:25:00,8.71
23151,2017-11-02T19:45:00,9.68
23152,2017-11-02T20:05:00,9.35
23153,2017-11-02T20:25:00,9.68
23154,2017-11-02T20:45:00,9.35
23155,2017-11-02T21:05:00,9.35
23156,2017-11-02T21:25:00,9.35
23157,2017-11-02T21:45:00,9.35
23158,2017-11-02T22:05:00,9.03
23159,2017-11-02T22:25:00,8.71
23160,2017-11-02T22:45:00,8.06
23161,2017-11-02T23:05:00,8.39
23162,2017-11-02T23:25:00,8.71
23163,2017-11-02T23:45:00,8.39
23164,2017-11-03T00:05:00,8.39
23165,2017-11-03T00:25:00,8.39
23166,2017-11-03T00:45:00,7.74
23167,2017-11-03T01:05:00,6.77
23168,2017-11-03T01:25:00,6.45
23169,2017-11-03T01:45:00,6.45
23170,2017-11-03T02:05:00,6.13
23171,2017-11-03T02:25:00,5.81
23172,2017-11-03T02:45:00,5.48
23173,2017-11-03T03:05:00,5.81
23174,2017-11-03T03:25:00,5.48
23175,2017-11-03T03:45:00,5.16
23176,2017-11-03T04:05:00,5.81
23177,2017-11-03T04:25:00,6.13
23178,2017-11-03T04:45:00,6.13
23179,2017-11-03T05:05:00,6.13
23180,2017-11-03T05:30:00,6.13
23181,2017-11-03T05:50:00,6.77
23182,2017-11-03T06:10:00,6.77
23183,2017-11-03T06:30:00,6.77
23184,2017-11-03T06:50:00,7.1
23185,2017-11-03T07:10:00,7.42
23186,2017-11-03T07:30:00,7.42
23187,2017-11-03T07:50:00,7.74
23188,2017-11-03T08:10:00,7.74
23189,2017-11-03T08:30:00,8.06
23190,2017-11-03T08:50:00,9.03
23191,2017-11-03T09:10:00,10.65
23192,2017-11-03T09:30:00,10.32
23193,2017-11-03T09:50:00,8.71
23194,2017-11-03T10:10:00,9.68
23195,2017-11-03T10:30:00,9.03
23196,2017-11-03T10:50:00,9.03
23197,2017-11-03T11:10:00,9.03
23198,2017-11-03T11:30:00,9.35
23199,2017-11-03T11:50:00,9.35
23200,2017-11-03T12:10:00,9.35
23201,2017-11-03T12:30:00,9.35
23202,2017-11-03T12:50:00,9.68
23203,2017-11-03T13:10:00,9.68
23204,2017-11-03T13:30:00,10.97
23205,2017-11-03T13:50:00,10
23206,2017-11-03T14:10:00,9.68
23207,2017-11-03T14:30:00,9.35
23208,2017-11-03T14:50:00,9.35
23209,2017-11-03T15:10:00,9.03
23210,2017-11-03T15:30:00,9.03
23211,2017-11-03T15:50:00,8.71
23212,2017-11-03T16:10:00,8.06
23213,2017-11-03T16:30:00,7.42
23214,2017-11-03T16:55:00,7.42
23215,2017-11-03T17:15:00,7.42
23216,2017-11-03T17:35:00,7.74
23217,2017-11-03T17:55:00,7.74
23218,2017-11-03T18:15:00,7.42
23219,2017-11-03T18:35:00,7.42
23220,2017-11-03T18:55:00,7.42
23221,2017-11-03T19:15:00,7.42
23222,2017-11-03T19:35:00,7.1
23223,2017-11-03T19:55:00,7.74
23224,2017-11-03T20:15:00,7.1
23225,2017-11-03T20:35:00,7.1
23226,2017-11-03T20:55:00,7.42
23227,2017-11-03T21:15:00,7.42
23228,2017-11-03T21:35:00,7.1
23229,2017-11-03T21:55:00,7.42
23230,2017-11-03T22:15:00,7.42
23231,2017-11-03T22:35:00,7.42
23232,2017-11-03T22:55:00,7.74
23233,2017-11-03T23:15:00,7.1
23234,2017-11-03T23:35:00,7.42
23235,2017-11-03T23:55:00,7.42
23236,2017-11-04T00:15:00,7.42
23237,2017-11-04T00:35:00,7.74
23238,2017-11-04T00:55:00,8.06
23239,2017-11-04T01:15:00,8.06
23240,2017-11-04T01:35:00,8.39
23241,2017-11-04T01:55:00,8.39
23242,2017-11-04T02:15:00,7.74
23243,2017-11-04T02:35:00,8.06
23244,2017-11-04T02:55:00,8.06
23245,2017-11-04T03:15:00,8.06
23246,2017-11-04T03:35:00,7.74
23247,2017-11-04T03:55:00,8.06
23248,2017-11-04T04:20:00,8.06
23249,2017-11-04T04:40:00,8.06
23250,2017-11-04T05:00:00,8.39
23251,2017-11-04T05:20:00,8.39
23252,2017-11-04T05:40:00,8.39
23253,2017-11-04T06:00:00,8.39
23254,2017-11-04T06:20:00,8.39
23255,2017-11-04T06:40:00,8.39
23256,2017-11-04T07:00:00,8.71
23257,2017-11-04T07:20:00,8.71
23258,2017-11-04T07:40:00,9.03
23259,2017-11-04T08:00:00,9.35
23260,2017-11-04T08:20:00,9.35
23261,2017-11-04T08:40:00,9.68
23262,2017-11-04T09:00:00,9.35
23263,2017-11-04T09:20:00,9.68
23264,2017-11-04T09:40:00,9.68
23265,2017-11-04T10:00:00,9.68
23266,2017-11-04T10:20:00,9.68
23267,2017-11-04T10:40:00,9.68
23268,2017-11-04T11:00:00,10
23269,2017-11-04T11:20:00,10
23270,2017-11-04T11:40:00,10
23271,2017-11-04T12:00:00,10.32
23272,2017-11-04T12:20:00,10.65
23273,2017-11-04T12:40:00,10.32
23274,2017-11-04T13:00:00,10.32
23275,2017-11-04T13:20:00,10.65
23276,2017-11-04T13:40:00,10.65
23277,2017-11-04T14:00:00,10
23278,2017-11-04T14:20:00,9.68
23279,2017-11-04T14:40:00,10
23280,2017-11-04T15:00:00,9.68
23281,2017-11-04T15:25:00,9.35
23282,2017-11-04T15:45:00,9.35
23283,2017-11-04T16:05:00,9.03
23284,2017-11-04T16:25:00,9.03
23285,2017-11-04T16:45:00,9.03
23286,2017-11-04T17:05:00,9.03
23287,2017-11-04T17:25:00,9.03
23288,2017-11-04T17:45:00,9.03
23289,2017-11-04T18:05:00,9.03
23290,2017-11-04T18:25:00,9.03
23291,2017-11-04T18:45:00,8.71
23292,2017-11-04T19:05:00,8.71
23293,2017-11-04T19:25:00,8.71
23294,2017-11-04T19:45:00,8.71
23295,2017-11-04T20:05:00,8.39
23296,2017-11-04T20:25:00,8.71
23297,2017-11-04T20:45:00,8.71
23298,2017-11-04T21:05:00,8.39
23299,2017-11-04T21:25:00,8.39
23300,2017-11-04T21:45:00,8.71
23301,2017-11-04T22:05:00,8.71
23302,2017-11-04T22:25:00,8.71
23303,2017-11-04T22:45:00,8.39
23304,2017-11-04T23:05:00,8.71
23305,2017-11-04T23:25:00,8.71
23306,2017-11-04T23:45:00,9.03
23307,2017-11-05T00:05:00,9.35
23308,2017-11-05T00:25:00,9.35
23309,2017-11-05T00:45:00,9.03
23310,2017-11-05T01:05:00,9.03
23311,2017-11-05T01:25:00,9.03
23312,2017-11-05T01:45:00,9.35
23313,2017-11-05T02:05:00,9.35
23314,2017-11-05T02:25:00,9.35
23315,2017-11-05T02:50:00,9.35
23316,2017-11-05T03:10:00,9.68
23317,2017-11-05T03:30:00,9.68
23318,2017-11-05T03:50:00,10
23319,2017-11-05T04:10:00,10
23320,2017-11-05T04:30:00,9.68
23321,2017-11-05T04:50:00,9.68
23322,2017-11-05T05:10:00,9.35
23323,2017-11-05T05:30:00,8.71
23324,2017-11-05T05:50:00,8.06
23325,2017-11-05T06:10:00,7.74
23326,2017-11-05T06:30:00,7.74
23327,2017-11-05T06:50:00,7.74
23328,2017-11-05T07:10:00,7.74
23329,2017-11-05T07:30:00,8.06
23330,2017-11-05T07:50:00,8.06
23331,2017-11-05T08:10:00,8.71
23332,2017-11-05T08:30:00,8.39
23333,2017-11-05T08:50:00,8.71
23334,2017-11-05T09:10:00,9.03
23335,2017-11-05T09:30:00,9.35
23336,2017-11-05T09:50:00,9.68
23337,2017-11-05T10:10:00,9.68
23338,2017-11-05T10:30:00,10
23339,2017-11-05T10:50:00,11.29
23340,2017-11-05T11:10:00,10
23341,2017-11-05T11:30:00,10.32
23342,2017-11-05T11:50:00,10
23343,2017-11-05T12:10:00,10
23344,2017-11-05T12:30:00,10.65
23345,2017-11-05T12:50:00,10.32
23346,2017-11-05T13:10:00,10
23347,2017-11-05T13:30:00,10
23348,2017-11-05T13:50:00,10.32
23349,2017-11-05T14:15:00,10
23350,2017-11-05T14:35:00,9.68
23351,2017-11-05T14:55:00,9.35
23352,2017-11-05T15:15:00,8.71
23353,2017-11-05T15:35:00,8.71
23354,2017-11-05T15:55:00,8.71
23355,2017-11-05T16:15:00,8.39
23356,2017-11-05T16:35:00,7.42
23357,2017-11-05T16:55:00,6.77
23358,2017-11-05T17:15:00,6.77
23359,2017-11-05T17:35:00,6.77
23360,2017-11-05T17:55:00,7.1
23361,2017-11-05T18:15:00,7.1
23362,2017-11-05T18:35:00,6.77
23363,2017-11-05T18:55:00,6.45
23364,2017-11-05T19:15:00,6.45
23365,2017-11-05T19:35:00,6.13
23366,2017-11-05T19:55:00,5.81
23367,2017-11-05T20:15:00,5.48
23368,2017-11-05T20:35:00,5.16
23369,2017-11-05T20:55:00,5.16
23370,2017-11-05T21:15:00,4.84
23371,2017-11-05T21:35:00,4.84
23372,2017-11-05T21:55:00,4.19
23373,2017-11-05T22:15:00,4.19
23374,2017-11-05T22:35:00,4.19
23375,2017-11-05T22:55:00,4.19
23376,2017-11-05T23:15:00,4.19
23377,2017-11-05T23:35:00,3.55
23378,2017-11-05T23:55:00,3.87
23379,2017-11-06T00:15:00,3.55
23380,2017-11-06T00:35:00,3.55
23381,2017-11-06T00:55:00,3.55
23382,2017-11-06T01:15:00,3.55
23383,2017-11-06T01:40:00,3.23
23384,2017-11-06T02:00:00,3.55
23385,2017-11-06T02:20:00,3.55
23386,2017-11-06T02:40:00,3.55
23387,2017-11-06T03:00:00,3.55
23388,2017-11-06T03:20:00,3.23
23389,2017-11-06T03:40:00,3.23
23390,2017-11-06T04:00:00,2.9
23391,2017-11-06T04:20:00,2.9
23392,2017-11-06T04:40:00,2.9
23393,2017-11-06T05:00:00,3.23
23394,2017-11-06T05:20:00,3.23
23395,2017-11-06T05:40:00,3.23
23396,2017-11-06T06:00:00,2.9
23397,2017-11-06T06:20:00,3.23
23398,2017-11-06T06:40:00,2.9
23399,2017-11-06T07:00:00,3.55
23400,2017-11-06T07:20:00,5.81
23401,2017-11-06T07:40:00,7.74
23402,2017-11-06T08:00:00,7.42
23403,2017-11-06T08:20:00,11.29
23404,2017-11-06T08:40:00,12.26
23405,2017-11-06T09:00:00,13.55
23406,2017-11-06T09:20:00,15.81
23407,2017-11-06T09:40:00,18.39
23408,2017-11-06T10:00:00,20
23409,2017-11-06T10:20:00,19.03
23410,2017-11-06T10:40:00,18.39
23411,2017-11-06T11:00:00,18.06
23412,2017-11-06T11:20:00,17.74
23413,2017-11-06T11:40:00,19.03
23414,2017-11-06T12:00:00,18.71
23415,2017-11-06T12:20:00,19.03
23416,2017-11-06T12:40:00,19.35
23417,2017-11-06T13:05:00,18.06
23418,2017-11-06T13:25:00,17.74
23419,2017-11-06T13:45:00,16.77
23420,2017-11-06T14:05:00,13.87
23421,2017-11-06T15:05:00,8.71
23422,2017-11-06T15:25:00,7.74
23423,2017-11-06T15:45:00,6.45
23424,2017-11-06T16:05:00,6.45
23425,2017-11-06T16:25:00,6.13
23426,2017-11-06T16:45:00,6.13
23427,2017-11-06T17:05:00,5.48
23428,2017-11-06T17:25:00,5.48
23429,2017-11-06T17:45:00,4.84
23430,2017-11-06T18:05:00,4.84
23431,2017-11-06T18:25:00,4.52
23432,2017-11-06T18:45:00,4.52
23433,2017-11-06T19:05:00,4.52
23434,2017-11-06T19:25:00,3.87
23435,2017-11-06T19:45:00,4.19
23436,2017-11-06T20:05:00,3.87
23437,2017-11-06T20:25:00,4.19
23438,2017-11-06T20:45:00,3.55
23439,2017-11-06T21:05:00,3.87
23440,2017-11-06T21:25:00,3.23
23441,2017-11-06T21:45:00,3.55
23442,2017-11-06T22:05:00,3.55
23443,2017-11-06T22:25:00,3.55
23444,2017-11-06T22:45:00,3.55
23445,2017-11-06T23:05:00,3.23
23446,2017-11-06T23:25:00,3.55
23447,2017-11-06T23:45:00,2.9
23448,2017-11-07T00:10:00,2.9
23449,2017-11-07T00:30:00,2.58
23450,2017-11-07T00:50:00,2.58
23451,2017-11-07T01:10:00,2.58
23452,2017-11-07T01:30:00,3.23
23453,2017-11-07T01:50:00,3.23
23454,2017-11-07T02:10:00,3.23
23455,2017-11-07T02:30:00,2.58
23456,2017-11-07T02:50:00,2.58
23457,2017-11-07T03:10:00,2.9
23458,2017-11-07T03:30:00,3.23
23459,2017-11-07T03:50:00,3.23
23460,2017-11-07T04:10:00,2.9
23461,2017-11-07T04:30:00,3.23
23462,2017-11-07T04:50:00,3.55
23463,2017-11-07T05:10:00,3.23
23464,2017-11-07T05:30:00,2.9
23465,2017-11-07T05:50:00,3.55
23466,2017-11-07T06:10:00,3.87
23467,2017-11-07T06:30:00,4.19
23468,2017-11-07T06:50:00,4.19
23469,2017-11-07T07:10:00,4.84
23470,2017-11-07T07:30:00,9.03
23471,2017-11-07T07:50:00,10.97
23472,2017-11-07T08:10:00,11.94
23473,2017-11-07T08:30:00,12.58
23474,2017-11-07T08:50:00,13.87
23475,2017-11-07T09:10:00,13.23
23476,2017-11-07T09:30:00,13.55
23477,2017-11-07T09:50:00,13.23
23478,2017-11-07T10:10:00,14.19
23479,2017-11-07T10:30:00,13.55
23480,2017-11-07T10:50:00,13.23
23481,2017-11-07T11:10:00,13.55
23482,2017-11-07T11:35:00,13.23
23483,2017-11-07T11:55:00,12.58
23484,2017-11-07T12:15:00,12.9
23485,2017-11-07T12:35:00,10.32
23486,2017-11-07T12:55:00,9.35
23487,2017-11-07T13:15:00,10.65
23488,2017-11-07T13:35:00,8.39
23489,2017-11-07T13:55:00,9.35
23490,2017-11-07T14:15:00,9.68
23491,2017-11-07T14:35:00,7.42
23492,2017-11-07T14:55:00,7.74
23493,2017-11-07T15:15:00,6.77
23494,2017-11-07T15:35:00,6.45
23495,2017-11-07T15:55:00,6.13
23496,2017-11-07T16:15:00,6.13
23497,2017-11-07T16:35:00,6.13
23498,2017-11-07T16:55:00,6.13
23499,2017-11-07T17:15:00,6.13
23500,2017-11-07T17:35:00,5.81
23501,2017-11-07T17:55:00,5.81
23502,2017-11-07T18:15:00,5.48
23503,2017-11-07T18:35:00,5.81
23504,2017-11-07T18:55:00,5.48
23505,2017-11-07T19:15:00,5.48
23506,2017-11-07T19:35:00,6.13
23507,2017-11-07T19:55:00,6.77
23508,2017-11-07T20:15:00,6.45
23509,2017-11-07T20:35:00,6.45
23510,2017-11-07T20:55:00,6.45
23511,2017-11-07T21:15:00,6.45
23512,2017-11-07T21:35:00,6.77
23513,2017-11-07T21:55:00,6.77
23514,2017-11-07T22:15:00,6.77
23515,2017-11-07T22:35:00,6.77
23516,2017-11-07T23:00:00,6.45
23517,2017-11-07T23:20:00,6.45
23518,2017-11-07T23:40:00,6.45
23519,2017-11-08T00:00:00,6.13
23520,2017-11-08T00:20:00,6.45
23521,2017-11-08T00:40:00,6.13
23522,2017-11-08T01:00:00,6.45
23523,2017-11-08T01:20:00,6.45
23524,2017-11-08T01:40:00,6.45
23525,2017-11-08T02:00:00,6.13
23526,2017-11-08T02:20:00,6.13
23527,2017-11-08T02:40:00,6.45
23528,2017-11-08T03:00:00,6.45
23529,2017-11-08T03:20:00,6.45
23530,2017-11-08T03:40:00,6.13
23531,2017-11-08T04:00:00,6.45
23532,2017-11-08T04:20:00,6.13
23533,2017-11-08T04:40:00,6.13
23534,2017-11-08T05:00:00,6.13
23535,2017-11-08T05:20:00,6.45
23536,2017-11-08T05:40:00,6.45
23537,2017-11-08T06:00:00,6.77
23538,2017-11-08T06:20:00,6.77
23539,2017-11-08T06:40:00,7.1
23540,2017-11-08T07:00:00,7.1
23541,2017-11-08T07:20:00,7.42
23542,2017-11-08T07:40:00,8.39
23543,2017-11-08T08:00:00,10.65
23544,2017-11-08T08:20:00,11.29
23545,2017-11-08T08:40:00,11.29
23546,2017-11-08T09:00:00,12.26
23547,2017-11-08T09:20:00,10.32
23548,2017-11-08T09:40:00,9.03
23549,2017-11-08T10:00:00,9.03
23550,2017-11-08T10:25:00,9.35
23551,2017-11-08T10:45:00,8.71
23552,2017-11-08T11:05:00,8.71
23553,2017-11-08T11:25:00,9.03
23554,2017-11-08T11:45:00,9.03
23555,2017-11-08T12:05:00,9.68
23556,2017-11-08T12:25:00,10.65
23557,2017-11-08T12:45:00,9.03
23558,2017-11-08T13:05:00,8.71
23559,2017-11-08T13:25:00,9.03
23560,2017-11-08T13:45:00,8.39
23561,2017-11-08T14:05:00,9.03
23562,2017-11-08T14:25:00,8.71
23563,2017-11-08T14:45:00,8.71
23564,2017-11-08T15:05:00,8.71
23565,2017-11-08T15:25:00,7.74
23566,2017-11-08T15:45:00,7.42
23567,2017-11-08T16:05:00,7.1
23568,2017-11-08T16:25:00,7.1
23569,2017-11-08T16:45:00,7.1
23570,2017-11-08T17:05:00,7.1
23571,2017-11-08T17:25:00,6.77
23572,2017-11-08T17:45:00,7.42
23573,2017-11-08T18:05:00,7.1
23574,2017-11-08T18:25:00,6.77
23575,2017-11-08T18:45:00,6.45
23576,2017-11-08T19:05:00,6.77
23577,2017-11-08T19:25:00,6.45
23578,2017-11-08T19:45:00,6.77
23579,2017-11-08T20:05:00,6.77
23580,2017-11-08T20:25:00,7.1
23581,2017-11-08T20:45:00,7.74
23582,2017-11-08T21:05:00,7.42
23583,2017-11-08T21:30:00,6.77
23584,2017-11-08T21:50:00,7.1
23585,2017-11-08T22:10:00,7.42
23586,2017-11-08T22:30:00,7.74
23587,2017-11-08T22:50:00,7.1
23588,2017-11-08T23:10:00,8.39
23589,2017-11-08T23:30:00,7.74
23590,2017-11-08T23:50:00,8.39
23591,2017-11-09T00:10:00,7.42
23592,2017-11-09T00:30:00,7.1
23593,2017-11-09T00:50:00,7.42
23594,2017-11-09T01:10:00,7.1
23595,2017-11-09T01:30:00,7.1
23596,2017-11-09T01:50:00,7.1
23597,2017-11-09T02:10:00,7.1
23598,2017-11-09T02:30:00,7.1
23599,2017-11-09T02:50:00,7.1
23600,2017-11-09T03:10:00,6.77
23601,2017-11-09T03:30:00,6.77
23602,2017-11-09T03:50:00,6.77
23603,2017-11-09T04:10:00,6.77
23604,2017-11-09T04:30:00,7.1
23605,2017-11-09T04:50:00,6.77
23606,2017-11-09T05:10:00,6.77
23607,2017-11-09T05:30:00,6.45
23608,2017-11-09T05:50:00,6.45
23609,2017-11-09T06:10:00,6.45
23610,2017-11-09T06:30:00,6.77
23611,2017-11-09T06:50:00,6.77
23612,2017-11-09T07:10:00,6.45
23613,2017-11-09T07:30:00,6.45
23614,2017-11-09T07:50:00,6.45
23615,2017-11-09T08:10:00,6.45
23616,2017-11-09T08:30:00,6.45
23617,2017-11-09T08:55:00,6.77
23618,2017-11-09T09:15:00,6.77
23619,2017-11-09T09:35:00,7.42
23620,2017-11-09T09:55:00,7.74
23621,2017-11-09T10:15:00,7.74
23622,2017-11-09T10:35:00,7.74
23623,2017-11-09T10:55:00,7.74
23624,2017-11-09T11:15:00,8.06
23625,2017-11-09T11:35:00,8.71
23626,2017-11-09T11:55:00,9.03
23627,2017-11-09T12:15:00,8.06
23628,2017-11-09T12:35:00,8.71
23629,2017-11-09T12:55:00,9.35
23630,2017-11-09T13:15:00,9.35
23631,2017-11-09T13:35:00,8.71
23632,2017-11-09T13:55:00,9.03
23633,2017-11-09T14:15:00,9.03
23634,2017-11-09T14:35:00,8.71
23635,2017-11-09T14:55:00,8.39
23636,2017-11-09T15:15:00,9.03
23637,2017-11-09T15:35:00,9.35
23638,2017-11-09T15:55:00,9.03
23639,2017-11-09T16:15:00,7.74
23640,2017-11-09T16:35:00,7.74
23641,2017-11-09T16:55:00,7.74
23642,2017-11-09T17:15:00,7.74
23643,2017-11-09T17:35:00,7.74
23644,2017-11-09T17:55:00,7.74
23645,2017-11-09T18:15:00,7.1
23646,2017-11-09T18:35:00,7.1
23647,2017-11-09T18:55:00,6.77
23648,2017-11-09T19:15:00,6.77
23649,2017-11-09T19:35:00,6.77
23650,2017-11-09T19:55:00,6.13
23651,2017-11-09T20:20:00,6.45
23652,2017-11-09T20:40:00,5.81
23653,2017-11-09T21:00:00,6.45
23654,2017-11-09T21:20:00,5.16
23655,2017-11-09T21:40:00,5.16
23656,2017-11-09T22:00:00,5.16
23657,2017-11-09T22:20:00,5.16
23658,2017-11-09T22:40:00,5.48
23659,2017-11-09T23:00:00,4.52
23660,2017-11-09T23:20:00,4.52
23661,2017-11-09T23:40:00,4.52
23662,2017-11-10T00:00:00,4.84
23663,2017-11-10T00:20:00,4.52
23664,2017-11-10T00:40:00,4.84
23665,2017-11-10T01:00:00,4.84
23666,2017-11-10T01:20:00,5.48
23667,2017-11-10T01:40:00,5.16
23668,2017-11-10T02:00:00,5.48
23669,2017-11-10T02:20:00,5.48
23670,2017-11-10T02:40:00,5.48
23671,2017-11-10T03:00:00,5.16
23672,2017-11-10T03:20:00,5.48
23673,2017-11-10T03:40:00,5.81
23674,2017-11-10T04:00:00,5.48
23675,2017-11-10T04:20:00,5.81
23676,2017-11-10T04:40:00,4.52
23677,2017-11-10T05:00:00,4.84
23678,2017-11-10T05:20:00,4.84
23679,2017-11-10T05:40:00,5.16
23680,2017-11-10T06:00:00,5.16
23681,2017-11-10T06:20:00,5.48
23682,2017-11-10T06:40:00,5.81
23683,2017-11-10T07:00:00,6.13
23684,2017-11-10T07:20:00,6.13
23685,2017-11-10T07:45:00,6.77
23686,2017-11-10T08:05:00,9.03
23687,2017-11-10T08:25:00,10.65
23688,2017-11-10T08:45:00,10.97
23689,2017-11-10T09:05:00,11.94
23690,2017-11-10T09:25:00,12.26
23691,2017-11-10T09:45:00,8.39
23692,2017-11-10T10:05:00,6.45
23693,2017-11-10T10:25:00,6.45
23694,2017-11-10T10:45:00,6.13
23695,2017-11-10T11:05:00,6.77
23696,2017-11-10T11:25:00,5.48
23697,2017-11-10T11:45:00,5.48
23698,2017-11-10T12:05:00,4.84
23699,2017-11-10T12:25:00,5.48
23700,2017-11-10T12:45:00,6.13
23701,2017-11-10T13:05:00,5.48
23702,2017-11-10T13:25:00,6.45
23703,2017-11-10T13:45:00,6.45
23704,2017-11-10T14:05:00,5.81
23705,2017-11-10T14:25:00,5.81
23706,2017-11-10T14:45:00,5.48
23707,2017-11-10T15:05:00,5.48
23708,2017-11-10T15:25:00,4.84
23709,2017-11-10T15:45:00,5.16
23710,2017-11-10T16:05:00,5.16
23711,2017-11-10T16:25:00,4.52
23712,2017-11-10T16:45:00,4.84
23713,2017-11-10T17:05:00,5.48
23714,2017-11-10T17:25:00,5.81
23715,2017-11-10T17:45:00,6.13
23716,2017-11-10T18:05:00,5.81
23717,2017-11-10T18:25:00,6.13
23718,2017-11-10T18:45:00,6.13
23719,2017-11-10T19:10:00,6.45
23720,2017-11-10T19:30:00,6.13
23721,2017-11-10T19:50:00,6.45
23722,2017-11-10T20:10:00,6.13
23723,2017-11-10T20:30:00,6.13
23724,2017-11-10T20:50:00,6.13
23725,2017-11-10T21:10:00,5.81
23726,2017-11-10T21:30:00,5.48
23727,2017-11-10T21:50:00,5.48
23728,2017-11-10T22:10:00,5.16
23729,2017-11-10T22:30:00,4.52
23730,2017-11-10T22:50:00,4.52
23731,2017-11-10T23:10:00,4.84
23732,2017-11-10T23:30:00,4.84
23733,2017-11-10T23:50:00,4.84
23734,2017-11-11T00:50:00,4.84
23735,2017-11-11T01:10:00,4.52
23736,2017-11-11T01:30:00,4.19
23737,2017-11-11T01:50:00,4.19
23738,2017-11-11T02:10:00,4.84
23739,2017-11-11T02:30:00,5.16
23740,2017-11-11T02:50:00,3.87
23741,2017-11-11T03:10:00,4.52
23742,2017-11-11T03:30:00,4.19
23743,2017-11-11T03:50:00,4.19
23744,2017-11-11T04:10:00,3.87
23745,2017-11-11T04:30:00,4.19
23746,2017-11-11T04:50:00,4.19
23747,2017-11-11T05:10:00,5.16
23748,2017-11-11T05:30:00,5.16
23749,2017-11-11T05:50:00,3.87
23750,2017-11-11T06:15:00,3.55
23751,2017-11-11T06:35:00,3.87
23752,2017-11-11T06:55:00,3.87
23753,2017-11-11T07:15:00,3.87
23754,2017-11-11T07:35:00,6.77
23755,2017-11-11T07:55:00,7.1
23756,2017-11-11T08:15:00,10
23757,2017-11-11T08:35:00,10.32
23758,2017-11-11T08:55:00,13.23
23759,2017-11-11T09:15:00,11.61
23760,2017-11-11T09:35:00,15.16
23761,2017-11-11T09:55:00,17.1
23762,2017-11-11T10:15:00,17.1
23763,2017-11-11T10:35:00,15.81
23764,2017-11-11T10:55:00,16.45
23765,2017-11-11T11:15:00,15.81
23766,2017-11-11T11:35:00,14.84
23767,2017-11-11T11:55:00,13.23
23768,2017-11-11T12:15:00,16.45
23769,2017-11-11T12:35:00,14.84
23770,2017-11-11T12:55:00,12.58
23771,2017-11-11T13:15:00,14.52
23772,2017-11-11T13:35:00,11.29
23773,2017-11-11T13:55:00,8.39
23774,2017-11-11T14:15:00,6.77
23775,2017-11-11T14:35:00,7.74
23776,2017-11-11T14:55:00,5.48
23777,2017-11-11T15:15:00,5.48
23778,2017-11-11T15:35:00,5.48
23779,2017-11-11T15:55:00,4.52
23780,2017-11-11T16:15:00,4.84
23781,2017-11-11T16:35:00,4.19
23782,2017-11-11T16:55:00,4.52
23783,2017-11-11T17:15:00,3.55
23784,2017-11-11T17:40:00,3.55
23785,2017-11-11T18:00:00,3.87
23786,2017-11-11T18:20:00,3.23
23787,2017-11-11T18:40:00,2.9
23788,2017-11-11T19:00:00,2.9
23789,2017-11-11T19:20:00,2.58
23790,2017-11-11T19:40:00,2.9
23791,2017-11-11T20:00:00,3.55
23792,2017-11-11T20:20:00,2.9
23793,2017-11-11T20:40:00,2.9
23794,2017-11-11T21:00:00,2.9
23795,2017-11-11T21:20:00,3.23
23796,2017-11-11T21:40:00,3.23
23797,2017-11-11T22:00:00,3.55
23798,2017-11-11T22:20:00,3.87
23799,2017-11-11T22:40:00,3.87
23800,2017-11-11T23:00:00,3.87
23801,2017-11-11T23:20:00,3.87
23802,2017-11-11T23:40:00,4.19
23803,2017-11-12T00:00:00,4.19
23804,2017-11-12T00:20:00,4.19
23805,2017-11-12T00:40:00,4.52
23806,2017-11-12T01:00:00,4.84
23807,2017-11-12T01:20:00,4.84
23808,2017-11-12T01:40:00,4.84
23809,2017-11-12T02:00:00,5.16
23810,2017-11-12T02:20:00,5.16
23811,2017-11-12T02:40:00,4.19
23812,2017-11-12T03:00:00,4.19
23813,2017-11-12T03:20:00,4.52
23814,2017-11-12T03:40:00,4.84
23815,2017-11-12T04:00:00,4.52
23816,2017-11-12T04:20:00,4.84
23817,2017-11-12T04:40:00,4.84
23818,2017-11-12T05:05:00,4.19
23819,2017-11-12T05:25:00,3.87
23820,2017-11-12T05:45:00,3.87
23821,2017-11-12T06:05:00,3.87
23822,2017-11-12T06:25:00,3.87
23823,2017-11-12T06:45:00,3.55
23824,2017-11-12T07:05:00,3.87
23825,2017-11-12T07:25:00,5.16
23826,2017-11-12T07:45:00,7.74
23827,2017-11-12T08:05:00,7.74
23828,2017-11-12T08:25:00,6.77
23829,2017-11-12T08:45:00,5.48
23830,2017-11-12T09:05:00,5.48
23831,2017-11-12T09:25:00,6.45
23832,2017-11-12T09:45:00,6.45
23833,2017-11-12T10:05:00,6.77
23834,2017-11-12T10:25:00,7.1
23835,2017-11-12T10:45:00,7.74
23836,2017-11-12T11:05:00,8.06
23837,2017-11-12T11:25:00,8.71
23838,2017-11-12T11:45:00,8.39
23839,2017-11-12T12:05:00,8.06
23840,2017-11-12T12:25:00,11.29
23841,2017-11-12T12:45:00,8.71
23842,2017-11-12T13:05:00,9.03
23843,2017-11-12T13:25:00,9.68
23844,2017-11-12T13:45:00,9.03
23845,2017-11-12T14:05:00,7.74
23846,2017-11-12T14:25:00,7.42
23847,2017-11-12T14:45:00,6.45
23848,2017-11-12T15:05:00,5.81
23849,2017-11-12T15:25:00,5.48
23850,2017-11-12T15:45:00,5.48
23851,2017-11-12T16:05:00,5.48
23852,2017-11-12T16:30:00,5.16
23853,2017-11-12T16:50:00,5.48
23854,2017-11-12T17:10:00,5.48
23855,2017-11-12T17:30:00,5.48
23856,2017-11-12T17:50:00,5.81
23857,2017-11-12T18:10:00,5.48
23858,2017-11-12T18:30:00,5.16
23859,2017-11-12T18:50:00,5.16
23860,2017-11-12T19:10:00,5.16
23861,2017-11-12T19:30:00,4.84
23862,2017-11-12T19:50:00,4.52
23863,2017-11-12T20:10:00,4.52
23864,2017-11-12T20:30:00,5.16
23865,2017-11-12T20:50:00,5.48
23866,2017-11-12T21:10:00,4.84
23867,2017-11-12T21:30:00,4.52
23868,2017-11-12T21:50:00,4.84
23869,2017-11-12T22:10:00,3.55
23870,2017-11-12T22:30:00,3.55
23871,2017-11-12T22:50:00,3.55
23872,2017-11-12T23:10:00,2.9
23873,2017-11-12T23:30:00,3.23
23874,2017-11-12T23:50:00,2.26
23875,2017-11-13T00:10:00,1.61
23876,2017-11-13T00:30:00,2.26
23877,2017-11-13T00:50:00,1.94
23878,2017-11-13T01:10:00,2.58
23879,2017-11-13T01:30:00,2.26
23880,2017-11-13T01:50:00,2.9
23881,2017-11-13T02:10:00,3.87
23882,2017-11-13T02:30:00,4.52
23883,2017-11-13T02:50:00,4.19
23884,2017-11-13T03:10:00,4.52
23885,2017-11-13T03:35:00,4.52
23886,2017-11-13T03:55:00,4.19
23887,2017-11-13T04:15:00,3.87
23888,2017-11-13T04:35:00,3.87
23889,2017-11-13T04:55:00,4.19
23890,2017-11-13T05:15:00,4.52
23891,2017-11-13T05:35:00,4.52
23892,2017-11-13T05:55:00,4.19
23893,2017-11-13T06:15:00,4.19
23894,2017-11-13T06:35:00,4.52
23895,2017-11-13T06:55:00,4.52
23896,2017-11-13T07:15:00,6.45
23897,2017-11-13T07:35:00,10.65
23898,2017-11-13T07:55:00,10.97
23899,2017-11-13T08:15:00,16.45
23900,2017-11-13T08:35:00,17.42
23901,2017-11-13T08:55:00,20
23902,2017-11-13T09:15:00,19.68
23903,2017-11-13T09:35:00,21.94
23904,2017-11-13T09:55:00,21.29
23905,2017-11-13T10:15:00,19.35
23906,2017-11-13T10:35:00,20.97
23907,2017-11-13T10:55:00,20.97
23908,2017-11-13T11:15:00,21.61
23909,2017-11-13T11:35:00,15.16
23910,2017-11-13T11:55:00,18.71
23911,2017-11-13T12:15:00,20.32
23912,2017-11-13T12:35:00,15.16
23913,2017-11-13T12:55:00,11.61
23914,2017-11-13T13:15:00,10.65
23915,2017-11-13T13:35:00,10.32
23916,2017-11-13T13:55:00,7.74
23917,2017-11-13T14:15:00,7.74
23918,2017-11-13T14:35:00,7.1
23919,2017-11-13T15:00:00,6.13
23920,2017-11-13T15:20:00,6.13
23921,2017-11-13T15:40:00,4.19
23922,2017-11-13T16:00:00,5.16
23923,2017-11-13T16:20:00,4.52
23924,2017-11-13T16:40:00,3.87
23925,2017-11-13T17:00:00,3.87
23926,2017-11-13T17:20:00,3.87
23927,2017-11-13T17:40:00,3.23
23928,2017-11-13T18:00:00,3.23
23929,2017-11-13T18:20:00,3.23
23930,2017-11-13T18:40:00,3.23
23931,2017-11-13T19:00:00,3.23
23932,2017-11-13T19:20:00,3.23
23933,2017-11-13T19:40:00,4.19
23934,2017-11-13T20:00:00,3.87
23935,2017-11-13T20:20:00,3.55
23936,2017-11-13T20:40:00,2.9
23937,2017-11-13T21:00:00,2.26
23938,2017-11-13T21:20:00,2.26
23939,2017-11-13T21:40:00,2.58
23940,2017-11-13T22:00:00,1.94
23941,2017-11-13T22:20:00,2.26
23942,2017-11-13T22:40:00,1.94
23943,2017-11-13T23:00:00,1.29
23944,2017-11-13T23:20:00,1.61
23945,2017-11-13T23:40:00,1.29
23946,2017-11-14T00:00:00,1.29
23947,2017-11-14T00:20:00,1.29
23948,2017-11-14T00:40:00,1.94
23949,2017-11-14T01:00:00,1.61
23950,2017-11-14T01:20:00,1.29
23951,2017-11-14T01:40:00,1.29
23952,2017-11-14T02:00:00,1.29
23953,2017-11-14T02:25:00,1.29
23954,2017-11-14T02:45:00,1.29
23955,2017-11-14T03:05:00,1.94
23956,2017-11-14T03:25:00,2.26
23957,2017-11-14T03:45:00,2.26
23958,2017-11-14T04:05:00,2.26
23959,2017-11-14T04:25:00,2.58
23960,2017-11-14T04:45:00,2.9
23961,2017-11-14T05:05:00,2.9
23962,2017-11-14T05:25:00,2.9
23963,2017-11-14T05:45:00,2.9
23964,2017-11-14T06:05:00,2.58
23965,2017-11-14T06:45:00,2.9
23966,2017-11-14T07:05:00,2.9
23967,2017-11-14T07:25:00,3.23
23968,2017-11-14T07:45:00,3.23
23969,2017-11-14T08:05:00,3.55
23970,2017-11-14T08:25:00,3.87
23971,2017-11-14T08:45:00,3.87
23972,2017-11-14T09:05:00,4.19
23973,2017-11-14T09:25:00,4.84
23974,2017-11-14T09:45:00,5.16
23975,2017-11-14T10:05:00,5.48
23976,2017-11-14T10:25:00,5.81
23977,2017-11-14T10:45:00,6.45
23978,2017-11-14T11:05:00,8.39
23979,2017-11-14T11:25:00,8.06
23980,2017-11-14T11:45:00,9.35
23981,2017-11-14T12:05:00,13.23
23982,2017-11-14T12:25:00,11.29
23983,2017-11-14T12:45:00,10
23984,2017-11-14T13:05:00,9.68
23985,2017-11-14T13:25:00,10.97
23986,2017-11-14T13:50:00,12.26
23987,2017-11-14T14:10:00,10
23988,2017-11-14T14:30:00,11.29
23989,2017-11-14T14:50:00,9.03
23990,2017-11-14T15:10:00,8.71
23991,2017-11-14T15:30:00,8.71
23992,2017-11-14T15:50:00,8.39
23993,2017-11-14T16:10:00,7.74
23994,2017-11-14T16:30:00,7.42
23995,2017-11-14T16:50:00,7.74
23996,2017-11-14T17:10:00,7.42
23997,2017-11-14T17:30:00,7.1
23998,2017-11-14T17:50:00,6.45
23999,2017-11-14T18:10:00,6.13
24000,2017-11-14T18:30:00,6.13
24001,2017-11-14T18:50:00,6.45
24002,2017-11-14T19:10:00,6.13
24003,2017-11-14T19:30:00,6.13
24004,2017-11-14T19:50:00,5.48
24005,2017-11-14T20:10:00,5.16
24006,2017-11-14T20:30:00,4.84
24007,2017-11-14T20:50:00,4.84
24008,2017-11-14T21:10:00,4.84
24009,2017-11-14T21:30:00,4.52
24010,2017-11-14T21:50:00,4.52
24011,2017-11-14T22:10:00,4.84
24012,2017-11-14T22:30:00,4.52
24013,2017-11-14T22:50:00,4.52
24014,2017-11-14T23:10:00,4.19
24015,2017-11-14T23:30:00,4.84
24016,2017-11-14T23:50:00,5.16
24017,2017-11-15T00:10:00,5.48
24018,2017-11-15T00:30:00,5.16
24019,2017-11-15T00:50:00,4.84
24020,2017-11-15T01:15:00,4.52
24021,2017-11-15T01:35:00,4.84
24022,2017-11-15T01:55:00,4.84
24023,2017-11-15T02:15:00,4.52
24024,2017-11-15T02:35:00,4.84
24025,2017-11-15T02:55:00,4.52
24026,2017-11-15T03:15:00,4.52
24027,2017-11-15T03:35:00,4.19
24028,2017-11-15T03:55:00,4.52
24029,2017-11-15T04:15:00,4.84
24030,2017-11-15T04:35:00,4.19
24031,2017-11-15T04:55:00,4.52
24032,2017-11-15T05:15:00,4.52
24033,2017-11-15T05:35:00,4.19
24034,2017-11-15T05:55:00,4.19
24035,2017-11-15T06:15:00,4.19
24036,2017-11-15T06:35:00,4.19
24037,2017-11-15T06:55:00,4.19
24038,2017-11-15T07:15:00,5.48
24039,2017-11-15T07:35:00,7.42
24040,2017-11-15T07:55:00,7.42
24041,2017-11-15T08:55:00,8.06
24042,2017-11-15T09:15:00,8.71
24043,2017-11-15T09:35:00,8.06
24044,2017-11-15T09:55:00,8.71
24045,2017-11-15T10:15:00,8.39
24046,2017-11-15T10:35:00,13.55
24047,2017-11-15T10:55:00,13.87
24048,2017-11-15T11:15:00,14.19
24049,2017-11-15T11:35:00,15.48
24050,2017-11-15T11:55:00,16.45
24051,2017-11-15T12:20:00,16.13
24052,2017-11-15T12:40:00,15.81
24053,2017-11-15T13:00:00,12.26
24054,2017-11-15T13:20:00,10.97
24055,2017-11-15T13:40:00,11.94
24056,2017-11-15T14:00:00,10
24057,2017-11-15T14:20:00,9.35
24058,2017-11-15T14:40:00,9.35
24059,2017-11-15T15:00:00,8.39
24060,2017-11-15T15:20:00,7.74
24061,2017-11-15T15:40:00,7.74
24062,2017-11-15T16:00:00,6.77
24063,2017-11-15T16:20:00,6.45
24064,2017-11-15T16:40:00,6.13
24065,2017-11-15T17:00:00,5.81
24066,2017-11-15T17:20:00,5.81
24067,2017-11-15T17:40:00,5.48
24068,2017-11-15T18:00:00,5.48
24069,2017-11-15T18:20:00,5.81
24070,2017-11-15T18:40:00,5.48
24071,2017-11-15T19:00:00,5.16
24072,2017-11-15T19:20:00,5.48
24073,2017-11-15T19:40:00,5.48
24074,2017-11-15T20:00:00,4.84
24075,2017-11-15T20:20:00,4.84
24076,2017-11-15T20:40:00,4.84
24077,2017-11-15T21:00:00,4.84
24078,2017-11-15T21:20:00,4.52
24079,2017-11-15T21:40:00,4.52
24080,2017-11-15T22:00:00,3.87
24081,2017-11-15T22:20:00,3.87
24082,2017-11-15T22:40:00,4.19
24083,2017-11-15T23:00:00,4.19
24084,2017-11-15T23:20:00,3.87
24085,2017-11-15T23:45:00,4.52
24086,2017-11-16T00:05:00,4.19
24087,2017-11-16T00:25:00,5.16
24088,2017-11-16T00:45:00,3.87
24089,2017-11-16T01:05:00,4.52
24090,2017-11-16T01:25:00,4.52
24091,2017-11-16T01:45:00,4.19
24092,2017-11-16T02:05:00,3.87
24093,2017-11-16T02:25:00,2.9
24094,2017-11-16T02:45:00,3.55
24095,2017-11-16T03:05:00,3.23
24096,2017-11-16T03:25:00,3.87
24097,2017-11-16T03:45:00,3.87
24098,2017-11-16T04:05:00,3.87
24099,2017-11-16T04:25:00,4.19
24100,2017-11-16T04:45:00,4.84
24101,2017-11-16T05:05:00,5.48
24102,2017-11-16T05:25:00,5.81
24103,2017-11-16T05:45:00,5.81
24104,2017-11-16T06:05:00,5.81
24105,2017-11-16T06:25:00,6.13
24106,2017-11-16T06:45:00,6.13
24107,2017-11-16T07:05:00,6.45
24108,2017-11-16T07:25:00,6.45
24109,2017-11-16T07:45:00,6.13
24110,2017-11-16T08:05:00,6.77
24111,2017-11-16T08:25:00,6.77
24112,2017-11-16T08:45:00,6.45
24113,2017-11-16T09:05:00,6.45
24114,2017-11-16T09:25:00,6.77
24115,2017-11-16T09:45:00,6.77
24116,2017-11-16T10:05:00,6.77
24117,2017-11-16T10:25:00,7.42
24118,2017-11-16T10:45:00,7.42
24119,2017-11-16T11:10:00,7.42
24120,2017-11-16T11:30:00,7.42
24121,2017-11-16T11:50:00,7.1
24122,2017-11-16T12:10:00,7.74
24123,2017-11-16T12:30:00,7.74
24124,2017-11-16T12:50:00,7.74
24125,2017-11-16T13:10:00,8.06
24126,2017-11-16T13:30:00,8.06
24127,2017-11-16T13:50:00,8.06
24128,2017-11-16T14:10:00,8.39
24129,2017-11-16T14:30:00,8.39
24130,2017-11-16T14:50:00,8.06
24131,2017-11-16T15:10:00,8.39
24132,2017-11-16T15:30:00,8.39
24133,2017-11-16T15:50:00,8.71
24134,2017-11-16T16:10:00,8.71
24135,2017-11-16T16:30:00,8.71
24136,2017-11-16T16:50:00,8.71
24137,2017-11-16T17:10:00,8.06
24138,2017-11-16T17:30:00,8.39
24139,2017-11-16T17:50:00,8.39
24140,2017-11-16T18:10:00,8.39
24141,2017-11-16T18:30:00,8.71
24142,2017-11-16T18:50:00,8.39
24143,2017-11-16T19:10:00,8.39
24144,2017-11-16T19:30:00,7.74
24145,2017-11-16T19:50:00,7.74
24146,2017-11-16T20:10:00,7.74
24147,2017-11-16T20:30:00,7.42
24148,2017-11-16T20:50:00,7.1
24149,2017-11-16T21:10:00,6.45
24150,2017-11-16T21:30:00,6.13
24151,2017-11-16T21:50:00,5.48
24152,2017-11-16T22:10:00,5.48
24153,2017-11-16T22:35:00,5.48
24154,2017-11-16T22:55:00,5.16
24155,2017-11-16T23:15:00,5.16
24156,2017-11-16T23:35:00,4.84
24157,2017-11-16T23:55:00,4.84
24158,2017-11-17T00:15:00,4.84
24159,2017-11-17T00:35:00,4.52
24160,2017-11-17T00:55:00,3.87
24161,2017-11-17T01:15:00,4.19
24162,2017-11-17T01:35:00,3.87
24163,2017-11-17T01:55:00,3.55
24164,2017-11-17T02:15:00,3.55
24165,2017-11-17T02:35:00,3.87
24166,2017-11-17T02:55:00,3.87
24167,2017-11-17T03:15:00,3.87
24168,2017-11-17T03:35:00,3.87
24169,2017-11-17T03:55:00,3.55
24170,2017-11-17T04:15:00,3.87
24171,2017-11-17T04:35:00,3.23
24172,2017-11-17T04:55:00,3.55
24173,2017-11-17T05:15:00,2.9
24174,2017-11-17T05:35:00,2.9
24175,2017-11-17T05:55:00,3.23
24176,2017-11-17T06:15:00,3.55
24177,2017-11-17T06:35:00,3.55
24178,2017-11-17T06:55:00,3.23
24179,2017-11-17T07:15:00,3.23
24180,2017-11-17T07:35:00,5.48
24181,2017-11-17T07:55:00,6.13
24182,2017-11-17T08:15:00,8.06
24183,2017-11-17T08:35:00,9.35
24184,2017-11-17T08:55:00,11.61
24185,2017-11-17T09:15:00,11.61
24186,2017-11-17T09:40:00,14.19
24187,2017-11-17T10:00:00,14.52
24188,2017-11-17T10:20:00,12.26
24189,2017-11-17T10:40:00,12.58
24190,2017-11-17T11:00:00,13.23
24191,2017-11-17T11:20:00,13.55
24192,2017-11-17T11:40:00,12.58
24193,2017-11-17T12:00:00,12.26
24194,2017-11-17T12:20:00,12.26
24195,2017-11-17T12:40:00,12.58
24196,2017-11-17T13:00:00,10.97
24197,2017-11-17T13:20:00,11.29
24198,2017-11-17T13:40:00,10.32
24199,2017-11-17T14:00:00,8.06
24200,2017-11-17T14:20:00,8.39
24201,2017-11-17T14:40:00,7.1
24202,2017-11-17T15:00:00,6.77
24203,2017-11-17T15:20:00,6.13
24204,2017-11-17T15:40:00,6.13
24205,2017-11-17T16:00:00,5.81
24206,2017-11-17T16:20:00,5.81
24207,2017-11-17T16:40:00,5.81
24208,2017-11-17T17:00:00,5.81
24209,2017-11-17T17:20:00,5.81
24210,2017-11-17T17:40:00,5.16
24211,2017-11-17T18:00:00,5.48
24212,2017-11-17T18:20:00,5.16
24213,2017-11-17T18:40:00,5.16
24214,2017-11-17T19:00:00,5.16
24215,2017-11-17T19:20:00,5.16
24216,2017-11-17T19:40:00,5.16
24217,2017-11-17T20:00:00,5.48
24218,2017-11-17T20:20:00,5.48
24219,2017-11-17T20:40:00,5.16
24220,2017-11-17T21:05:00,5.16
24221,2017-11-17T21:25:00,5.48
24222,2017-11-17T21:45:00,4.84
24223,2017-11-17T22:05:00,5.16
24224,2017-11-17T22:25:00,4.84
24225,2017-11-17T22:45:00,4.84
24226,2017-11-17T23:05:00,4.84
24227,2017-11-17T23:25:00,4.84
24228,2017-11-17T23:45:00,4.84
24229,2017-11-18T00:05:00,5.16
24230,2017-11-18T00:25:00,4.84
24231,2017-11-18T00:45:00,4.52
24232,2017-11-18T01:05:00,4.84
24233,2017-11-18T01:25:00,4.84
24234,2017-11-18T01:45:00,4.84
24235,2017-11-18T02:05:00,4.52
24236,2017-11-18T02:25:00,5.16
24237,2017-11-18T02:45:00,5.16
24238,2017-11-18T03:05:00,5.16
24239,2017-11-18T03:25:00,4.84
24240,2017-11-18T03:45:00,5.16
24241,2017-11-18T04:05:00,5.16
24242,2017-11-18T04:25:00,4.84
24243,2017-11-18T04:45:00,4.84
24244,2017-11-18T05:05:00,4.84
24245,2017-11-18T05:25:00,4.84
24246,2017-11-18T05:45:00,3.55
24247,2017-11-18T06:05:00,3.23
24248,2017-11-18T06:25:00,3.23
24249,2017-11-18T06:45:00,3.55
24250,2017-11-18T07:05:00,3.87
24251,2017-11-18T07:25:00,4.19
24252,2017-11-18T07:45:00,3.87
24253,2017-11-18T08:05:00,3.87
24254,2017-11-18T08:30:00,3.87
24255,2017-11-18T08:50:00,3.55
24256,2017-11-18T09:10:00,3.87
24257,2017-11-18T09:30:00,4.52
24258,2017-11-18T09:50:00,6.13
24259,2017-11-18T10:10:00,6.13
24260,2017-11-18T10:30:00,7.1
24261,2017-11-18T10:50:00,14.19
24262,2017-11-18T11:10:00,14.84
24263,2017-11-18T11:30:00,14.52
24264,2017-11-18T11:50:00,12.26
24265,2017-11-18T12:10:00,13.23
24266,2017-11-18T12:30:00,10.32
24267,2017-11-18T12:50:00,11.29
24268,2017-11-18T13:10:00,10
24269,2017-11-18T13:30:00,9.35
24270,2017-11-18T13:50:00,7.1
24271,2017-11-18T14:10:00,5.48
24272,2017-11-18T14:30:00,5.48
24273,2017-11-18T14:50:00,5.16
24274,2017-11-18T15:10:00,5.16
24275,2017-11-18T15:30:00,5.16
24276,2017-11-18T15:50:00,5.48
24277,2017-11-18T16:10:00,5.16
24278,2017-11-18T16:30:00,6.13
24279,2017-11-18T16:50:00,5.16
24280,2017-11-18T17:10:00,4.19
24281,2017-11-18T17:30:00,4.19
24282,2017-11-18T17:50:00,4.52
24283,2017-11-18T18:10:00,4.19
24284,2017-11-18T18:30:00,3.87
24285,2017-11-18T18:50:00,3.87
24286,2017-11-18T19:10:00,4.52
24287,2017-11-18T19:30:00,4.19
24288,2017-11-18T19:55:00,3.87
24289,2017-11-18T20:15:00,4.84
24290,2017-11-18T20:35:00,5.48
24291,2017-11-18T20:55:00,4.84
24292,2017-11-18T21:15:00,4.19
24293,2017-11-18T21:35:00,4.52
24294,2017-11-18T21:55:00,4.84
24295,2017-11-18T22:15:00,4.52
24296,2017-11-18T22:35:00,4.84
24297,2017-11-18T22:55:00,4.52
24298,2017-11-18T23:15:00,4.84
24299,2017-11-18T23:35:00,4.52
24300,2017-11-18T23:55:00,3.87
24301,2017-11-19T00:15:00,4.19
24302,2017-11-19T00:35:00,4.84
24303,2017-11-19T00:55:00,5.16
24304,2017-11-19T01:15:00,5.16
24305,2017-11-19T01:35:00,5.16
24306,2017-11-19T01:55:00,5.16
24307,2017-11-19T02:15:00,5.48
24308,2017-11-19T02:35:00,5.81
24309,2017-11-19T02:55:00,5.48
24310,2017-11-19T03:15:00,5.81
24311,2017-11-19T03:35:00,6.45
24312,2017-11-19T03:55:00,6.77
24313,2017-11-19T04:15:00,6.77
24314,2017-11-19T04:35:00,6.77
24315,2017-11-19T04:55:00,6.77
24316,2017-11-19T05:15:00,6.77
24317,2017-11-19T05:35:00,6.13
24318,2017-11-19T05:55:00,6.13
24319,2017-11-19T06:15:00,6.45
24320,2017-11-19T06:35:00,5.81
24321,2017-11-19T06:55:00,5.48
24322,2017-11-19T07:20:00,5.16
24323,2017-11-19T07:40:00,5.48
24324,2017-11-19T08:00:00,6.45
24325,2017-11-19T08:20:00,5.81
24326,2017-11-19T08:40:00,9.68
24327,2017-11-19T09:00:00,13.55
24328,2017-11-19T09:20:00,15.48
24329,2017-11-19T09:40:00,16.77
24330,2017-11-19T10:00:00,17.1
24331,2017-11-19T10:20:00,15.81
24332,2017-11-19T10:40:00,11.29
24333,2017-11-19T11:00:00,12.26
24334,2017-11-19T11:20:00,15.81
24335,2017-11-19T11:40:00,7.42
24336,2017-11-19T12:00:00,6.77
24337,2017-11-19T12:20:00,6.13
24338,2017-11-19T12:40:00,12.58
24339,2017-11-19T13:00:00,11.29
24340,2017-11-19T13:20:00,11.94
24341,2017-11-19T13:40:00,8.39
24342,2017-11-19T14:00:00,5.81
24343,2017-11-19T14:20:00,5.81
24344,2017-11-19T14:40:00,5.48
24345,2017-11-19T15:00:00,4.84
24346,2017-11-19T15:20:00,4.19
24347,2017-11-19T15:40:00,4.19
24348,2017-11-19T16:00:00,3.87
24349,2017-11-19T16:20:00,3.87
24350,2017-11-19T16:40:00,3.55
24351,2017-11-19T17:40:00,3.23
24352,2017-11-19T18:00:00,3.55
24353,2017-11-19T18:25:00,3.23
24354,2017-11-19T18:45:00,3.23
24355,2017-11-19T19:05:00,2.58
24356,2017-11-19T19:25:00,2.58
24357,2017-11-19T19:45:00,0.65
24358,2017-11-19T20:05:00,0.32
24359,2017-11-19T20:25:00,0.32
24360,2017-11-19T20:45:00,0.32
24361,2017-11-19T21:05:00,0.32
24362,2017-11-19T21:25:00,0
24363,2017-11-19T21:45:00,0.32
24364,2017-11-19T22:05:00,0
24365,2017-11-19T22:25:00,0
24366,2017-11-19T22:45:00,0
24367,2017-11-19T23:05:00,0.65
24368,2017-11-19T23:25:00,0.65
24369,2017-11-19T23:45:00,0.32
24370,2017-11-20T00:05:00,0.65
24371,2017-11-20T00:25:00,0.32
24372,2017-11-20T00:45:00,1.29
24373,2017-11-20T01:05:00,0.97
24374,2017-11-20T01:25:00,1.29
24375,2017-11-20T01:45:00,1.29
24376,2017-11-20T02:05:00,1.29
24377,2017-11-20T02:25:00,1.94
24378,2017-11-20T02:45:00,1.29
24379,2017-11-20T03:05:00,1.61
24380,2017-11-20T03:25:00,2.26
24381,2017-11-20T03:45:00,2.9
24382,2017-11-20T04:05:00,3.55
24383,2017-11-20T04:25:00,2.58
24384,2017-11-20T04:45:00,4.19
24385,2017-11-20T05:05:00,4.19
24386,2017-11-20T05:25:00,2.9
24387,2017-11-20T05:50:00,3.55
24388,2017-11-20T06:10:00,3.55
24389,2017-11-20T06:30:00,2.26
24390,2017-11-20T06:50:00,1.94
24391,2017-11-20T07:10:00,1.94
24392,2017-11-20T07:30:00,2.58
24393,2017-11-20T07:50:00,2.9
24394,2017-11-20T08:10:00,6.45
24395,2017-11-20T08:30:00,6.45
24396,2017-11-20T08:50:00,13.23
24397,2017-11-20T09:10:00,8.71
24398,2017-11-20T09:30:00,12.9
24399,2017-11-20T09:50:00,10.65
24400,2017-11-20T10:10:00,9.35
24401,2017-11-20T10:30:00,15.81
24402,2017-11-20T10:50:00,10.65
24403,2017-11-20T11:10:00,9.35
24404,2017-11-20T11:30:00,9.35
24405,2017-11-20T11:50:00,7.42
24406,2017-11-20T12:10:00,6.45
24407,2017-11-20T12:30:00,7.1
24408,2017-11-20T12:50:00,5.81
24409,2017-11-20T13:10:00,7.1
24410,2017-11-20T13:30:00,6.13
24411,2017-11-20T13:50:00,5.81
24412,2017-11-20T14:10:00,4.84
24413,2017-11-20T14:30:00,3.87
24414,2017-11-20T14:50:00,4.19
24415,2017-11-20T15:10:00,4.19
24416,2017-11-20T15:30:00,3.87
24417,2017-11-20T15:50:00,3.87
24418,2017-11-20T16:10:00,4.19
24419,2017-11-20T16:30:00,3.87
24420,2017-11-20T16:50:00,3.55
24421,2017-11-20T17:15:00,3.23
24422,2017-11-20T17:35:00,4.19
24423,2017-11-20T17:55:00,3.87
24424,2017-11-20T18:15:00,4.19
24425,2017-11-20T18:35:00,4.19
24426,2017-11-20T18:55:00,3.23
24427,2017-11-20T19:15:00,3.23
24428,2017-11-20T19:35:00,3.23
24429,2017-11-20T19:55:00,3.87
24430,2017-11-20T20:15:00,3.87
24431,2017-11-20T20:35:00,4.19
24432,2017-11-20T20:55:00,3.87
24433,2017-11-20T21:15:00,3.55
24434,2017-11-20T21:35:00,2.58
24435,2017-11-20T21:55:00,3.55
24436,2017-11-20T22:15:00,3.23
24437,2017-11-20T22:35:00,3.23
24438,2017-11-20T22:55:00,3.23
24439,2017-11-20T23:15:00,3.55
24440,2017-11-20T23:35:00,3.55
24441,2017-11-20T23:55:00,3.23
24442,2017-11-21T00:15:00,2.26
24443,2017-11-21T00:35:00,2.9
24444,2017-11-21T00:55:00,2.9
24445,2017-11-21T01:15:00,3.23
24446,2017-11-21T01:35:00,2.58
24447,2017-11-21T01:55:00,2.58
24448,2017-11-21T02:15:00,2.58
24449,2017-11-21T02:35:00,0.65
24450,2017-11-21T02:55:00,0.65
24451,2017-11-21T03:15:00,0.65
24452,2017-11-21T03:35:00,0.32
24453,2017-11-21T03:55:00,0
24454,2017-11-21T04:15:00,0
24455,2017-11-21T04:40:00,0.65
24456,2017-11-21T05:00:00,0.65
24457,2017-11-21T05:20:00,0.32
24458,2017-11-21T05:40:00,-0.32
24459,2017-11-21T06:00:00,-0.32
24460,2017-11-21T06:20:00,0
24461,2017-11-21T06:40:00,-0.32
24462,2017-11-21T07:00:00,0.65
24463,2017-11-21T07:20:00,0.97
24464,2017-11-21T07:40:00,0.32
24465,2017-11-21T08:00:00,1.29
24466,2017-11-21T08:20:00,2.58
24467,2017-11-21T08:40:00,2.58
24468,2017-11-21T09:00:00,3.23
24469,2017-11-21T09:20:00,2.26
24470,2017-11-21T09:40:00,2.26
24471,2017-11-21T10:00:00,4.19
24472,2017-11-21T10:20:00,2.58
24473,2017-11-21T10:40:00,5.48
24474,2017-11-21T11:00:00,4.52
24475,2017-11-21T11:20:00,7.1
24476,2017-11-21T11:40:00,7.74
24477,2017-11-21T12:00:00,8.71
24478,2017-11-21T12:20:00,8.39
24479,2017-11-21T12:40:00,7.1
24480,2017-11-21T13:00:00,6.45
24481,2017-11-21T13:20:00,6.77
24482,2017-11-21T13:40:00,8.06
24483,2017-11-21T14:00:00,7.42
24484,2017-11-21T14:20:00,6.13
24485,2017-11-21T14:40:00,5.81
24486,2017-11-21T15:00:00,4.84
24487,2017-11-21T15:20:00,4.84
24488,2017-11-21T15:45:00,4.84
24489,2017-11-21T16:05:00,4.52
24490,2017-11-21T16:25:00,4.84
24491,2017-11-21T16:45:00,5.16
24492,2017-11-21T17:05:00,5.16
24493,2017-11-21T17:25:00,4.84
24494,2017-11-21T17:45:00,5.16
24495,2017-11-21T18:05:00,4.84
24496,2017-11-21T18:25:00,4.84
24497,2017-11-21T18:45:00,4.84
24498,2017-11-21T19:05:00,4.52
24499,2017-11-21T19:25:00,4.19
24500,2017-11-21T19:45:00,4.19
24501,2017-11-21T20:05:00,4.19
24502,2017-11-21T20:25:00,4.52
24503,2017-11-21T20:45:00,4.84
24504,2017-11-21T21:05:00,4.84
24505,2017-11-21T21:25:00,4.84
24506,2017-11-21T21:45:00,4.84
24507,2017-11-21T22:05:00,4.52
24508,2017-11-21T22:25:00,4.19
24509,2017-11-21T22:45:00,3.87
24510,2017-11-21T23:05:00,3.87
24511,2017-11-21T23:25:00,3.55
24512,2017-11-21T23:45:00,3.55
24513,2017-11-22T00:05:00,3.55
24514,2017-11-22T00:25:00,3.55
24515,2017-11-22T00:45:00,3.23
24516,2017-11-22T01:05:00,3.55
24517,2017-11-22T01:25:00,3.55
24518,2017-11-22T01:45:00,3.55
24519,2017-11-22T02:05:00,3.55
24520,2017-11-22T02:25:00,3.87
24521,2017-11-22T02:45:00,3.87
24522,2017-11-22T03:10:00,4.19
24523,2017-11-22T03:30:00,4.52
24524,2017-11-22T03:50:00,4.84
24525,2017-11-22T04:10:00,5.16
24526,2017-11-22T04:30:00,5.48
24527,2017-11-22T04:50:00,5.48
24528,2017-11-22T05:10:00,5.48
24529,2017-11-22T05:30:00,6.13
24530,2017-11-22T05:50:00,6.13
24531,2017-11-22T06:10:00,6.45
24532,2017-11-22T06:30:00,6.77
24533,2017-11-22T06:50:00,6.77
24534,2017-11-22T07:10:00,7.42
24535,2017-11-22T07:30:00,8.06
24536,2017-11-22T07:50:00,8.39
24537,2017-11-22T08:10:00,9.03
24538,2017-11-22T08:30:00,9.35
24539,2017-11-22T08:50:00,9.68
24540,2017-11-22T09:10:00,10.32
24541,2017-11-22T09:30:00,9.68
24542,2017-11-22T09:50:00,10.32
24543,2017-11-22T10:10:00,10.97
24544,2017-11-22T10:30:00,11.29
24545,2017-11-22T10:50:00,11.61
24546,2017-11-22T11:10:00,10.65
24547,2017-11-22T11:30:00,10.97
24548,2017-11-22T11:50:00,10.97
24549,2017-11-22T12:10:00,11.29
24550,2017-11-22T12:30:00,10.97
24551,2017-11-22T12:50:00,10.65
24552,2017-11-22T13:10:00,9.68
24553,2017-11-22T13:30:00,9.68
24554,2017-11-22T13:50:00,10
24555,2017-11-22T14:10:00,10
24556,2017-11-22T14:35:00,10
24557,2017-11-22T14:55:00,10
24558,2017-11-22T15:15:00,10
24559,2017-11-22T15:35:00,9.68
24560,2017-11-22T15:55:00,9.68
24561,2017-11-22T16:15:00,9.68
24562,2017-11-22T16:35:00,9.68
24563,2017-11-22T16:55:00,9.68
24564,2017-11-22T17:15:00,9.68
24565,2017-11-22T17:35:00,9.68
24566,2017-11-22T17:55:00,10
24567,2017-11-22T18:15:00,10
24568,2017-11-22T18:35:00,10
24569,2017-11-22T18:55:00,10
24570,2017-11-22T19:15:00,10
24571,2017-11-22T19:35:00,9.68
24572,2017-11-22T19:55:00,9.68
24573,2017-11-22T20:15:00,9.68
24574,2017-11-22T20:35:00,9.35
24575,2017-11-22T20:55:00,9.03
24576,2017-11-22T21:15:00,8.71
24577,2017-11-22T21:35:00,8.71
24578,2017-11-22T21:55:00,8.71
24579,2017-11-22T22:15:00,8.71
24580,2017-11-22T22:35:00,8.71
24581,2017-11-22T22:55:00,8.39
24582,2017-11-22T23:15:00,8.39
24583,2017-11-22T23:35:00,8.06
24584,2017-11-22T23:55:00,8.39
24585,2017-11-23T00:15:00,8.39
24586,2017-11-23T00:35:00,8.39
24587,2017-11-23T00:55:00,8.06
24588,2017-11-23T01:15:00,7.74
24589,2017-11-23T01:35:00,7.74
24590,2017-11-23T02:00:00,8.06
24591,2017-11-23T02:20:00,8.06
24592,2017-11-23T02:40:00,8.06
24593,2017-11-23T03:00:00,8.06
24594,2017-11-23T03:20:00,8.06
24595,2017-11-23T03:40:00,8.39
24596,2017-11-23T04:00:00,8.39
24597,2017-11-23T04:20:00,8.39
24598,2017-11-23T04:40:00,8.39
24599,2017-11-23T05:00:00,8.71
24600,2017-11-23T05:20:00,8.71
24601,2017-11-23T05:40:00,8.71
24602,2017-11-23T06:00:00,9.03
24603,2017-11-23T06:20:00,9.35
24604,2017-11-23T06:40:00,9.68
24605,2017-11-23T07:00:00,9.35
24606,2017-11-23T07:20:00,9.35
24607,2017-11-23T07:40:00,9.68
24608,2017-11-23T08:00:00,10
24609,2017-11-23T08:20:00,10.32
24610,2017-11-23T08:40:00,9.35
24611,2017-11-23T09:00:00,9.35
24612,2017-11-23T09:20:00,9.35
24613,2017-11-23T09:40:00,8.71
24614,2017-11-23T10:00:00,10.65
24615,2017-11-23T10:20:00,10.65
24616,2017-11-23T10:40:00,10.65
24617,2017-11-23T11:00:00,10.97
24618,2017-11-23T11:20:00,10.65
24619,2017-11-23T11:40:00,10.65
24620,2017-11-23T12:00:00,10.32
24621,2017-11-23T12:20:00,8.39
24622,2017-11-23T12:40:00,8.39
24623,2017-11-23T13:00:00,8.39
24624,2017-11-23T13:25:00,8.39
24625,2017-11-23T13:45:00,9.03
24626,2017-11-23T14:05:00,8.71
24627,2017-11-23T14:25:00,9.03
24628,2017-11-23T14:45:00,9.68
24629,2017-11-23T15:05:00,9.35
24630,2017-11-23T15:25:00,9.35
24631,2017-11-23T15:45:00,9.35
24632,2017-11-23T16:05:00,9.35
24633,2017-11-23T16:25:00,9.03
24634,2017-11-23T16:45:00,8.06
24635,2017-11-23T17:05:00,7.74
24636,2017-11-23T17:25:00,7.42
24637,2017-11-23T17:45:00,6.77
24638,2017-11-23T18:05:00,6.77
24639,2017-11-23T18:25:00,6.45
24640,2017-11-23T18:45:00,6.13
24641,2017-11-23T19:05:00,5.81
24642,2017-11-23T19:25:00,5.81
24643,2017-11-23T19:45:00,5.81
24644,2017-11-23T20:05:00,6.13
24645,2017-11-23T20:25:00,6.13
24646,2017-11-23T20:45:00,6.45
24647,2017-11-23T21:05:00,6.13
24648,2017-11-23T21:25:00,6.13
24649,2017-11-23T21:45:00,6.13
24650,2017-11-23T22:05:00,5.81
24651,2017-11-23T22:25:00,6.13
24652,2017-11-23T22:45:00,5.81
24653,2017-11-23T23:05:00,6.13
24654,2017-11-23T23:25:00,6.13
24655,2017-11-23T23:45:00,6.45
24656,2017-11-24T00:05:00,6.77
24657,2017-11-24T00:30:00,6.45
24658,2017-11-24T00:50:00,6.45
24659,2017-11-24T01:10:00,6.13
24660,2017-11-24T01:30:00,6.13
24661,2017-11-24T01:50:00,6.13
24662,2017-11-24T02:30:00,5.81
24663,2017-11-24T02:50:00,5.48
24664,2017-11-24T03:10:00,5.48
24665,2017-11-24T03:30:00,5.16
24666,2017-11-24T03:50:00,5.16
24667,2017-11-24T04:10:00,5.16
24668,2017-11-24T04:30:00,4.84
24669,2017-11-24T04:50:00,4.84
24670,2017-11-24T05:10:00,4.84
24671,2017-11-24T05:30:00,4.84
24672,2017-11-24T05:50:00,5.16
24673,2017-11-24T06:10:00,5.16
24674,2017-11-24T06:30:00,4.84
24675,2017-11-24T06:50:00,4.84
24676,2017-11-24T07:10:00,4.84
24677,2017-11-24T07:30:00,4.84
24678,2017-11-24T07:50:00,5.16
24679,2017-11-24T08:10:00,5.16
24680,2017-11-24T08:30:00,5.16
24681,2017-11-24T08:50:00,5.48
24682,2017-11-24T09:10:00,5.81
24683,2017-11-24T09:30:00,6.13
24684,2017-11-24T09:50:00,6.13
24685,2017-11-24T10:10:00,6.45
24686,2017-11-24T10:30:00,8.06
24687,2017-11-24T10:50:00,7.1
24688,2017-11-24T11:10:00,6.45
24689,2017-11-24T11:30:00,6.45
24690,2017-11-24T11:55:00,6.77
24691,2017-11-24T12:15:00,6.45
24692,2017-11-24T12:35:00,6.13
24693,2017-11-24T12:55:00,5.81
24694,2017-11-24T13:15:00,6.13
24695,2017-11-24T13:35:00,5.48
24696,2017-11-24T13:55:00,5.48
24697,2017-11-24T14:15:00,5.48
24698,2017-11-24T14:35:00,5.16
24699,2017-11-24T14:55:00,4.84
24700,2017-11-24T15:15:00,4.52
24701,2017-11-24T15:35:00,4.52
24702,2017-11-24T15:55:00,4.19
24703,2017-11-24T16:15:00,3.55
24704,2017-11-24T16:35:00,3.55
24705,2017-11-24T16:55:00,3.55
24706,2017-11-24T17:15:00,3.55
24707,2017-11-24T17:35:00,3.55
24708,2017-11-24T17:55:00,2.9
24709,2017-11-24T18:15:00,2.58
24710,2017-11-24T18:35:00,2.58
24711,2017-11-24T18:55:00,2.58
24712,2017-11-24T19:15:00,2.26
24713,2017-11-24T19:35:00,2.58
24714,2017-11-24T19:55:00,2.58
24715,2017-11-24T20:15:00,2.26
24716,2017-11-24T20:35:00,2.26
24717,2017-11-24T20:55:00,2.26
24718,2017-11-24T21:15:00,2.26
24719,2017-11-24T21:35:00,1.94
24720,2017-11-24T21:55:00,1.61
24721,2017-11-24T22:15:00,1.94
24722,2017-11-24T22:35:00,1.61
24723,2017-11-24T22:55:00,1.61
24724,2017-11-24T23:20:00,1.29
24725,2017-11-24T23:40:00,1.29
24726,2017-11-25T00:00:00,0.97
24727,2017-11-25T00:20:00,0.97
24728,2017-11-25T00:40:00,0.97
24729,2017-11-25T01:00:00,1.29
24730,2017-11-25T01:20:00,1.29
24731,2017-11-25T01:40:00,1.29
24732,2017-11-25T02:00:00,1.61
24733,2017-11-25T02:20:00,1.29
24734,2017-11-25T02:40:00,1.29
24735,2017-11-25T03:00:00,1.29
24736,2017-11-25T03:20:00,1.29
24737,2017-11-25T03:40:00,0.65
24738,2017-11-25T04:00:00,0.97
24739,2017-11-25T04:20:00,0.97
24740,2017-11-25T04:40:00,1.29
24741,2017-11-25T05:00:00,1.61
24742,2017-11-25T05:20:00,1.29
24743,2017-11-25T05:40:00,0.97
24744,2017-11-25T06:00:00,0.97
24745,2017-11-25T06:20:00,0.65
24746,2017-11-25T06:40:00,0.65
24747,2017-11-25T07:00:00,0.97
24748,2017-11-25T07:20:00,0.97
24749,2017-11-25T07:40:00,1.61
24750,2017-11-25T08:00:00,4.19
24751,2017-11-25T08:20:00,7.74
24752,2017-11-25T08:40:00,10
24753,2017-11-25T09:00:00,4.52
24754,2017-11-25T09:20:00,7.42
24755,2017-11-25T09:40:00,12.9
24756,2017-11-25T10:00:00,13.87
24757,2017-11-25T10:20:00,8.71
24758,2017-11-25T10:45:00,5.48
24759,2017-11-25T11:05:00,5.16
24760,2017-11-25T11:25:00,4.52
24761,2017-11-25T11:45:00,5.81
24762,2017-11-25T12:05:00,5.81
24763,2017-11-25T12:25:00,9.68
24764,2017-11-25T12:45:00,9.35
24765,2017-11-25T13:05:00,8.39
24766,2017-11-25T13:25:00,8.71
24767,2017-11-25T13:45:00,8.06
24768,2017-11-25T14:05:00,3.87
24769,2017-11-25T14:25:00,3.55
24770,2017-11-25T14:45:00,3.23
24771,2017-11-25T15:05:00,3.23
24772,2017-11-25T15:25:00,2.9
24773,2017-11-25T15:45:00,2.9
24774,2017-11-25T16:05:00,2.58
24775,2017-11-25T16:25:00,2.26
24776,2017-11-25T16:45:00,2.26
24777,2017-11-25T17:05:00,1.94
24778,2017-11-25T17:25:00,1.61
24779,2017-11-25T17:45:00,1.61
24780,2017-11-25T18:05:00,1.29
24781,2017-11-25T18:25:00,0.97
24782,2017-11-25T18:45:00,0.97
24783,2017-11-25T19:05:00,0.97
24784,2017-11-25T19:25:00,0.32
24785,2017-11-25T19:45:00,0.32
24786,2017-11-25T20:05:00,0.65
24787,2017-11-25T20:25:00,0.65
24788,2017-11-25T20:45:00,0.65
24789,2017-11-25T21:05:00,0.65
24790,2017-11-25T21:25:00,0.65
24791,2017-11-25T21:50:00,0.97
24792,2017-11-25T22:10:00,0.65
24793,2017-11-25T22:30:00,0.65
24794,2017-11-25T22:50:00,0.97
24795,2017-11-25T23:10:00,0.65
24796,2017-11-25T23:30:00,0.97
24797,2017-11-25T23:50:00,0.97
24798,2017-11-26T00:10:00,0.65
24799,2017-11-26T00:30:00,0.97
24800,2017-11-26T00:50:00,0.65
24801,2017-11-26T01:10:00,0.97
24802,2017-11-26T01:30:00,0.97
24803,2017-11-26T01:50:00,0.97
24804,2017-11-26T02:10:00,1.29
24805,2017-11-26T02:30:00,1.29
24806,2017-11-26T02:50:00,1.61
24807,2017-11-26T03:10:00,1.61
24808,2017-11-26T03:30:00,1.94
24809,2017-11-26T03:50:00,1.94
24810,2017-11-26T04:10:00,1.94
24811,2017-11-26T04:30:00,1.94
24812,2017-11-26T04:50:00,1.94
24813,2017-11-26T05:10:00,1.61
24814,2017-11-26T05:30:00,1.29
24815,2017-11-26T05:50:00,1.94
24816,2017-11-26T06:10:00,2.26
24817,2017-11-26T06:30:00,1.94
24818,2017-11-26T06:50:00,2.26
24819,2017-11-26T07:10:00,1.94
24820,2017-11-26T07:30:00,2.26
24821,2017-11-26T07:50:00,2.26
24822,2017-11-26T08:10:00,2.58
24823,2017-11-26T08:30:00,3.23
24824,2017-11-26T08:50:00,8.71
24825,2017-11-26T09:15:00,5.81
24826,2017-11-26T09:35:00,4.19
24827,2017-11-26T09:55:00,6.13
24828,2017-11-26T10:15:00,6.77
24829,2017-11-26T10:35:00,5.81
24830,2017-11-26T10:55:00,5.81
24831,2017-11-26T11:15:00,9.03
24832,2017-11-26T11:35:00,9.68
24833,2017-11-26T11:55:00,9.35
24834,2017-11-26T12:15:00,9.68
24835,2017-11-26T12:35:00,9.68
24836,2017-11-26T12:55:00,9.03
24837,2017-11-26T13:15:00,6.13
24838,2017-11-26T13:35:00,6.45
24839,2017-11-26T13:55:00,5.81
24840,2017-11-26T14:15:00,5.81
24841,2017-11-26T14:35:00,5.48
24842,2017-11-26T14:55:00,5.16
24843,2017-11-26T15:15:00,4.84
24844,2017-11-26T15:35:00,4.84
24845,2017-11-26T15:55:00,4.84
24846,2017-11-26T16:15:00,4.84
24847,2017-11-26T16:35:00,4.52
24848,2017-11-26T16:55:00,4.52
24849,2017-11-26T17:15:00,4.52
24850,2017-11-26T17:35:00,4.19
24851,2017-11-26T17:55:00,4.19
24852,2017-11-26T18:15:00,4.19
24853,2017-11-26T18:35:00,4.19
24854,2017-11-26T18:55:00,4.19
24855,2017-11-26T19:15:00,3.87
24856,2017-11-26T19:35:00,4.19
24857,2017-11-26T19:55:00,4.19
24858,2017-11-26T20:15:00,4.19
24859,2017-11-26T20:40:00,4.19
24860,2017-11-26T21:00:00,4.19
24861,2017-11-26T21:20:00,3.87
24862,2017-11-26T21:40:00,4.19
24863,2017-11-26T22:00:00,4.19
24864,2017-11-26T22:20:00,4.19
24865,2017-11-26T22:40:00,3.87
24866,2017-11-26T23:00:00,3.87
24867,2017-11-26T23:20:00,3.87
24868,2017-11-26T23:40:00,3.87
24869,2017-11-27T00:00:00,3.87
24870,2017-11-27T00:20:00,3.55
24871,2017-11-27T00:40:00,3.55
24872,2017-11-27T01:00:00,3.55
24873,2017-11-27T01:20:00,3.55
24874,2017-11-27T01:40:00,3.55
24875,2017-11-27T02:00:00,3.55
24876,2017-11-27T02:20:00,3.55
24877,2017-11-27T02:40:00,3.55
24878,2017-11-27T03:00:00,3.87
24879,2017-11-27T03:20:00,3.55
24880,2017-11-27T03:40:00,3.23
24881,2017-11-27T04:00:00,3.23
24882,2017-11-27T04:20:00,3.23
24883,2017-11-27T04:40:00,3.23
24884,2017-11-27T05:00:00,3.23
24885,2017-11-27T05:20:00,3.23
24886,2017-11-27T05:40:00,3.23
24887,2017-11-27T06:00:00,3.23
24888,2017-11-27T06:20:00,3.23
24889,2017-11-27T06:40:00,3.23
24890,2017-11-27T07:00:00,2.9
24891,2017-11-27T07:20:00,2.9
24892,2017-11-27T07:40:00,2.58
24893,2017-11-27T08:05:00,3.23
24894,2017-11-27T08:25:00,3.55
24895,2017-11-27T08:45:00,3.55
24896,2017-11-27T09:05:00,3.87
24897,2017-11-27T09:25:00,4.19
24898,2017-11-27T09:45:00,4.19
24899,2017-11-27T10:05:00,4.19
24900,2017-11-27T10:25:00,3.87
24901,2017-11-27T10:45:00,3.87
24902,2017-11-27T11:05:00,3.87
24903,2017-11-27T11:25:00,3.55
24904,2017-11-27T11:45:00,3.23
24905,2017-11-27T12:05:00,3.23
24906,2017-11-27T12:25:00,3.23
24907,2017-11-27T12:45:00,2.9
24908,2017-11-27T13:05:00,2.9
24909,2017-11-27T13:25:00,2.58
24910,2017-11-27T13:45:00,2.58
24911,2017-11-27T14:05:00,2.58
24912,2017-11-27T14:25:00,2.58
24913,2017-11-27T14:45:00,3.23
24914,2017-11-27T15:05:00,3.23
24915,2017-11-27T15:25:00,3.55
24916,2017-11-27T15:45:00,3.87
24917,2017-11-27T16:05:00,4.19
24918,2017-11-27T16:25:00,4.52
24919,2017-11-27T16:45:00,4.52
24920,2017-11-27T17:05:00,4.19
24921,2017-11-27T17:25:00,4.52
24922,2017-11-27T17:45:00,4.19
24923,2017-11-27T18:05:00,4.19
24924,2017-11-27T18:25:00,4.19
24925,2017-11-27T18:45:00,4.52
24926,2017-11-27T19:05:00,3.87
24927,2017-11-27T19:30:00,3.55
24928,2017-11-27T19:50:00,3.55
24929,2017-11-27T20:10:00,3.55
24930,2017-11-27T20:30:00,3.23
24931,2017-11-27T20:50:00,3.55
24932,2017-11-27T21:10:00,3.23
24933,2017-11-27T21:30:00,3.55
24934,2017-11-27T21:50:00,3.23
24935,2017-11-27T22:10:00,3.23
24936,2017-11-27T22:30:00,3.23
24937,2017-11-27T22:50:00,2.9
24938,2017-11-27T23:10:00,3.23
24939,2017-11-27T23:30:00,2.9
24940,2017-11-27T23:50:00,2.58
24941,2017-11-28T00:10:00,2.58
24942,2017-11-28T00:30:00,2.26
24943,2017-11-28T00:50:00,2.26
24944,2017-11-28T01:10:00,2.26
24945,2017-11-28T01:30:00,1.94
24946,2017-11-28T01:50:00,2.26
24947,2017-11-28T02:10:00,2.58
24948,2017-11-28T02:30:00,2.26
24949,2017-11-28T02:50:00,1.94
24950,2017-11-28T03:10:00,1.94
24951,2017-11-28T03:30:00,2.58
24952,2017-11-28T03:50:00,2.9
24953,2017-11-28T04:10:00,3.55
24954,2017-11-28T04:30:00,3.55
24955,2017-11-28T04:50:00,3.23
24956,2017-11-28T05:10:00,3.87
24957,2017-11-28T05:30:00,3.87
24958,2017-11-28T05:50:00,3.87
24959,2017-11-28T06:10:00,4.19
24960,2017-11-28T06:35:00,4.52
24961,2017-11-28T06:55:00,4.52
24962,2017-11-28T07:15:00,4.52
24963,2017-11-28T07:35:00,4.52
24964,2017-11-28T07:55:00,4.52
24965,2017-11-28T08:15:00,4.52
24966,2017-11-28T08:55:00,4.52
24967,2017-11-28T09:15:00,5.48
24968,2017-11-28T09:35:00,6.13
24969,2017-11-28T09:55:00,7.74
24970,2017-11-28T10:15:00,8.06
24971,2017-11-28T10:35:00,8.39
24972,2017-11-28T10:55:00,7.74
24973,2017-11-28T11:15:00,7.74
24974,2017-11-28T11:35:00,7.42
24975,2017-11-28T11:55:00,7.1
24976,2017-11-28T12:15:00,7.1
24977,2017-11-28T12:35:00,6.13
24978,2017-11-28T12:55:00,6.77
24979,2017-11-28T13:15:00,6.77
24980,2017-11-28T13:35:00,6.45
24981,2017-11-28T13:55:00,6.13
24982,2017-11-28T14:15:00,6.77
24983,2017-11-28T14:35:00,6.45
24984,2017-11-28T14:55:00,5.81
24985,2017-11-28T15:15:00,5.81
24986,2017-11-28T15:35:00,3.87
24987,2017-11-28T15:55:00,3.23
24988,2017-11-28T16:15:00,3.23
24989,2017-11-28T16:35:00,3.23
24990,2017-11-28T16:55:00,3.23
24991,2017-11-28T17:15:00,2.9
24992,2017-11-28T17:35:00,3.23
24993,2017-11-28T18:00:00,2.9
24994,2017-11-28T18:20:00,3.23
24995,2017-11-28T18:40:00,2.9
24996,2017-11-28T19:00:00,3.23
24997,2017-11-28T19:20:00,2.9
24998,2017-11-28T19:40:00,3.23
24999,2017-11-28T20:20:00,3.23
25000,2017-11-28T20:40:00,3.55
25001,2017-11-28T21:00:00,3.23
25002,2017-11-28T21:20:00,3.23
25003,2017-11-28T21:40:00,2.9
25004,2017-11-28T22:00:00,2.9
25005,2017-11-28T22:20:00,2.9
25006,2017-11-28T22:40:00,2.9
25007,2017-11-28T23:00:00,2.9
25008,2017-11-28T23:20:00,2.58
25009,2017-11-28T23:40:00,2.9
25010,2017-11-29T00:00:00,2.58
25011,2017-11-29T00:20:00,2.58
25012,2017-11-29T00:40:00,1.94
25013,2017-11-29T01:00:00,0.97
25014,2017-11-29T01:20:00,0.32
25015,2017-11-29T01:40:00,0.65
25016,2017-11-29T02:00:00,0.32
25017,2017-11-29T02:20:00,0
25018,2017-11-29T02:40:00,0
25019,2017-11-29T03:00:00,0
25020,2017-11-29T03:20:00,0
25021,2017-11-29T03:40:00,-0.65
25022,2017-11-29T04:00:00,-0.65
25023,2017-11-29T04:20:00,0.65
25024,2017-11-29T04:40:00,1.29
25025,2017-11-29T05:00:00,1.29
25026,2017-11-29T05:25:00,1.29
25027,2017-11-29T05:45:00,0.97
25028,2017-11-29T06:05:00,0.97
25029,2017-11-29T06:25:00,0.97
25030,2017-11-29T06:45:00,1.29
25031,2017-11-29T07:05:00,1.29
25032,2017-11-29T07:25:00,1.29
25033,2017-11-29T07:45:00,1.29
25034,2017-11-29T08:05:00,2.58
25035,2017-11-29T08:25:00,2.58
25036,2017-11-29T08:45:00,2.9
25037,2017-11-29T09:05:00,2.58
25038,2017-11-29T09:25:00,1.94
25039,2017-11-29T09:45:00,2.26
25040,2017-11-29T10:05:00,2.58
25041,2017-11-29T10:25:00,3.55
25042,2017-11-29T10:45:00,2.58
25043,2017-11-29T11:05:00,1.94
25044,2017-11-29T11:25:00,3.55
25045,2017-11-29T11:45:00,3.23
25046,2017-11-29T12:05:00,3.87
25047,2017-11-29T12:25:00,3.55
25048,2017-11-29T12:45:00,3.23
25049,2017-11-29T13:05:00,3.23
25050,2017-11-29T13:25:00,2.58
25051,2017-11-29T13:45:00,3.23
25052,2017-11-29T14:05:00,2.9
25053,2017-11-29T14:25:00,3.55
25054,2017-11-29T14:45:00,2.26
25055,2017-11-29T15:05:00,1.94
25056,2017-11-29T15:25:00,1.94
25057,2017-11-29T15:45:00,1.61
25058,2017-11-29T16:05:00,1.94
25059,2017-11-29T16:25:00,1.61
25060,2017-11-29T16:50:00,1.61
25061,2017-11-29T17:10:00,1.94
25062,2017-11-29T17:30:00,2.26
25063,2017-11-29T17:50:00,1.94
25064,2017-11-29T18:10:00,1.94
25065,2017-11-29T18:30:00,1.94
25066,2017-11-29T18:50:00,1.61
25067,2017-11-29T19:10:00,1.61
25068,2017-11-29T19:30:00,1.94
25069,2017-11-29T19:50:00,1.61
25070,2017-11-29T20:10:00,1.61
25071,2017-11-29T20:30:00,0.97
25072,2017-11-29T20:50:00,0.97
25073,2017-11-29T21:10:00,1.29
25074,2017-11-29T21:30:00,0.97
25075,2017-11-29T21:50:00,0.65
25076,2017-11-29T22:10:00,0.97
25077,2017-11-29T22:30:00,0.97
25078,2017-11-29T22:50:00,0.65
25079,2017-11-29T23:10:00,0.65
25080,2017-11-29T23:30:00,0.97
25081,2017-11-29T23:50:00,0.65
25082,2017-11-30T00:10:00,0.65
25083,2017-11-30T00:30:00,0.97
25084,2017-11-30T00:50:00,0.65
25085,2017-11-30T01:10:00,0.97
25086,2017-11-30T01:30:00,0.97
25087,2017-11-30T01:50:00,0.32
25088,2017-11-30T02:10:00,-0.32
25089,2017-11-30T02:30:00,-0.65
25090,2017-11-30T02:50:00,-0.32
25091,2017-11-30T03:10:00,-0.97
25092,2017-11-30T03:30:00,-1.29
25093,2017-11-30T03:55:00,-1.94
25094,2017-11-30T04:15:00,-1.94
25095,2017-11-30T04:35:00,-2.26
25096,2017-11-30T04:55:00,0.32
25097,2017-11-30T05:15:00,-0.65
25098,2017-11-30T05:35:00,-0.32
25099,2017-11-30T05:55:00,-0.65
25100,2017-11-30T06:15:00,-0.32
25101,2017-11-30T06:35:00,-0.65
25102,2017-11-30T06:55:00,-1.61
25103,2017-11-30T07:15:00,-0.97
25104,2017-11-30T07:35:00,0.97
25105,2017-11-30T07:55:00,1.61
25106,2017-11-30T08:15:00,1.29
25107,2017-11-30T08:35:00,2.26
25108,2017-11-30T08:55:00,2.58
25109,2017-11-30T09:15:00,3.23
25110,2017-11-30T09:35:00,2.58
25111,2017-11-30T09:55:00,4.19
25112,2017-11-30T10:15:00,2.9
25113,2017-11-30T10:35:00,8.71
25114,2017-11-30T10:55:00,15.48
25115,2017-11-30T11:15:00,14.52
25116,2017-11-30T11:35:00,6.45
25117,2017-11-30T11:55:00,4.52
25118,2017-11-30T12:15:00,5.48
25119,2017-11-30T12:35:00,8.39
25120,2017-11-30T12:55:00,6.13
25121,2017-11-30T13:15:00,9.03
25122,2017-11-30T13:35:00,10.65
25123,2017-11-30T13:55:00,5.16
25124,2017-11-30T14:15:00,4.52
25125,2017-11-30T14:35:00,3.87
25126,2017-11-30T14:55:00,3.55
25127,2017-11-30T15:20:00,2.26
25128,2017-11-30T15:40:00,0.32
25129,2017-11-30T16:00:00,-0.97
25130,2017-11-30T16:20:00,-1.29
25131,2017-11-30T16:40:00,-1.29
25132,2017-11-30T17:00:00,-1.29
25133,2017-11-30T17:20:00,-1.29
25134,2017-11-30T17:40:00,-1.29
25135,2017-11-30T18:00:00,0
25136,2017-11-30T18:20:00,0.32
25137,2017-11-30T18:40:00,-0.32
25138,2017-11-30T19:00:00,-1.29
25139,2017-11-30T19:20:00,-1.29
25140,2017-11-30T19:40:00,-0.65
25141,2017-11-30T20:00:00,0
25142,2017-11-30T20:20:00,0.65
25143,2017-11-30T20:40:00,0.32
25144,2017-11-30T21:00:00,0.32
25145,2017-11-30T21:20:00,0.32
25146,2017-11-30T21:40:00,0.32
25147,2017-11-30T22:00:00,0.32
25148,2017-11-30T22:20:00,0.32
25149,2017-11-30T22:40:00,0.32
25150,2017-11-30T23:00:00,0.97
25151,2017-11-30T23:20:00,0.32
25152,2017-11-30T23:40:00,0.32
25153,2017-12-01T00:00:00,0.32
25154,2017-12-01T00:20:00,0.32
25155,2017-12-01T00:40:00,0.65
25156,2017-12-01T01:00:00,0.32
25157,2017-12-01T01:20:00,0
25158,2017-12-01T01:40:00,-0.32
25159,2017-12-01T02:00:00,-0.32
25160,2017-12-01T02:20:00,-0.32
25161,2017-12-01T02:45:00,0.32
25162,2017-12-01T03:05:00,0.32
25163,2017-12-01T03:25:00,0.32
25164,2017-12-01T03:45:00,0.32
25165,2017-12-01T04:05:00,0.32
25166,2017-12-01T04:25:00,0.65
25167,2017-12-01T04:45:00,0.97
25168,2017-12-01T05:05:00,3.55
25169,2017-12-01T05:25:00,4.19
25170,2017-12-01T05:45:00,4.19
25171,2017-12-01T06:05:00,4.52
25172,2017-12-01T06:25:00,4.84
25173,2017-12-01T06:45:00,4.52
25174,2017-12-01T07:05:00,3.87
25175,2017-12-01T07:25:00,4.19
25176,2017-12-01T07:45:00,4.52
25177,2017-12-01T08:05:00,5.16
25178,2017-12-01T08:25:00,5.16
25179,2017-12-01T08:45:00,4.84
25180,2017-12-01T09:05:00,4.84
25181,2017-12-01T09:25:00,8.71
25182,2017-12-01T09:45:00,6.45
25183,2017-12-01T10:05:00,5.81
25184,2017-12-01T10:25:00,15.48
25185,2017-12-01T10:45:00,11.61
25186,2017-12-01T11:05:00,10
25187,2017-12-01T11:25:00,8.06
25188,2017-12-01T11:45:00,6.77
25189,2017-12-01T12:05:00,5.81
25190,2017-12-01T12:25:00,6.45
25191,2017-12-01T12:45:00,6.45
25192,2017-12-01T13:05:00,5.48
25193,2017-12-01T13:25:00,4.84
25194,2017-12-01T13:45:00,4.52
25195,2017-12-01T14:10:00,4.84
25196,2017-12-01T14:30:00,4.84
25197,2017-12-01T14:50:00,4.52
25198,2017-12-01T15:10:00,4.19
25199,2017-12-01T15:30:00,3.87
25200,2017-12-01T15:50:00,3.23
25201,2017-12-01T16:10:00,2.9
25202,2017-12-01T16:30:00,2.9
25203,2017-12-01T16:50:00,2.9
25204,2017-12-01T17:10:00,2.58
25205,2017-12-01T17:30:00,2.26
25206,2017-12-01T17:50:00,2.26
25207,2017-12-01T18:10:00,2.26
25208,2017-12-01T18:30:00,2.58
25209,2017-12-01T18:50:00,1.61
25210,2017-12-01T19:10:00,1.94
25211,2017-12-01T19:30:00,3.23
25212,2017-12-01T19:50:00,2.26
25213,2017-12-01T20:10:00,2.58
25214,2017-12-01T20:30:00,3.55
25215,2017-12-01T20:50:00,2.9
25216,2017-12-01T21:10:00,0.65
25217,2017-12-01T21:30:00,0.65
25218,2017-12-01T21:50:00,0
25219,2017-12-01T22:10:00,-0.32
25220,2017-12-01T22:30:00,0.65
25221,2017-12-01T22:50:00,0.32
25222,2017-12-01T23:10:00,-0.32
25223,2017-12-01T23:30:00,-0.32
25224,2017-12-01T23:50:00,-0.65
25225,2017-12-02T00:10:00,-1.29
25226,2017-12-02T00:30:00,-0.97
25227,2017-12-02T00:50:00,-0.97
25228,2017-12-02T01:15:00,-1.61
25229,2017-12-02T01:35:00,-1.94
25230,2017-12-02T01:55:00,-1.94
25231,2017-12-02T02:15:00,-2.26
25232,2017-12-02T02:35:00,-2.26
25233,2017-12-02T02:55:00,-1.61
25234,2017-12-02T03:15:00,-1.94
25235,2017-12-02T03:35:00,-1.94
25236,2017-12-02T03:55:00,-1.61
25237,2017-12-02T04:15:00,-1.29
25238,2017-12-02T04:35:00,-0.97
25239,2017-12-02T04:55:00,-0.97
25240,2017-12-02T05:15:00,0.32
25241,2017-12-02T05:35:00,0
25242,2017-12-02T05:55:00,0
25243,2017-12-02T06:15:00,0.32
25244,2017-12-02T06:35:00,0.32
25245,2017-12-02T06:55:00,0.32
25246,2017-12-02T07:15:00,0.32
25247,2017-12-02T07:35:00,0.97
25248,2017-12-02T07:55:00,1.94
25249,2017-12-02T08:15:00,2.26
25250,2017-12-02T08:35:00,1.61
25251,2017-12-02T08:55:00,1.94
25252,2017-12-02T09:15:00,2.26
25253,2017-12-02T09:35:00,2.26
25254,2017-12-02T09:55:00,2.9
25255,2017-12-02T10:15:00,3.23
25256,2017-12-02T10:35:00,3.87
25257,2017-12-02T10:55:00,6.13
25258,2017-12-02T11:15:00,7.74
25259,2017-12-02T11:35:00,6.45
25260,2017-12-02T11:55:00,6.45
25261,2017-12-02T12:15:00,6.13
25262,2017-12-02T12:40:00,6.13
25263,2017-12-02T13:00:00,5.16
25264,2017-12-02T13:20:00,4.84
25265,2017-12-02T13:40:00,5.81
25266,2017-12-02T14:00:00,3.55
25267,2017-12-02T14:20:00,3.55
25268,2017-12-02T14:40:00,3.55
25269,2017-12-02T15:00:00,3.55
25270,2017-12-02T15:20:00,3.23
25271,2017-12-02T15:40:00,3.23
25272,2017-12-02T16:00:00,3.23
25273,2017-12-02T16:20:00,3.55
25274,2017-12-02T16:40:00,3.23
25275,2017-12-02T17:00:00,3.23
25276,2017-12-02T17:20:00,3.55
25277,2017-12-02T17:40:00,3.23
25278,2017-12-02T18:00:00,3.23
25279,2017-12-02T18:20:00,3.23
25280,2017-12-02T18:40:00,3.23
25281,2017-12-02T19:00:00,3.23
25282,2017-12-02T19:20:00,3.55
25283,2017-12-02T19:40:00,3.23
25284,2017-12-02T20:00:00,3.23
25285,2017-12-02T20:20:00,3.23
25286,2017-12-02T20:40:00,3.23
25287,2017-12-02T21:00:00,3.55
25288,2017-12-02T21:20:00,3.55
25289,2017-12-02T21:40:00,3.23
25290,2017-12-02T22:00:00,3.23
25291,2017-12-02T22:20:00,3.55
25292,2017-12-02T22:40:00,3.55
25293,2017-12-02T23:00:00,3.87
25294,2017-12-02T23:20:00,3.55
25295,2017-12-02T23:40:00,3.87
25296,2017-12-03T00:05:00,3.87
25297,2017-12-03T00:25:00,3.87
25298,2017-12-03T00:45:00,4.19
25299,2017-12-03T01:05:00,4.52
25300,2017-12-03T01:25:00,4.52
25301,2017-12-03T01:45:00,4.84
25302,2017-12-03T02:05:00,4.84
25303,2017-12-03T02:25:00,4.84
25304,2017-12-03T02:45:00,4.84
25305,2017-12-03T03:05:00,4.84
25306,2017-12-03T03:25:00,4.84
25307,2017-12-03T03:45:00,5.16
25308,2017-12-03T04:05:00,5.16
25309,2017-12-03T04:25:00,5.48
25310,2017-12-03T04:45:00,5.81
25311,2017-12-03T05:05:00,6.45
25312,2017-12-03T05:25:00,6.45
25313,2017-12-03T05:45:00,6.45
25314,2017-12-03T06:05:00,7.42
25315,2017-12-03T06:25:00,6.45
25316,2017-12-03T06:45:00,6.13
25317,2017-12-03T07:05:00,5.48
25318,2017-12-03T07:25:00,5.48
25319,2017-12-03T07:45:00,5.48
25320,2017-12-03T08:05:00,5.81
25321,2017-12-03T08:25:00,6.13
25322,2017-12-03T08:45:00,5.16
25323,2017-12-03T09:05:00,6.13
25324,2017-12-03T09:25:00,6.77
25325,2017-12-03T09:45:00,10.97
25326,2017-12-03T10:05:00,11.94
25327,2017-12-03T10:25:00,11.94
25328,2017-12-03T10:45:00,12.9
25329,2017-12-03T11:05:00,13.23
25330,2017-12-03T11:30:00,13.23
25331,2017-12-03T11:50:00,12.9
25332,2017-12-03T12:10:00,12.58
25333,2017-12-03T12:30:00,11.94
25334,2017-12-03T12:50:00,8.06
25335,2017-12-03T13:10:00,8.71
25336,2017-12-03T13:30:00,7.74
25337,2017-12-03T13:50:00,7.74
25338,2017-12-03T14:10:00,7.1
25339,2017-12-03T14:30:00,6.13
25340,2017-12-03T14:50:00,6.13
25341,2017-12-03T15:10:00,5.48
25342,2017-12-03T15:30:00,3.87
25343,2017-12-03T15:50:00,3.23
25344,2017-12-03T16:10:00,2.58
25345,2017-12-03T16:30:00,2.58
25346,2017-12-03T16:50:00,2.58
25347,2017-12-03T17:10:00,2.26
25348,2017-12-03T17:30:00,1.94
25349,2017-12-03T17:50:00,2.26
25350,2017-12-03T18:10:00,1.94
25351,2017-12-03T18:30:00,1.94
25352,2017-12-03T18:50:00,1.94
25353,2017-12-03T19:10:00,0.97
25354,2017-12-03T19:30:00,1.61
25355,2017-12-03T19:50:00,1.94
25356,2017-12-03T20:10:00,1.94
25357,2017-12-03T20:30:00,1.94
25358,2017-12-03T20:50:00,1.94
25359,2017-12-03T21:10:00,1.61
25360,2017-12-03T21:30:00,1.29
25361,2017-12-03T21:50:00,1.29
25362,2017-12-03T22:10:00,0.97
25363,2017-12-03T22:30:00,0.97
25364,2017-12-03T22:55:00,0.65
25365,2017-12-03T23:15:00,0.32
25366,2017-12-03T23:35:00,0
25367,2017-12-03T23:55:00,0.32
25368,2017-12-04T00:15:00,0.65
25369,2017-12-04T00:35:00,0.65
25370,2017-12-04T00:55:00,0.32
25371,2017-12-04T01:15:00,0.32
25372,2017-12-04T01:35:00,0.32
25373,2017-12-04T01:55:00,0
25374,2017-12-04T02:15:00,-0.32
25375,2017-12-04T02:35:00,-0.32
25376,2017-12-04T02:55:00,-0.32
25377,2017-12-04T03:15:00,0
25378,2017-12-04T03:35:00,-0.32
25379,2017-12-04T03:55:00,-0.32
25380,2017-12-04T04:15:00,-0.65
25381,2017-12-04T04:35:00,-0.65
25382,2017-12-04T04:55:00,0.65
25383,2017-12-04T05:15:00,2.58
25384,2017-12-04T05:35:00,2.58
25385,2017-12-04T05:55:00,2.58
25386,2017-12-04T06:15:00,1.61
25387,2017-12-04T06:35:00,0.97
25388,2017-12-04T06:55:00,0.65
25389,2017-12-04T07:15:00,0.65
25390,2017-12-04T07:35:00,0.97
25391,2017-12-04T07:55:00,1.94
25392,2017-12-04T08:15:00,5.81
25393,2017-12-04T08:35:00,5.81
25394,2017-12-04T08:55:00,7.74
25395,2017-12-04T09:15:00,12.58
25396,2017-12-04T09:35:00,16.77
25397,2017-12-04T10:00:00,17.1
25398,2017-12-04T10:20:00,15.48
25399,2017-12-04T10:40:00,14.52
25400,2017-12-04T11:00:00,15.81
25401,2017-12-04T11:20:00,15.81
25402,2017-12-04T11:40:00,15.81
25403,2017-12-04T12:00:00,14.84
25404,2017-12-04T12:20:00,14.52
25405,2017-12-04T13:00:00,9.35
25406,2017-12-04T13:20:00,9.35
25407,2017-12-04T13:40:00,8.71
25408,2017-12-04T14:00:00,6.13
25409,2017-12-04T14:20:00,5.48
25410,2017-12-04T14:40:00,4.84
25411,2017-12-04T15:00:00,4.84
25412,2017-12-04T15:20:00,4.19
25413,2017-12-04T15:40:00,2.58
25414,2017-12-04T16:00:00,2.26
25415,2017-12-04T16:20:00,1.94
25416,2017-12-04T16:40:00,1.61
25417,2017-12-04T17:00:00,1.61
25418,2017-12-04T17:20:00,1.61
25419,2017-12-04T17:40:00,1.61
25420,2017-12-04T18:00:00,1.94
25421,2017-12-04T18:20:00,1.94
25422,2017-12-04T18:40:00,1.94
25423,2017-12-04T19:00:00,2.26
25424,2017-12-04T19:20:00,2.58
25425,2017-12-04T19:40:00,2.26
25426,2017-12-04T20:00:00,2.26
25427,2017-12-04T20:20:00,2.26
25428,2017-12-04T20:40:00,2.58
25429,2017-12-04T21:00:00,2.58
25430,2017-12-04T21:25:00,2.9
25431,2017-12-04T21:45:00,2.9
25432,2017-12-04T22:05:00,3.23
25433,2017-12-04T22:25:00,3.23
25434,2017-12-04T22:45:00,3.87
25435,2017-12-04T23:05:00,3.55
25436,2017-12-04T23:25:00,3.87
25437,2017-12-04T23:45:00,4.19
25438,2017-12-05T00:25:00,4.84
25439,2017-12-05T00:45:00,5.16
25440,2017-12-05T01:05:00,5.81
25441,2017-12-05T01:25:00,6.13
25442,2017-12-05T01:45:00,6.13
25443,2017-12-05T02:05:00,6.13
25444,2017-12-05T02:25:00,6.45
25445,2017-12-05T02:45:00,6.45
25446,2017-12-05T03:05:00,6.45
25447,2017-12-05T03:25:00,6.45
25448,2017-12-05T03:45:00,6.45
25449,2017-12-05T04:05:00,6.77
25450,2017-12-05T04:25:00,6.13
25451,2017-12-05T04:45:00,7.42
25452,2017-12-05T05:05:00,8.06
25453,2017-12-05T05:25:00,8.39
25454,2017-12-05T05:45:00,8.39
25455,2017-12-05T06:05:00,8.06
25456,2017-12-05T06:25:00,7.42
25457,2017-12-05T06:45:00,7.74
25458,2017-12-05T07:05:00,8.06
25459,2017-12-05T07:25:00,7.74
25460,2017-12-05T07:45:00,8.06
25461,2017-12-05T08:05:00,8.06
25462,2017-12-05T08:25:00,8.71
25463,2017-12-05T08:50:00,8.71
25464,2017-12-05T09:10:00,8.71
25465,2017-12-05T09:30:00,8.71
25466,2017-12-05T09:50:00,8.06
25467,2017-12-05T10:10:00,8.71
25468,2017-12-05T10:30:00,8.39
25469,2017-12-05T10:50:00,8.71
25470,2017-12-05T11:10:00,9.68
25471,2017-12-05T11:30:00,10
25472,2017-12-05T11:50:00,10
25473,2017-12-05T12:10:00,10.32
25474,2017-12-05T12:30:00,10
25475,2017-12-05T12:50:00,10
25476,2017-12-05T13:10:00,9.35
25477,2017-12-05T13:30:00,9.68
25478,2017-12-05T13:50:00,9.68
25479,2017-12-05T14:10:00,10
25480,2017-12-05T14:30:00,9.35
25481,2017-12-05T14:50:00,9.35
25482,2017-12-05T15:10:00,9.03
25483,2017-12-05T15:30:00,7.74
25484,2017-12-05T15:50:00,7.74
25485,2017-12-05T16:10:00,7.74
25486,2017-12-05T16:30:00,7.74
25487,2017-12-05T16:50:00,7.74
25488,2017-12-05T17:10:00,7.42
25489,2017-12-05T17:30:00,7.74
25490,2017-12-05T17:50:00,7.42
25491,2017-12-05T18:10:00,7.42
25492,2017-12-05T18:30:00,7.42
25493,2017-12-05T18:50:00,7.42
25494,2017-12-05T19:10:00,6.77
25495,2017-12-05T19:30:00,6.77
25496,2017-12-05T19:50:00,6.77
25497,2017-12-05T20:15:00,7.1
25498,2017-12-05T20:35:00,7.42
25499,2017-12-05T20:55:00,7.1
25500,2017-12-05T21:15:00,7.1
25501,2017-12-05T21:35:00,7.42
25502,2017-12-05T21:55:00,7.74
25503,2017-12-05T22:15:00,7.74
25504,2017-12-05T22:35:00,7.74
25505,2017-12-05T22:55:00,7.42
25506,2017-12-05T23:15:00,7.42
25507,2017-12-05T23:35:00,7.42
25508,2017-12-05T23:55:00,7.42
25509,2017-12-06T00:15:00,7.42
25510,2017-12-06T00:35:00,7.42
25511,2017-12-06T00:55:00,7.42
25512,2017-12-06T01:15:00,7.42
25513,2017-12-06T01:35:00,7.42
25514,2017-12-06T01:55:00,7.42
25515,2017-12-06T02:15:00,7.1
25516,2017-12-06T02:35:00,7.1
25517,2017-12-06T02:55:00,6.77
25518,2017-12-06T03:15:00,6.77
25519,2017-12-06T03:35:00,6.45
25520,2017-12-06T03:55:00,6.77
25521,2017-12-06T04:15:00,6.45
25522,2017-12-06T04:35:00,6.45
25523,2017-12-06T04:55:00,6.77
25524,2017-12-06T05:15:00,7.1
25525,2017-12-06T05:35:00,6.77
25526,2017-12-06T05:55:00,6.77
25527,2017-12-06T06:15:00,6.77
25528,2017-12-06T06:35:00,6.77
25529,2017-12-06T06:55:00,7.1
25530,2017-12-06T07:20:00,7.42
25531,2017-12-06T07:40:00,7.42
25532,2017-12-06T08:00:00,7.42
25533,2017-12-06T08:20:00,7.74
25534,2017-12-06T08:40:00,7.74
25535,2017-12-06T09:00:00,8.06
25536,2017-12-06T09:20:00,8.06
25537,2017-12-06T09:40:00,7.74
25538,2017-12-06T10:00:00,8.71
25539,2017-12-06T10:20:00,8.71
25540,2017-12-06T10:40:00,9.35
25541,2017-12-06T11:00:00,8.71
25542,2017-12-06T11:20:00,8.71
25543,2017-12-06T11:40:00,8.39
25544,2017-12-06T12:00:00,8.71
25545,2017-12-06T12:20:00,8.71
25546,2017-12-06T12:40:00,8.71
25547,2017-12-06T13:00:00,8.71
25548,2017-12-06T13:20:00,9.03
25549,2017-12-06T13:40:00,8.39
25550,2017-12-06T14:00:00,8.06
25551,2017-12-06T14:20:00,8.39
25552,2017-12-06T14:40:00,8.39
25553,2017-12-06T15:00:00,8.39
25554,2017-12-06T15:20:00,8.39
25555,2017-12-06T15:40:00,8.06
25556,2017-12-06T16:00:00,8.06
25557,2017-12-06T16:20:00,8.06
25558,2017-12-06T16:40:00,7.74
25559,2017-12-06T17:00:00,7.74
25560,2017-12-06T17:20:00,7.74
25561,2017-12-06T17:40:00,7.74
25562,2017-12-06T18:00:00,7.74
25563,2017-12-06T18:20:00,7.74
25564,2017-12-06T18:45:00,8.06
25565,2017-12-06T19:05:00,7.74
25566,2017-12-06T19:25:00,7.74
25567,2017-12-06T19:45:00,8.06
25568,2017-12-06T20:05:00,8.06
25569,2017-12-06T20:25:00,8.06
25570,2017-12-06T20:45:00,8.06
25571,2017-12-06T21:05:00,8.06
25572,2017-12-06T21:25:00,8.06
25573,2017-12-06T21:45:00,8.06
25574,2017-12-06T22:05:00,8.06
25575,2017-12-06T22:25:00,8.39
25576,2017-12-06T22:45:00,8.06
25577,2017-12-06T23:05:00,8.06
25578,2017-12-06T23:25:00,8.06
25579,2017-12-06T23:45:00,8.39
25580,2017-12-07T00:05:00,8.39
25581,2017-12-07T00:25:00,8.39
25582,2017-12-07T00:45:00,8.39
25583,2017-12-07T01:05:00,8.39
25584,2017-12-07T01:25:00,8.06
25585,2017-12-07T01:45:00,8.06
25586,2017-12-07T02:05:00,8.06
25587,2017-12-07T02:25:00,8.06
25588,2017-12-07T02:45:00,8.06
25589,2017-12-07T03:05:00,8.06
25590,2017-12-07T03:25:00,8.39
25591,2017-12-07T03:45:00,8.39
25592,2017-12-07T04:05:00,8.39
25593,2017-12-07T04:25:00,7.74
25594,2017-12-07T04:45:00,7.1
25595,2017-12-07T05:05:00,7.1
25596,2017-12-07T05:25:00,6.77
25597,2017-12-07T05:45:00,7.1
25598,2017-12-07T06:10:00,6.45
25599,2017-12-07T06:30:00,6.45
25600,2017-12-07T06:50:00,6.45
25601,2017-12-07T07:10:00,6.13
25602,2017-12-07T07:30:00,5.81
25603,2017-12-07T07:50:00,5.81
25604,2017-12-07T08:10:00,5.81
25605,2017-12-07T08:30:00,5.48
25606,2017-12-07T08:50:00,5.48
25607,2017-12-07T09:10:00,5.81
25608,2017-12-07T09:30:00,6.13
25609,2017-12-07T09:50:00,5.81
25610,2017-12-07T10:10:00,5.48
25611,2017-12-07T10:30:00,5.48
25612,2017-12-07T10:50:00,5.16
25613,2017-12-07T11:10:00,4.84
25614,2017-12-07T11:30:00,4.84
25615,2017-12-07T11:50:00,4.84
25616,2017-12-07T12:10:00,4.84
25617,2017-12-07T12:30:00,4.84
25618,2017-12-07T12:50:00,4.84
25619,2017-12-07T13:10:00,4.84
25620,2017-12-07T13:30:00,4.84
25621,2017-12-07T13:50:00,4.84
25622,2017-12-07T14:10:00,4.84
25623,2017-12-07T14:30:00,4.84
25624,2017-12-07T14:50:00,4.52
25625,2017-12-07T15:10:00,4.84
25626,2017-12-07T15:30:00,4.84
25627,2017-12-07T15:50:00,4.52
25628,2017-12-07T16:10:00,4.52
25629,2017-12-07T16:30:00,4.84
25630,2017-12-07T16:50:00,4.52
25631,2017-12-07T17:10:00,4.84
25632,2017-12-07T17:35:00,5.16
25633,2017-12-07T17:55:00,5.48
25634,2017-12-07T18:15:00,5.81
25635,2017-12-07T18:35:00,6.13
25636,2017-12-07T18:55:00,6.13
25637,2017-12-07T19:15:00,6.13
25638,2017-12-07T19:35:00,6.13
25639,2017-12-07T19:55:00,6.13
25640,2017-12-07T20:15:00,5.81
25641,2017-12-07T20:35:00,5.48
25642,2017-12-07T20:55:00,5.48
25643,2017-12-07T21:15:00,5.48
25644,2017-12-07T21:35:00,5.48
25645,2017-12-07T21:55:00,5.48
25646,2017-12-07T22:15:00,5.48
25647,2017-12-07T22:35:00,4.84
25648,2017-12-07T22:55:00,5.16
25649,2017-12-07T23:15:00,4.84
25650,2017-12-07T23:35:00,4.52
25651,2017-12-07T23:55:00,4.52
25652,2017-12-08T00:15:00,4.52
25653,2017-12-08T00:55:00,4.19
25654,2017-12-08T01:15:00,3.87
25655,2017-12-08T01:35:00,3.87
25656,2017-12-08T01:55:00,3.87
25657,2017-12-08T02:15:00,3.55
25658,2017-12-08T02:35:00,3.87
25659,2017-12-08T02:55:00,3.23
25660,2017-12-08T03:15:00,2.9
25661,2017-12-08T03:35:00,1.94
25662,2017-12-08T03:55:00,1.94
25663,2017-12-08T04:15:00,2.26
25664,2017-12-08T04:35:00,1.94
25665,2017-12-08T05:00:00,2.9
25666,2017-12-08T05:20:00,1.94
25667,2017-12-08T05:40:00,1.94
25668,2017-12-08T06:00:00,1.94
25669,2017-12-08T06:20:00,1.94
25670,2017-12-08T06:40:00,1.94
25671,2017-12-08T07:00:00,1.94
25672,2017-12-08T07:20:00,1.94
25673,2017-12-08T08:00:00,2.26
25674,2017-12-08T08:20:00,4.52
25675,2017-12-08T08:40:00,4.84
25676,2017-12-08T09:00:00,6.13
25677,2017-12-08T09:20:00,6.45
25678,2017-12-08T09:40:00,6.45
25679,2017-12-08T10:00:00,7.42
25680,2017-12-08T10:20:00,7.1
25681,2017-12-08T10:40:00,6.45
25682,2017-12-08T11:00:00,8.06
25683,2017-12-08T11:20:00,8.06
25684,2017-12-08T11:40:00,8.71
25685,2017-12-08T12:00:00,8.71
25686,2017-12-08T12:20:00,7.74
25687,2017-12-08T12:40:00,5.16
25688,2017-12-08T13:00:00,6.45
25689,2017-12-08T13:20:00,6.45
25690,2017-12-08T13:40:00,5.16
25691,2017-12-08T14:00:00,4.19
25692,2017-12-08T14:20:00,3.55
25693,2017-12-08T14:40:00,3.55
25694,2017-12-08T15:00:00,4.19
25695,2017-12-08T15:20:00,2.58
25696,2017-12-08T15:40:00,1.94
25697,2017-12-08T16:05:00,1.94
25698,2017-12-08T16:25:00,1.94
25699,2017-12-08T16:45:00,1.94
25700,2017-12-08T17:05:00,1.61
25701,2017-12-08T17:25:00,1.61
25702,2017-12-08T17:45:00,1.61
25703,2017-12-08T18:05:00,1.61
25704,2017-12-08T18:25:00,0.97
25705,2017-12-08T18:45:00,0.97
25706,2017-12-08T19:25:00,0.97
25707,2017-12-08T19:45:00,1.29
25708,2017-12-08T20:05:00,1.29
25709,2017-12-08T20:25:00,0.97
25710,2017-12-08T20:45:00,0.97
25711,2017-12-08T21:05:00,1.29
25712,2017-12-08T21:25:00,1.61
25713,2017-12-08T21:45:00,1.29
25714,2017-12-08T22:05:00,1.61
25715,2017-12-08T22:25:00,1.94
25716,2017-12-08T22:45:00,1.61
25717,2017-12-08T23:05:00,1.61
25718,2017-12-08T23:25:00,1.29
25719,2017-12-08T23:45:00,1.29
25720,2017-12-09T00:05:00,1.29
25721,2017-12-09T00:25:00,1.29
25722,2017-12-09T00:45:00,0.97
25723,2017-12-09T01:05:00,0.97
25724,2017-12-09T01:25:00,1.29
25725,2017-12-09T01:45:00,1.29
25726,2017-12-09T02:05:00,1.61
25727,2017-12-09T02:25:00,1.94
25728,2017-12-09T02:45:00,2.26
25729,2017-12-09T03:05:00,2.26
25730,2017-12-09T03:30:00,2.26
25731,2017-12-09T03:50:00,2.26
25732,2017-12-09T04:10:00,2.26
25733,2017-12-09T04:30:00,2.26
25734,2017-12-09T04:50:00,2.26
25735,2017-12-09T05:10:00,4.19
25736,2017-12-09T05:30:00,4.19
25737,2017-12-09T05:50:00,4.19
25738,2017-12-09T06:10:00,4.19
25739,2017-12-09T06:30:00,3.87
25740,2017-12-09T06:50:00,3.55
25741,2017-12-09T07:10:00,3.23
25742,2017-12-09T07:30:00,2.9
25743,2017-12-09T07:50:00,3.87
25744,2017-12-09T08:10:00,3.87
25745,2017-12-09T08:30:00,3.87
25746,2017-12-09T08:50:00,4.19
25747,2017-12-09T09:10:00,5.16
25748,2017-12-09T09:30:00,6.13
25749,2017-12-09T09:50:00,6.77
25750,2017-12-09T10:10:00,11.61
25751,2017-12-09T10:30:00,11.61
25752,2017-12-09T10:50:00,11.94
25753,2017-12-09T11:10:00,10.65
25754,2017-12-09T11:30:00,11.94
25755,2017-12-09T11:50:00,7.1
25756,2017-12-09T12:10:00,8.06
25757,2017-12-09T12:30:00,5.16
25758,2017-12-09T12:50:00,3.55
25759,2017-12-09T13:10:00,4.84
25760,2017-12-09T13:30:00,3.87
25761,2017-12-09T13:50:00,3.87
25762,2017-12-09T14:10:00,2.9
25763,2017-12-09T14:30:00,1.29
25764,2017-12-09T14:55:00,1.29
25765,2017-12-09T15:15:00,2.9
25766,2017-12-09T15:35:00,1.29
25767,2017-12-09T15:55:00,1.29
25768,2017-12-09T16:15:00,0.97
25769,2017-12-09T16:35:00,0.65
25770,2017-12-09T16:55:00,0.32
25771,2017-12-09T17:15:00,0.32
25772,2017-12-09T17:35:00,0.32
25773,2017-12-09T17:55:00,0
25774,2017-12-09T18:15:00,0
25775,2017-12-09T18:35:00,-0.32
25776,2017-12-09T18:55:00,0
25777,2017-12-09T19:15:00,0
25778,2017-12-09T19:35:00,0
25779,2017-12-09T19:55:00,-0.65
25780,2017-12-09T20:15:00,-0.97
25781,2017-12-09T20:35:00,-0.97
25782,2017-12-09T20:55:00,-0.65
25783,2017-12-09T21:15:00,-0.97
25784,2017-12-09T21:35:00,-0.65
25785,2017-12-09T21:55:00,-0.32
25786,2017-12-09T22:15:00,-0.65
25787,2017-12-09T22:35:00,-0.97
25788,2017-12-09T22:55:00,-0.65
25789,2017-12-09T23:15:00,-0.97
25790,2017-12-09T23:35:00,-0.65
25791,2017-12-09T23:55:00,-0.65
25792,2017-12-10T00:15:00,-0.97
25793,2017-12-10T00:35:00,-1.29
25794,2017-12-10T00:55:00,-1.29
25795,2017-12-10T01:15:00,-1.61
25796,2017-12-10T01:35:00,-1.29
25797,2017-12-10T01:55:00,-1.29
25798,2017-12-10T02:20:00,-0.97
25799,2017-12-10T02:40:00,-0.97
25800,2017-12-10T03:00:00,-0.65
25801,2017-12-10T03:20:00,-0.97
25802,2017-12-10T03:40:00,-0.32
25803,2017-12-10T04:00:00,-0.97
25804,2017-12-10T04:20:00,-1.29
25805,2017-12-10T04:40:00,-1.29
25806,2017-12-10T05:00:00,-0.65
25807,2017-12-10T05:20:00,-0.97
25808,2017-12-10T05:40:00,-0.65
25809,2017-12-10T06:00:00,-0.65
25810,2017-12-10T06:20:00,-0.65
25811,2017-12-10T06:40:00,-0.65
25812,2017-12-10T07:00:00,-0.65
25813,2017-12-10T07:20:00,-0.97
25814,2017-12-10T07:40:00,-0.97
25815,2017-12-10T08:00:00,-0.97
25816,2017-12-10T08:20:00,-0.32
25817,2017-12-10T08:40:00,0.32
25818,2017-12-10T09:00:00,0
25819,2017-12-10T09:20:00,0.32
25820,2017-12-10T09:40:00,0.32
25821,2017-12-10T10:00:00,0.97
25822,2017-12-10T10:20:00,1.29
25823,2017-12-10T10:40:00,0.97
25824,2017-12-10T11:00:00,0.97
25825,2017-12-10T11:20:00,0.65
25826,2017-12-10T11:40:00,1.29
25827,2017-12-10T12:00:00,0.97
25828,2017-12-10T12:20:00,0.97
25829,2017-12-10T12:40:00,0.97
25830,2017-12-10T13:00:00,0.65
25831,2017-12-10T13:25:00,0.97
25832,2017-12-10T13:45:00,0.97
25833,2017-12-10T14:05:00,0.97
25834,2017-12-10T14:25:00,0.97
25835,2017-12-10T14:45:00,0.65
25836,2017-12-10T15:05:00,0.32
25837,2017-12-10T15:25:00,0.32
25838,2017-12-10T15:45:00,0.32
25839,2017-12-10T16:05:00,0.32
25840,2017-12-10T16:25:00,0.32
25841,2017-12-10T16:45:00,0.32
25842,2017-12-10T17:05:00,0.32
25843,2017-12-10T17:25:00,0.32
25844,2017-12-10T17:45:00,0
25845,2017-12-10T18:05:00,0
25846,2017-12-10T18:25:00,0.32
25847,2017-12-10T18:45:00,0.32
25848,2017-12-10T19:05:00,0.97
25849,2017-12-10T19:25:00,0.97
25850,2017-12-10T19:45:00,0.65
25851,2017-12-10T20:05:00,0.97
25852,2017-12-10T20:25:00,0.97
25853,2017-12-10T20:45:00,0.97
25854,2017-12-10T21:05:00,0.97
25855,2017-12-10T21:25:00,0.65
25856,2017-12-10T21:45:00,0.97
25857,2017-12-10T22:05:00,0.97
25858,2017-12-10T22:25:00,0.97
25859,2017-12-10T22:45:00,0.65
25860,2017-12-10T23:05:00,0.97
25861,2017-12-10T23:25:00,0.32
25862,2017-12-10T23:45:00,0
25863,2017-12-11T00:05:00,0.32
25864,2017-12-11T00:25:00,0.65
25865,2017-12-11T00:50:00,0.65
25866,2017-12-11T01:10:00,0.65
25867,2017-12-11T01:30:00,0.97
25868,2017-12-11T01:50:00,0.65
25869,2017-12-11T02:10:00,0.32
25870,2017-12-11T02:30:00,0.65
25871,2017-12-11T02:50:00,0.65
25872,2017-12-11T03:10:00,0.65
25873,2017-12-11T03:30:00,-0.32
25874,2017-12-11T03:50:00,-0.97
25875,2017-12-11T04:10:00,-0.32
25876,2017-12-11T04:30:00,0.97
25877,2017-12-11T04:50:00,1.29
25878,2017-12-11T05:10:00,2.9
25879,2017-12-11T05:30:00,3.87
25880,2017-12-11T05:50:00,1.29
25881,2017-12-11T06:10:00,0.97
25882,2017-12-11T06:30:00,0.65
25883,2017-12-11T06:50:00,0.65
25884,2017-12-11T07:10:00,1.29
25885,2017-12-11T07:30:00,1.61
25886,2017-12-11T07:50:00,1.29
25887,2017-12-11T08:10:00,3.55
25888,2017-12-11T08:30:00,5.48
25889,2017-12-11T08:50:00,4.84
25890,2017-12-11T09:10:00,5.16
25891,2017-12-11T09:30:00,5.48
25892,2017-12-11T09:50:00,6.13
25893,2017-12-11T10:10:00,5.81
25894,2017-12-11T10:30:00,5.48
25895,2017-12-11T10:50:00,4.52
25896,2017-12-11T11:10:00,5.16
25897,2017-12-11T11:30:00,5.48
25898,2017-12-11T11:50:00,4.84
25899,2017-12-11T12:15:00,5.48
25900,2017-12-11T12:35:00,5.16
25901,2017-12-11T12:55:00,4.52
25902,2017-12-11T13:15:00,4.84
25903,2017-12-11T13:35:00,4.52
25904,2017-12-11T13:55:00,4.52
25905,2017-12-11T14:15:00,4.19
25906,2017-12-11T14:35:00,4.19
25907,2017-12-11T14:55:00,3.55
25908,2017-12-11T15:15:00,3.55
25909,2017-12-11T15:35:00,0.65
25910,2017-12-11T15:55:00,0.32
25911,2017-12-11T16:15:00,0.65
25912,2017-12-11T16:35:00,0.32
25913,2017-12-11T16:55:00,0.32
25914,2017-12-11T17:15:00,0.32
25915,2017-12-11T17:35:00,0.32
25916,2017-12-11T17:55:00,0.32
25917,2017-12-11T18:15:00,0.32
25918,2017-12-11T18:35:00,0.65
25919,2017-12-11T18:55:00,0.32
25920,2017-12-11T19:15:00,0.32
25921,2017-12-11T19:35:00,0.32
25922,2017-12-11T19:55:00,0.32
25923,2017-12-11T20:15:00,0
25924,2017-12-11T20:35:00,0
25925,2017-12-11T20:55:00,0
25926,2017-12-11T21:15:00,0
25927,2017-12-11T21:35:00,0
25928,2017-12-11T21:55:00,0
25929,2017-12-11T22:15:00,0.32
25930,2017-12-11T22:35:00,0.32
25931,2017-12-11T22:55:00,0.65
25932,2017-12-11T23:15:00,0.32
25933,2017-12-11T23:40:00,0.65
25934,2017-12-12T00:00:00,0.65
25935,2017-12-12T00:20:00,0.65
25936,2017-12-12T00:40:00,0.65
25937,2017-12-12T01:00:00,0.65
25938,2017-12-12T01:20:00,0.97
25939,2017-12-12T01:40:00,0.65
25940,2017-12-12T02:00:00,0.97
25941,2017-12-12T02:20:00,0.65
25942,2017-12-12T02:40:00,0.97
25943,2017-12-12T03:00:00,0.97
25944,2017-12-12T03:20:00,0.65
25945,2017-12-12T03:40:00,0.65
25946,2017-12-12T04:00:00,3.87
25947,2017-12-12T04:20:00,3.55
25948,2017-12-12T04:40:00,3.23
25949,2017-12-12T05:00:00,3.55
25950,2017-12-12T05:20:00,3.23
25951,2017-12-12T05:40:00,3.55
25952,2017-12-12T06:00:00,3.87
25953,2017-12-12T06:20:00,3.87
25954,2017-12-12T06:40:00,4.19
25955,2017-12-12T07:00:00,3.87
25956,2017-12-12T07:20:00,3.87
25957,2017-12-12T07:40:00,3.87
25958,2017-12-12T08:00:00,3.55
25959,2017-12-12T08:20:00,3.87
25960,2017-12-12T08:40:00,3.87
25961,2017-12-12T09:00:00,3.87
25962,2017-12-12T09:20:00,3.87
25963,2017-12-12T09:40:00,5.48
25964,2017-12-12T10:00:00,7.42
25965,2017-12-12T10:20:00,4.84
25966,2017-12-12T10:40:00,4.19
25967,2017-12-12T11:05:00,4.84
25968,2017-12-12T11:25:00,5.16
25969,2017-12-12T11:45:00,12.26
25970,2017-12-12T12:05:00,6.77
25971,2017-12-12T12:25:00,4.52
25972,2017-12-12T12:45:00,7.1
25973,2017-12-12T13:05:00,5.81
25974,2017-12-12T13:25:00,4.19
25975,2017-12-12T13:45:00,3.55
25976,2017-12-12T14:05:00,3.55
25977,2017-12-12T14:25:00,2.9
25978,2017-12-12T14:45:00,2.58
25979,2017-12-12T15:05:00,1.94
25980,2017-12-12T15:25:00,0.32
25981,2017-12-12T15:45:00,-0.32
25982,2017-12-12T16:05:00,0
25983,2017-12-12T16:25:00,-0.65
25984,2017-12-12T16:45:00,-0.97
25985,2017-12-12T17:05:00,-0.97
25986,2017-12-12T17:25:00,-0.97
25987,2017-12-12T17:45:00,-1.29
25988,2017-12-12T18:05:00,-1.29
25989,2017-12-12T18:25:00,-0.65
25990,2017-12-12T18:45:00,-0.65
25991,2017-12-12T19:05:00,-0.65
25992,2017-12-12T19:25:00,0
25993,2017-12-12T19:45:00,0
25994,2017-12-12T20:05:00,0
25995,2017-12-12T20:25:00,0
25996,2017-12-12T20:45:00,0
25997,2017-12-12T21:05:00,0.32
25998,2017-12-12T21:25:00,0.65
25999,2017-12-12T21:45:00,0.97
26000,2017-12-12T22:10:00,0.65
26001,2017-12-12T22:30:00,0.97
26002,2017-12-12T22:50:00,0.65
26003,2017-12-12T23:10:00,0.65
26004,2017-12-12T23:30:00,0.97
26005,2017-12-12T23:50:00,0.97
26006,2017-12-13T00:10:00,0.97
26007,2017-12-13T00:30:00,0.65
26008,2017-12-13T00:50:00,0.97
26009,2017-12-13T01:10:00,0.97
26010,2017-12-13T01:30:00,0.97
26011,2017-12-13T01:50:00,1.29
26012,2017-12-13T02:10:00,1.29
26013,2017-12-13T02:30:00,1.29
26014,2017-12-13T02:50:00,1.61
26015,2017-12-13T03:10:00,1.61
26016,2017-12-13T03:30:00,1.94
26017,2017-12-13T03:50:00,1.94
26018,2017-12-13T04:10:00,1.61
26019,2017-12-13T04:30:00,1.61
26020,2017-12-13T04:50:00,1.94
26021,2017-12-13T05:10:00,1.94
26022,2017-12-13T05:30:00,1.94
26023,2017-12-13T05:50:00,1.61
26024,2017-12-13T06:10:00,1.61
26025,2017-12-13T06:30:00,1.61
26026,2017-12-13T06:50:00,1.94
26027,2017-12-13T07:10:00,1.94
26028,2017-12-13T07:30:00,1.61
26029,2017-12-13T07:50:00,1.94
26030,2017-12-13T08:10:00,1.61
26031,2017-12-13T08:30:00,1.94
26032,2017-12-13T08:50:00,1.94
26033,2017-12-13T09:10:00,1.29
26034,2017-12-13T09:35:00,1.61
26035,2017-12-13T09:55:00,1.29
26036,2017-12-13T10:15:00,1.29
26037,2017-12-13T10:35:00,0.97
26038,2017-12-13T10:55:00,1.61
26039,2017-12-13T11:15:00,1.94
26040,2017-12-13T11:35:00,1.29
26041,2017-12-13T11:55:00,1.29
26042,2017-12-13T12:15:00,1.61
26043,2017-12-13T12:35:00,1.61
26044,2017-12-13T12:55:00,1.61
26045,2017-12-13T13:15:00,1.29
26046,2017-12-13T13:35:00,1.29
26047,2017-12-13T13:55:00,1.29
26048,2017-12-13T14:15:00,1.29
26049,2017-12-13T14:35:00,0.97
26050,2017-12-13T14:55:00,0.97
26051,2017-12-13T15:15:00,1.61
26052,2017-12-13T15:35:00,1.29
26053,2017-12-13T15:55:00,0.65
26054,2017-12-13T16:15:00,0.32
26055,2017-12-13T16:35:00,0.32
26056,2017-12-13T16:55:00,-0.32
26057,2017-12-13T17:15:00,0
26058,2017-12-13T17:35:00,0
26059,2017-12-13T17:55:00,0.32
26060,2017-12-13T18:15:00,0.32
26061,2017-12-13T18:35:00,0.32
26062,2017-12-13T18:55:00,0.65
26063,2017-12-13T19:15:00,0.32
26064,2017-12-13T19:35:00,0.32
26065,2017-12-13T19:55:00,0
26066,2017-12-13T20:15:00,0
26067,2017-12-13T20:35:00,0
26068,2017-12-13T21:00:00,0.32
26069,2017-12-13T21:20:00,0.65
26070,2017-12-13T21:40:00,0.65
26071,2017-12-13T22:00:00,0.97
26072,2017-12-13T22:20:00,1.29
26073,2017-12-13T22:40:00,1.29
26074,2017-12-13T23:00:00,1.61
26075,2017-12-13T23:20:00,1.61
26076,2017-12-13T23:40:00,1.61
26077,2017-12-14T00:00:00,1.61
26078,2017-12-14T00:20:00,1.61
26079,2017-12-14T00:40:00,1.61
26080,2017-12-14T01:00:00,1.61
26081,2017-12-14T01:20:00,1.94
26082,2017-12-14T01:40:00,1.94
26083,2017-12-14T02:00:00,2.26
26084,2017-12-14T02:20:00,1.94
26085,2017-12-14T02:40:00,2.26
26086,2017-12-14T03:00:00,2.26
26087,2017-12-14T03:20:00,2.26
26088,2017-12-14T03:40:00,1.94
26089,2017-12-14T04:00:00,1.61
26090,2017-12-14T04:20:00,1.61
26091,2017-12-14T04:40:00,0.65
26092,2017-12-14T05:00:00,0.97
26093,2017-12-14T05:20:00,0.32
26094,2017-12-14T05:40:00,0.32
26095,2017-12-14T06:00:00,-0.32
26096,2017-12-14T06:20:00,0.32
26097,2017-12-14T06:40:00,0
26098,2017-12-14T07:00:00,0.65
26099,2017-12-14T07:20:00,0.97
26100,2017-12-14T07:40:00,1.61
26101,2017-12-14T08:00:00,0.65
26102,2017-12-14T08:25:00,0.97
26103,2017-12-14T08:45:00,0.97
26104,2017-12-14T09:05:00,1.94
26105,2017-12-14T09:25:00,2.58
26106,2017-12-14T09:45:00,3.23
26107,2017-12-14T10:05:00,3.23
26108,2017-12-14T10:25:00,3.87
26109,2017-12-14T10:45:00,3.23
26110,2017-12-14T11:05:00,3.55
26111,2017-12-14T11:25:00,4.19
26112,2017-12-14T11:45:00,2.58
26113,2017-12-14T12:05:00,2.58
26114,2017-12-14T12:25:00,2.58
26115,2017-12-14T12:45:00,2.26
26116,2017-12-14T13:05:00,3.23
26117,2017-12-14T13:25:00,2.9
26118,2017-12-14T13:45:00,3.23
26119,2017-12-14T14:05:00,2.9
26120,2017-12-14T14:25:00,2.9
26121,2017-12-14T14:45:00,2.9
26122,2017-12-14T15:05:00,2.58
26123,2017-12-14T15:25:00,2.58
26124,2017-12-14T15:45:00,2.26
26125,2017-12-14T16:05:00,2.26
26126,2017-12-14T16:25:00,1.94
26127,2017-12-14T16:45:00,2.26
26128,2017-12-14T17:05:00,1.94
26129,2017-12-14T17:25:00,1.61
26130,2017-12-14T17:45:00,1.29
26131,2017-12-14T18:05:00,1.29
26132,2017-12-14T18:25:00,0.97
26133,2017-12-14T18:45:00,0.97
26134,2017-12-14T19:05:00,1.29
26135,2017-12-14T19:30:00,1.29
26136,2017-12-14T19:50:00,1.29
26137,2017-12-14T20:10:00,1.29
26138,2017-12-14T20:30:00,0.97
26139,2017-12-14T20:50:00,0.97
26140,2017-12-14T21:10:00,0.65
26141,2017-12-14T21:30:00,0.65
26142,2017-12-14T21:50:00,0.97
26143,2017-12-14T22:10:00,0.97
26144,2017-12-14T22:30:00,0.65
26145,2017-12-14T22:50:00,0.65
26146,2017-12-14T23:10:00,0.32
26147,2017-12-14T23:50:00,0.32
26148,2017-12-15T00:10:00,-0.32
26149,2017-12-15T00:30:00,-0.32
26150,2017-12-15T00:50:00,0
26151,2017-12-15T01:10:00,0
26152,2017-12-15T01:30:00,0
26153,2017-12-15T01:50:00,0
26154,2017-12-15T02:10:00,0
26155,2017-12-15T02:30:00,-0.32
26156,2017-12-15T02:50:00,0
26157,2017-12-15T03:10:00,0
26158,2017-12-15T03:30:00,-0.65
26159,2017-12-15T03:50:00,-0.97
26160,2017-12-15T04:10:00,1.29
26161,2017-12-15T04:30:00,1.61
26162,2017-12-15T04:50:00,2.58
26163,2017-12-15T05:10:00,1.61
26164,2017-12-15T05:30:00,1.29
26165,2017-12-15T05:50:00,1.94
26166,2017-12-15T06:10:00,2.58
26167,2017-12-15T06:30:00,1.29
26168,2017-12-15T06:55:00,1.61
26169,2017-12-15T07:15:00,1.29
26170,2017-12-15T07:35:00,2.26
26171,2017-12-15T07:55:00,2.9
26172,2017-12-15T08:15:00,2.9
26173,2017-12-15T08:35:00,2.58
26174,2017-12-15T08:55:00,5.16
26175,2017-12-15T09:15:00,7.74
26176,2017-12-15T09:35:00,6.45
26177,2017-12-15T09:55:00,4.52
26178,2017-12-15T10:15:00,7.42
26179,2017-12-15T10:35:00,7.42
26180,2017-12-15T10:55:00,4.52
26181,2017-12-15T11:15:00,5.48
26182,2017-12-15T11:35:00,3.23
26183,2017-12-15T11:55:00,3.87
26184,2017-12-15T12:15:00,4.52
26185,2017-12-15T12:35:00,6.13
26186,2017-12-15T12:55:00,6.77
26187,2017-12-15T13:15:00,5.81
26188,2017-12-15T13:35:00,3.23
26189,2017-12-15T13:55:00,3.55
26190,2017-12-15T14:15:00,2.58
26191,2017-12-15T14:35:00,2.26
26192,2017-12-15T14:55:00,1.94
26193,2017-12-15T15:15:00,1.61
26194,2017-12-15T15:35:00,0.97
26195,2017-12-15T15:55:00,0.65
26196,2017-12-15T16:15:00,0.65
26197,2017-12-15T16:35:00,0.65
26198,2017-12-15T16:55:00,0.65
26199,2017-12-15T17:15:00,0.65
26200,2017-12-15T17:35:00,0.65
26201,2017-12-15T17:55:00,0.65
26202,2017-12-15T18:20:00,0.97
26203,2017-12-15T18:40:00,0.65
26204,2017-12-15T19:00:00,0.97
26205,2017-12-15T19:20:00,1.29
26206,2017-12-15T19:40:00,1.29
26207,2017-12-15T20:00:00,0.97
26208,2017-12-15T20:20:00,1.29
26209,2017-12-15T20:40:00,0.97
26210,2017-12-15T21:00:00,1.29
26211,2017-12-15T21:20:00,0.97
26212,2017-12-15T21:40:00,0.97
26213,2017-12-15T22:00:00,0.65
26214,2017-12-15T22:20:00,0.65
26215,2017-12-15T22:40:00,0
26216,2017-12-15T23:00:00,0
26217,2017-12-15T23:20:00,0
26218,2017-12-15T23:40:00,-0.32
26219,2017-12-16T00:00:00,-0.32
26220,2017-12-16T00:20:00,-0.65
26221,2017-12-16T00:40:00,-0.65
26222,2017-12-16T01:00:00,-1.29
26223,2017-12-16T01:20:00,-1.29
26224,2017-12-16T01:40:00,-1.29
26225,2017-12-16T02:00:00,-1.61
26226,2017-12-16T02:20:00,-1.94
26227,2017-12-16T02:40:00,-1.94
26228,2017-12-16T03:00:00,-1.94
26229,2017-12-16T03:20:00,-1.61
26230,2017-12-16T03:40:00,-1.94
26231,2017-12-16T04:00:00,-1.29
26232,2017-12-16T04:20:00,-1.61
26233,2017-12-16T04:40:00,-1.94
26234,2017-12-16T05:00:00,0.32
26235,2017-12-16T05:20:00,0
26236,2017-12-16T05:45:00,0.32
26237,2017-12-16T06:05:00,0.32
26238,2017-12-16T06:25:00,0.97
26239,2017-12-16T06:45:00,-1.29
26240,2017-12-16T07:05:00,-0.65
26241,2017-12-16T07:25:00,-0.65
26242,2017-12-16T07:45:00,0
26243,2017-12-16T08:05:00,0.65
26244,2017-12-16T08:25:00,3.87
26245,2017-12-16T08:45:00,5.81
26246,2017-12-16T09:05:00,5.16
26247,2017-12-16T09:25:00,11.94
26248,2017-12-16T09:45:00,10.65
26249,2017-12-16T10:05:00,10.65
26250,2017-12-16T10:25:00,10.65
26251,2017-12-16T10:45:00,11.29
26252,2017-12-16T11:05:00,12.26
26253,2017-12-16T11:25:00,8.71
26254,2017-12-16T11:45:00,6.77
26255,2017-12-16T12:05:00,6.77
26256,2017-12-16T12:25:00,7.74
26257,2017-12-16T12:45:00,6.13
26258,2017-12-16T13:05:00,3.23
26259,2017-12-16T13:25:00,4.52
26260,2017-12-16T13:45:00,1.61
26261,2017-12-16T14:05:00,0.97
26262,2017-12-16T14:25:00,0.65
26263,2017-12-16T14:45:00,0.65
26264,2017-12-16T15:05:00,0.65
26265,2017-12-16T15:25:00,-0.32
26266,2017-12-16T15:45:00,-1.94
26267,2017-12-16T16:05:00,-2.26
26268,2017-12-16T16:25:00,-2.58
26269,2017-12-16T16:50:00,-2.58
26270,2017-12-16T17:10:00,-2.58
26271,2017-12-16T17:30:00,-2.26
26272,2017-12-16T17:50:00,-1.61
26273,2017-12-16T18:10:00,-0.97
26274,2017-12-16T18:30:00,-0.97
26275,2017-12-16T18:50:00,-0.97
26276,2017-12-16T19:10:00,-0.65
26277,2017-12-16T19:30:00,-0.32
26278,2017-12-16T19:50:00,-0.32
26279,2017-12-16T20:10:00,-0.32
26280,2017-12-16T20:30:00,-0.65
26281,2017-12-16T20:50:00,-0.97
26282,2017-12-16T21:10:00,-0.65
26283,2017-12-16T21:30:00,-0.97
26284,2017-12-16T21:50:00,-1.29
26285,2017-12-16T22:10:00,-0.97
26286,2017-12-16T22:30:00,-0.97
26287,2017-12-16T22:50:00,-0.32
26288,2017-12-16T23:10:00,0
26289,2017-12-16T23:30:00,0.32
26290,2017-12-16T23:50:00,-0.65
26291,2017-12-17T00:10:00,-0.65
26292,2017-12-17T00:30:00,-0.32
26293,2017-12-17T00:50:00,0
26294,2017-12-17T01:10:00,0
26295,2017-12-17T01:30:00,0
26296,2017-12-17T01:50:00,-0.32
26297,2017-12-17T02:10:00,0
26298,2017-12-17T02:30:00,0
26299,2017-12-17T02:50:00,-0.32
26300,2017-12-17T03:10:00,-0.32
26301,2017-12-17T03:30:00,-0.32
26302,2017-12-17T03:50:00,0
26303,2017-12-17T04:15:00,0
26304,2017-12-17T04:35:00,-0.32
26305,2017-12-17T04:55:00,0
26306,2017-12-17T05:15:00,3.23
26307,2017-12-17T05:35:00,2.58
26308,2017-12-17T05:55:00,1.94
26309,2017-12-17T06:15:00,1.94
26310,2017-12-17T06:35:00,1.29
26311,2017-12-17T06:55:00,0.65
26312,2017-12-17T07:15:00,1.29
26313,2017-12-17T07:35:00,1.29
26314,2017-12-17T07:55:00,1.61
26315,2017-12-17T08:15:00,0.65
26316,2017-12-17T08:35:00,2.58
26317,2017-12-17T08:55:00,2.58
26318,2017-12-17T09:15:00,5.81
26319,2017-12-17T09:35:00,5.16
26320,2017-12-17T09:55:00,5.16
26321,2017-12-17T10:15:00,10
26322,2017-12-17T10:35:00,10.65
26323,2017-12-17T10:55:00,5.48
26324,2017-12-17T11:15:00,5.81
26325,2017-12-17T11:35:00,6.45
26326,2017-12-17T11:55:00,5.81
26327,2017-12-17T12:15:00,4.19
26328,2017-12-17T12:35:00,4.52
26329,2017-12-17T12:55:00,7.42
26330,2017-12-17T13:15:00,5.16
26331,2017-12-17T13:35:00,2.58
26332,2017-12-17T13:55:00,1.61
26333,2017-12-17T14:15:00,0.97
26334,2017-12-17T14:35:00,0.65
26335,2017-12-17T14:55:00,0.32
26336,2017-12-17T15:15:00,0
26337,2017-12-17T15:40:00,-0.32
26338,2017-12-17T16:00:00,-0.65
26339,2017-12-17T16:20:00,-0.97
26340,2017-12-17T16:40:00,-0.65
26341,2017-12-17T17:00:00,-0.65
26342,2017-12-17T17:20:00,-0.65
26343,2017-12-17T17:40:00,-0.65
26344,2017-12-17T18:00:00,-0.65
26345,2017-12-17T18:20:00,-0.65
26346,2017-12-17T18:40:00,-0.32
26347,2017-12-17T19:00:00,-0.32
26348,2017-12-17T19:20:00,0
26349,2017-12-17T19:40:00,0
26350,2017-12-17T20:00:00,0.32
26351,2017-12-17T20:20:00,0.65
26352,2017-12-17T20:40:00,0.32
26353,2017-12-17T21:00:00,0.65
26354,2017-12-17T21:20:00,0.65
26355,2017-12-17T21:40:00,0.65
26356,2017-12-17T22:00:00,0.65
26357,2017-12-17T22:20:00,0.32
26358,2017-12-17T22:40:00,0.65
26359,2017-12-17T23:00:00,0.65
26360,2017-12-17T23:20:00,0.65
26361,2017-12-17T23:40:00,0.65
26362,2017-12-18T00:00:00,0.65
26363,2017-12-18T00:20:00,0.97
26364,2017-12-18T00:40:00,0.97
26365,2017-12-18T01:00:00,1.29
26366,2017-12-18T01:20:00,1.29
26367,2017-12-18T01:40:00,0.97
26368,2017-12-18T02:00:00,0.97
26369,2017-12-18T02:20:00,1.29
26370,2017-12-18T02:40:00,1.29
26371,2017-12-18T03:05:00,1.29
26372,2017-12-18T03:25:00,1.29
26373,2017-12-18T03:45:00,1.61
26374,2017-12-18T04:05:00,1.29
26375,2017-12-18T04:25:00,1.29
26376,2017-12-18T04:45:00,1.29
26377,2017-12-18T05:05:00,1.29
26378,2017-12-18T05:25:00,1.29
26379,2017-12-18T05:45:00,1.29
26380,2017-12-18T06:05:00,1.29
26381,2017-12-18T06:25:00,1.61
26382,2017-12-18T06:45:00,1.29
26383,2017-12-18T07:05:00,0.97
26384,2017-12-18T07:25:00,1.61
26385,2017-12-18T07:45:00,1.61
26386,2017-12-18T08:05:00,1.61
26387,2017-12-18T08:25:00,1.94
