_id,datetime,temperature
1,2016-08-18T10:55:00,83.28
2,2016-08-18T11:00:00,80.35
3,2016-08-18T11:05:00,87.61
4,2016-08-18T11:10:00,80.72
5,2016-08-18T11:15:00,80.21
6,2016-08-18T11:20:00,80.81
7,2016-08-18T11:25:00,84.27
8,2016-08-18T11:30:00,86.5
9,2016-08-18T11:35:00,89.6
10,2016-08-18T11:40:00,89.68
11,2016-08-18T11:45:00,88
12,2016-08-18T11:50:00,87.26
13,2016-08-18T11:55:00,86.12
14,2016-08-18T12:00:00,84.21
15,2016-08-18T12:05:00,79.69
16,2016-08-18T12:10:00,79.01
17,2016-08-18T12:15:00,79.26
18,2016-08-18T12:20:00,78.03
19,2016-08-18T12:25:00,81.27
20,2016-08-18T12:30:00,83.78
21,2016-08-18T12:35:00,85.39
22,2016-08-18T12:40:00,82.57
23,2016-08-18T12:45:00,81.51
24,2016-08-18T12:50:00,82.89
25,2016-08-18T12:55:00,82.53
26,2016-08-18T13:00:00,84.02
27,2016-08-18T13:05:00,85.97
28,2016-08-18T13:10:00,85.16
29,2016-08-18T14:45:00,79.86
30,2016-08-18T14:50:00,84.5
31,2016-08-18T14:55:00,87.59
32,2016-08-18T15:00:00,88.66
33,2016-08-18T15:05:00,87.35
34,2016-08-18T15:10:00,85.04
35,2016-08-18T15:15:00,91.52
36,2016-08-18T15:20:00,89.03
37,2016-08-18T15:25:00,90.27
38,2016-08-18T15:30:00,90.4
39,2016-08-18T15:35:00,88.07
40,2016-08-18T15:40:00,89.25
41,2016-08-18T15:45:00,87.6
42,2016-08-18T15:50:00,82.53
43,2016-08-18T15:55:00,84.52
44,2016-08-18T16:00:00,84.18
45,2016-08-18T16:05:00,84.16
46,2016-08-18T16:10:00,84.75
47,2016-08-18T16:15:00,87.45
48,2016-08-18T16:20:00,81.49
49,2016-08-18T16:25:00,79.67
50,2016-08-18T16:30:00,83.43
51,2016-08-18T16:35:00,83.32
52,2016-08-18T16:40:00,82.5
53,2016-08-18T16:45:00,78.85
54,2016-08-18T16:50:00,82.13
55,2016-08-18T16:55:00,81.43
56,2016-08-18T17:00:00,82.88
57,2016-08-18T17:05:00,84.89
58,2016-08-18T17:10:00,82.56
59,2016-08-18T17:15:00,80.16
60,2016-08-18T17:20:00,81.38
61,2016-08-18T17:25:00,82.21
62,2016-08-18T17:30:00,77.17
63,2016-08-18T17:35:00,77.08
64,2016-08-18T17:40:00,69.42
65,2016-08-18T17:45:00,71.87
66,2016-08-18T17:50:00,72.41
67,2016-08-18T17:55:00,76.26
68,2016-08-18T18:00:00,82.42
69,2016-08-18T18:05:00,80.22
70,2016-08-18T18:10:00,77.75
71,2016-08-18T18:15:00,80.27
72,2016-08-18T18:20:00,81.66
73,2016-08-18T18:25:00,78.57
74,2016-08-18T18:30:00,73.69
75,2016-08-18T18:35:00,75.88
76,2016-08-18T18:40:00,76.05
77,2016-08-18T18:45:00,74.25
78,2016-08-18T18:50:00,73.24
79,2016-08-18T18:55:00,73.79
80,2016-08-18T19:00:00,71.4
81,2016-08-18T19:05:00,69.89
82,2016-08-18T19:10:00,68.26
83,2016-08-18T19:15:00,67.6
84,2016-08-18T19:20:00,66.28
85,2016-08-18T19:25:00,64.28
86,2016-08-18T19:30:00,62.89
87,2016-08-18T19:35:00,62.37
88,2016-08-18T19:40:00,61.54
89,2016-08-18T19:45:00,57.86
90,2016-08-18T19:50:00,53.59
91,2016-08-18T19:55:00,51.28
92,2016-08-18T20:00:00,50.54
93,2016-08-18T20:05:00,49.07
94,2016-08-18T20:10:00,46.16
95,2016-08-18T20:15:00,42.48
96,2016-08-18T20:20:00,39.9
97,2016-08-18T20:25:00,37.69
98,2016-08-18T20:30:00,33.96
99,2016-08-18T20:35:00,30.87
100,2016-08-18T20:40:00,28.48
101,2016-08-18T20:45:00,25.63
102,2016-08-18T20:50:00,22.61
103,2016-08-18T20:55:00,19.86
104,2016-08-18T21:00:00,17.89
105,2016-08-18T21:05:00,16.34
106,2016-08-18T21:10:00,15.31
107,2016-08-18T21:15:00,14.43
108,2016-08-18T21:20:00,14.37
109,2016-08-18T21:25:00,13.88
110,2016-08-18T21:30:00,13.66
111,2016-08-18T21:35:00,13.75
112,2016-08-18T21:40:00,13.93
113,2016-08-18T21:45:00,13.59
114,2016-08-18T21:50:00,13.59
115,2016-08-18T21:55:00,3.21
116,2016-08-18T22:00:00,2.19
117,2016-08-18T22:05:00,2.29
118,2016-08-18T22:10:00,2.15
119,2016-08-18T22:15:00,2.42
120,2016-08-18T22:20:00,2.6
121,2016-08-18T22:25:00,2.31
122,2016-08-18T22:30:00,2.51
123,2016-08-18T22:35:00,2.49
124,2016-08-18T22:40:00,2.49
125,2016-08-18T22:45:00,2.18
126,2016-08-18T22:50:00,2.37
127,2016-08-18T22:55:00,1.99
128,2016-08-18T23:00:00,2.39
129,2016-08-18T23:05:00,2.15
130,2016-08-18T23:10:00,1.98
131,2016-08-18T23:15:00,1.92
132,2016-08-18T23:20:00,1.82
133,2016-08-18T23:25:00,2.25
134,2016-08-18T23:30:00,1.91
135,2016-08-18T23:35:00,1.89
136,2016-08-18T23:40:00,2.32
137,2016-08-18T23:45:00,1.84
138,2016-08-18T23:50:00,2.04
139,2016-08-18T23:55:00,1.91
140,2016-08-19T00:00:00,1.99
141,2016-08-19T00:05:00,2.3
142,2016-08-19T00:10:00,1.94
143,2016-08-19T00:15:00,2.08
144,2016-08-19T00:20:00,1.86
145,2016-08-19T00:25:00,2.13
146,2016-08-19T00:30:00,2.16
147,2016-08-19T00:35:00,2.1
148,2016-08-19T00:40:00,2.03
149,2016-08-19T00:45:00,2.47
150,2016-08-19T00:50:00,2.09
151,2016-08-19T00:55:00,1.94
152,2016-08-19T01:00:00,1.91
153,2016-08-19T01:05:00,2.13
154,2016-08-19T01:10:00,1.98
155,2016-08-19T01:15:00,2.22
156,2016-08-19T01:20:00,1.66
157,2016-08-19T01:25:00,2.25
158,2016-08-19T01:30:00,2.01
159,2016-08-19T01:35:00,1.89
160,2016-08-19T01:40:00,1.82
161,2016-08-19T01:45:00,2.2
162,2016-08-19T01:50:00,2.13
163,2016-08-19T01:55:00,1.77
164,2016-08-19T02:00:00,2.3
165,2016-08-19T02:05:00,2.05
166,2016-08-19T02:10:00,1.94
167,2016-08-19T02:15:00,1.93
168,2016-08-19T02:20:00,1.84
169,2016-08-19T02:25:00,1.91
170,2016-08-19T02:30:00,2.33
171,2016-08-19T02:35:00,1.96
172,2016-08-19T02:40:00,2.13
173,2016-08-19T02:45:00,1.84
174,2016-08-19T02:50:00,2.28
175,2016-08-19T02:55:00,1.97
176,2016-08-19T03:00:00,2.12
177,2016-08-19T03:05:00,2.15
178,2016-08-19T03:10:00,2.23
179,2016-08-19T03:15:00,1.99
180,2016-08-19T03:20:00,2.23
181,2016-08-19T03:25:00,1.99
182,2016-08-19T03:30:00,2.39
183,2016-08-19T03:35:00,2.01
184,2016-08-19T03:40:00,2.21
185,2016-08-19T03:45:00,2.3
186,2016-08-19T03:50:00,2.09
187,2016-08-19T03:55:00,2.23
188,2016-08-19T04:00:00,2.35
189,2016-08-19T04:05:00,2.7
190,2016-08-19T04:10:00,2.38
191,2016-08-19T04:15:00,2.3
192,2016-08-19T04:20:00,2.35
193,2016-08-19T04:25:00,2.56
194,2016-08-19T04:30:00,2.25
195,2016-08-19T04:35:00,2.54
196,2016-08-19T04:40:00,2.5
197,2016-08-19T04:45:00,2.43
198,2016-08-19T04:50:00,2.13
199,2016-08-19T04:55:00,1.99
200,2016-08-19T05:00:00,2.25
201,2016-08-19T05:05:00,2.41
202,2016-08-19T05:10:00,2.26
203,2016-08-19T05:15:00,2.6
204,2016-08-19T05:20:00,57.69
205,2016-08-19T05:25:00,57.49
206,2016-08-19T05:30:00,57.49
207,2016-08-19T05:35:00,14.62
208,2016-08-19T05:40:00,64.09
209,2016-08-19T05:45:00,64.32
210,2016-08-19T05:50:00,64.73
211,2016-08-19T05:55:00,65.28
212,2016-08-19T06:00:00,66.33
213,2016-08-19T06:05:00,66.88
214,2016-08-19T06:10:00,67.59
215,2016-08-19T06:15:00,68.05
216,2016-08-19T06:20:00,68.95
217,2016-08-19T06:25:00,67.35
218,2016-08-19T06:30:00,70.36
219,2016-08-19T06:35:00,65.97
220,2016-08-19T06:40:00,70.16
221,2016-08-19T06:45:00,74.85
222,2016-08-19T06:50:00,74.46
223,2016-08-19T06:55:00,72.79
224,2016-08-19T07:00:00,72.14
225,2016-08-19T07:05:00,72.81
226,2016-08-19T07:10:00,72.06
227,2016-08-19T07:15:00,72.1
228,2016-08-19T07:20:00,71.94
229,2016-08-19T07:25:00,72.97
230,2016-08-19T07:30:00,73.12
231,2016-08-19T07:35:00,72.34
232,2016-08-19T07:40:00,67.6
233,2016-08-19T07:45:00,73.04
234,2016-08-19T07:50:00,77.83
235,2016-08-19T07:55:00,77.56
236,2016-08-19T08:00:00,77.47
237,2016-08-19T08:05:00,77.57
238,2016-08-19T08:10:00,79.02
239,2016-08-19T08:15:00,80.55
240,2016-08-19T08:20:00,80.92
241,2016-08-19T08:25:00,81.77
242,2016-08-19T08:30:00,80.25
243,2016-08-19T08:35:00,79.89
244,2016-08-19T08:40:00,80.02
245,2016-08-19T08:45:00,80.94
246,2016-08-19T08:50:00,82.82
247,2016-08-19T08:55:00,84.12
248,2016-08-19T09:00:00,85.52
249,2016-08-19T09:05:00,86.3
250,2016-08-19T09:10:00,85.88
251,2016-08-19T09:15:00,87.54
252,2016-08-19T09:20:00,88.13
253,2016-08-19T09:25:00,89.2
254,2016-08-19T09:30:00,89.6
255,2016-08-19T09:35:00,88.13
256,2016-08-19T09:40:00,88.18
257,2016-08-19T09:45:00,88.09
258,2016-08-19T09:50:00,88.19
259,2016-08-19T09:55:00,92.79
260,2016-08-19T10:00:00,93.31
261,2016-08-19T10:05:00,92.07
262,2016-08-19T10:10:00,88.74
263,2016-08-19T10:15:00,86.81
264,2016-08-19T10:20:00,86.94
265,2016-08-19T10:25:00,84.73
266,2016-08-19T10:30:00,84.75
267,2016-08-19T10:35:00,84.78
268,2016-08-19T10:40:00,84.66
269,2016-08-19T10:45:00,84.86
270,2016-08-19T10:50:00,85.1
271,2016-08-19T10:55:00,85.28
272,2016-08-19T11:00:00,85.66
273,2016-08-19T11:05:00,85.56
274,2016-08-19T11:10:00,86.22
275,2016-08-19T11:15:00,85.62
276,2016-08-19T11:20:00,85.72
277,2016-08-19T11:25:00,86.53
278,2016-08-19T11:30:00,86.41
279,2016-08-19T11:35:00,86.39
280,2016-08-19T11:40:00,86.48
281,2016-08-19T11:45:00,86.67
282,2016-08-19T11:50:00,82.37
283,2016-08-19T11:55:00,87.76
284,2016-08-19T12:00:00,87.77
285,2016-08-19T12:05:00,84.47
286,2016-08-19T12:10:00,83.6
287,2016-08-19T12:15:00,82.97
288,2016-08-19T12:20:00,82.22
289,2016-08-19T12:25:00,81.61
290,2016-08-19T12:30:00,81.49
291,2016-08-19T12:35:00,81.27
292,2016-08-19T12:40:00,81.55
293,2016-08-19T12:45:00,82.33
294,2016-08-19T12:50:00,83.49
295,2016-08-19T12:55:00,83.58
296,2016-08-19T13:00:00,83.37
297,2016-08-19T13:05:00,82.92
298,2016-08-19T13:10:00,81.63
299,2016-08-19T13:15:00,81.18
300,2016-08-19T13:20:00,80.68
301,2016-08-19T13:25:00,80.22
302,2016-08-19T13:30:00,80.84
303,2016-08-19T13:35:00,81.8
304,2016-08-19T13:40:00,82.24
305,2016-08-19T13:45:00,82.53
306,2016-08-19T13:50:00,82.96
307,2016-08-19T13:55:00,83.41
308,2016-08-19T14:00:00,83.79
309,2016-08-19T14:05:00,84.27
310,2016-08-19T14:10:00,84.73
311,2016-08-19T14:15:00,85.44
312,2016-08-19T14:20:00,86.45
313,2016-08-19T14:25:00,87.55
314,2016-08-19T14:30:00,89.34
315,2016-08-19T14:35:00,90.2
316,2016-08-19T14:40:00,89.26
317,2016-08-19T14:45:00,89
318,2016-08-19T14:50:00,88.66
319,2016-08-19T14:55:00,90.52
320,2016-08-19T15:00:00,89.42
321,2016-08-19T15:05:00,88.85
322,2016-08-19T15:10:00,88.97
323,2016-08-19T15:15:00,87.55
324,2016-08-19T15:20:00,89.15
325,2016-08-19T15:25:00,89.19
326,2016-08-19T15:30:00,88.14
327,2016-08-19T15:35:00,85.28
328,2016-08-19T15:40:00,85.1
329,2016-08-19T15:45:00,84.84
330,2016-08-19T15:50:00,86.42
331,2016-08-19T15:55:00,85.63
332,2016-08-19T16:00:00,86.19
333,2016-08-19T16:05:00,85.35
334,2016-08-19T16:10:00,84.99
335,2016-08-19T16:15:00,84.65
336,2016-08-19T16:20:00,84.13
337,2016-08-19T16:25:00,83.97
338,2016-08-19T16:30:00,83.78
339,2016-08-19T16:35:00,83.5
340,2016-08-19T16:40:00,83.44
341,2016-08-19T16:45:00,83.39
342,2016-08-19T16:50:00,83.28
343,2016-08-19T16:55:00,83.14
344,2016-08-19T17:00:00,83.27
345,2016-08-19T17:05:00,83.13
346,2016-08-19T17:10:00,83.27
347,2016-08-19T17:15:00,82.95
348,2016-08-19T17:20:00,82.59
349,2016-08-19T17:25:00,80.58
350,2016-08-19T17:30:00,79.78
351,2016-08-19T17:35:00,79.82
352,2016-08-19T17:40:00,79.54
353,2016-08-19T17:45:00,79.33
354,2016-08-19T17:50:00,78.69
355,2016-08-19T17:55:00,78.15
356,2016-08-19T18:00:00,77.22
357,2016-08-19T18:05:00,76.76
358,2016-08-19T18:10:00,76.11
359,2016-08-19T18:15:00,76.34
360,2016-08-19T18:20:00,76.34
361,2016-08-19T18:25:00,77.55
362,2016-08-19T18:30:00,77.93
363,2016-08-19T18:35:00,80.93
364,2016-08-19T18:40:00,81.95
365,2016-08-19T18:45:00,82.63
366,2016-08-19T18:50:00,82.77
367,2016-08-19T18:55:00,81.79
368,2016-08-19T19:00:00,80.64
369,2016-08-19T19:05:00,78.88
370,2016-08-19T19:10:00,77.22
371,2016-08-19T19:15:00,76.5
372,2016-08-19T19:20:00,75.56
373,2016-08-19T19:25:00,75.09
374,2016-08-19T19:30:00,74.37
375,2016-08-19T19:35:00,73.84
376,2016-08-19T19:40:00,75.02
377,2016-08-19T19:45:00,74.24
378,2016-08-19T19:50:00,73.5
379,2016-08-19T19:55:00,72.52
380,2016-08-19T20:00:00,71.24
381,2016-08-19T20:05:00,69.46
382,2016-08-19T20:10:00,67.41
383,2016-08-19T20:15:00,64.49
384,2016-08-19T20:20:00,58.56
385,2016-08-19T20:25:00,43.08
386,2016-08-19T20:30:00,40.55
387,2016-08-19T20:35:00,50.69
388,2016-08-19T20:40:00,50.98
389,2016-08-19T20:45:00,48.45
390,2016-08-19T20:50:00,47.38
391,2016-08-19T20:55:00,45.84
392,2016-08-19T21:00:00,35.58
393,2016-08-19T21:05:00,29.69
394,2016-08-19T21:10:00,28.49
395,2016-08-19T21:15:00,30.6
396,2016-08-19T21:20:00,19.77
397,2016-08-19T21:25:00,13.46
398,2016-08-19T21:30:00,13.4
399,2016-08-19T21:35:00,13.34
400,2016-08-19T21:40:00,13.34
401,2016-08-19T21:45:00,13.37
402,2016-08-19T21:50:00,13.59
403,2016-08-19T21:55:00,12.77
404,2016-08-19T22:00:00,2.44
405,2016-08-19T22:05:00,5
406,2016-08-19T22:10:00,2.24
407,2016-08-19T22:15:00,2.38
408,2016-08-19T22:20:00,2.38
409,2016-08-19T22:25:00,2.29
410,2016-08-19T22:30:00,2.37
411,2016-08-19T22:35:00,2.34
412,2016-08-19T22:40:00,2.3
413,2016-08-19T22:45:00,2.37
414,2016-08-19T22:50:00,2.3
415,2016-08-19T22:55:00,2.24
416,2016-08-19T23:00:00,2.25
417,2016-08-19T23:05:00,2.01
418,2016-08-19T23:10:00,1.98
419,2016-08-19T23:15:00,2.03
420,2016-08-19T23:20:00,2.03
421,2016-08-19T23:25:00,2.15
422,2016-08-19T23:30:00,2.25
423,2016-08-19T23:35:00,2.16
424,2016-08-19T23:40:00,2.21
425,2016-08-19T23:45:00,2.22
426,2016-08-19T23:50:00,2.17
427,2016-08-19T23:55:00,2.17
428,2016-08-20T00:00:00,2.09
429,2016-08-20T00:05:00,2.1
430,2016-08-20T00:10:00,2.24
431,2016-08-20T00:15:00,2.17
432,2016-08-20T00:20:00,2.14
433,2016-08-20T00:25:00,2.18
434,2016-08-20T00:30:00,1.96
435,2016-08-20T00:35:00,2.01
436,2016-08-20T00:40:00,13.18
437,2016-08-20T00:45:00,25.64
438,2016-08-20T00:50:00,22.81
439,2016-08-20T00:55:00,16.22
440,2016-08-20T01:00:00,1.97
441,2016-08-20T01:05:00,2.04
442,2016-08-20T01:10:00,2.03
443,2016-08-20T01:15:00,2.03
444,2016-08-20T01:20:00,2.08
445,2016-08-20T01:25:00,2.01
446,2016-08-20T01:30:00,2.03
447,2016-08-20T01:35:00,2.08
448,2016-08-20T01:40:00,1.99
449,2016-08-20T01:45:00,2.02
450,2016-08-20T01:50:00,2.09
451,2016-08-20T01:55:00,2.02
452,2016-08-20T02:00:00,2.02
453,2016-08-20T02:05:00,2.11
454,2016-08-20T02:10:00,2.06
455,2016-08-20T02:15:00,2.06
456,2016-08-20T02:20:00,2.05
457,2016-08-20T02:25:00,2.05
458,2016-08-20T02:30:00,2.09
459,2016-08-20T02:35:00,2.06
460,2016-08-20T02:40:00,2.05
461,2016-08-20T02:45:00,2.11
462,2016-08-20T02:50:00,2.03
463,2016-08-20T02:55:00,2.05
464,2016-08-20T03:00:00,2.12
465,2016-08-20T03:05:00,2.01
466,2016-08-20T03:10:00,2.06
467,2016-08-20T03:15:00,2.09
468,2016-08-20T03:20:00,2.06
469,2016-08-20T03:25:00,2.06
470,2016-08-20T03:30:00,2.07
471,2016-08-20T03:35:00,2.09
472,2016-08-20T03:40:00,2.06
473,2016-08-20T03:45:00,2.07
474,2016-08-20T03:50:00,2.08
475,2016-08-20T03:55:00,3.63
476,2016-08-20T04:00:00,3.97
477,2016-08-20T04:05:00,5.47
478,2016-08-20T04:10:00,5.3
479,2016-08-20T04:15:00,5.46
480,2016-08-20T04:20:00,3.81
481,2016-08-20T04:25:00,3.71
482,2016-08-20T04:30:00,2.02
483,2016-08-20T04:35:00,2.05
484,2016-08-20T04:40:00,2.1
485,2016-08-20T04:45:00,2.06
486,2016-08-20T04:50:00,2.05
487,2016-08-20T04:55:00,2.1
488,2016-08-20T05:00:00,2.31
489,2016-08-20T05:05:00,2.4
490,2016-08-20T05:10:00,4.77
491,2016-08-20T05:15:00,10.78
492,2016-08-20T05:20:00,8.94
493,2016-08-20T05:25:00,10.93
494,2016-08-20T05:30:00,8.42
495,2016-08-20T05:35:00,12.93
496,2016-08-20T05:40:00,9.31
497,2016-08-20T05:45:00,14
498,2016-08-20T05:50:00,18.23
499,2016-08-20T05:55:00,32.36
500,2016-08-20T06:00:00,37.03
501,2016-08-20T06:05:00,36.88
502,2016-08-20T06:10:00,26.87
503,2016-08-20T06:15:00,26.05
504,2016-08-20T06:20:00,28.34
505,2016-08-20T06:25:00,30.88
506,2016-08-20T06:30:00,33.45
507,2016-08-20T06:35:00,36.07
508,2016-08-20T06:40:00,37.76
509,2016-08-20T06:45:00,40.26
510,2016-08-20T06:50:00,52.24
511,2016-08-20T06:55:00,55.46
512,2016-08-20T07:00:00,55.68
513,2016-08-20T07:05:00,55.83
514,2016-08-20T07:10:00,54.33
515,2016-08-20T07:15:00,51.66
516,2016-08-20T07:20:00,51.77
517,2016-08-20T07:25:00,54.96
518,2016-08-20T07:30:00,59.8
519,2016-08-20T07:35:00,58.07
520,2016-08-20T07:40:00,53.23
521,2016-08-20T07:45:00,58.23
522,2016-08-20T07:50:00,63.78
523,2016-08-20T07:55:00,65.45
524,2016-08-20T08:00:00,65.8
525,2016-08-20T08:05:00,63.4
526,2016-08-20T08:10:00,60.61
527,2016-08-20T08:15:00,59.58
528,2016-08-20T08:20:00,59.48
529,2016-08-20T08:25:00,59.96
530,2016-08-20T08:30:00,64.87
531,2016-08-20T08:35:00,68.66
532,2016-08-20T08:40:00,67.2
533,2016-08-20T08:45:00,65.12
534,2016-08-20T08:50:00,63.94
535,2016-08-20T08:55:00,64.88
536,2016-08-20T09:00:00,63.37
537,2016-08-20T09:05:00,60.93
538,2016-08-20T09:10:00,58.41
539,2016-08-20T09:15:00,63.87
540,2016-08-20T09:20:00,68.4
541,2016-08-20T09:25:00,67.52
542,2016-08-20T09:30:00,60.78
543,2016-08-20T09:35:00,57.09
544,2016-08-20T09:40:00,57.6
545,2016-08-20T09:45:00,56.73
546,2016-08-20T09:50:00,58
547,2016-08-20T09:55:00,62.66
548,2016-08-20T10:00:00,66.65
549,2016-08-20T10:05:00,68.03
550,2016-08-20T10:10:00,71.62
551,2016-08-20T10:15:00,71.76
552,2016-08-20T10:20:00,69.11
553,2016-08-20T10:25:00,66.96
554,2016-08-20T10:30:00,66.74
555,2016-08-20T10:35:00,70.59
556,2016-08-20T10:40:00,72.8
557,2016-08-20T10:45:00,73.9
558,2016-08-20T10:50:00,77.9
559,2016-08-20T10:55:00,77.52
560,2016-08-20T11:00:00,78.63
561,2016-08-20T11:05:00,81.69
562,2016-08-20T11:10:00,80.95
563,2016-08-20T11:15:00,82.49
564,2016-08-20T11:20:00,83.55
565,2016-08-20T11:25:00,83.59
566,2016-08-20T11:30:00,81.25
567,2016-08-20T11:35:00,78.37
568,2016-08-20T11:40:00,77.7
569,2016-08-20T11:45:00,77.36
570,2016-08-20T11:50:00,75.77
571,2016-08-20T11:55:00,74.41
572,2016-08-20T12:00:00,76.05
573,2016-08-20T12:05:00,75.52
574,2016-08-20T12:10:00,74.08
575,2016-08-20T12:15:00,73.31
576,2016-08-20T12:20:00,74.96
577,2016-08-20T12:25:00,80.84
578,2016-08-20T12:30:00,82.16
579,2016-08-20T12:35:00,81.52
580,2016-08-20T12:40:00,76.88
581,2016-08-20T12:45:00,76.7
582,2016-08-20T12:50:00,74.2
583,2016-08-20T12:55:00,71.72
584,2016-08-20T13:00:00,74.73
585,2016-08-20T13:05:00,77.26
586,2016-08-20T13:10:00,78.96
587,2016-08-20T13:15:00,79.05
588,2016-08-20T13:20:00,81.9
589,2016-08-20T13:25:00,84.43
590,2016-08-20T13:30:00,84.96
591,2016-08-20T13:35:00,84.97
592,2016-08-20T13:40:00,85.06
593,2016-08-20T13:45:00,84.28
594,2016-08-20T13:50:00,84.64
595,2016-08-20T13:55:00,81.95
596,2016-08-20T14:00:00,81.18
597,2016-08-20T14:05:00,83.16
598,2016-08-20T14:10:00,85.54
599,2016-08-20T14:15:00,87.41
600,2016-08-20T14:20:00,89.53
601,2016-08-20T14:25:00,88.39
602,2016-08-20T14:30:00,87.04
603,2016-08-20T14:35:00,83.12
604,2016-08-20T14:40:00,78.95
605,2016-08-20T14:45:00,73.65
606,2016-08-20T14:50:00,78.31
607,2016-08-20T14:55:00,79.83
608,2016-08-20T15:00:00,79.4
609,2016-08-20T15:05:00,80.89
610,2016-08-20T15:10:00,83.48
611,2016-08-20T15:15:00,70.6
612,2016-08-20T15:20:00,58.09
613,2016-08-20T15:25:00,63.09
614,2016-08-20T15:30:00,69.23
615,2016-08-20T15:35:00,76.46
616,2016-08-20T15:40:00,80.27
617,2016-08-20T15:45:00,83.12
618,2016-08-20T15:50:00,84.69
619,2016-08-20T15:55:00,85.46
620,2016-08-20T16:00:00,85.27
621,2016-08-20T16:05:00,83.76
622,2016-08-20T16:10:00,80.48
623,2016-08-20T16:15:00,79.89
624,2016-08-20T16:20:00,81.84
625,2016-08-20T16:25:00,82.02
626,2016-08-20T16:30:00,78.9
627,2016-08-20T16:35:00,79.92
628,2016-08-20T16:40:00,81.05
629,2016-08-20T16:45:00,80.64
630,2016-08-20T16:50:00,78.52
631,2016-08-20T16:55:00,80.25
632,2016-08-20T17:00:00,76.94
633,2016-08-20T17:05:00,79.15
634,2016-08-20T17:10:00,79.94
635,2016-08-20T17:15:00,78.95
636,2016-08-20T17:20:00,71.59
637,2016-08-20T17:25:00,67.77
638,2016-08-20T17:30:00,70.17
639,2016-08-20T17:35:00,76.18
640,2016-08-20T17:40:00,78.74
641,2016-08-20T17:45:00,78.2
642,2016-08-20T17:50:00,76.33
643,2016-08-20T17:55:00,71.26
644,2016-08-20T18:00:00,71.48
645,2016-08-20T18:05:00,71.86
646,2016-08-20T18:10:00,70.71
647,2016-08-20T18:15:00,70.02
648,2016-08-20T18:20:00,70.7
649,2016-08-20T18:25:00,70.96
650,2016-08-20T18:30:00,71.58
651,2016-08-20T18:35:00,71.94
652,2016-08-20T18:40:00,72.36
653,2016-08-20T18:45:00,73.92
654,2016-08-20T18:50:00,74.89
655,2016-08-20T18:55:00,77.65
656,2016-08-20T19:00:00,78.87
657,2016-08-20T19:05:00,78.03
658,2016-08-20T19:10:00,76.65
659,2016-08-20T19:15:00,74.47
660,2016-08-20T19:20:00,72.04
661,2016-08-20T19:25:00,71.79
662,2016-08-20T19:30:00,71.39
663,2016-08-20T19:35:00,71.11
664,2016-08-20T19:40:00,74.13
665,2016-08-20T19:45:00,75.72
666,2016-08-20T19:50:00,70.46
667,2016-08-20T19:55:00,67.06
668,2016-08-20T20:00:00,63.27
669,2016-08-20T20:05:00,54.27
670,2016-08-20T20:10:00,49.94
671,2016-08-20T20:15:00,45.92
672,2016-08-20T20:20:00,42.92
673,2016-08-20T20:25:00,38.76
674,2016-08-20T20:30:00,37.63
675,2016-08-20T20:35:00,37.12
676,2016-08-20T20:40:00,31.95
677,2016-08-20T20:45:00,26.95
678,2016-08-20T20:50:00,22.67
679,2016-08-20T20:55:00,19.38
680,2016-08-20T21:00:00,16.95
681,2016-08-20T21:05:00,15.33
682,2016-08-20T21:10:00,14.39
683,2016-08-20T21:15:00,13.81
684,2016-08-20T21:20:00,13.49
685,2016-08-20T21:25:00,13.45
686,2016-08-20T21:30:00,13.32
687,2016-08-20T21:35:00,13.3
688,2016-08-20T21:40:00,13.31
689,2016-08-20T21:45:00,13.28
690,2016-08-20T21:50:00,13.27
691,2016-08-20T21:55:00,9.91
692,2016-08-20T22:00:00,2.11
693,2016-08-20T22:05:00,2.12
694,2016-08-20T22:10:00,2.48
695,2016-08-20T22:15:00,5.21
696,2016-08-20T22:20:00,5.33
697,2016-08-20T22:25:00,3.32
698,2016-08-20T22:30:00,2.02
699,2016-08-20T22:35:00,2.12
700,2016-08-20T22:40:00,2.03
701,2016-08-20T22:45:00,2.01
702,2016-08-20T22:50:00,2.1
703,2016-08-20T22:55:00,1.94
704,2016-08-20T23:00:00,1.89
705,2016-08-20T23:05:00,1.94
706,2016-08-20T23:10:00,1.89
707,2016-08-20T23:15:00,1.91
708,2016-08-20T23:20:00,1.96
709,2016-08-20T23:25:00,1.95
710,2016-08-20T23:30:00,1.95
711,2016-08-20T23:35:00,1.95
712,2016-08-20T23:40:00,1.94
713,2016-08-20T23:45:00,2
714,2016-08-20T23:50:00,1.94
715,2016-08-20T23:55:00,1.92
716,2016-08-21T00:00:00,2.01
717,2016-08-21T00:05:00,1.93
718,2016-08-21T00:10:00,1.97
719,2016-08-21T00:15:00,2.04
720,2016-08-21T00:20:00,1.94
721,2016-08-21T00:25:00,1.97
722,2016-08-21T00:30:00,2.04
723,2016-08-21T00:35:00,1.99
724,2016-08-21T00:40:00,1.98
725,2016-08-21T00:45:00,2.03
726,2016-08-21T00:50:00,2.04
727,2016-08-21T00:55:00,2.03
728,2016-08-21T01:00:00,2.05
729,2016-08-21T01:05:00,2.05
730,2016-08-21T01:10:00,27.1
731,2016-08-21T01:15:00,38.44
732,2016-08-21T01:20:00,39.65
733,2016-08-21T01:25:00,13.42
734,2016-08-21T01:30:00,1.99
735,2016-08-21T01:35:00,2
736,2016-08-21T01:40:00,2.08
737,2016-08-21T01:45:00,2
738,2016-08-21T01:50:00,2.03
739,2016-08-21T01:55:00,2.1
740,2016-08-21T02:00:00,2.03
741,2016-08-21T02:05:00,2.04
742,2016-08-21T02:10:00,2.09
743,2016-08-21T02:15:00,2.08
744,2016-08-21T02:20:00,2.05
745,2016-08-21T02:25:00,2.04
746,2016-08-21T02:30:00,2.06
747,2016-08-21T02:35:00,2.06
748,2016-08-21T02:40:00,2.02
749,2016-08-21T02:45:00,1.97
750,2016-08-21T02:50:00,2.08
751,2016-08-21T02:55:00,1.97
752,2016-08-21T03:00:00,1.96
753,2016-08-21T03:05:00,2.07
754,2016-08-21T03:10:00,1.99
755,2016-08-21T03:15:00,1.98
756,2016-08-21T03:20:00,2.07
757,2016-08-21T03:25:00,1.91
758,2016-08-21T03:30:00,1.96
759,2016-08-21T03:35:00,2.03
760,2016-08-21T03:40:00,1.95
761,2016-08-21T03:45:00,2
762,2016-08-21T03:50:00,2.02
763,2016-08-21T03:55:00,1.95
764,2016-08-21T04:00:00,24.77
765,2016-08-21T04:05:00,23.6
766,2016-08-21T04:10:00,25.5
767,2016-08-21T04:15:00,3.76
768,2016-08-21T04:20:00,1.91
769,2016-08-21T04:25:00,1.91
770,2016-08-21T04:30:00,2
771,2016-08-21T04:35:00,1.96
772,2016-08-21T04:40:00,1.94
773,2016-08-21T04:45:00,2.06
774,2016-08-21T04:50:00,1.94
775,2016-08-21T04:55:00,2.02
776,2016-08-21T05:00:00,2.32
777,2016-08-21T05:05:00,2.24
778,2016-08-21T05:10:00,2.32
779,2016-08-21T05:15:00,2.46
780,2016-08-21T05:20:00,2.66
781,2016-08-21T05:25:00,3.23
782,2016-08-21T05:30:00,4.16
783,2016-08-21T05:35:00,5.81
784,2016-08-21T05:40:00,8.49
785,2016-08-21T05:45:00,12.02
786,2016-08-21T05:50:00,16.6
787,2016-08-21T05:55:00,23.73
788,2016-08-21T06:00:00,31.35
789,2016-08-21T06:05:00,35.22
790,2016-08-21T06:10:00,40.01
791,2016-08-21T06:15:00,46.38
792,2016-08-21T06:20:00,51.93
793,2016-08-21T06:25:00,58.9
794,2016-08-21T06:30:00,63.37
795,2016-08-21T06:35:00,66.17
796,2016-08-21T06:40:00,68.65
797,2016-08-21T06:45:00,71.05
798,2016-08-21T06:50:00,71.68
799,2016-08-21T06:55:00,73.04
800,2016-08-21T07:00:00,75.06
801,2016-08-21T07:05:00,70.27
802,2016-08-21T07:10:00,68.26
803,2016-08-21T07:15:00,67.47
804,2016-08-21T07:20:00,70.06
805,2016-08-21T07:25:00,70.79
806,2016-08-21T07:30:00,78.72
807,2016-08-21T07:35:00,80.59
808,2016-08-21T07:40:00,81.27
809,2016-08-21T07:45:00,81.24
810,2016-08-21T07:50:00,75.53
811,2016-08-21T07:55:00,75.38
812,2016-08-21T08:00:00,76.67
813,2016-08-21T08:05:00,80.98
814,2016-08-21T08:10:00,81.34
815,2016-08-21T08:15:00,84.04
816,2016-08-21T08:20:00,83.7
817,2016-08-21T08:25:00,83.95
818,2016-08-21T08:30:00,84.16
819,2016-08-21T08:35:00,84.42
820,2016-08-21T08:40:00,85.1
821,2016-08-21T08:45:00,86.3
822,2016-08-21T08:50:00,85.49
823,2016-08-21T08:55:00,86.17
824,2016-08-21T09:00:00,84.77
825,2016-08-21T09:05:00,86.55
826,2016-08-21T09:10:00,87.77
827,2016-08-21T09:15:00,86.36
828,2016-08-21T09:20:00,83.58
829,2016-08-21T09:25:00,82.73
830,2016-08-21T09:30:00,81.75
831,2016-08-21T09:35:00,83.99
832,2016-08-21T09:40:00,85.92
833,2016-08-21T09:45:00,85.72
834,2016-08-21T09:50:00,83.83
835,2016-08-21T09:55:00,85.79
836,2016-08-21T10:00:00,85.39
837,2016-08-21T10:05:00,87.69
838,2016-08-21T10:10:00,90.57
839,2016-08-21T10:15:00,90.37
840,2016-08-21T10:20:00,90.45
841,2016-08-21T10:25:00,90.14
842,2016-08-21T10:30:00,89.59
843,2016-08-21T10:35:00,89.1
844,2016-08-21T10:40:00,89.11
845,2016-08-21T10:45:00,89.3
846,2016-08-21T10:50:00,89.68
847,2016-08-21T10:55:00,89.86
848,2016-08-21T11:00:00,90.26
849,2016-08-21T11:05:00,91.09
850,2016-08-21T11:10:00,90.87
851,2016-08-21T11:15:00,92.56
852,2016-08-21T11:20:00,92.04
853,2016-08-21T11:25:00,91.16
854,2016-08-21T11:30:00,95.99
855,2016-08-21T11:35:00,96.3
856,2016-08-21T11:40:00,96.25
857,2016-08-21T11:45:00,95.39
858,2016-08-21T11:50:00,96.71
859,2016-08-21T11:55:00,95.74
860,2016-08-21T12:00:00,93.36
861,2016-08-21T12:05:00,93.18
862,2016-08-21T12:10:00,94.14
863,2016-08-21T12:15:00,92.92
864,2016-08-21T12:20:00,91.01
865,2016-08-21T12:25:00,91.79
866,2016-08-21T12:30:00,95.84
867,2016-08-21T12:35:00,97.08
868,2016-08-21T12:40:00,96.11
869,2016-08-21T12:45:00,94.54
870,2016-08-21T12:50:00,93.44
871,2016-08-21T12:55:00,93.23
872,2016-08-21T13:00:00,93.03
873,2016-08-21T13:05:00,93.85
874,2016-08-21T13:10:00,96.1
875,2016-08-21T13:15:00,93.31
876,2016-08-21T13:20:00,97.28
877,2016-08-21T13:25:00,97.3
878,2016-08-21T13:30:00,97.34
879,2016-08-21T13:35:00,93.09
880,2016-08-21T13:40:00,96.24
881,2016-08-21T13:45:00,94.6
882,2016-08-21T13:50:00,95.6
883,2016-08-21T13:55:00,94.59
884,2016-08-21T14:00:00,93.56
885,2016-08-21T14:05:00,95.33
886,2016-08-21T14:10:00,97.38
887,2016-08-21T14:15:00,92.02
888,2016-08-21T14:20:00,90.22
889,2016-08-21T14:25:00,89.2
890,2016-08-21T14:30:00,89.58
891,2016-08-21T14:35:00,89.08
892,2016-08-21T14:40:00,88.56
893,2016-08-21T14:45:00,88.35
894,2016-08-21T14:50:00,88.32
895,2016-08-21T14:55:00,87.95
896,2016-08-21T15:00:00,87.66
897,2016-08-21T15:05:00,88.33
898,2016-08-21T15:10:00,87.61
899,2016-08-21T15:15:00,87.61
900,2016-08-21T15:20:00,88.72
901,2016-08-21T15:25:00,86.28
902,2016-08-21T15:30:00,87.8
903,2016-08-21T15:35:00,87.78
904,2016-08-21T15:40:00,88.02
905,2016-08-21T15:45:00,87.68
906,2016-08-21T15:50:00,87.62
907,2016-08-21T15:55:00,87.42
908,2016-08-21T16:00:00,87.13
909,2016-08-21T16:05:00,86.4
910,2016-08-21T16:10:00,86.38
911,2016-08-21T16:15:00,86.92
912,2016-08-21T16:20:00,87.1
913,2016-08-21T16:25:00,85.5
914,2016-08-21T16:30:00,84.57
915,2016-08-21T16:35:00,83.35
916,2016-08-21T16:40:00,83.83
917,2016-08-21T16:45:00,79.34
918,2016-08-21T16:50:00,77.87
919,2016-08-21T16:55:00,78.71
920,2016-08-21T17:00:00,84.82
921,2016-08-21T17:05:00,80.83
922,2016-08-21T17:10:00,81.07
923,2016-08-21T17:15:00,78.72
924,2016-08-21T17:20:00,81.45
925,2016-08-21T17:25:00,80.69
926,2016-08-21T17:30:00,79.55
927,2016-08-21T17:35:00,79.43
928,2016-08-21T17:40:00,79.59
929,2016-08-21T17:45:00,79.89
930,2016-08-21T17:50:00,80.12
931,2016-08-21T17:55:00,80.81
932,2016-08-21T18:00:00,79.86
933,2016-08-21T18:05:00,78.11
934,2016-08-21T18:10:00,77.28
935,2016-08-21T18:15:00,77.89
936,2016-08-21T18:20:00,75.98
937,2016-08-21T18:25:00,75.94
938,2016-08-21T18:30:00,76.14
939,2016-08-21T18:35:00,75.41
940,2016-08-21T18:40:00,74.59
941,2016-08-21T18:45:00,73.62
942,2016-08-21T18:50:00,72.19
943,2016-08-21T18:55:00,74.45
944,2016-08-21T19:00:00,75.7
945,2016-08-21T19:05:00,77
946,2016-08-21T19:10:00,78.55
947,2016-08-21T19:15:00,80.12
948,2016-08-21T19:20:00,74.7
949,2016-08-21T19:25:00,73.72
950,2016-08-21T19:30:00,69.84
951,2016-08-21T19:35:00,71.85
952,2016-08-21T19:40:00,69.87
953,2016-08-21T19:45:00,69.58
954,2016-08-21T19:50:00,67.81
955,2016-08-21T19:55:00,66.57
956,2016-08-21T20:00:00,63.79
957,2016-08-21T20:05:00,57.38
958,2016-08-21T20:10:00,49.48
959,2016-08-21T20:15:00,44.27
960,2016-08-21T20:20:00,40.08
961,2016-08-21T20:25:00,36.5
962,2016-08-21T20:30:00,33.17
963,2016-08-21T20:35:00,33.55
964,2016-08-21T20:40:00,29.31
965,2016-08-21T20:45:00,25.38
966,2016-08-21T20:50:00,21.6
967,2016-08-21T20:55:00,18.5
968,2016-08-21T21:00:00,16.25
969,2016-08-21T21:05:00,14.75
970,2016-08-21T21:10:00,13.87
971,2016-08-21T21:15:00,13.47
972,2016-08-21T21:20:00,13.26
973,2016-08-21T21:25:00,13.12
974,2016-08-21T21:30:00,13.13
975,2016-08-21T21:35:00,13.09
976,2016-08-21T21:40:00,13.1
977,2016-08-21T21:45:00,13.11
978,2016-08-21T21:50:00,13.06
979,2016-08-21T21:55:00,9.32
980,2016-08-21T22:00:00,2.14
981,2016-08-21T22:05:00,2.11
982,2016-08-21T22:10:00,8.46
983,2016-08-21T22:15:00,5.28
984,2016-08-21T22:20:00,8.63
985,2016-08-21T22:25:00,2.12
986,2016-08-21T22:30:00,2.13
987,2016-08-21T22:35:00,2.13
988,2016-08-21T22:40:00,2.16
989,2016-08-21T22:45:00,2.11
990,2016-08-21T22:50:00,2.08
991,2016-08-21T22:55:00,2.12
992,2016-08-21T23:00:00,1.95
993,2016-08-21T23:05:00,1.95
994,2016-08-21T23:10:00,2.02
995,2016-08-21T23:15:00,1.92
996,2016-08-21T23:20:00,1.89
997,2016-08-21T23:25:00,1.97
998,2016-08-21T23:30:00,1.86
999,2016-08-21T23:35:00,1.91
1000,2016-08-21T23:40:00,1.96
1001,2016-08-21T23:45:00,1.87
1002,2016-08-21T23:50:00,1.92
1003,2016-08-21T23:55:00,1.91
1004,2016-08-22T00:00:00,1.85
1005,2016-08-22T00:05:00,1.95
1006,2016-08-22T00:10:00,1.85
1007,2016-08-22T00:15:00,1.79
1008,2016-08-22T00:20:00,1.92
1009,2016-08-22T00:25:00,1.84
1010,2016-08-22T00:30:00,1.83
1011,2016-08-22T00:35:00,1.92
1012,2016-08-22T00:40:00,1.84
1013,2016-08-22T00:45:00,1.84
1014,2016-08-22T00:50:00,1.94
1015,2016-08-22T00:55:00,1.88
1016,2016-08-22T01:00:00,1.81
1017,2016-08-22T01:05:00,15.97
1018,2016-08-22T01:10:00,22.33
1019,2016-08-22T01:15:00,18.05
1020,2016-08-22T01:20:00,8.11
1021,2016-08-22T01:25:00,1.82
1022,2016-08-22T01:30:00,1.88
1023,2016-08-22T01:35:00,1.83
1024,2016-08-22T01:40:00,1.81
1025,2016-08-22T01:45:00,1.91
1026,2016-08-22T01:50:00,1.81
1027,2016-08-22T01:55:00,1.85
1028,2016-08-22T02:00:00,1.92
1029,2016-08-22T02:05:00,1.83
1030,2016-08-22T02:10:00,1.88
1031,2016-08-22T02:15:00,1.92
1032,2016-08-22T02:20:00,1.85
1033,2016-08-22T02:25:00,1.82
1034,2016-08-22T02:30:00,1.91
1035,2016-08-22T02:35:00,1.85
1036,2016-08-22T02:40:00,1.94
1037,2016-08-22T02:45:00,1.92
1038,2016-08-22T02:50:00,1.91
1039,2016-08-22T02:55:00,1.95
1040,2016-08-22T03:00:00,1.87
1041,2016-08-22T03:05:00,1.87
1042,2016-08-22T03:10:00,1.97
1043,2016-08-22T03:15:00,1.83
1044,2016-08-22T03:20:00,1.89
1045,2016-08-22T03:25:00,1.98
1046,2016-08-22T03:30:00,1.91
1047,2016-08-22T03:35:00,1.95
1048,2016-08-22T03:40:00,1.98
1049,2016-08-22T03:45:00,1.91
1050,2016-08-22T03:50:00,1.92
1051,2016-08-22T03:55:00,1.93
1052,2016-08-22T04:00:00,2.05
1053,2016-08-22T04:05:00,8.4
1054,2016-08-22T04:10:00,20.65
1055,2016-08-22T04:15:00,13.83
1056,2016-08-22T04:20:00,19.6
1057,2016-08-22T04:25:00,14.56
1058,2016-08-22T04:30:00,21.03
1059,2016-08-22T04:35:00,13.84
1060,2016-08-22T04:40:00,20.8
1061,2016-08-22T04:45:00,13.9
1062,2016-08-22T04:50:00,19.14
1063,2016-08-22T04:55:00,2.08
1064,2016-08-22T05:00:00,2.15
1065,2016-08-22T05:05:00,22.99
1066,2016-08-22T05:10:00,56.06
1067,2016-08-22T05:15:00,63.07
1068,2016-08-22T05:20:00,62.97
1069,2016-08-22T05:25:00,62.97
1070,2016-08-22T05:30:00,62.93
1071,2016-08-22T05:35:00,62.93
1072,2016-08-22T05:40:00,63.04
1073,2016-08-22T05:45:00,63.25
1074,2016-08-22T05:50:00,63.6
1075,2016-08-22T05:55:00,63.67
1076,2016-08-22T06:00:00,64.46
1077,2016-08-22T06:05:00,66.03
1078,2016-08-22T06:10:00,66.89
1079,2016-08-22T06:15:00,67.89
1080,2016-08-22T06:20:00,67.87
1081,2016-08-22T06:25:00,70.01
1082,2016-08-22T06:30:00,73.21
1083,2016-08-22T06:35:00,74.55
1084,2016-08-22T06:40:00,75.96
1085,2016-08-22T06:45:00,77.21
1086,2016-08-22T06:50:00,77.53
1087,2016-08-22T06:55:00,78.26
1088,2016-08-22T07:00:00,79.22
1089,2016-08-22T07:05:00,80.66
1090,2016-08-22T07:10:00,81.27
1091,2016-08-22T07:15:00,81.66
1092,2016-08-22T07:20:00,81.94
1093,2016-08-22T07:25:00,82.21
1094,2016-08-22T07:30:00,82.83
1095,2016-08-22T07:35:00,83.15
1096,2016-08-22T07:40:00,83.38
1097,2016-08-22T07:45:00,83.66
1098,2016-08-22T07:50:00,83.94
1099,2016-08-22T07:55:00,84.16
1100,2016-08-22T08:00:00,84.44
1101,2016-08-22T08:05:00,84.65
1102,2016-08-22T08:10:00,84.83
1103,2016-08-22T08:15:00,84.94
1104,2016-08-22T08:20:00,84.98
1105,2016-08-22T08:25:00,85.21
1106,2016-08-22T08:30:00,85.15
1107,2016-08-22T08:35:00,84.96
1108,2016-08-22T08:40:00,85.6
1109,2016-08-22T08:45:00,85.82
1110,2016-08-22T08:50:00,85.99
1111,2016-08-22T08:55:00,86.02
1112,2016-08-22T09:00:00,86.16
1113,2016-08-22T09:05:00,86.22
1114,2016-08-22T09:10:00,86.42
1115,2016-08-22T09:15:00,86.66
1116,2016-08-22T09:20:00,86.85
1117,2016-08-22T09:25:00,87.24
1118,2016-08-22T09:30:00,85.83
1119,2016-08-22T09:35:00,87.8
1120,2016-08-22T09:40:00,86.68
1121,2016-08-22T09:45:00,87.98
1122,2016-08-22T09:50:00,88.73
1123,2016-08-22T09:55:00,91.5
1124,2016-08-22T10:00:00,93.63
1125,2016-08-22T10:05:00,92.08
1126,2016-08-22T10:10:00,89.77
1127,2016-08-22T10:15:00,89.94
1128,2016-08-22T10:20:00,89.32
1129,2016-08-22T10:25:00,89.71
1130,2016-08-22T10:30:00,89.78
1131,2016-08-22T10:35:00,90.21
1132,2016-08-22T10:40:00,89.65
1133,2016-08-22T10:45:00,89.26
1134,2016-08-22T10:50:00,89.96
1135,2016-08-22T10:55:00,91.03
1136,2016-08-22T11:00:00,90.01
1137,2016-08-22T11:05:00,89.97
1138,2016-08-22T11:10:00,90.52
1139,2016-08-22T11:15:00,90.8
1140,2016-08-22T11:20:00,92.68
1141,2016-08-22T11:25:00,89.29
1142,2016-08-22T11:30:00,85.45
1143,2016-08-22T11:35:00,84.12
1144,2016-08-22T11:40:00,83.61
1145,2016-08-22T11:45:00,84.24
1146,2016-08-22T11:50:00,84.09
1147,2016-08-22T11:55:00,81.37
1148,2016-08-22T12:00:00,78.47
1149,2016-08-22T12:05:00,78.84
1150,2016-08-22T12:10:00,79.88
1151,2016-08-22T12:15:00,79.69
1152,2016-08-22T12:20:00,80.36
1153,2016-08-22T12:25:00,81.96
1154,2016-08-22T12:30:00,86.68
1155,2016-08-22T12:35:00,85.89
1156,2016-08-22T12:40:00,81.56
1157,2016-08-22T12:45:00,83.9
1158,2016-08-22T12:50:00,85.63
1159,2016-08-22T12:55:00,83.54
1160,2016-08-22T13:00:00,81.18
1161,2016-08-22T13:05:00,81.03
1162,2016-08-22T13:10:00,84.78
1163,2016-08-22T13:15:00,82.45
1164,2016-08-22T13:20:00,81.81
1165,2016-08-22T13:25:00,82.64
1166,2016-08-22T13:30:00,80.42
1167,2016-08-22T13:35:00,79.35
1168,2016-08-22T13:40:00,78.74
1169,2016-08-22T13:45:00,79.22
1170,2016-08-22T13:50:00,79.76
1171,2016-08-22T13:55:00,80.23
1172,2016-08-22T14:00:00,81.37
1173,2016-08-22T14:05:00,83.59
1174,2016-08-22T14:10:00,83.93
1175,2016-08-22T14:15:00,82.12
1176,2016-08-22T14:20:00,81.14
1177,2016-08-22T14:25:00,87.76
1178,2016-08-22T14:30:00,88.85
1179,2016-08-22T14:35:00,88.1
1180,2016-08-22T14:40:00,85.36
1181,2016-08-22T14:45:00,85.14
1182,2016-08-22T14:50:00,90.09
1183,2016-08-22T14:55:00,87.57
1184,2016-08-22T15:00:00,87.52
1185,2016-08-22T15:05:00,91.99
1186,2016-08-22T15:15:00,91.79
1187,2016-08-22T15:20:00,88.21
1188,2016-08-22T15:25:00,83.32
1189,2016-08-22T15:30:00,78
1190,2016-08-22T15:35:00,74.95
1191,2016-08-22T15:40:00,75.65
1192,2016-08-22T15:45:00,73.99
1193,2016-08-22T15:50:00,70.64
1194,2016-08-22T15:55:00,73.56
1195,2016-08-22T16:00:00,79.91
1196,2016-08-22T16:05:00,84.07
1197,2016-08-22T16:10:00,87.2
1198,2016-08-22T16:15:00,80.15
1199,2016-08-22T16:20:00,82.15
1200,2016-08-22T16:25:00,82.13
1201,2016-08-22T16:30:00,88.22
1202,2016-08-22T16:35:00,76.47
1203,2016-08-22T16:40:00,67.56
1204,2016-08-22T16:45:00,65.93
1205,2016-08-22T16:50:00,64.57
1206,2016-08-22T16:55:00,67.73
1207,2016-08-22T17:00:00,81.58
1208,2016-08-22T17:05:00,86.69
1209,2016-08-22T17:10:00,87.49
1210,2016-08-22T17:15:00,76.3
1211,2016-08-22T17:20:00,66.8
1212,2016-08-22T17:25:00,61
1213,2016-08-22T17:30:00,60.37
1214,2016-08-22T17:35:00,60.36
1215,2016-08-22T17:40:00,60
1216,2016-08-22T17:45:00,73.14
1217,2016-08-22T17:50:00,75.41
1218,2016-08-22T17:55:00,77.32
1219,2016-08-22T18:00:00,83.02
1220,2016-08-22T18:05:00,83.76
1221,2016-08-22T18:10:00,85.01
1222,2016-08-22T18:15:00,83.26
1223,2016-08-22T18:20:00,81.61
1224,2016-08-22T18:25:00,78.44
1225,2016-08-22T18:30:00,79.06
1226,2016-08-22T18:35:00,77.47
1227,2016-08-22T18:40:00,77.48
1228,2016-08-22T18:45:00,75.05
1229,2016-08-22T18:50:00,68.52
1230,2016-08-22T18:55:00,65.12
1231,2016-08-22T19:00:00,62.48
1232,2016-08-22T19:05:00,57.14
1233,2016-08-22T19:10:00,52.39
1234,2016-08-22T19:15:00,47.96
1235,2016-08-22T19:20:00,46.87
1236,2016-08-22T19:25:00,45.66
1237,2016-08-22T19:30:00,42.9
1238,2016-08-22T19:35:00,38.41
1239,2016-08-22T19:40:00,34.17
1240,2016-08-22T19:45:00,31.65
1241,2016-08-22T19:50:00,28.95
1242,2016-08-22T19:55:00,26.41
1243,2016-08-22T20:00:00,24.15
1244,2016-08-22T20:05:00,20.42
1245,2016-08-22T20:10:00,17.63
1246,2016-08-22T20:15:00,15.71
1247,2016-08-22T20:20:00,11.72
1248,2016-08-22T20:25:00,10.31
1249,2016-08-22T20:30:00,8.43
1250,2016-08-22T20:35:00,7.12
1251,2016-08-22T20:40:00,5.57
1252,2016-08-22T20:45:00,4.02
1253,2016-08-22T20:50:00,3.17
1254,2016-08-22T20:55:00,2.6
1255,2016-08-22T21:00:00,2.35
1256,2016-08-22T21:05:00,2.11
1257,2016-08-22T21:10:00,1.97
1258,2016-08-22T21:15:00,1.95
1259,2016-08-22T21:20:00,1.95
1260,2016-08-22T21:25:00,1.92
1261,2016-08-22T21:30:00,1.88
1262,2016-08-22T21:35:00,1.87
1263,2016-08-22T21:40:00,1.86
1264,2016-08-22T21:45:00,1.86
1265,2016-08-22T21:50:00,1.86
1266,2016-08-22T21:55:00,1.4
1267,2016-08-22T22:00:00,0.58
1268,2016-08-22T22:05:00,0.59
1269,2016-08-22T22:10:00,0.59
1270,2016-08-22T22:15:00,0.59
1271,2016-08-22T22:20:00,0.59
1272,2016-08-22T22:25:00,0.58
1273,2016-08-22T22:30:00,0.59
1274,2016-08-22T22:35:00,0.59
1275,2016-08-22T22:40:00,0.57
1276,2016-08-22T22:45:00,0.59
1277,2016-08-22T22:50:00,0.59
1278,2016-08-22T22:55:00,0.5
1279,2016-08-22T23:00:00,0.29
1280,2016-08-22T23:05:00,0.27
1281,2016-08-22T23:10:00,0.29
1282,2016-08-22T23:15:00,0.29
1283,2016-08-22T23:20:00,0.29
1284,2016-08-22T23:25:00,0.28
1285,2016-08-22T23:30:00,0.28
1286,2016-08-22T23:35:00,0.28
1287,2016-08-22T23:40:00,0.29
1288,2016-08-22T23:45:00,0.29
1289,2016-08-22T23:50:00,0.29
1290,2016-08-22T23:55:00,0.29
1291,2016-08-23T00:00:00,0.29
1292,2016-08-23T00:05:00,0.29
1293,2016-08-23T00:10:00,0.29
1294,2016-08-23T00:15:00,0.29
1295,2016-08-23T00:20:00,0.29
1296,2016-08-23T00:25:00,0.29
1297,2016-08-23T00:30:00,0.29
1298,2016-08-23T00:35:00,0.29
1299,2016-08-23T00:40:00,0.29
1300,2016-08-23T00:45:00,0.27
1301,2016-08-23T00:50:00,0.2
1302,2016-08-23T00:55:00,0.21
1303,2016-08-23T01:00:00,0.2
1304,2016-08-23T01:05:00,0.22
1305,2016-08-23T01:10:00,0.21
1306,2016-08-23T01:15:00,0.24
1307,2016-08-23T01:20:00,0.29
1308,2016-08-23T01:25:00,0.29
1309,2016-08-23T01:30:00,0.28
1310,2016-08-23T01:35:00,0.28
1311,2016-08-23T01:40:00,0.29
1312,2016-08-23T01:45:00,0.29
1313,2016-08-23T01:50:00,0.28
1314,2016-08-23T01:55:00,0.28
1315,2016-08-23T02:00:00,0.29
1316,2016-08-23T02:05:00,0.29
1317,2016-08-23T02:10:00,0.28
1318,2016-08-23T02:15:00,0.29
1319,2016-08-23T02:20:00,0.29
1320,2016-08-23T02:25:00,0.29
1321,2016-08-23T02:30:00,0.29
1322,2016-08-23T02:35:00,0.29
1323,2016-08-23T02:40:00,0.29
1324,2016-08-23T02:45:00,0.29
1325,2016-08-23T02:50:00,0.29
1326,2016-08-23T02:55:00,0.29
1327,2016-08-23T03:00:00,0.29
1328,2016-08-23T03:05:00,0.29
1329,2016-08-23T03:10:00,0.29
1330,2016-08-23T03:15:00,0.29
1331,2016-08-23T03:20:00,0.29
1332,2016-08-23T03:25:00,0.29
1333,2016-08-23T03:30:00,0.29
1334,2016-08-23T03:35:00,0.28
1335,2016-08-23T03:40:00,0.27
1336,2016-08-23T03:45:00,0.29
1337,2016-08-23T03:50:00,0.29
1338,2016-08-23T03:55:00,0.29
1339,2016-08-23T04:00:00,0.29
1340,2016-08-23T04:05:00,0.29
1341,2016-08-23T04:10:00,0.29
1342,2016-08-23T04:15:00,0.3
1343,2016-08-23T04:20:00,0.29
1344,2016-08-23T04:25:00,0.29
1345,2016-08-23T04:30:00,0.29
1346,2016-08-23T04:35:00,0.28
1347,2016-08-23T04:40:00,0.29
1348,2016-08-23T04:45:00,0.29
1349,2016-08-23T04:50:00,0.29
1350,2016-08-23T04:55:00,0.33
1351,2016-08-23T05:00:00,0.39
1352,2016-08-23T05:05:00,0.39
1353,2016-08-23T05:10:00,0.43
1354,2016-08-23T05:15:00,0.49
1355,2016-08-23T05:20:00,0.62
1356,2016-08-23T05:25:00,0.85
1357,2016-08-23T05:30:00,1.34
1358,2016-08-23T05:35:00,2.2
1359,2016-08-23T05:40:00,3.84
1360,2016-08-23T05:45:00,6.83
1361,2016-08-23T05:50:00,11.81
1362,2016-08-23T05:55:00,16.75
1363,2016-08-23T06:00:00,22.49
1364,2016-08-23T06:05:00,27.74
1365,2016-08-23T11:00:00,82.65
1366,2016-08-23T06:10:00,29.67
1367,2016-08-23T06:15:00,26.83
1368,2016-08-23T06:20:00,26.12
1369,2016-08-23T06:25:00,31.84
1370,2016-08-23T06:30:00,41.6
1371,2016-08-23T06:35:00,46.38
1372,2016-08-23T06:40:00,48.09
1373,2016-08-23T06:45:00,48.91
1374,2016-08-23T06:50:00,52
1375,2016-08-23T06:55:00,49.4
1376,2016-08-23T07:00:00,47.9
1377,2016-08-23T07:05:00,46.78
1378,2016-08-23T07:10:00,47.33
1379,2016-08-23T07:15:00,49.96
1380,2016-08-23T07:20:00,52.1
1381,2016-08-23T07:25:00,53.67
1382,2016-08-23T07:30:00,57.33
1383,2016-08-23T07:35:00,60.45
1384,2016-08-23T07:40:00,60.13
1385,2016-08-23T07:45:00,60.97
1386,2016-08-23T07:50:00,65.44
1387,2016-08-23T07:55:00,66.92
1388,2016-08-23T08:00:00,72.17
1389,2016-08-23T08:05:00,73.13
1390,2016-08-23T08:10:00,69.89
1391,2016-08-23T08:15:00,71.48
1392,2016-08-23T08:20:00,73.87
1393,2016-08-23T08:25:00,76.63
1394,2016-08-23T08:30:00,78.38
1395,2016-08-23T08:35:00,77.68
1396,2016-08-23T08:40:00,78.73
1397,2016-08-23T08:45:00,80.09
1398,2016-08-23T08:50:00,81.38
1399,2016-08-23T08:55:00,80.68
1400,2016-08-23T09:00:00,79.85
1401,2016-08-23T09:05:00,78.46
1402,2016-08-23T09:10:00,77.72
1403,2016-08-23T09:15:00,78.17
1404,2016-08-23T09:20:00,79.43
1405,2016-08-23T09:25:00,81.42
1406,2016-08-23T09:30:00,81.64
1407,2016-08-23T09:35:00,82.29
1408,2016-08-23T09:40:00,82.89
1409,2016-08-23T09:45:00,82.52
1410,2016-08-23T09:50:00,82.98
1411,2016-08-23T09:55:00,83.62
1412,2016-08-23T10:00:00,84.9
1413,2016-08-23T10:05:00,85.39
1414,2016-08-23T10:10:00,85.65
1415,2016-08-23T10:15:00,85.08
1416,2016-08-23T10:20:00,83.62
1417,2016-08-23T10:25:00,81.83
1418,2016-08-23T10:30:00,81.94
1419,2016-08-23T10:35:00,82.21
1420,2016-08-23T10:40:00,81.96
1421,2016-08-23T10:45:00,82.06
1422,2016-08-23T10:50:00,83.31
1423,2016-08-23T10:55:00,82.44
1424,2016-08-23T11:05:00,79.87
1425,2016-08-23T11:10:00,79.04
1426,2016-08-23T11:15:00,81.51
1427,2016-08-23T11:20:00,85.28
1428,2016-08-23T11:25:00,87.2
1429,2016-08-23T11:30:00,85.57
1430,2016-08-23T11:35:00,84.12
1431,2016-08-23T11:40:00,81.91
1432,2016-08-23T11:45:00,78.69
1433,2016-08-23T11:50:00,78.94
1434,2016-08-23T11:55:00,79.24
1435,2016-08-23T12:00:00,79.69
1436,2016-08-23T12:05:00,80.11
1437,2016-08-23T12:10:00,81.28
1438,2016-08-23T12:15:00,82.04
1439,2016-08-23T12:20:00,82.59
1440,2016-08-23T12:25:00,82.23
1441,2016-08-23T12:30:00,81.71
1442,2016-08-23T12:35:00,82.66
1443,2016-08-23T12:40:00,83.54
1444,2016-08-23T12:45:00,83.2
1445,2016-08-23T12:50:00,82.76
1446,2016-08-23T12:55:00,83.19
1447,2016-08-23T13:00:00,84.82
1448,2016-08-23T13:05:00,85.62
1449,2016-08-23T13:10:00,86.1
1450,2016-08-23T13:15:00,87.3
1451,2016-08-23T13:20:00,87.28
1452,2016-08-23T13:25:00,86.67
1453,2016-08-23T13:30:00,86.68
1454,2016-08-23T13:35:00,86.71
1455,2016-08-23T13:40:00,87.08
1456,2016-08-23T13:45:00,87.3
1457,2016-08-23T13:50:00,85.13
1458,2016-08-23T13:55:00,86.43
1459,2016-08-23T14:00:00,88.15
1460,2016-08-23T14:05:00,88.86
1461,2016-08-23T14:10:00,86.67
1462,2016-08-23T14:15:00,84.89
1463,2016-08-23T14:20:00,84.02
1464,2016-08-23T14:25:00,81.38
1465,2016-08-23T14:30:00,80.79
1466,2016-08-23T14:35:00,83.14
1467,2016-08-23T14:40:00,84.9
1468,2016-08-23T14:45:00,85.45
1469,2016-08-23T14:50:00,85.59
1470,2016-08-23T14:55:00,86.38
1471,2016-08-23T15:00:00,84.55
1472,2016-08-23T15:05:00,85.01
1473,2016-08-23T15:10:00,88.81
1474,2016-08-23T15:15:00,90.82
1475,2016-08-23T15:20:00,81.67
1476,2016-08-23T15:25:00,82.58
1477,2016-08-23T15:30:00,76.63
1478,2016-08-23T15:35:00,72.11
1479,2016-08-23T15:40:00,69.05
1480,2016-08-23T15:45:00,66.53
1481,2016-08-23T15:50:00,65.91
1482,2016-08-23T15:55:00,70.56
1483,2016-08-23T16:00:00,75.37
1484,2016-08-23T16:05:00,76.7
1485,2016-08-23T16:10:00,78.89
1486,2016-08-23T16:15:00,81.7
1487,2016-08-23T16:20:00,84.09
1488,2016-08-23T16:25:00,84.25
1489,2016-08-23T16:30:00,87.95
1490,2016-08-23T16:35:00,89.32
1491,2016-08-23T16:40:00,85.73
1492,2016-08-23T16:45:00,84.73
1493,2016-08-23T16:50:00,79.22
1494,2016-08-23T16:55:00,75.81
1495,2016-08-23T17:00:00,78.27
1496,2016-08-23T17:05:00,74.52
1497,2016-08-23T17:10:00,74.51
1498,2016-08-23T17:15:00,75.92
1499,2016-08-23T17:20:00,80.94
1500,2016-08-23T17:25:00,72.55
1501,2016-08-23T17:30:00,69.01
1502,2016-08-23T17:35:00,68.04
1503,2016-08-23T17:40:00,70.87
1504,2016-08-23T17:45:00,67.54
1505,2016-08-23T17:50:00,65.41
1506,2016-08-23T17:55:00,75.99
1507,2016-08-23T18:00:00,76.13
1508,2016-08-23T18:05:00,74.09
1509,2016-08-23T18:10:00,71.47
1510,2016-08-23T18:15:00,69.43
1511,2016-08-23T18:20:00,68.21
1512,2016-08-23T18:25:00,68.35
1513,2016-08-23T18:30:00,70.01
1514,2016-08-23T18:35:00,72.2
1515,2016-08-23T18:40:00,73.34
1516,2016-08-23T18:45:00,71.54
1517,2016-08-23T18:50:00,78.29
1518,2016-08-23T18:55:00,77.78
1519,2016-08-23T19:00:00,76.91
1520,2016-08-23T19:05:00,78.09
1521,2016-08-23T19:10:00,75.63
1522,2016-08-23T19:15:00,72.33
1523,2016-08-23T19:20:00,70.83
1524,2016-08-23T19:25:00,67.51
1525,2016-08-23T19:30:00,62.54
1526,2016-08-23T19:35:00,61.81
1527,2016-08-23T19:40:00,61.39
1528,2016-08-23T19:45:00,58.19
1529,2016-08-23T19:50:00,53.7
1530,2016-08-23T19:55:00,57.43
1531,2016-08-23T20:00:00,59.97
1532,2016-08-23T20:05:00,62.03
1533,2016-08-23T20:10:00,67.18
1534,2016-08-23T20:15:00,51.77
1535,2016-08-23T20:20:00,43.1
1536,2016-08-23T20:25:00,35.77
1537,2016-08-23T20:30:00,28.75
1538,2016-08-23T20:35:00,22.96
1539,2016-08-23T20:40:00,17.63
1540,2016-08-23T20:45:00,12.11
1541,2016-08-23T20:50:00,8.63
1542,2016-08-23T20:55:00,5.86
1543,2016-08-23T21:00:00,4
1544,2016-08-23T21:05:00,3.02
1545,2016-08-23T21:10:00,2.53
1546,2016-08-23T21:15:00,2.28
1547,2016-08-23T21:20:00,2.09
1548,2016-08-23T21:25:00,1.99
1549,2016-08-23T21:30:00,1.95
1550,2016-08-23T21:35:00,1.91
1551,2016-08-23T21:40:00,1.86
1552,2016-08-23T21:45:00,1.86
1553,2016-08-23T21:50:00,1.86
1554,2016-08-23T21:55:00,1.39
1555,2016-08-23T22:00:00,0.68
1556,2016-08-23T22:05:00,0.68
1557,2016-08-23T22:10:00,0.68
1558,2016-08-23T22:15:00,0.68
1559,2016-08-23T22:20:00,0.68
1560,2016-08-23T22:25:00,0.68
1561,2016-08-23T22:30:00,0.67
1562,2016-08-23T22:35:00,0.67
1563,2016-08-23T22:40:00,0.68
1564,2016-08-23T22:45:00,0.68
1565,2016-08-23T22:50:00,0.68
1566,2016-08-23T22:55:00,0.55
1567,2016-08-23T23:00:00,0.29
1568,2016-08-23T23:05:00,0.26
1569,2016-08-23T23:10:00,0.23
1570,2016-08-23T23:15:00,0.27
1571,2016-08-23T23:20:00,0.26
1572,2016-08-23T23:25:00,0.26
1573,2016-08-23T23:30:00,0.25
1574,2016-08-23T23:35:00,0.23
1575,2016-08-23T23:40:00,0.23
1576,2016-08-23T23:45:00,0.23
1577,2016-08-23T23:50:00,0.23
1578,2016-08-23T23:55:00,0.24
1579,2016-08-24T00:00:00,0.21
1580,2016-08-24T00:05:00,0.22
1581,2016-08-24T00:10:00,0.25
1582,2016-08-24T00:15:00,0.23
1583,2016-08-24T00:20:00,0.24
1584,2016-08-24T00:25:00,0.23
1585,2016-08-24T00:30:00,0.25
1586,2016-08-24T00:35:00,0.28
1587,2016-08-24T00:40:00,0.26
1588,2016-08-24T00:45:00,0.25
1589,2016-08-24T00:50:00,0.27
1590,2016-08-24T00:55:00,0.28
1591,2016-08-24T01:00:00,0.28
1592,2016-08-24T01:05:00,0.28
1593,2016-08-24T01:10:00,0.29
1594,2016-08-24T01:15:00,0.28
1595,2016-08-24T01:20:00,0.28
1596,2016-08-24T01:25:00,0.28
1597,2016-08-24T01:30:00,0.27
1598,2016-08-24T01:35:00,0.29
1599,2016-08-24T01:40:00,0.29
1600,2016-08-24T01:45:00,0.29
1601,2016-08-24T01:50:00,0.27
1602,2016-08-24T01:55:00,0.29
1603,2016-08-24T02:00:00,0.28
1604,2016-08-24T02:05:00,0.28
1605,2016-08-24T02:10:00,0.29
1606,2016-08-24T02:15:00,0.29
1607,2016-08-24T02:20:00,0.28
1608,2016-08-24T02:25:00,0.29
1609,2016-08-24T02:30:00,0.29
1610,2016-08-24T02:35:00,0.29
1611,2016-08-24T02:40:00,0.29
1612,2016-08-24T02:45:00,0.29
1613,2016-08-24T02:50:00,0.29
1614,2016-08-24T02:55:00,0.29
1615,2016-08-24T03:00:00,0.28
1616,2016-08-24T03:05:00,0.29
1617,2016-08-24T03:10:00,0.29
1618,2016-08-24T03:15:00,0.29
1619,2016-08-24T03:20:00,0.28
1620,2016-08-24T03:25:00,0.28
1621,2016-08-24T03:30:00,0.29
1622,2016-08-24T03:35:00,0.29
1623,2016-08-24T03:40:00,0.29
1624,2016-08-24T03:45:00,0.29
1625,2016-08-24T03:50:00,0.29
1626,2016-08-24T03:55:00,0.29
1627,2016-08-24T04:00:00,0.29
1628,2016-08-24T04:05:00,0.29
1629,2016-08-24T04:10:00,0.29
1630,2016-08-24T04:15:00,0.29
1631,2016-08-24T04:20:00,0.29
1632,2016-08-24T04:25:00,0.29
1633,2016-08-24T04:30:00,0.29
1634,2016-08-24T04:35:00,0.29
1635,2016-08-24T04:40:00,0.29
1636,2016-08-24T04:45:00,0.29
1637,2016-08-24T04:50:00,0.29
1638,2016-08-24T04:55:00,0.34
1639,2016-08-24T05:00:00,0.39
1640,2016-08-24T05:05:00,0.41
1641,2016-08-24T05:10:00,0.48
1642,2016-08-24T05:15:00,0.55
1643,2016-08-24T05:20:00,1.82
1644,2016-08-24T05:25:00,2.71
1645,2016-08-24T05:30:00,3.26
1646,2016-08-24T05:35:00,4.49
1647,2016-08-24T05:40:00,6.88
1648,2016-08-24T05:45:00,10.11
1649,2016-08-24T05:50:00,15.33
1650,2016-08-24T05:55:00,21.52
1651,2016-08-24T06:00:00,27.93
1652,2016-08-24T06:05:00,33.77
1653,2016-08-24T06:10:00,39.02
1654,2016-08-24T06:15:00,44.31
1655,2016-08-24T06:20:00,49.55
1656,2016-08-24T06:25:00,53.73
1657,2016-08-24T06:30:00,57.74
1658,2016-08-24T06:35:00,60.89
1659,2016-08-24T06:40:00,63.27
1660,2016-08-24T06:45:00,66
1661,2016-08-24T06:50:00,67.88
1662,2016-08-24T06:55:00,69.41
1663,2016-08-24T07:00:00,69.65
1664,2016-08-24T07:05:00,71.87
1665,2016-08-24T07:10:00,73.07
1666,2016-08-24T07:15:00,73.87
1667,2016-08-24T07:20:00,74.96
1668,2016-08-24T07:25:00,75.69
1669,2016-08-24T07:30:00,76.61
1670,2016-08-24T07:35:00,76.97
1671,2016-08-24T07:40:00,77.04
1672,2016-08-24T07:45:00,78.25
1673,2016-08-24T07:50:00,78.95
1674,2016-08-24T07:55:00,77.46
1675,2016-08-24T08:00:00,78.14
1676,2016-08-24T08:05:00,77.79
1677,2016-08-24T08:10:00,78.86
1678,2016-08-24T08:15:00,78.07
1679,2016-08-24T08:20:00,78.64
1680,2016-08-24T08:25:00,77.42
1681,2016-08-24T08:30:00,78.73
1682,2016-08-24T08:35:00,79.75
1683,2016-08-24T08:40:00,80.67
1684,2016-08-24T08:45:00,80.07
1685,2016-08-24T08:50:00,80.87
1686,2016-08-24T08:55:00,80.35
1687,2016-08-24T09:00:00,80.55
1688,2016-08-24T09:05:00,80.9
1689,2016-08-24T09:10:00,81.97
1690,2016-08-24T09:15:00,82
1691,2016-08-24T09:20:00,82.88
1692,2016-08-24T09:25:00,84.58
1693,2016-08-24T09:30:00,84.22
1694,2016-08-24T09:35:00,84.67
1695,2016-08-24T09:40:00,85.41
1696,2016-08-24T09:45:00,86.15
1697,2016-08-24T09:50:00,84.92
1698,2016-08-24T09:55:00,81.22
1699,2016-08-24T10:00:00,80.55
1700,2016-08-24T10:05:00,83.41
1701,2016-08-24T10:10:00,84.21
1702,2016-08-24T10:15:00,83.53
1703,2016-08-24T10:20:00,82.89
1704,2016-08-24T10:25:00,82.78
1705,2016-08-24T10:30:00,83.37
1706,2016-08-24T10:35:00,83.82
1707,2016-08-24T10:40:00,84.72
1708,2016-08-24T10:45:00,86.26
1709,2016-08-24T10:50:00,85.27
1710,2016-08-24T10:55:00,83.48
1711,2016-08-24T11:00:00,80.89
1712,2016-08-24T11:05:00,87.53
1713,2016-08-24T11:10:00,86.35
1714,2016-08-24T11:15:00,85.07
1715,2016-08-24T11:20:00,77.52
1716,2016-08-24T11:25:00,86.84
1717,2016-08-24T11:30:00,87.42
1718,2016-08-24T11:35:00,87.43
1719,2016-08-24T11:40:00,87.82
1720,2016-08-24T11:45:00,87.15
1721,2016-08-24T11:50:00,86.07
1722,2016-08-24T11:55:00,86.46
1723,2016-08-24T12:00:00,86.11
1724,2016-08-24T12:05:00,85.84
1725,2016-08-24T12:10:00,85.14
1726,2016-08-24T12:15:00,85.63
1727,2016-08-24T12:20:00,86.03
1728,2016-08-24T12:25:00,86.03
1729,2016-08-24T12:30:00,85.42
1730,2016-08-24T12:35:00,85.28
1731,2016-08-24T12:40:00,85.42
1732,2016-08-24T12:45:00,86.04
1733,2016-08-24T12:50:00,85.89
1734,2016-08-24T12:55:00,85.99
1735,2016-08-24T13:00:00,85.53
1736,2016-08-24T13:05:00,85.62
1737,2016-08-24T13:10:00,85.96
1738,2016-08-24T13:15:00,86.28
1739,2016-08-24T13:20:00,86.45
1740,2016-08-24T13:25:00,86.78
1741,2016-08-24T13:30:00,86.51
1742,2016-08-24T13:35:00,87
1743,2016-08-24T13:40:00,87.05
1744,2016-08-24T13:45:00,87.27
1745,2016-08-24T13:50:00,87.29
1746,2016-08-24T13:55:00,87.12
1747,2016-08-24T14:00:00,87.16
1748,2016-08-24T14:05:00,87.21
1749,2016-08-24T14:10:00,87.22
1750,2016-08-24T14:15:00,87.21
1751,2016-08-24T14:20:00,87.28
1752,2016-08-24T14:25:00,87.4
1753,2016-08-24T14:30:00,87.27
1754,2016-08-24T14:35:00,86.96
1755,2016-08-24T14:40:00,87.17
1756,2016-08-24T14:45:00,87.76
1757,2016-08-24T14:50:00,90.69
1758,2016-08-24T14:55:00,93.88
1759,2016-08-24T15:00:00,94.89
1760,2016-08-24T15:05:00,95.18
1761,2016-08-24T15:10:00,95.34
1762,2016-08-24T15:15:00,95.46
1763,2016-08-24T15:20:00,95.6
1764,2016-08-24T15:25:00,95.63
1765,2016-08-24T15:30:00,95.29
1766,2016-08-24T15:35:00,95.07
1767,2016-08-24T15:40:00,94.53
1768,2016-08-24T15:45:00,95
1769,2016-08-24T15:50:00,95.8
1770,2016-08-24T15:55:00,95.59
1771,2016-08-24T16:00:00,95.22
1772,2016-08-24T16:05:00,95.41
1773,2016-08-24T16:10:00,95.31
1774,2016-08-24T16:15:00,95.37
1775,2016-08-24T16:20:00,95.03
1776,2016-08-24T16:25:00,95.37
1777,2016-08-24T16:30:00,94.76
1778,2016-08-24T16:35:00,94.22
1779,2016-08-24T16:40:00,95.06
1780,2016-08-24T16:45:00,95.44
1781,2016-08-24T16:50:00,95.36
1782,2016-08-24T16:55:00,95.13
1783,2016-08-24T17:00:00,95.23
1784,2016-08-24T17:05:00,95.36
1785,2016-08-24T17:10:00,95.31
1786,2016-08-24T17:15:00,95.21
1787,2016-08-24T17:20:00,94.73
1788,2016-08-24T17:25:00,93.04
1789,2016-08-24T17:30:00,86.71
1790,2016-08-24T17:35:00,82.79
1791,2016-08-24T17:40:00,86.03
1792,2016-08-24T17:45:00,87.99
1793,2016-08-24T17:50:00,87.22
1794,2016-08-24T17:55:00,87.69
1795,2016-08-24T18:00:00,87.98
1796,2016-08-24T18:05:00,87.63
1797,2016-08-24T18:10:00,87.29
1798,2016-08-24T18:15:00,87.11
1799,2016-08-24T18:20:00,86.96
1800,2016-08-24T18:25:00,86.74
1801,2016-08-24T18:30:00,86.55
1802,2016-08-24T18:35:00,86.23
1803,2016-08-24T18:40:00,85.98
1804,2016-08-24T18:45:00,85.61
1805,2016-08-24T18:50:00,85.25
1806,2016-08-24T18:55:00,84.85
1807,2016-08-24T19:00:00,84.3
1808,2016-08-24T19:05:00,83.93
1809,2016-08-24T19:10:00,83.35
1810,2016-08-24T19:15:00,82.6
1811,2016-08-24T19:20:00,81.8
1812,2016-08-24T19:25:00,80.75
1813,2016-08-24T19:30:00,80.25
1814,2016-08-24T19:35:00,80.4
1815,2016-08-24T19:40:00,79.7
1816,2016-08-24T19:45:00,77.74
1817,2016-08-24T19:50:00,71.72
1818,2016-08-24T19:55:00,62.11
1819,2016-08-24T20:00:00,57.45
1820,2016-08-24T20:05:00,51.83
1821,2016-08-24T20:10:00,42.16
1822,2016-08-24T20:15:00,37.8
1823,2016-08-24T20:20:00,31.94
1824,2016-08-24T20:25:00,26.12
1825,2016-08-24T20:30:00,22.35
1826,2016-08-24T20:35:00,24.06
1827,2016-08-24T20:40:00,17.93
1828,2016-08-24T20:45:00,12.9
1829,2016-08-24T20:50:00,9.02
1830,2016-08-24T20:55:00,5.96
1831,2016-08-24T21:00:00,3.97
1832,2016-08-24T21:05:00,2.94
1833,2016-08-24T21:10:00,2.4
1834,2016-08-24T21:15:00,2.13
1835,2016-08-24T21:20:00,2.01
1836,2016-08-24T21:25:00,1.96
1837,2016-08-24T21:30:00,1.95
1838,2016-08-24T21:35:00,1.87
1839,2016-08-24T21:40:00,1.86
1840,2016-08-24T21:45:00,1.86
1841,2016-08-24T21:50:00,1.86
1842,2016-08-24T21:55:00,1.34
1843,2016-08-24T22:00:00,0.68
1844,2016-08-24T22:05:00,0.68
1845,2016-08-24T22:10:00,0.68
1846,2016-08-24T22:15:00,0.68
1847,2016-08-24T22:20:00,0.68
1848,2016-08-24T22:25:00,0.68
1849,2016-08-24T22:30:00,0.68
1850,2016-08-24T22:35:00,0.68
1851,2016-08-24T22:40:00,0.68
1852,2016-08-24T22:45:00,0.68
1853,2016-08-24T22:50:00,0.68
1854,2016-08-24T22:55:00,0.5
1855,2016-08-24T23:00:00,0.21
1856,2016-08-24T23:05:00,0.2
1857,2016-08-24T23:10:00,0.21
1858,2016-08-24T23:15:00,0.21
1859,2016-08-24T23:20:00,0.22
1860,2016-08-24T23:25:00,0.2
1861,2016-08-24T23:30:00,0.2
1862,2016-08-24T23:35:00,0.2
1863,2016-08-24T23:40:00,0.2
1864,2016-08-24T23:45:00,0.2
1865,2016-08-24T23:50:00,0.2
1866,2016-08-24T23:55:00,0.2
1867,2016-08-25T00:00:00,0.21
1868,2016-08-25T00:05:00,0.2
1869,2016-08-25T00:10:00,0.2
1870,2016-08-25T00:15:00,0.2
1871,2016-08-25T00:20:00,0.2
1872,2016-08-25T00:25:00,0.2
1873,2016-08-25T00:30:00,0.21
1874,2016-08-25T00:35:00,0.2
1875,2016-08-25T00:40:00,0.2
1876,2016-08-25T00:45:00,0.2
1877,2016-08-25T00:50:00,0.2
1878,2016-08-25T00:55:00,0.21
1879,2016-08-25T01:00:00,0.2
1880,2016-08-25T01:05:00,0.24
1881,2016-08-25T01:10:00,0.24
1882,2016-08-25T01:15:00,0.22
1883,2016-08-25T01:20:00,0.21
1884,2016-08-25T01:25:00,0.23
1885,2016-08-25T01:30:00,0.22
1886,2016-08-25T01:35:00,0.26
1887,2016-08-25T01:40:00,0.24
1888,2016-08-25T01:45:00,0.29
1889,2016-08-25T01:50:00,0.24
1890,2016-08-25T01:55:00,0.23
1891,2016-08-25T02:00:00,0.26
1892,2016-08-25T02:05:00,0.25
1893,2016-08-25T02:10:00,0.24
1894,2016-08-25T02:15:00,0.28
1895,2016-08-25T02:20:00,0.28
1896,2016-08-25T02:25:00,0.29
1897,2016-08-25T02:30:00,0.27
1898,2016-08-25T02:35:00,0.29
1899,2016-08-25T02:40:00,0.29
1900,2016-08-25T02:45:00,0.26
1901,2016-08-25T02:50:00,0.28
1902,2016-08-25T02:55:00,0.29
1903,2016-08-25T03:00:00,0.29
1904,2016-08-25T03:05:00,0.28
1905,2016-08-25T03:10:00,0.29
1906,2016-08-25T03:15:00,0.28
1907,2016-08-25T03:20:00,0.29
1908,2016-08-25T03:25:00,0.29
1909,2016-08-25T03:30:00,0.28
1910,2016-08-25T03:35:00,0.29
1911,2016-08-25T03:40:00,0.29
1912,2016-08-25T03:45:00,0.29
1913,2016-08-25T03:50:00,0.29
1914,2016-08-25T03:55:00,0.29
1915,2016-08-25T04:00:00,0.29
1916,2016-08-25T04:05:00,0.29
1917,2016-08-25T04:10:00,0.29
1918,2016-08-25T04:15:00,0.29
1919,2016-08-25T04:20:00,0.29
1920,2016-08-25T04:25:00,0.27
1921,2016-08-25T04:30:00,0.29
1922,2016-08-25T04:35:00,0.29
1923,2016-08-25T04:40:00,0.28
1924,2016-08-25T04:45:00,0.29
1925,2016-08-25T04:50:00,0.29
1926,2016-08-25T04:55:00,0.34
1927,2016-08-25T05:00:00,0.39
1928,2016-08-25T05:05:00,0.39
1929,2016-08-25T05:10:00,0.46
1930,2016-08-25T05:15:00,0.52
1931,2016-08-25T05:20:00,0.64
1932,2016-08-25T05:25:00,0.88
1933,2016-08-25T05:30:00,1.41
1934,2016-08-25T05:35:00,2.29
1935,2016-08-25T05:40:00,3.93
1936,2016-08-25T05:45:00,7.46
1937,2016-08-25T05:50:00,12.21
1938,2016-08-25T05:55:00,17.94
1939,2016-08-25T06:00:00,24.26
1940,2016-08-25T06:05:00,30.02
1941,2016-08-25T06:10:00,35.51
1942,2016-08-25T06:15:00,41.01
1943,2016-08-25T06:20:00,46.19
1944,2016-08-25T06:25:00,50.43
1945,2016-08-25T06:30:00,53.51
1946,2016-08-25T06:35:00,58.3
1947,2016-08-25T06:40:00,61.21
1948,2016-08-25T06:45:00,64.24
1949,2016-08-25T06:50:00,65.55
1950,2016-08-25T06:55:00,68.02
1951,2016-08-25T07:00:00,68.73
1952,2016-08-25T07:05:00,70.54
1953,2016-08-25T07:10:00,72.68
1954,2016-08-25T07:15:00,73.72
1955,2016-08-25T07:20:00,74.48
1956,2016-08-25T07:25:00,75.38
1957,2016-08-25T07:30:00,75.94
1958,2016-08-25T07:35:00,76.55
1959,2016-08-25T07:40:00,77.21
1960,2016-08-25T07:45:00,77.93
1961,2016-08-25T07:50:00,78.33
1962,2016-08-25T07:55:00,78.48
1963,2016-08-25T08:00:00,78.47
1964,2016-08-25T08:05:00,78.84
1965,2016-08-25T08:10:00,79.18
1966,2016-08-25T08:15:00,79.87
1967,2016-08-25T08:20:00,79.94
1968,2016-08-25T08:25:00,80.34
1969,2016-08-25T08:30:00,80.73
1970,2016-08-25T08:35:00,80.95
1971,2016-08-25T08:40:00,80.31
1972,2016-08-25T08:45:00,79.33
1973,2016-08-25T08:50:00,80.42
1974,2016-08-25T08:55:00,80.82
1975,2016-08-25T09:00:00,80.85
1976,2016-08-25T09:05:00,81.39
1977,2016-08-25T09:10:00,81.57
1978,2016-08-25T09:15:00,82.26
1979,2016-08-25T09:20:00,80.19
1980,2016-08-25T09:25:00,80.82
1981,2016-08-25T09:30:00,80.99
1982,2016-08-25T09:35:00,81.4
1983,2016-08-25T09:40:00,80.99
1984,2016-08-25T09:45:00,81.55
1985,2016-08-25T09:50:00,81.43
1986,2016-08-25T09:55:00,82.34
1987,2016-08-25T10:00:00,82.92
1988,2016-08-25T10:05:00,82.94
1989,2016-08-25T10:10:00,83.02
1990,2016-08-25T10:15:00,83.44
1991,2016-08-25T10:20:00,83.75
1992,2016-08-25T10:25:00,82.03
1993,2016-08-25T10:30:00,83.36
1994,2016-08-25T10:35:00,83.93
1995,2016-08-25T10:40:00,84.09
1996,2016-08-25T10:45:00,83.54
1997,2016-08-25T10:50:00,83.75
1998,2016-08-25T10:55:00,84.27
1999,2016-08-25T11:00:00,84.73
2000,2016-08-25T11:05:00,84.85
2001,2016-08-25T11:10:00,84.38
2002,2016-08-25T11:15:00,82.74
2003,2016-08-25T11:20:00,82.49
2004,2016-08-25T11:25:00,82.21
2005,2016-08-25T11:30:00,84.82
2006,2016-08-25T11:35:00,84.7
2007,2016-08-25T11:40:00,83.01
2008,2016-08-25T11:45:00,84.23
2009,2016-08-25T11:50:00,84.29
2010,2016-08-25T11:55:00,83.93
2011,2016-08-25T12:00:00,84.13
2012,2016-08-25T12:05:00,83.86
2013,2016-08-25T12:10:00,83.15
2014,2016-08-25T12:15:00,83.33
2015,2016-08-25T12:20:00,83.55
2016,2016-08-25T12:25:00,83.67
2017,2016-08-25T12:30:00,83.74
2018,2016-08-25T12:35:00,83.72
2019,2016-08-25T12:40:00,83.3
2020,2016-08-25T12:45:00,83.75
2021,2016-08-25T12:50:00,83.58
2022,2016-08-25T12:55:00,83.6
2023,2016-08-25T13:00:00,83.37
2024,2016-08-25T13:05:00,83.55
2025,2016-08-25T13:10:00,84.04
2026,2016-08-25T13:15:00,84.04
2027,2016-08-25T13:20:00,83.97
2028,2016-08-25T13:25:00,83.85
2029,2016-08-25T13:30:00,83.78
2030,2016-08-25T13:35:00,83.82
2031,2016-08-25T13:40:00,83.96
2032,2016-08-25T13:45:00,84.15
2033,2016-08-25T13:50:00,83.89
2034,2016-08-25T13:55:00,83.82
2035,2016-08-25T14:00:00,83.92
2036,2016-08-25T14:05:00,84.07
2037,2016-08-25T14:10:00,84.4
2038,2016-08-25T14:15:00,83.48
2039,2016-08-25T14:20:00,83.29
2040,2016-08-25T14:25:00,83.69
2041,2016-08-25T14:30:00,83.79
2042,2016-08-25T14:35:00,84.09
2043,2016-08-25T14:40:00,84.83
2044,2016-08-25T14:45:00,87.88
2045,2016-08-25T14:50:00,92.63
2046,2016-08-25T14:55:00,94.54
2047,2016-08-25T15:00:00,94.94
2048,2016-08-25T15:05:00,95.19
2049,2016-08-25T15:10:00,95.36
2050,2016-08-25T15:15:00,95.47
2051,2016-08-25T15:20:00,95.5
2052,2016-08-25T15:25:00,95.58
2053,2016-08-25T15:30:00,95.6
2054,2016-08-25T15:35:00,95.66
2055,2016-08-25T15:40:00,95.67
2056,2016-08-25T15:45:00,95.59
2057,2016-08-25T15:50:00,95.44
2058,2016-08-25T15:55:00,95.65
2059,2016-08-25T16:00:00,95.64
2060,2016-08-25T16:05:00,95.47
2061,2016-08-25T16:10:00,95.7
2062,2016-08-25T16:15:00,95.8
2063,2016-08-25T16:20:00,95.79
2064,2016-08-25T16:25:00,95.66
2065,2016-08-25T16:30:00,95.75
2066,2016-08-25T16:35:00,95.33
2067,2016-08-25T16:40:00,95.08
2068,2016-08-25T16:45:00,95.62
2069,2016-08-25T16:50:00,95.01
2070,2016-08-25T16:55:00,94.18
2071,2016-08-25T17:00:00,93.75
2072,2016-08-25T17:05:00,94.19
2073,2016-08-25T17:10:00,94.53
2074,2016-08-25T17:15:00,94.62
2075,2016-08-25T17:20:00,94.8
2076,2016-08-25T17:25:00,94.75
2077,2016-08-25T17:30:00,89.34
2078,2016-08-25T17:35:00,88.62
2079,2016-08-25T17:40:00,88.75
2080,2016-08-25T17:45:00,88.27
2081,2016-08-25T17:50:00,87.9
2082,2016-08-25T17:55:00,87.79
2083,2016-08-25T18:00:00,86.93
2084,2016-08-25T18:05:00,84.89
2085,2016-08-25T18:10:00,87.36
2086,2016-08-25T18:15:00,86.22
2087,2016-08-25T18:20:00,86.52
2088,2016-08-25T18:25:00,86.51
2089,2016-08-25T18:30:00,86.12
2090,2016-08-25T18:35:00,85.82
2091,2016-08-25T18:40:00,85.39
2092,2016-08-25T18:45:00,84.38
2093,2016-08-25T18:50:00,83.48
2094,2016-08-25T18:55:00,83.26
2095,2016-08-25T19:00:00,82.62
2096,2016-08-25T19:05:00,79.94
2097,2016-08-25T19:10:00,74.32
2098,2016-08-25T19:15:00,69.46
2099,2016-08-25T19:20:00,71.89
2100,2016-08-25T19:25:00,71.62
2101,2016-08-25T19:30:00,69.14
2102,2016-08-25T19:35:00,69.78
2103,2016-08-25T19:40:00,72.23
2104,2016-08-25T19:45:00,70.86
2105,2016-08-25T19:50:00,61.97
2106,2016-08-25T19:55:00,55.46
2107,2016-08-25T20:00:00,50.57
2108,2016-08-25T20:05:00,42.95
2109,2016-08-25T20:10:00,37.83
2110,2016-08-25T20:15:00,32
2111,2016-08-25T20:20:00,25.34
2112,2016-08-25T20:25:00,19.49
2113,2016-08-25T20:30:00,13.89
2114,2016-08-25T20:35:00,16.41
2115,2016-08-25T20:40:00,12.78
2116,2016-08-25T20:45:00,8.68
2117,2016-08-25T20:50:00,5.54
2118,2016-08-25T20:55:00,3.68
2119,2016-08-25T21:00:00,2.67
2120,2016-08-25T21:05:00,2.2
2121,2016-08-25T21:10:00,1.98
2122,2016-08-25T21:15:00,1.86
2123,2016-08-25T21:20:00,1.76
2124,2016-08-25T21:25:00,1.76
2125,2016-08-25T21:30:00,1.76
2126,2016-08-25T21:35:00,1.76
2127,2016-08-25T21:40:00,1.75
2128,2016-08-25T21:45:00,1.75
2129,2016-08-25T21:50:00,1.76
2130,2016-08-25T21:55:00,1.24
2131,2016-08-25T22:00:00,0.59
2132,2016-08-25T22:05:00,0.59
2133,2016-08-25T22:10:00,0.59
2134,2016-08-25T22:15:00,0.59
2135,2016-08-25T22:20:00,0.58
2136,2016-08-25T22:25:00,0.59
2137,2016-08-25T22:30:00,0.59
2138,2016-08-25T22:35:00,0.59
2139,2016-08-25T22:40:00,0.59
2140,2016-08-25T22:45:00,0.59
2141,2016-08-25T22:50:00,0.59
2142,2016-08-25T22:55:00,0.39
2143,2016-08-25T23:00:00,0.2
2144,2016-08-25T23:05:00,0.2
2145,2016-08-25T23:10:00,0.2
2146,2016-08-25T23:15:00,0.2
2147,2016-08-25T23:20:00,0.2
2148,2016-08-25T23:25:00,0.2
2149,2016-08-25T23:30:00,0.19
2150,2016-08-25T23:35:00,0.2
2151,2016-08-25T23:40:00,0.17
2152,2016-08-25T23:45:00,0.2
2153,2016-08-25T23:50:00,0.19
2154,2016-08-25T23:55:00,0.2
2155,2016-08-26T00:00:00,0.2
2156,2016-08-26T00:05:00,0.2
2157,2016-08-26T00:10:00,0.2
2158,2016-08-26T00:15:00,0.2
2159,2016-08-26T00:20:00,0.2
2160,2016-08-26T00:25:00,0.2
2161,2016-08-26T00:30:00,0.2
2162,2016-08-26T00:35:00,0.2
2163,2016-08-26T00:40:00,0.2
2164,2016-08-26T00:45:00,0.2
2165,2016-08-26T00:50:00,0.2
2166,2016-08-26T00:55:00,0.19
2167,2016-08-26T01:00:00,0.2
2168,2016-08-26T01:05:00,0.2
2169,2016-08-26T01:10:00,0.2
2170,2016-08-26T01:15:00,0.19
2171,2016-08-26T01:20:00,0.2
2172,2016-08-26T01:25:00,0.2
2173,2016-08-26T01:30:00,0.2
2174,2016-08-26T01:35:00,0.2
2175,2016-08-26T01:40:00,0.2
2176,2016-08-26T01:45:00,0.19
2177,2016-08-26T01:50:00,0.2
2178,2016-08-26T01:55:00,0.2
2179,2016-08-26T02:00:00,0.2
2180,2016-08-26T02:05:00,0.2
2181,2016-08-26T02:10:00,0.2
2182,2016-08-26T02:15:00,0.2
2183,2016-08-26T02:20:00,0.2
2184,2016-08-26T02:25:00,0.2
2185,2016-08-26T02:30:00,0.2
2186,2016-08-26T02:35:00,0.2
2187,2016-08-26T02:40:00,0.2
2188,2016-08-26T02:45:00,0.2
2189,2016-08-26T02:50:00,0.2
2190,2016-08-26T02:55:00,0.2
2191,2016-08-26T03:00:00,0.2
2192,2016-08-26T03:05:00,0.2
2193,2016-08-26T03:10:00,0.2
2194,2016-08-26T03:15:00,0.2
2195,2016-08-26T03:20:00,0.2
2196,2016-08-26T03:25:00,0.2
2197,2016-08-26T03:30:00,0.2
2198,2016-08-26T03:35:00,0.2
2199,2016-08-26T03:40:00,0.2
2200,2016-08-26T03:45:00,0.19
2201,2016-08-26T03:50:00,0.2
2202,2016-08-26T03:55:00,0.2
2203,2016-08-26T04:00:00,0.2
2204,2016-08-26T04:05:00,0.2
2205,2016-08-26T04:10:00,0.2
2206,2016-08-26T04:15:00,0.2
2207,2016-08-26T04:20:00,0.2
2208,2016-08-26T04:25:00,0.2
2209,2016-08-26T04:30:00,0.2
2210,2016-08-26T04:35:00,0.2
2211,2016-08-26T04:40:00,0.2
2212,2016-08-26T04:45:00,0.2
2213,2016-08-26T04:50:00,0.2
2214,2016-08-26T04:55:00,0.24
2215,2016-08-26T05:00:00,0.3
2216,2016-08-26T05:05:00,0.35
2217,2016-08-26T05:10:00,0.39
2218,2016-08-26T05:15:00,0.44
2219,2016-08-26T05:20:00,0.54
2220,2016-08-26T05:25:00,0.72
2221,2016-08-26T05:30:00,1.94
2222,2016-08-26T05:35:00,3.19
2223,2016-08-26T05:40:00,4.56
2224,2016-08-26T05:45:00,7.01
2225,2016-08-26T05:50:00,11.25
2226,2016-08-26T05:55:00,17.58
2227,2016-08-26T06:00:00,24.5
2228,2016-08-26T06:05:00,30.22
2229,2016-08-26T06:10:00,35.7
2230,2016-08-26T06:15:00,41.56
2231,2016-08-26T06:20:00,47.59
2232,2016-08-26T06:25:00,52.54
2233,2016-08-26T06:30:00,55.76
2234,2016-08-26T06:35:00,58.38
2235,2016-08-26T06:40:00,58.66
2236,2016-08-26T06:45:00,60.91
2237,2016-08-26T06:50:00,62.65
2238,2016-08-26T06:55:00,63.43
2239,2016-08-26T07:00:00,64.69
2240,2016-08-26T07:05:00,68.35
2241,2016-08-26T07:10:00,69.77
2242,2016-08-26T07:15:00,71.3
2243,2016-08-26T07:20:00,74.25
2244,2016-08-26T07:25:00,75.49
2245,2016-08-26T07:30:00,74.74
2246,2016-08-26T07:35:00,76.56
2247,2016-08-26T07:40:00,76.92
2248,2016-08-26T07:45:00,76.29
2249,2016-08-26T07:50:00,77.91
2250,2016-08-26T07:55:00,78.4
2251,2016-08-26T08:00:00,78.9
2252,2016-08-26T08:05:00,78.83
2253,2016-08-26T08:10:00,79.52
2254,2016-08-26T08:15:00,80.02
2255,2016-08-26T08:20:00,80.23
2256,2016-08-26T08:25:00,80.5
2257,2016-08-26T08:30:00,80.9
2258,2016-08-26T08:35:00,80.99
2259,2016-08-26T08:40:00,81.5
2260,2016-08-26T08:45:00,81.22
2261,2016-08-26T08:50:00,81.63
2262,2016-08-26T08:55:00,81.99
2263,2016-08-26T09:00:00,82.05
2264,2016-08-26T09:05:00,82.23
2265,2016-08-26T09:10:00,82.35
2266,2016-08-26T09:15:00,82.46
2267,2016-08-26T09:20:00,82.68
2268,2016-08-26T09:25:00,82.7
2269,2016-08-26T09:30:00,82.77
2270,2016-08-26T09:35:00,82.71
2271,2016-08-26T09:40:00,83.01
2272,2016-08-26T09:45:00,83.06
2273,2016-08-26T09:50:00,83.39
2274,2016-08-26T09:55:00,83.77
2275,2016-08-26T10:00:00,83.89
2276,2016-08-26T10:05:00,83.92
2277,2016-08-26T10:10:00,83.83
2278,2016-08-26T10:15:00,83.7
2279,2016-08-26T10:20:00,83.52
2280,2016-08-26T10:25:00,83.79
2281,2016-08-26T10:30:00,83.79
2282,2016-08-26T10:35:00,84.06
2283,2016-08-26T10:40:00,84.04
2284,2016-08-26T10:45:00,84.29
2285,2016-08-26T10:50:00,84.68
2286,2016-08-26T10:55:00,84.52
2287,2016-08-26T11:00:00,84.51
2288,2016-08-26T11:05:00,84.69
2289,2016-08-26T11:10:00,84.79
2290,2016-08-26T11:15:00,85.21
2291,2016-08-26T11:20:00,85.11
2292,2016-08-26T11:25:00,85.33
2293,2016-08-26T11:30:00,85.47
2294,2016-08-26T11:35:00,85.24
2295,2016-08-26T11:40:00,85.11
2296,2016-08-26T11:45:00,85.39
2297,2016-08-26T11:50:00,85.5
2298,2016-08-26T11:55:00,85.79
2299,2016-08-26T12:00:00,85.93
2300,2016-08-26T12:05:00,85.85
2301,2016-08-26T12:10:00,85.81
2302,2016-08-26T12:15:00,85.98
2303,2016-08-26T12:20:00,86.11
2304,2016-08-26T12:25:00,85.67
2305,2016-08-26T12:30:00,85.83
2306,2016-08-26T12:35:00,85.67
2307,2016-08-26T12:40:00,86.3
2308,2016-08-26T12:45:00,86.26
2309,2016-08-26T12:50:00,86.36
2310,2016-08-26T12:55:00,86.41
2311,2016-08-26T13:00:00,86.5
2312,2016-08-26T13:05:00,86.74
2313,2016-08-26T13:10:00,87.06
2314,2016-08-26T13:15:00,86.83
2315,2016-08-26T13:20:00,86.52
2316,2016-08-26T13:25:00,86.51
2317,2016-08-26T13:30:00,86.62
2318,2016-08-26T13:35:00,87
2319,2016-08-26T13:40:00,87.25
2320,2016-08-26T13:45:00,86.83
2321,2016-08-26T13:50:00,86.98
2322,2016-08-26T13:55:00,87.12
2323,2016-08-26T14:00:00,87.02
2324,2016-08-26T14:05:00,87.55
2325,2016-08-26T14:10:00,88.62
2326,2016-08-26T14:15:00,88.7
2327,2016-08-26T14:20:00,88.03
2328,2016-08-26T14:25:00,87.58
2329,2016-08-26T14:30:00,87.59
2330,2016-08-26T14:35:00,88.18
2331,2016-08-26T14:40:00,88.62
2332,2016-08-26T14:45:00,91.18
2333,2016-08-26T14:50:00,93.64
2334,2016-08-26T14:55:00,94.28
2335,2016-08-26T15:00:00,94.54
2336,2016-08-26T15:05:00,94.69
2337,2016-08-26T15:10:00,94.81
2338,2016-08-26T15:15:00,94.91
2339,2016-08-26T15:20:00,94.89
2340,2016-08-26T15:25:00,94.08
2341,2016-08-26T15:30:00,94.22
2342,2016-08-26T15:35:00,95.06
2343,2016-08-26T15:40:00,95.26
2344,2016-08-26T15:45:00,95.34
2345,2016-08-26T15:50:00,95.32
2346,2016-08-26T15:55:00,95.36
2347,2016-08-26T16:00:00,95.4
2348,2016-08-26T16:05:00,95.44
2349,2016-08-26T16:10:00,95.47
2350,2016-08-26T16:15:00,95.48
2351,2016-08-26T16:20:00,95.27
2352,2016-08-26T16:25:00,94.18
2353,2016-08-26T16:30:00,87.97
2354,2016-08-26T16:35:00,87.48
2355,2016-08-26T16:40:00,90.52
2356,2016-08-26T16:45:00,90.44
2357,2016-08-26T16:50:00,90.46
2358,2016-08-26T16:55:00,90.36
2359,2016-08-26T17:00:00,90.27
2360,2016-08-26T17:05:00,90.04
2361,2016-08-26T17:10:00,89.9
2362,2016-08-26T17:15:00,89.9
2363,2016-08-26T17:20:00,89.67
2364,2016-08-26T17:25:00,89.3
2365,2016-08-26T17:30:00,89.18
2366,2016-08-26T17:35:00,89.27
2367,2016-08-26T17:40:00,89.14
2368,2016-08-26T17:45:00,88.89
2369,2016-08-26T17:50:00,87.41
2370,2016-08-26T17:55:00,86.72
2371,2016-08-26T18:00:00,88.31
2372,2016-08-26T18:05:00,87.28
2373,2016-08-26T18:10:00,88.38
2374,2016-08-26T18:15:00,84.36
2375,2016-08-26T18:20:00,87.78
2376,2016-08-26T18:25:00,87.64
2377,2016-08-26T18:30:00,87.21
2378,2016-08-26T18:35:00,81.29
2379,2016-08-26T18:40:00,76.75
2380,2016-08-26T18:45:00,86.51
2381,2016-08-26T18:50:00,85.91
2382,2016-08-26T18:55:00,85.69
2383,2016-08-26T19:00:00,83.35
2384,2016-08-26T19:05:00,81.66
2385,2016-08-26T19:10:00,84.28
2386,2016-08-26T19:15:00,79.66
2387,2016-08-26T19:20:00,82.51
2388,2016-08-26T19:25:00,80.15
2389,2016-08-26T19:30:00,78.17
2390,2016-08-26T19:35:00,75.64
2391,2016-08-26T19:40:00,79.15
2392,2016-08-26T19:45:00,73.26
2393,2016-08-26T19:50:00,60.24
2394,2016-08-26T19:55:00,55.78
2395,2016-08-26T20:00:00,48.75
2396,2016-08-26T20:05:00,44.57
2397,2016-08-26T20:10:00,39.33
2398,2016-08-26T20:15:00,33.47
2399,2016-08-26T20:20:00,27.71
2400,2016-08-26T20:25:00,22.25
2401,2016-08-26T20:30:00,25.87
2402,2016-08-26T20:35:00,19.54
2403,2016-08-26T20:40:00,13.99
2404,2016-08-26T20:45:00,9.66
2405,2016-08-26T20:50:00,6.54
2406,2016-08-26T20:55:00,4.47
2407,2016-08-26T21:00:00,3.23
2408,2016-08-26T21:05:00,2.5
2409,2016-08-26T21:10:00,2.15
2410,2016-08-26T21:15:00,1.99
2411,2016-08-26T21:20:00,1.89
2412,2016-08-26T21:25:00,1.86
2413,2016-08-26T21:30:00,1.86
2414,2016-08-26T21:35:00,1.81
2415,2016-08-26T21:40:00,1.79
2416,2016-08-26T21:45:00,1.8
2417,2016-08-26T21:50:00,1.78
2418,2016-08-26T21:55:00,1.31
2419,2016-08-26T22:00:00,0.68
2420,2016-08-26T22:05:00,0.68
2421,2016-08-26T22:10:00,0.67
2422,2016-08-26T22:15:00,0.67
2423,2016-08-26T22:20:00,0.68
2424,2016-08-26T22:25:00,0.67
2425,2016-08-26T22:30:00,0.68
2426,2016-08-26T22:35:00,0.68
2427,2016-08-26T22:40:00,0.68
2428,2016-08-26T22:45:00,0.65
2429,2016-08-26T22:50:00,0.66
2430,2016-08-26T22:55:00,0.47
2431,2016-08-26T23:00:00,0.23
2432,2016-08-26T23:05:00,0.21
2433,2016-08-26T23:10:00,0.22
2434,2016-08-26T23:15:00,0.21
2435,2016-08-26T23:20:00,0.24
2436,2016-08-26T23:25:00,0.21
2437,2016-08-26T23:30:00,0.23
2438,2016-08-26T23:35:00,0.2
2439,2016-08-26T23:40:00,0.2
2440,2016-08-26T23:45:00,0.2
2441,2016-08-26T23:50:00,0.2
2442,2016-08-26T23:55:00,0.2
2443,2016-08-27T00:00:00,0.2
2444,2016-08-27T00:05:00,0.2
2445,2016-08-27T00:10:00,0.2
2446,2016-08-27T00:15:00,0.2
2447,2016-08-27T00:20:00,0.2
2448,2016-08-27T00:25:00,0.2
2449,2016-08-27T00:30:00,0.2
2450,2016-08-27T00:35:00,0.2
2451,2016-08-27T00:40:00,0.2
2452,2016-08-27T00:45:00,0.2
2453,2016-08-27T00:50:00,0.21
2454,2016-08-27T00:55:00,0.21
2455,2016-08-27T01:00:00,0.2
2456,2016-08-27T01:05:00,0.2
2457,2016-08-27T01:10:00,0.2
2458,2016-08-27T01:15:00,0.2
2459,2016-08-27T01:20:00,0.2
2460,2016-08-27T01:25:00,0.2
2461,2016-08-27T01:30:00,0.21
2462,2016-08-27T01:35:00,0.2
2463,2016-08-27T01:40:00,0.21
2464,2016-08-27T01:45:00,0.2
2465,2016-08-27T01:50:00,0.2
2466,2016-08-27T01:55:00,0.21
2467,2016-08-27T02:00:00,0.21
2468,2016-08-27T02:05:00,0.21
2469,2016-08-27T02:10:00,0.22
2470,2016-08-27T02:15:00,0.23
2471,2016-08-27T02:20:00,0.23
2472,2016-08-27T02:25:00,0.23
2473,2016-08-27T02:30:00,0.21
2474,2016-08-27T02:35:00,0.24
2475,2016-08-27T02:40:00,0.29
2476,2016-08-27T02:45:00,0.25
2477,2016-08-27T02:50:00,0.28
2478,2016-08-27T02:55:00,0.27
2479,2016-08-27T03:00:00,0.25
2480,2016-08-27T03:05:00,0.25
2481,2016-08-27T03:10:00,0.26
2482,2016-08-27T03:15:00,0.27
2483,2016-08-27T03:20:00,0.26
2484,2016-08-27T03:25:00,0.28
2485,2016-08-27T03:30:00,0.26
2486,2016-08-27T03:35:00,0.26
2487,2016-08-27T03:40:00,0.28
2488,2016-08-27T03:45:00,0.28
2489,2016-08-27T03:50:00,0.27
2490,2016-08-27T03:55:00,0.29
2491,2016-08-27T04:00:00,0.29
2492,2016-08-27T04:05:00,0.29
2493,2016-08-27T04:10:00,0.29
2494,2016-08-27T04:15:00,0.27
2495,2016-08-27T04:20:00,0.29
2496,2016-08-27T04:25:00,0.28
2497,2016-08-27T04:30:00,0.27
2498,2016-08-27T04:35:00,0.29
2499,2016-08-27T04:40:00,0.29
2500,2016-08-27T04:45:00,0.29
2501,2016-08-27T04:50:00,0.28
2502,2016-08-27T04:55:00,0.35
2503,2016-08-27T05:00:00,0.39
2504,2016-08-27T05:05:00,0.38
2505,2016-08-27T05:10:00,0.39
2506,2016-08-27T05:15:00,0.45
2507,2016-08-27T05:20:00,0.55
2508,2016-08-27T05:25:00,0.73
2509,2016-08-27T05:30:00,1.15
2510,2016-08-27T05:35:00,1.88
2511,2016-08-27T05:40:00,3.28
2512,2016-08-27T05:45:00,6.01
2513,2016-08-27T05:50:00,10.07
2514,2016-08-27T05:55:00,15.6
2515,2016-08-27T06:00:00,21.97
2516,2016-08-27T06:05:00,29.1
2517,2016-08-27T06:10:00,35.97
2518,2016-08-27T06:15:00,42.39
2519,2016-08-27T06:20:00,48.74
2520,2016-08-27T06:25:00,54.41
2521,2016-08-27T06:30:00,57.71
2522,2016-08-27T06:35:00,61.65
2523,2016-08-27T06:40:00,63.92
2524,2016-08-27T06:45:00,65.93
2525,2016-08-27T06:50:00,68.17
2526,2016-08-27T06:55:00,69.4
2527,2016-08-27T07:00:00,70.77
2528,2016-08-27T07:05:00,71.89
2529,2016-08-27T07:10:00,72.96
2530,2016-08-27T07:15:00,73.88
2531,2016-08-27T07:20:00,74.74
2532,2016-08-27T07:25:00,75.52
2533,2016-08-27T07:30:00,76.19
2534,2016-08-27T07:35:00,76.71
2535,2016-08-27T07:40:00,77.27
2536,2016-08-27T07:45:00,77.76
2537,2016-08-27T07:50:00,78.28
2538,2016-08-27T07:55:00,78.69
2539,2016-08-27T08:00:00,79.12
2540,2016-08-27T08:05:00,79.45
2541,2016-08-27T08:10:00,79.77
2542,2016-08-27T08:15:00,77.8
2543,2016-08-27T08:20:00,74.74
2544,2016-08-27T08:25:00,75.07
2545,2016-08-27T08:30:00,75.3
2546,2016-08-27T08:35:00,75.93
2547,2016-08-27T08:40:00,75.7
2548,2016-08-27T08:45:00,75.9
2549,2016-08-27T08:50:00,76.1
2550,2016-08-27T08:55:00,76.3
2551,2016-08-27T09:00:00,76.47
2552,2016-08-27T09:05:00,76.6
2553,2016-08-27T09:10:00,76.73
2554,2016-08-27T09:15:00,76.84
2555,2016-08-27T09:20:00,76.97
2556,2016-08-27T09:25:00,77.1
2557,2016-08-27T09:30:00,77.21
2558,2016-08-27T09:35:00,77.31
2559,2016-08-27T09:40:00,77.35
2560,2016-08-27T09:45:00,77.42
2561,2016-08-27T09:50:00,77.49
2562,2016-08-27T09:55:00,77.54
2563,2016-08-27T10:00:00,77.61
2564,2016-08-27T10:05:00,77.71
2565,2016-08-27T10:10:00,77.79
2566,2016-08-27T10:15:00,77.89
2567,2016-08-27T10:20:00,77.97
2568,2016-08-27T10:25:00,78.07
2569,2016-08-27T10:30:00,78.18
2570,2016-08-27T10:35:00,78.34
2571,2016-08-27T10:40:00,78.45
2572,2016-08-27T10:45:00,78.6
2573,2016-08-27T10:50:00,78.82
2574,2016-08-27T10:55:00,78.93
2575,2016-08-27T11:00:00,79.17
2576,2016-08-27T11:05:00,79.52
2577,2016-08-27T11:10:00,79.8
2578,2016-08-27T11:15:00,80.13
2579,2016-08-27T11:20:00,80.57
2580,2016-08-27T11:25:00,80.92
2581,2016-08-27T11:30:00,80.91
2582,2016-08-27T11:35:00,81.81
2583,2016-08-27T11:40:00,81.95
2584,2016-08-27T11:45:00,81.25
2585,2016-08-27T11:50:00,82.49
2586,2016-08-27T11:55:00,82.58
2587,2016-08-27T12:00:00,83.22
2588,2016-08-27T12:05:00,82.59
2589,2016-08-27T12:10:00,83.54
2590,2016-08-27T12:15:00,81
2591,2016-08-27T12:20:00,84.18
2592,2016-08-27T12:25:00,83.85
2593,2016-08-27T12:30:00,82.92
2594,2016-08-27T12:35:00,84.64
2595,2016-08-27T12:40:00,82.3
2596,2016-08-27T12:45:00,83.63
2597,2016-08-27T12:50:00,83.6
2598,2016-08-27T12:55:00,83.95
2599,2016-08-27T13:00:00,84.81
2600,2016-08-27T13:05:00,84.4
2601,2016-08-27T13:10:00,83.77
2602,2016-08-27T13:15:00,82.36
2603,2016-08-27T13:20:00,82.33
2604,2016-08-27T13:25:00,83.4
2605,2016-08-27T13:30:00,82.64
2606,2016-08-27T13:35:00,85.6
2607,2016-08-27T13:40:00,85.59
2608,2016-08-27T13:45:00,85.34
2609,2016-08-27T13:50:00,83.96
2610,2016-08-27T13:55:00,84.41
2611,2016-08-27T14:00:00,82.59
2612,2016-08-27T14:05:00,85.52
2613,2016-08-27T14:10:00,86.86
2614,2016-08-27T14:15:00,86.76
2615,2016-08-27T14:20:00,85.95
2616,2016-08-27T14:25:00,85.09
2617,2016-08-27T14:30:00,83.1
2618,2016-08-27T14:35:00,75.71
2619,2016-08-27T14:40:00,77.74
2620,2016-08-27T14:45:00,73.1
2621,2016-08-27T14:50:00,71.61
2622,2016-08-27T14:55:00,73.6
2623,2016-08-27T15:00:00,78.55
2624,2016-08-27T15:05:00,90.76
2625,2016-08-27T15:10:00,89.24
2626,2016-08-27T15:15:00,92.02
2627,2016-08-27T15:20:00,92.49
2628,2016-08-27T15:25:00,92.67
2629,2016-08-27T15:30:00,92.89
2630,2016-08-27T15:35:00,92.79
2631,2016-08-27T15:40:00,92.78
2632,2016-08-27T15:45:00,91.41
2633,2016-08-27T15:50:00,85.04
2634,2016-08-27T15:55:00,83.63
2635,2016-08-27T16:00:00,87.26
2636,2016-08-27T16:05:00,82.33
2637,2016-08-27T16:10:00,91.58
2638,2016-08-27T16:15:00,93.77
2639,2016-08-27T16:20:00,93.93
2640,2016-08-27T16:25:00,94.1
2641,2016-08-27T16:30:00,94.14
2642,2016-08-27T16:35:00,94.11
2643,2016-08-27T16:40:00,88.39
2644,2016-08-27T16:45:00,92.96
2645,2016-08-27T16:50:00,91.38
2646,2016-08-27T16:55:00,93.93
2647,2016-08-27T17:00:00,93.11
2648,2016-08-27T17:05:00,93.28
2649,2016-08-27T17:10:00,94.04
2650,2016-08-27T17:15:00,93.85
2651,2016-08-27T17:20:00,92.92
2652,2016-08-27T17:25:00,93.68
2653,2016-08-27T17:30:00,93.55
2654,2016-08-27T17:35:00,93.47
2655,2016-08-27T17:40:00,92.67
2656,2016-08-27T17:45:00,80.42
2657,2016-08-27T17:50:00,78.55
2658,2016-08-27T17:55:00,84.68
2659,2016-08-27T18:00:00,81.62
2660,2016-08-27T18:05:00,89.32
2661,2016-08-27T18:10:00,90.89
2662,2016-08-27T18:15:00,87.17
2663,2016-08-27T18:20:00,84.28
2664,2016-08-27T18:25:00,89.2
2665,2016-08-27T18:30:00,88.67
2666,2016-08-27T18:35:00,88.63
2667,2016-08-27T18:40:00,88.59
2668,2016-08-27T18:45:00,88.36
2669,2016-08-27T18:50:00,78.84
2670,2016-08-27T18:55:00,75.49
2671,2016-08-27T19:00:00,82.29
2672,2016-08-27T19:05:00,85.09
2673,2016-08-27T19:10:00,84.65
2674,2016-08-27T19:15:00,83.19
2675,2016-08-27T19:20:00,79.85
2676,2016-08-27T19:25:00,74.59
2677,2016-08-27T19:30:00,73.08
2678,2016-08-27T19:35:00,72.44
2679,2016-08-27T19:40:00,67.23
2680,2016-08-27T19:45:00,62.45
2681,2016-08-27T19:50:00,56.24
2682,2016-08-27T19:55:00,53.17
2683,2016-08-27T20:00:00,48.2
2684,2016-08-27T20:05:00,43.06
2685,2016-08-27T20:10:00,37.12
2686,2016-08-27T20:15:00,30.56
2687,2016-08-27T20:20:00,28.16
2688,2016-08-27T20:25:00,23.29
2689,2016-08-27T20:30:00,17.35
2690,2016-08-27T20:35:00,11.86
2691,2016-08-27T20:40:00,7.95
2692,2016-08-27T20:45:00,5.27
2693,2016-08-27T20:50:00,3.64
2694,2016-08-27T20:55:00,2.69
2695,2016-08-27T21:00:00,2.29
2696,2016-08-27T21:05:00,2.05
2697,2016-08-27T21:10:00,1.94
2698,2016-08-27T21:15:00,1.9
2699,2016-08-27T21:20:00,1.86
2700,2016-08-27T21:25:00,1.86
2701,2016-08-27T21:30:00,1.86
2702,2016-08-27T21:35:00,1.86
2703,2016-08-27T21:40:00,1.86
2704,2016-08-27T21:45:00,1.86
2705,2016-08-27T21:50:00,1.86
2706,2016-08-27T21:55:00,1.27
2707,2016-08-27T22:00:00,0.68
2708,2016-08-27T22:05:00,0.67
2709,2016-08-27T22:10:00,0.66
2710,2016-08-27T22:15:00,0.68
2711,2016-08-27T22:20:00,0.67
2712,2016-08-27T22:25:00,0.68
2713,2016-08-27T22:30:00,0.68
2714,2016-08-27T22:35:00,0.68
2715,2016-08-27T22:40:00,0.67
2716,2016-08-27T22:45:00,0.68
2717,2016-08-27T22:50:00,0.68
2718,2016-08-27T22:55:00,0.49
2719,2016-08-27T23:00:00,0.21
2720,2016-08-27T23:05:00,0.21
2721,2016-08-27T23:10:00,0.2
2722,2016-08-27T23:15:00,0.2
2723,2016-08-27T23:20:00,0.2
2724,2016-08-27T23:25:00,0.2
2725,2016-08-27T23:30:00,0.2
2726,2016-08-27T23:35:00,0.2
2727,2016-08-27T23:40:00,0.2
2728,2016-08-27T23:45:00,0.2
2729,2016-08-27T23:50:00,0.2
2730,2016-08-27T23:55:00,0.2
2731,2016-08-28T00:00:00,0.2
2732,2016-08-28T00:05:00,0.2
2733,2016-08-28T00:10:00,0.2
2734,2016-08-28T00:15:00,0.2
2735,2016-08-28T00:20:00,0.2
2736,2016-08-28T00:25:00,0.2
2737,2016-08-28T00:30:00,0.2
2738,2016-08-28T00:35:00,0.2
2739,2016-08-28T00:40:00,0.21
2740,2016-08-28T00:45:00,0.2
2741,2016-08-28T00:50:00,0.2
2742,2016-08-28T00:55:00,0.2
2743,2016-08-28T01:00:00,0.2
2744,2016-08-28T01:05:00,0.2
2745,2016-08-28T01:10:00,0.23
2746,2016-08-28T01:15:00,0.2
2747,2016-08-28T01:20:00,0.2
2748,2016-08-28T01:25:00,0.21
2749,2016-08-28T01:30:00,0.21
2750,2016-08-28T01:35:00,0.2
2751,2016-08-28T01:40:00,0.2
2752,2016-08-28T01:45:00,0.2
2753,2016-08-28T01:50:00,0.2
2754,2016-08-28T01:55:00,0.2
2755,2016-08-28T02:00:00,0.2
2756,2016-08-28T02:05:00,0.21
2757,2016-08-28T02:10:00,0.2
2758,2016-08-28T02:15:00,0.22
2759,2016-08-28T02:20:00,0.22
2760,2016-08-28T02:25:00,0.23
2761,2016-08-28T02:30:00,0.21
2762,2016-08-28T02:35:00,0.21
2763,2016-08-28T02:40:00,0.2
2764,2016-08-28T02:45:00,0.21
2765,2016-08-28T02:50:00,0.23
2766,2016-08-28T02:55:00,0.21
2767,2016-08-28T03:00:00,0.22
2768,2016-08-28T03:05:00,0.23
2769,2016-08-28T03:10:00,0.22
2770,2016-08-28T03:15:00,0.23
2771,2016-08-28T03:20:00,0.22
2772,2016-08-28T03:25:00,0.21
2773,2016-08-28T03:30:00,0.21
2774,2016-08-28T03:35:00,0.23
2775,2016-08-28T03:40:00,0.25
2776,2016-08-28T03:45:00,0.29
2777,2016-08-28T03:50:00,0.28
2778,2016-08-28T03:55:00,0.29
2779,2016-08-28T04:00:00,0.28
2780,2016-08-28T04:05:00,0.25
2781,2016-08-28T04:10:00,0.2
2782,2016-08-28T04:15:00,0.25
2783,2016-08-28T04:20:00,0.23
2784,2016-08-28T04:25:00,0.21
2785,2016-08-28T04:30:00,0.2
2786,2016-08-28T04:35:00,0.2
2787,2016-08-28T04:40:00,0.2
2788,2016-08-28T04:45:00,0.2
2789,2016-08-28T04:50:00,0.2
2790,2016-08-28T04:55:00,0.24
2791,2016-08-28T05:00:00,0.29
2792,2016-08-28T05:05:00,0.29
2793,2016-08-28T05:10:00,0.29
2794,2016-08-28T05:15:00,0.29
2795,2016-08-28T05:20:00,0.29
2796,2016-08-28T05:25:00,0.29
2797,2016-08-28T05:30:00,0.29
2798,2016-08-28T05:35:00,0.36
2799,2016-08-28T05:40:00,0.48
2800,2016-08-28T05:45:00,0.77
2801,2016-08-28T05:50:00,1.36
2802,2016-08-28T05:55:00,2.96
2803,2016-08-28T06:00:00,4.81
2804,2016-08-28T06:05:00,6.05
2805,2016-08-28T06:10:00,6.73
2806,2016-08-28T06:15:00,9.9
2807,2016-08-28T06:20:00,13.7
2808,2016-08-28T06:25:00,17.49
2809,2016-08-28T06:30:00,22.1
2810,2016-08-28T06:35:00,27.36
2811,2016-08-28T06:40:00,31.83
2812,2016-08-28T06:45:00,35.07
2813,2016-08-28T06:50:00,35.21
2814,2016-08-28T06:55:00,39.79
2815,2016-08-28T07:00:00,43.88
2816,2016-08-28T07:05:00,45.23
2817,2016-08-28T07:10:00,42.02
2818,2016-08-28T07:15:00,45.62
2819,2016-08-28T07:20:00,54.2
2820,2016-08-28T07:25:00,58.34
2821,2016-08-28T07:30:00,59.81
2822,2016-08-28T07:35:00,61.54
2823,2016-08-28T07:40:00,61.39
2824,2016-08-28T07:45:00,57.97
2825,2016-08-28T07:50:00,58.31
2826,2016-08-28T07:55:00,59.6
2827,2016-08-28T08:00:00,59.32
2828,2016-08-28T08:05:00,58.65
2829,2016-08-28T08:10:00,61.13
2830,2016-08-28T08:15:00,65.3
2831,2016-08-28T08:20:00,71.8
2832,2016-08-28T08:25:00,71.15
2833,2016-08-28T08:30:00,69.78
2834,2016-08-28T08:35:00,69.33
2835,2016-08-28T08:40:00,70.45
2836,2016-08-28T08:45:00,73.44
2837,2016-08-28T08:50:00,77.59
2838,2016-08-28T08:55:00,78.51
2839,2016-08-28T09:00:00,76.95
2840,2016-08-28T09:05:00,76.58
2841,2016-08-28T09:10:00,79.62
2842,2016-08-28T09:15:00,78.67
2843,2016-08-28T09:20:00,75.88
2844,2016-08-28T09:25:00,75.91
2845,2016-08-28T09:30:00,74
2846,2016-08-28T09:35:00,73.35
2847,2016-08-28T09:40:00,76.83
2848,2016-08-28T09:45:00,82.4
2849,2016-08-28T09:50:00,79.11
2850,2016-08-28T09:55:00,72.49
2851,2016-08-28T10:00:00,77.76
2852,2016-08-28T10:05:00,79.16
2853,2016-08-28T10:10:00,77.93
2854,2016-08-28T10:15:00,77.7
2855,2016-08-28T10:20:00,75.44
2856,2016-08-28T10:25:00,73.21
2857,2016-08-28T10:30:00,75.78
2858,2016-08-28T10:35:00,74.55
2859,2016-08-28T10:40:00,74.45
2860,2016-08-28T10:45:00,72.91
2861,2016-08-28T10:50:00,72.53
2862,2016-08-28T10:55:00,73.65
2863,2016-08-28T11:00:00,74.28
2864,2016-08-28T11:05:00,75.11
2865,2016-08-28T11:10:00,78.73
2866,2016-08-28T11:15:00,79.62
2867,2016-08-28T11:20:00,80.53
2868,2016-08-28T11:25:00,80.57
2869,2016-08-28T11:30:00,82.99
2870,2016-08-28T11:35:00,83.8
2871,2016-08-28T11:40:00,84.35
2872,2016-08-28T11:45:00,83.95
2873,2016-08-28T11:50:00,82.88
2874,2016-08-28T11:55:00,83
2875,2016-08-28T12:00:00,82.57
2876,2016-08-28T12:05:00,80.36
2877,2016-08-28T12:10:00,80.06
2878,2016-08-28T12:15:00,79.84
2879,2016-08-28T12:20:00,78.35
2880,2016-08-28T12:25:00,71.55
2881,2016-08-28T12:30:00,57.82
2882,2016-08-28T12:35:00,49.32
2883,2016-08-28T12:40:00,44.06
2884,2016-08-28T12:45:00,42.56
2885,2016-08-28T12:50:00,41.07
2886,2016-08-28T12:55:00,54.56
2887,2016-08-28T13:00:00,61.68
2888,2016-08-28T13:05:00,54.84
2889,2016-08-28T13:10:00,67.76
2890,2016-08-28T13:15:00,84.74
2891,2016-08-28T13:20:00,85.27
2892,2016-08-28T13:25:00,79.86
2893,2016-08-28T13:30:00,72.98
2894,2016-08-28T13:35:00,76.71
2895,2016-08-28T13:40:00,71.69
2896,2016-08-28T13:45:00,69.81
2897,2016-08-28T13:50:00,66.38
2898,2016-08-28T13:55:00,72.64
2899,2016-08-28T14:00:00,74.7
2900,2016-08-28T14:05:00,72.41
2901,2016-08-28T14:10:00,71.56
2902,2016-08-28T14:15:00,68.85
2903,2016-08-28T14:20:00,71.26
2904,2016-08-28T14:25:00,74.5
2905,2016-08-28T14:30:00,76.69
2906,2016-08-28T14:35:00,81.13
2907,2016-08-28T14:40:00,82.97
2908,2016-08-28T14:45:00,83.08
2909,2016-08-28T14:50:00,80.46
2910,2016-08-28T14:55:00,83.18
2911,2016-08-28T15:00:00,86.49
2912,2016-08-28T15:05:00,86.07
2913,2016-08-28T15:10:00,84.88
2914,2016-08-28T15:15:00,85.01
2915,2016-08-28T15:20:00,83.67
2916,2016-08-28T15:25:00,82.81
2917,2016-08-28T15:30:00,82.12
2918,2016-08-28T15:35:00,84
2919,2016-08-28T15:40:00,89.79
2920,2016-08-28T15:45:00,86.83
2921,2016-08-28T15:50:00,82.01
2922,2016-08-28T15:55:00,76.88
2923,2016-08-28T16:00:00,79.39
2924,2016-08-28T16:05:00,82.19
2925,2016-08-28T16:10:00,78.9
2926,2016-08-28T16:15:00,77.61
2927,2016-08-28T16:20:00,77.18
2928,2016-08-28T16:25:00,86.84
2929,2016-08-28T16:30:00,91.18
2930,2016-08-28T16:35:00,87.51
2931,2016-08-28T16:40:00,76.62
2932,2016-08-28T16:45:00,79.28
2933,2016-08-28T16:50:00,77.1
2934,2016-08-28T16:55:00,74.56
2935,2016-08-28T17:00:00,76.87
2936,2016-08-28T17:05:00,81.82
2937,2016-08-28T17:10:00,86.55
2938,2016-08-28T17:15:00,87.25
2939,2016-08-28T17:20:00,88.92
2940,2016-08-28T17:25:00,89.92
2941,2016-08-28T17:30:00,89.5
2942,2016-08-28T17:35:00,88.59
2943,2016-08-28T17:40:00,89.39
2944,2016-08-28T17:45:00,88.95
2945,2016-08-28T17:50:00,87.66
2946,2016-08-28T17:55:00,80.22
2947,2016-08-28T18:00:00,75.76
2948,2016-08-28T18:05:00,82.17
2949,2016-08-28T18:10:00,86.07
2950,2016-08-28T18:15:00,86.71
2951,2016-08-28T18:20:00,85.27
2952,2016-08-28T18:25:00,78.47
2953,2016-08-28T18:30:00,63.25
2954,2016-08-28T18:35:00,53.35
2955,2016-08-28T18:40:00,47.25
2956,2016-08-28T18:45:00,40.47
2957,2016-08-28T18:50:00,38.53
2958,2016-08-28T18:55:00,41.89
2959,2016-08-28T19:00:00,47.11
2960,2016-08-28T19:05:00,55.64
2961,2016-08-28T19:10:00,50.26
2962,2016-08-28T19:15:00,45.38
2963,2016-08-28T19:20:00,41.84
2964,2016-08-28T19:25:00,39.15
2965,2016-08-28T19:30:00,42.21
2966,2016-08-28T19:35:00,36.6
2967,2016-08-28T19:40:00,31.52
2968,2016-08-28T19:45:00,26.71
2969,2016-08-28T19:50:00,22.36
2970,2016-08-28T19:55:00,18.76
2971,2016-08-28T20:00:00,17.22
2972,2016-08-28T20:05:00,15.11
2973,2016-08-28T20:10:00,12.81
2974,2016-08-28T20:15:00,9.94
2975,2016-08-28T20:20:00,7.32
2976,2016-08-28T20:25:00,5.88
2977,2016-08-28T20:30:00,4.84
2978,2016-08-28T20:35:00,4.09
2979,2016-08-28T20:40:00,3.84
2980,2016-08-28T20:45:00,3.17
2981,2016-08-28T20:50:00,2.5
2982,2016-08-28T20:55:00,2.1
2983,2016-08-28T21:00:00,1.91
2984,2016-08-28T21:05:00,1.86
2985,2016-08-28T21:10:00,1.86
2986,2016-08-28T21:15:00,1.86
2987,2016-08-28T21:20:00,1.86
2988,2016-08-28T21:25:00,1.86
2989,2016-08-28T21:30:00,1.87
2990,2016-08-28T21:35:00,1.86
2991,2016-08-28T21:40:00,1.86
2992,2016-08-28T21:45:00,1.86
2993,2016-08-28T21:50:00,1.86
2994,2016-08-28T21:55:00,1.26
2995,2016-08-28T22:00:00,0.68
2996,2016-08-28T22:05:00,0.67
2997,2016-08-28T22:10:00,0.67
2998,2016-08-28T22:15:00,0.67
2999,2016-08-28T22:20:00,0.68
3000,2016-08-28T22:25:00,0.68
3001,2016-10-16T06:20:00,37.93
3002,2016-10-16T06:40:00,64.22
3003,2016-10-16T07:00:00,80.06
3004,2016-10-16T07:20:00,79.86
3005,2016-10-16T07:40:00,83.68
3006,2016-10-16T08:00:00,81.82
3007,2016-10-16T08:20:00,85.24
3008,2016-10-16T08:40:00,84.07
3009,2016-10-16T09:00:00,84.85
3010,2016-10-16T09:20:00,86.61
3011,2016-10-16T09:40:00,88.17
3012,2016-10-16T10:00:00,88.46
3013,2016-10-16T10:20:00,89.93
3014,2016-10-16T10:40:00,85.53
3015,2016-10-16T11:00:00,84.56
3016,2016-10-16T11:20:00,84.26
3017,2016-10-16T11:40:00,82.8
3018,2016-10-16T12:00:00,83.09
3019,2016-10-16T12:20:00,84.16
3020,2016-10-16T12:40:00,84.07
3021,2016-10-16T13:00:00,83.19
3022,2016-10-16T13:20:00,81.72
3023,2016-10-16T13:45:00,78.01
3024,2016-10-16T14:05:00,76.83
3025,2016-10-16T14:25:00,77.42
3026,2016-10-16T14:45:00,73.22
3027,2016-10-16T15:05:00,70.38
3028,2016-08-28T22:30:00,0.68
3029,2016-08-28T22:35:00,0.68
3030,2016-08-28T22:40:00,0.63
3031,2016-08-28T22:45:00,0.64
3032,2016-08-28T22:50:00,0.68
3033,2016-08-28T22:55:00,0.42
3034,2016-08-28T23:00:00,0.23
3035,2016-08-28T23:05:00,0.2
3036,2016-08-28T23:10:00,0.22
3037,2016-08-28T23:15:00,0.21
3038,2016-08-28T23:20:00,0.24
3039,2016-08-28T23:25:00,0.21
3040,2016-08-28T23:30:00,0.27
3041,2016-08-28T23:35:00,0.24
3042,2016-08-28T23:40:00,0.22
3043,2016-08-28T23:45:00,0.23
3044,2016-08-28T23:50:00,0.27
3045,2016-08-28T23:55:00,0.28
3046,2016-08-29T00:00:00,0.28
3047,2016-08-29T00:05:00,0.29
3048,2016-08-29T00:10:00,0.25
3049,2016-08-29T00:15:00,0.21
3050,2016-08-29T00:20:00,0.21
3051,2016-08-29T00:25:00,0.2
3052,2016-08-29T00:30:00,0.22
3053,2016-08-29T00:35:00,0.27
3054,2016-08-29T00:40:00,0.28
3055,2016-08-29T00:45:00,0.23
3056,2016-08-29T00:50:00,0.23
3057,2016-08-29T00:55:00,0.27
3058,2016-08-29T01:00:00,0.26
3059,2016-08-29T01:05:00,0.22
3060,2016-08-29T01:10:00,0.23
3061,2016-08-29T01:15:00,0.25
3062,2016-08-29T01:20:00,0.27
3063,2016-08-29T01:25:00,0.24
3064,2016-08-29T01:30:00,0.28
3065,2016-08-29T01:35:00,0.28
3066,2016-08-29T01:40:00,0.29
3067,2016-08-29T01:45:00,0.21
3068,2016-08-29T01:50:00,0.2
3069,2016-08-29T01:55:00,0.2
3070,2016-08-29T02:00:00,0.2
3071,2016-08-29T02:05:00,0.2
3072,2016-08-29T02:10:00,0.2
3073,2016-08-29T02:15:00,0.2
3074,2016-08-29T02:20:00,0.2
3075,2016-08-29T02:25:00,0.2
3076,2016-08-29T02:30:00,0.22
3077,2016-08-29T02:35:00,0.2
3078,2016-08-29T02:40:00,0.24
3079,2016-08-29T02:45:00,0.27
3080,2016-08-29T02:50:00,0.27
3081,2016-08-29T02:55:00,0.28
3082,2016-08-29T03:00:00,0.29
3083,2016-08-29T03:05:00,0.29
3084,2016-08-29T03:10:00,0.29
3085,2016-08-29T03:15:00,0.27
3086,2016-08-29T03:20:00,0.28
3087,2016-08-29T03:25:00,0.29
3088,2016-08-29T03:30:00,0.28
3089,2016-08-29T03:35:00,0.25
3090,2016-08-29T03:40:00,0.22
3091,2016-08-29T03:45:00,0.25
3092,2016-08-29T03:50:00,0.24
3093,2016-08-29T03:55:00,0.26
3094,2016-08-29T04:00:00,0.26
3095,2016-08-29T04:05:00,0.26
3096,2016-08-29T04:10:00,0.27
3097,2016-08-29T04:15:00,0.27
3098,2016-08-29T04:20:00,0.29
3099,2016-08-29T04:25:00,0.29
3100,2016-08-29T04:30:00,0.29
3101,2016-08-29T04:35:00,0.29
3102,2016-08-29T04:40:00,0.27
3103,2016-08-29T04:45:00,0.29
3104,2016-08-29T04:50:00,0.31
3105,2016-08-29T04:55:00,0.35
3106,2016-08-29T05:00:00,0.39
3107,2016-08-29T05:05:00,1.92
3108,2016-08-29T05:10:00,2.13
3109,2016-08-29T05:15:00,2.15
3110,2016-08-29T05:20:00,2.12
3111,2016-08-29T05:25:00,2.15
3112,2016-08-29T05:30:00,47.17
3113,2016-08-29T05:35:00,66.32
3114,2016-08-29T05:40:00,66.18
3115,2016-08-29T05:45:00,66.44
3116,2016-08-29T05:50:00,66.26
3117,2016-08-29T05:55:00,66.08
3118,2016-08-29T06:00:00,66.08
3119,2016-08-29T06:05:00,66.08
3120,2016-08-29T06:10:00,66.08
3121,2016-08-29T06:15:00,66.08
3122,2016-08-29T06:20:00,66.09
3123,2016-08-29T06:25:00,23.98
3124,2016-08-29T06:30:00,12.71
3125,2016-08-29T06:35:00,14.74
3126,2016-08-29T06:40:00,22.61
3127,2016-08-29T06:45:00,32.54
3128,2016-08-29T06:50:00,39.19
3129,2016-08-29T06:55:00,42.86
3130,2016-08-29T07:00:00,51.02
3131,2016-08-29T07:05:00,52.23
3132,2016-08-29T07:10:00,48.21
3133,2016-08-29T07:15:00,46.17
3134,2016-08-29T07:20:00,51.87
3135,2016-08-29T07:25:00,59.49
3136,2016-08-29T07:30:00,58.48
3137,2016-08-29T07:35:00,57.11
3138,2016-08-29T07:40:00,59.5
3139,2016-08-29T07:45:00,59.6
3140,2016-08-29T07:50:00,60.05
3141,2016-08-29T07:55:00,60.13
3142,2016-08-29T08:00:00,61.06
3143,2016-08-29T08:05:00,60.24
3144,2016-08-29T08:10:00,56.83
3145,2016-08-29T08:15:00,51.66
3146,2016-08-29T08:20:00,53.6
3147,2016-08-29T08:25:00,59.73
3148,2016-08-29T08:30:00,67.48
3149,2016-09-28T13:55:00,0
3150,2016-08-29T09:40:00,81.53
3151,2016-08-29T09:55:00,76.44
3152,2016-08-29T10:00:00,74.88
3153,2016-08-29T10:05:00,78.25
3154,2016-08-29T10:10:00,80.94
3155,2016-09-27T10:25:00,81.32
3156,2016-09-27T10:30:00,81.5
3157,2016-09-27T10:35:00,82.31
3158,2016-09-27T10:50:00,97.65
3159,2016-09-27T11:20:00,0
3160,2016-09-27T11:50:00,0
3161,2016-09-27T12:20:00,0
3162,2016-09-27T12:50:00,0
3163,2016-09-27T13:20:00,0
3164,2016-09-27T13:50:00,0
3165,2016-09-27T14:25:00,0
3166,2016-09-27T14:55:00,0
3167,2016-09-27T15:25:00,0
3168,2016-09-27T15:55:00,0
3169,2016-09-27T16:25:00,0
3170,2016-09-27T16:55:00,0
3171,2016-09-27T17:25:00,0
3172,2016-09-27T17:55:00,0
3173,2016-09-27T18:25:00,0
3174,2016-09-27T18:55:00,0
3175,2016-09-27T19:25:00,0
3176,2016-09-27T19:55:00,0
3177,2016-09-27T20:25:00,0
3178,2016-09-27T20:55:00,0
3179,2016-09-27T21:25:00,0
3180,2016-09-27T21:55:00,0
3181,2016-09-27T22:25:00,0
3182,2016-09-27T22:55:00,0
3183,2016-09-27T23:25:00,0
3184,2016-09-27T23:55:00,0
3185,2016-09-28T00:25:00,0
3186,2016-09-28T00:55:00,0
3187,2016-09-28T01:25:00,0
3188,2016-09-28T01:55:00,0
3189,2016-09-28T02:25:00,0
3190,2016-09-28T02:55:00,0
3191,2016-09-28T03:25:00,0
3192,2016-09-28T03:55:00,0
3193,2016-09-28T04:25:00,0
3194,2016-09-28T04:55:00,0
3195,2016-09-28T05:25:00,0
3196,2016-09-28T05:55:00,0
3197,2016-09-28T06:25:00,0
3198,2016-09-28T06:55:00,0
3199,2016-09-28T07:25:00,0
3200,2016-09-28T07:55:00,0
3201,2016-09-28T08:25:00,0
3202,2016-09-28T08:55:00,0
3203,2016-09-28T09:25:00,0
3204,2016-09-28T09:55:00,0
3205,2016-09-28T10:25:00,0
3206,2016-09-28T10:55:00,0
3207,2016-09-28T11:25:00,0
3208,2016-09-28T12:25:00,0
3209,2016-09-28T12:55:00,0
3210,2016-09-28T13:25:00,0
3211,2016-09-28T14:25:00,0
3212,2016-09-28T14:55:00,0
3213,2016-09-28T15:25:00,0
3214,2016-09-28T15:55:00,0
3215,2016-09-28T16:30:00,0
3216,2016-09-28T17:00:00,0
3217,2016-09-28T17:30:00,0
3218,2016-09-28T18:00:00,0
3219,2016-09-28T18:30:00,0
3220,2016-09-28T19:00:00,0
3221,2016-09-28T19:30:00,0
3222,2016-09-28T20:00:00,0
3223,2016-09-28T20:30:00,0
3224,2016-09-28T21:00:00,0
3225,2016-09-28T21:30:00,0
3226,2016-09-28T22:00:00,0
3227,2016-09-28T22:30:00,0
3228,2016-09-28T23:00:00,0
3229,2016-09-28T23:30:00,0
3230,2016-09-29T00:00:00,0
3231,2016-09-29T00:30:00,0
3232,2016-09-29T01:00:00,0
3233,2016-09-29T01:30:00,0
3234,2016-09-29T02:00:00,0
3235,2016-09-29T02:30:00,0
3236,2016-09-29T03:00:00,0
3237,2016-09-29T03:30:00,0
3238,2016-09-29T04:00:00,0
3239,2016-09-29T04:30:00,0
3240,2016-09-29T05:00:00,0
3241,2016-09-29T05:30:00,0
3242,2016-09-29T06:00:00,0
3243,2016-09-29T06:30:00,0
3244,2016-09-29T07:00:00,0
3245,2016-09-29T07:30:00,0
3246,2016-09-29T08:00:00,0
3247,2016-09-29T08:30:00,0
3248,2016-09-29T09:00:00,0
3249,2016-09-29T09:30:00,0
3250,2016-09-29T10:00:00,0
3251,2016-09-29T10:30:00,0
3252,2016-09-29T11:30:00,0
3253,2016-09-29T11:35:00,45.94
3254,2016-09-29T11:40:00,42.13
3255,2016-09-29T11:45:00,46.48
3256,2016-09-29T11:55:00,43.89
3257,2016-09-29T12:15:00,33.33
3258,2016-09-29T12:35:00,97.56
3259,2016-09-29T12:55:00,97.75
3260,2016-09-29T13:15:00,98.83
3261,2016-09-29T13:35:00,98.83
3262,2016-09-29T13:55:00,98.53
3263,2016-09-29T14:15:00,97.85
3264,2016-09-29T14:35:00,98.14
3265,2016-09-29T14:55:00,97.95
3266,2016-09-29T15:15:00,96.97
3267,2016-09-29T15:35:00,97.07
3268,2016-09-29T15:55:00,95.6
3269,2016-09-29T16:15:00,97.07
3270,2016-09-29T16:35:00,92.67
3271,2016-09-29T16:55:00,82.11
3272,2016-10-03T02:30:00,0.59
3273,2016-09-29T17:15:00,52.4
3274,2016-09-29T17:35:00,7.23
3275,2016-09-29T17:55:00,1.17
3276,2016-09-29T18:15:00,0.78
3277,2016-09-29T18:35:00,0.68
3278,2016-09-29T18:55:00,0.68
3279,2016-09-29T19:15:00,0.68
3280,2016-09-29T19:35:00,0.68
3281,2016-09-29T20:00:00,0.78
3282,2016-09-29T20:20:00,0.78
3283,2016-09-29T20:40:00,0.59
3284,2016-09-29T21:00:00,0.68
3285,2016-09-29T21:20:00,0.49
3286,2016-09-29T21:40:00,0.49
3287,2016-09-29T22:00:00,0.49
3288,2016-09-29T22:20:00,0.68
3289,2016-09-29T22:40:00,0.49
3290,2016-09-29T23:00:00,0.49
3291,2016-09-29T23:20:00,0.59
3292,2016-09-29T23:40:00,0.49
3293,2016-09-30T00:00:00,0.68
3294,2016-09-30T00:20:00,0.49
3295,2016-09-30T00:40:00,0.49
3296,2016-09-30T01:00:00,0.49
3297,2016-09-30T01:20:00,0.59
3298,2016-09-30T01:40:00,0.49
3299,2016-09-30T02:00:00,0.59
3300,2016-09-30T02:20:00,0.59
3301,2016-09-30T02:40:00,0.59
3302,2016-09-30T03:00:00,0.59
3303,2016-09-30T03:20:00,0.68
3304,2016-09-30T03:40:00,0.59
3305,2016-09-30T04:00:00,0.68
3306,2016-09-30T04:20:00,1.17
3307,2016-09-30T04:40:00,7.53
3308,2016-09-30T05:00:00,49.07
3309,2016-09-30T05:20:00,78.59
3310,2016-09-30T05:40:00,90.03
3311,2016-09-30T06:00:00,92.77
3312,2016-09-30T06:20:00,96.38
3313,2016-09-30T06:40:00,97.16
3314,2016-09-30T07:00:00,97.75
3315,2016-09-30T07:25:00,96.68
3316,2016-09-30T07:45:00,96.68
3317,2016-09-30T08:05:00,98.04
3318,2016-09-30T08:25:00,97.65
3319,2016-09-30T08:45:00,98.24
3320,2016-09-30T09:05:00,97.95
3321,2016-09-30T09:25:00,97.36
3322,2016-09-30T09:45:00,98.14
3323,2016-09-30T10:05:00,97.56
3324,2016-09-30T10:25:00,98.53
3325,2016-09-30T10:45:00,97.85
3326,2016-09-30T11:05:00,97.36
3327,2016-09-30T11:25:00,98.83
3328,2016-09-30T11:45:00,98.83
3329,2016-09-30T12:05:00,97.75
3330,2016-09-30T12:25:00,98.83
3331,2016-09-30T12:45:00,97.65
3332,2016-09-30T13:05:00,96.28
3333,2016-09-30T13:25:00,98.14
3334,2016-09-30T13:45:00,94.72
3335,2016-09-30T14:05:00,98.92
3336,2016-09-30T14:25:00,98.83
3337,2016-09-30T14:45:00,95.41
3338,2016-09-30T15:05:00,98.73
3339,2016-09-30T15:25:00,95.21
3340,2016-09-30T15:45:00,98.53
3341,2016-09-30T16:05:00,91.89
3342,2016-09-30T16:25:00,91.89
3343,2016-09-30T16:45:00,86.12
3344,2016-09-30T17:05:00,66.96
3345,2016-09-30T17:25:00,14.08
3346,2016-09-30T17:45:00,1.56
3347,2016-09-30T18:05:00,0.78
3348,2016-09-30T18:25:00,0.68
3349,2016-09-30T18:50:00,1.08
3350,2016-09-30T19:10:00,0.68
3351,2016-09-30T19:30:00,0.59
3352,2016-09-30T19:50:00,0.59
3353,2016-09-30T20:10:00,0.59
3354,2016-09-30T20:30:00,0.88
3355,2016-09-30T20:50:00,0.59
3356,2016-09-30T21:10:00,0.49
3357,2016-09-30T21:30:00,0.49
3358,2016-09-30T21:50:00,0.59
3359,2016-09-30T22:10:00,0.49
3360,2016-09-30T22:30:00,0.49
3361,2016-09-30T22:50:00,0.49
3362,2016-09-30T23:10:00,0.49
3363,2016-09-30T23:30:00,0.49
3364,2016-09-30T23:50:00,0.49
3365,2016-10-01T00:10:00,0.49
3366,2016-10-01T00:30:00,0.49
3367,2016-10-01T00:50:00,0.49
3368,2016-10-01T01:10:00,0.59
3369,2016-10-01T01:30:00,0.59
3370,2016-10-01T01:50:00,0.59
3371,2016-10-01T02:10:00,0.68
3372,2016-10-01T02:30:00,0.59
3373,2016-10-01T02:50:00,0.68
3374,2016-10-01T03:10:00,0.68
3375,2016-10-01T03:30:00,0.59
3376,2016-10-01T03:50:00,0.68
3377,2016-10-01T04:10:00,0.88
3378,2016-10-01T04:30:00,2.64
3379,2016-10-01T04:50:00,23.46
3380,2016-10-01T05:10:00,73.51
3381,2016-10-01T05:30:00,89.44
3382,2016-10-01T05:50:00,94.72
3383,2016-10-01T06:15:00,96.48
3384,2016-10-01T06:35:00,96.87
3385,2016-10-01T06:55:00,97.56
3386,2016-10-01T07:15:00,97.36
3387,2016-10-01T07:35:00,96.68
3388,2016-10-01T07:55:00,97.85
3389,2016-10-01T08:15:00,97.75
3390,2016-10-01T08:35:00,97.36
3391,2016-10-01T08:55:00,97.65
3392,2016-10-01T09:15:00,97.46
3393,2016-10-01T09:35:00,98.14
3394,2016-10-01T09:55:00,98.24
3395,2016-10-01T10:15:00,98.24
3396,2016-10-01T10:35:00,98.44
3397,2016-10-01T10:55:00,98.04
3398,2016-10-01T11:15:00,96.87
3399,2016-10-01T11:35:00,97.16
3400,2016-10-01T11:55:00,97.36
3401,2016-10-01T12:15:00,95.8
3402,2016-10-01T12:35:00,95.99
3403,2016-10-01T12:55:00,96.19
3404,2016-10-01T13:15:00,96.19
3405,2016-10-01T13:35:00,96.87
3406,2016-10-01T13:55:00,95.6
3407,2016-10-01T14:15:00,96.19
3408,2016-10-01T14:35:00,97.75
3409,2016-10-01T14:55:00,96.38
3410,2016-10-01T15:15:00,93.06
3411,2016-10-01T15:35:00,89.05
3412,2016-10-01T15:55:00,85.83
3413,2016-10-01T16:15:00,79.37
3414,2016-10-01T16:35:00,75.86
3415,2016-10-01T16:55:00,50.54
3416,2016-10-01T17:15:00,7.14
3417,2016-10-01T17:40:00,1.37
3418,2016-10-01T18:00:00,0.78
3419,2016-10-01T18:20:00,0.68
3420,2016-10-01T18:40:00,1.08
3421,2016-10-01T19:00:00,0.68
3422,2016-10-01T19:20:00,0.68
3423,2016-10-01T19:40:00,0.78
3424,2016-10-01T20:00:00,0.68
3425,2016-10-01T20:20:00,0.68
3426,2016-10-01T20:40:00,0.68
3427,2016-10-01T21:00:00,0.59
3428,2016-10-01T21:20:00,0.59
3429,2016-10-01T21:40:00,0.59
3430,2016-10-01T22:00:00,0.68
3431,2016-10-01T22:20:00,0.59
3432,2016-10-01T22:40:00,0.59
3433,2016-10-01T23:00:00,0.59
3434,2016-10-01T23:20:00,0.59
3435,2016-10-01T23:40:00,0.59
3436,2016-10-02T00:00:00,0.68
3437,2016-10-02T00:20:00,0.68
3438,2016-10-02T00:40:00,0.68
3439,2016-10-02T01:00:00,0.68
3440,2016-10-02T01:20:00,0.68
3441,2016-10-02T01:40:00,0.78
3442,2016-10-02T02:00:00,1.17
3443,2016-10-02T02:20:00,0.88
3444,2016-10-02T02:40:00,0.78
3445,2016-10-02T03:00:00,0.78
3446,2016-10-02T03:20:00,0.98
3447,2016-10-02T03:40:00,0.88
3448,2016-10-02T04:00:00,0.88
3449,2016-10-02T04:20:00,1.27
3450,2016-10-02T04:45:00,1.86
3451,2016-10-02T05:05:00,16.13
3452,2016-10-02T05:25:00,44.28
3453,2016-10-02T05:45:00,60.51
3454,2016-10-02T06:05:00,74.19
3455,2016-10-02T06:25:00,82.5
3456,2016-10-02T06:45:00,86.9
3457,2016-10-02T07:05:00,88.76
3458,2016-10-02T07:25:00,94.33
3459,2016-10-02T07:45:00,95.8
3460,2016-10-02T08:05:00,94.92
3461,2016-10-02T08:25:00,95.02
3462,2016-10-02T08:45:00,95.89
3463,2016-10-02T09:05:00,96.09
3464,2016-10-02T09:25:00,95.11
3465,2016-10-02T09:45:00,95.99
3466,2016-10-02T10:05:00,96.19
3467,2016-10-02T10:25:00,96.97
3468,2016-10-02T10:45:00,97.56
3469,2016-10-02T11:05:00,97.36
3470,2016-10-02T11:25:00,95.31
3471,2016-10-02T11:45:00,95.6
3472,2016-10-02T12:05:00,94.72
3473,2016-10-02T12:25:00,93.94
3474,2016-10-02T12:45:00,96.38
3475,2016-10-02T13:05:00,95.41
3476,2016-10-02T13:25:00,93.94
3477,2016-10-02T13:45:00,90.22
3478,2016-10-02T14:05:00,88.46
3479,2016-10-02T14:25:00,85.44
3480,2016-10-02T14:45:00,80.16
3481,2016-10-02T15:05:00,71.06
3482,2016-10-02T15:25:00,72.04
3483,2016-10-02T15:45:00,83.48
3484,2016-10-02T16:10:00,61.88
3485,2016-10-02T16:30:00,42.52
3486,2016-10-02T16:50:00,35.09
3487,2016-10-02T17:10:00,13.39
3488,2016-10-02T17:30:00,2.54
3489,2016-10-02T17:50:00,1.17
3490,2016-10-02T18:10:00,1.08
3491,2016-10-02T18:30:00,0.88
3492,2016-10-02T18:50:00,1.17
3493,2016-10-02T19:10:00,1.08
3494,2016-10-02T19:30:00,1.08
3495,2016-10-02T19:50:00,1.08
3496,2016-10-02T20:10:00,0.98
3497,2016-10-02T20:30:00,1.27
3498,2016-10-02T20:50:00,0.98
3499,2016-10-02T21:10:00,0.88
3500,2016-10-02T21:30:00,0.78
3501,2016-10-02T21:50:00,0.68
3502,2016-10-02T22:10:00,0.78
3503,2016-10-02T22:30:00,0.88
3504,2016-10-02T22:50:00,0.88
3505,2016-10-02T23:10:00,1.08
3506,2016-10-02T23:30:00,1.17
3507,2016-10-02T23:50:00,1.37
3508,2016-10-03T00:10:00,1.17
3509,2016-10-03T00:30:00,0.88
3510,2016-10-03T00:50:00,0.68
3511,2016-10-03T01:10:00,0.78
3512,2016-10-03T01:30:00,0.68
3513,2016-10-03T01:50:00,0.78
3514,2016-10-03T02:10:00,0.59
3515,2016-10-03T02:50:00,0.59
3516,2016-10-03T03:10:00,0.49
3517,2016-10-03T03:35:00,0.49
3518,2016-10-03T03:55:00,0.59
3519,2016-10-03T04:15:00,0.68
3520,2016-10-03T04:35:00,1.37
3521,2016-10-03T04:55:00,12.51
3522,2016-10-03T05:15:00,62.46
3523,2016-10-03T05:35:00,84.65
3524,2016-10-03T05:55:00,90.32
3525,2016-10-03T06:15:00,93.26
3526,2016-10-03T06:35:00,93.65
3527,2016-10-03T06:55:00,95.02
3528,2016-10-03T07:15:00,95.5
3529,2016-10-03T07:35:00,96.28
3530,2016-10-03T07:55:00,97.16
3531,2016-10-03T08:15:00,98.24
3532,2016-10-03T08:35:00,98.04
3533,2016-10-03T08:55:00,97.56
3534,2016-10-03T09:15:00,97.65
3535,2016-10-03T09:35:00,96.77
3536,2016-10-03T09:55:00,96.97
3537,2016-10-03T10:15:00,96.09
3538,2016-10-03T10:35:00,97.36
3539,2016-10-03T10:55:00,97.95
3540,2016-10-03T11:15:00,98.14
3541,2016-10-03T11:35:00,98.04
3542,2016-10-03T11:55:00,98.73
3543,2016-10-03T12:15:00,98.83
3544,2016-10-03T12:35:00,98.92
3545,2016-10-03T12:55:00,98.92
3546,2016-10-03T13:15:00,98.92
3547,2016-10-03T13:35:00,98.92
3548,2016-10-03T13:55:00,98.53
3549,2016-10-03T14:15:00,97.36
3550,2016-10-03T14:35:00,98.24
3551,2016-10-03T15:00:00,98.83
3552,2016-10-03T15:20:00,98.73
3553,2016-10-03T15:40:00,98.63
3554,2016-10-03T16:00:00,98.34
3555,2016-10-03T16:20:00,93.35
3556,2016-10-03T16:40:00,88.95
3557,2016-10-03T17:00:00,72.63
3558,2016-10-03T17:20:00,21.8
3559,2016-10-03T17:40:00,2.44
3560,2016-10-03T18:00:00,0.68
3561,2016-10-03T18:20:00,0.59
3562,2016-10-03T18:40:00,0.68
3563,2016-10-03T19:00:00,0.59
3564,2016-10-03T19:20:00,0.59
3565,2016-10-03T19:40:00,0.59
3566,2016-10-03T20:00:00,0.49
3567,2016-10-03T20:20:00,0.59
3568,2016-10-03T20:40:00,0.49
3569,2016-10-03T21:00:00,0.49
3570,2016-10-03T21:20:00,0.49
3571,2016-10-03T21:40:00,0.49
3572,2016-10-03T22:00:00,0.49
3573,2016-10-03T22:20:00,0.49
3574,2016-10-03T22:40:00,0.49
3575,2016-10-03T23:00:00,0.49
3576,2016-10-03T23:20:00,0.49
3577,2016-10-03T23:40:00,0.49
3578,2016-10-04T00:00:00,0.49
3579,2016-10-04T00:20:00,0.49
3580,2016-10-04T00:40:00,0.49
3581,2016-10-04T01:00:00,0.49
3582,2016-10-04T01:20:00,0.49
3583,2016-10-04T01:40:00,0.49
3584,2016-10-04T02:05:00,0.59
3585,2016-10-04T02:25:00,0.49
3586,2016-10-04T02:45:00,0.59
3587,2016-10-04T03:05:00,0.59
3588,2016-10-04T03:25:00,0.59
3589,2016-10-04T03:45:00,0.59
3590,2016-10-04T04:05:00,0.68
3591,2016-10-04T04:25:00,0.98
3592,2016-10-04T04:45:00,6.06
3593,2016-10-04T05:05:00,43.3
3594,2016-10-04T05:25:00,81.33
3595,2016-10-04T05:45:00,92.08
3596,2016-10-04T06:05:00,96.09
3597,2016-10-04T06:25:00,96.87
3598,2016-10-04T06:45:00,97.26
3599,2016-10-04T07:05:00,97.56
3600,2016-10-04T07:25:00,97.75
3601,2016-10-04T07:45:00,97.95
3602,2016-10-04T08:05:00,97.95
3603,2016-10-04T08:25:00,98.04
3604,2016-10-04T08:45:00,98.14
3605,2016-10-04T09:05:00,98.24
3606,2016-10-04T09:25:00,98.34
3607,2016-10-04T09:45:00,98.14
3608,2016-10-04T10:05:00,98.44
3609,2016-10-04T10:25:00,98.53
3610,2016-10-04T10:45:00,98.63
3611,2016-10-04T11:05:00,98.63
3612,2016-10-04T11:25:00,98.73
3613,2016-10-04T11:45:00,98.83
3614,2016-10-04T12:05:00,98.83
3615,2016-10-04T12:25:00,98.83
3616,2016-10-04T12:45:00,98.83
3617,2016-10-04T13:05:00,98.92
3618,2016-10-04T13:30:00,98.92
3619,2016-10-04T13:50:00,98.92
3620,2016-10-04T14:10:00,98.92
3621,2016-10-04T14:30:00,97.26
3622,2016-10-04T14:50:00,98.83
3623,2016-10-04T15:10:00,96.38
3624,2016-10-04T15:30:00,98.63
3625,2016-10-04T15:50:00,97.85
3626,2016-10-04T16:10:00,93.06
3627,2016-10-04T16:30:00,88.95
3628,2016-10-04T16:50:00,73.8
3629,2016-10-04T17:10:00,26.2
3630,2016-10-04T17:30:00,2.44
3631,2016-10-04T17:50:00,0.98
3632,2016-10-04T18:10:00,0.68
3633,2016-10-04T18:30:00,0.88
3634,2016-10-04T18:50:00,0.98
3635,2016-10-04T19:10:00,0.98
3636,2016-10-04T19:30:00,0.78
3637,2016-10-04T19:50:00,0.88
3638,2016-10-04T20:10:00,0.78
3639,2016-10-04T20:30:00,0.59
3640,2016-10-04T20:50:00,0.59
3641,2016-10-04T21:10:00,0.68
3642,2016-10-04T21:30:00,0.68
3643,2016-10-04T21:50:00,0.59
3644,2016-10-04T22:10:00,0.68
3645,2016-10-04T22:30:00,0.68
3646,2016-10-04T22:50:00,0.59
3647,2016-10-04T23:10:00,0.49
3648,2016-10-04T23:30:00,0.78
3649,2016-10-04T23:50:00,0.59
3650,2016-10-05T00:10:00,0.49
3651,2016-10-05T00:30:00,0.49
3652,2016-10-05T00:55:00,0.49
3653,2016-10-05T01:15:00,0.49
3654,2016-10-05T01:35:00,0.59
3655,2016-10-05T01:55:00,0.59
3656,2016-10-05T02:15:00,0.59
3657,2016-10-05T02:35:00,0.59
3658,2016-10-05T02:55:00,0.59
3659,2016-10-05T03:15:00,0.59
3660,2016-10-05T03:35:00,0.59
3661,2016-10-05T03:55:00,0.68
3662,2016-10-05T04:15:00,0.78
3663,2016-10-05T04:35:00,1.96
3664,2016-10-05T04:55:00,15.35
3665,2016-10-05T05:15:00,64.52
3666,2016-10-05T05:35:00,86.51
3667,2016-10-05T05:55:00,94.92
3668,2016-10-05T06:15:00,95.41
3669,2016-10-05T06:35:00,96.38
3670,2016-10-05T06:55:00,97.46
3671,2016-10-05T07:15:00,97.65
3672,2016-10-05T07:35:00,97.95
3673,2016-10-05T07:55:00,97.95
3674,2016-10-05T08:15:00,71.16
3675,2016-10-05T08:35:00,54.35
3676,2016-10-11T07:05:00,78.89
3677,2016-10-11T07:25:00,85.53
3678,2016-10-11T07:45:00,86.61
3679,2016-10-11T08:05:00,88.95
3680,2016-10-11T08:25:00,89.05
3681,2016-10-11T08:45:00,90.32
3682,2016-10-11T09:05:00,89.93
3683,2016-10-11T09:25:00,89.93
3684,2016-10-11T09:45:00,90.42
3685,2016-10-11T10:05:00,91.59
3686,2016-10-11T10:25:00,91.4
3687,2016-10-11T10:45:00,91.2
3688,2016-10-11T11:05:00,91.4
3689,2016-10-11T11:25:00,92.18
3690,2016-10-11T11:45:00,92.86
3691,2016-10-11T12:05:00,92.77
3692,2016-10-11T12:25:00,93.26
3693,2016-10-11T12:45:00,93.35
3694,2016-10-11T13:05:00,92.77
3695,2016-10-11T13:25:00,91.89
3696,2016-10-11T13:50:00,92.77
3697,2016-10-11T14:10:00,89.83
3698,2016-10-11T14:30:00,87.59
3699,2016-10-11T14:50:00,88.37
3700,2016-10-11T15:10:00,86.41
3701,2016-10-11T15:30:00,80.45
3702,2016-10-11T15:50:00,70.48
3703,2016-10-11T16:10:00,50.44
3704,2016-10-11T16:30:00,44.97
3705,2016-10-11T16:50:00,43.3
3706,2016-10-11T17:10:00,1.27
3707,2016-10-11T17:30:00,1.08
3708,2016-10-11T17:50:00,1.08
3709,2016-10-11T18:10:00,1.08
3710,2016-10-11T18:30:00,1.08
3711,2016-10-11T18:50:00,1.08
3712,2016-10-11T19:10:00,1.08
3713,2016-10-11T19:30:00,1.08
3714,2016-10-11T19:50:00,0.98
3715,2016-10-11T20:10:00,0.88
3716,2016-10-11T20:30:00,0.88
3717,2016-10-11T20:50:00,0.88
3718,2016-10-11T21:10:00,0.78
3719,2016-10-11T21:30:00,0.78
3720,2016-10-11T21:50:00,0.78
3721,2016-10-11T22:10:00,0.68
3722,2016-10-11T22:30:00,0.68
3723,2016-10-11T22:50:00,0.68
3724,2016-10-11T23:10:00,0.68
3725,2016-10-11T23:30:00,0.68
3726,2016-10-11T23:50:00,0.68
3727,2016-10-12T00:10:00,0.68
3728,2016-10-12T00:30:00,0.68
3729,2016-10-12T00:50:00,0.68
3730,2016-10-12T01:15:00,0.68
3731,2016-10-12T01:35:00,0.68
3732,2016-10-12T01:55:00,0.59
3733,2016-10-12T02:15:00,0.59
3734,2016-10-12T02:35:00,41.84
3735,2016-10-12T02:55:00,44.58
3736,2016-10-12T03:15:00,45.75
3737,2016-10-12T03:35:00,44.38
3738,2016-10-12T04:15:00,38.51
3739,2016-10-12T04:35:00,43.11
3740,2016-10-12T04:55:00,42.13
3741,2016-10-12T05:15:00,42.03
3742,2016-10-12T05:35:00,47.51
3743,2016-10-12T05:55:00,58.94
3744,2016-10-12T06:15:00,73.7
3745,2016-10-12T06:35:00,80.35
3746,2016-10-12T06:55:00,82.7
3747,2016-10-12T07:15:00,82.11
3748,2016-10-12T07:35:00,85.04
3749,2016-10-12T07:55:00,84.56
3750,2016-10-12T08:15:00,90.22
3751,2016-10-12T08:35:00,89.64
3752,2016-10-12T08:55:00,92.18
3753,2016-10-12T09:15:00,92.28
3754,2016-10-12T09:35:00,92.28
3755,2016-10-12T09:55:00,91.5
3756,2016-10-12T10:15:00,90.32
3757,2016-10-12T10:40:00,88.56
3758,2016-10-12T11:00:00,89.15
3759,2016-10-12T11:20:00,89.83
3760,2016-10-12T11:40:00,91.69
3761,2016-10-12T12:00:00,91.98
3762,2016-10-12T12:20:00,93.35
3763,2016-10-12T12:40:00,90.62
3764,2016-10-12T13:00:00,91.3
3765,2016-10-12T13:20:00,91.5
3766,2016-10-12T13:40:00,93.55
3767,2016-10-12T14:00:00,91.2
3768,2016-10-12T14:20:00,87.98
3769,2016-10-12T14:40:00,88.66
3770,2016-10-12T15:00:00,89.05
3771,2016-10-12T15:20:00,79.18
3772,2016-10-12T15:40:00,78.01
3773,2016-10-12T16:00:00,59.82
3774,2016-10-12T16:20:00,47.21
3775,2016-10-12T16:40:00,44.97
3776,2016-10-12T17:00:00,40.86
3777,2016-10-12T17:20:00,0.98
3778,2016-10-12T17:40:00,0.98
3779,2016-10-12T18:00:00,1.08
3780,2016-10-12T18:20:00,1.08
3781,2016-10-12T18:40:00,1.08
3782,2016-10-12T19:05:00,1.08
3783,2016-10-12T19:25:00,1.08
3784,2016-10-12T19:45:00,1.08
3785,2016-10-12T20:05:00,0.98
3786,2016-10-12T20:25:00,0.88
3787,2016-10-12T20:45:00,0.78
3788,2016-10-12T21:05:00,0.68
3789,2016-10-12T21:25:00,0.68
3790,2016-10-12T21:45:00,0.78
3791,2016-10-12T22:05:00,0.68
3792,2016-10-12T22:25:00,0.78
3793,2016-10-12T22:45:00,0.68
3794,2016-10-12T23:05:00,0.49
3795,2016-10-12T23:25:00,0.68
3796,2016-10-12T23:45:00,0.78
3797,2016-10-13T00:05:00,0.78
3798,2016-10-13T00:25:00,0.68
3799,2016-10-13T00:45:00,0.59
3800,2016-10-13T01:05:00,0.68
3801,2016-10-13T01:25:00,0.78
3802,2016-10-13T01:45:00,0.78
3803,2016-10-13T02:05:00,0.98
3804,2016-10-13T02:25:00,0.88
3805,2016-10-13T02:45:00,43.01
3806,2016-10-13T03:05:00,42.03
3807,2016-10-13T03:25:00,43.5
3808,2016-10-13T03:45:00,43.6
3809,2016-10-13T04:05:00,41.74
3810,2016-10-13T04:25:00,44.87
3811,2016-10-13T04:45:00,43.4
3812,2016-10-13T05:05:00,45.46
3813,2016-10-13T05:25:00,46.14
3814,2016-10-13T05:45:00,40.96
3815,2016-10-13T06:05:00,64.71
3816,2016-10-13T06:30:00,69.89
3817,2016-10-13T06:50:00,82.99
3818,2016-10-13T07:10:00,83.38
3819,2016-10-13T07:30:00,87.68
3820,2016-10-13T07:50:00,91.01
3821,2016-10-13T08:10:00,92.57
3822,2016-10-13T08:30:00,91.69
3823,2016-10-13T08:50:00,94.23
3824,2016-10-13T09:10:00,92.86
3825,2016-10-13T09:30:00,93.94
3826,2016-10-13T09:50:00,93.06
3827,2016-10-13T10:10:00,95.31
3828,2016-10-13T10:30:00,95.8
3829,2016-10-13T10:50:00,95.41
3830,2016-10-13T11:10:00,95.31
3831,2016-10-13T11:30:00,93.84
3832,2016-10-13T11:50:00,95.21
3833,2016-10-13T12:10:00,95.31
3834,2016-10-13T12:30:00,93.45
3835,2016-10-13T12:50:00,93.45
3836,2016-10-13T13:10:00,93.65
3837,2016-10-13T13:30:00,93.74
3838,2016-10-13T13:50:00,93.26
3839,2016-10-13T14:10:00,94.53
3840,2016-10-13T14:30:00,93.16
3841,2016-10-13T14:50:00,91.98
3842,2016-10-13T15:10:00,92.28
3843,2016-10-13T15:30:00,91.1
3844,2016-10-13T15:50:00,88.66
3845,2016-10-13T16:10:00,77.61
3846,2016-10-13T16:30:00,46.04
3847,2016-10-13T16:50:00,46.33
3848,2016-10-13T17:35:00,0.98
3849,2016-10-13T17:55:00,1.08
3850,2016-10-13T18:15:00,0.98
3851,2016-10-13T18:35:00,1.08
3852,2016-10-13T18:55:00,1.08
3853,2016-10-13T19:15:00,0.98
3854,2016-10-13T19:35:00,1.08
3855,2016-10-13T19:55:00,0.98
3856,2016-10-13T20:15:00,0.98
3857,2016-10-13T20:35:00,0.88
3858,2016-10-13T20:55:00,0.68
3859,2016-10-13T21:15:00,0.88
3860,2016-10-13T21:35:00,0.78
3861,2016-10-13T21:55:00,0.68
3862,2016-10-13T22:15:00,0.68
3863,2016-10-13T22:35:00,0.78
3864,2016-10-13T22:55:00,0.78
3865,2016-10-13T23:15:00,0.68
3866,2016-10-13T23:35:00,0.68
3867,2016-10-13T23:55:00,0.68
3868,2016-10-14T00:15:00,0.68
3869,2016-10-14T00:35:00,0.59
3870,2016-10-14T00:55:00,0.59
3871,2016-10-14T01:15:00,0.68
3872,2016-10-14T01:35:00,0.68
3873,2016-10-14T01:55:00,0.78
3874,2016-10-14T02:15:00,0.78
3875,2016-10-14T02:35:00,44.28
3876,2016-10-14T02:55:00,46.24
3877,2016-10-14T03:15:00,43.7
3878,2016-10-14T03:35:00,47.21
3879,2016-10-14T03:55:00,46.92
3880,2016-10-14T04:15:00,47.7
3881,2016-10-14T04:35:00,45.06
3882,2016-10-14T05:00:00,43.01
3883,2016-10-14T05:20:00,47.6
3884,2016-10-14T05:40:00,46.92
3885,2016-10-14T06:00:00,74.58
3886,2016-10-14T06:20:00,87.39
3887,2016-10-14T06:40:00,91.89
3888,2016-10-14T07:00:00,91.4
3889,2016-10-14T07:20:00,93.06
3890,2016-10-14T07:40:00,94.14
3891,2016-10-14T08:00:00,95.7
3892,2016-10-14T08:20:00,94.23
3893,2016-10-14T08:40:00,95.6
3894,2016-10-14T09:00:00,94.62
3895,2016-10-14T09:20:00,94.82
3896,2016-10-14T09:40:00,94.04
3897,2016-10-14T10:00:00,95.02
3898,2016-10-14T10:20:00,95.11
3899,2016-10-14T10:40:00,96.19
3900,2016-10-14T11:00:00,95.21
3901,2016-10-14T11:20:00,96.68
3902,2016-10-14T11:40:00,95.5
3903,2016-10-14T12:00:00,96.19
3904,2016-10-14T12:20:00,94.72
3905,2016-10-14T12:40:00,95.21
3906,2016-10-14T13:00:00,94.14
3907,2016-10-14T13:20:00,94.23
3908,2016-10-14T13:40:00,93.94
3909,2016-10-14T14:00:00,95.02
3910,2016-10-14T14:40:00,94.14
3911,2016-10-14T15:00:00,91.1
3912,2016-10-14T15:20:00,91.1
3913,2016-10-14T15:40:00,86.12
3914,2016-10-14T16:00:00,77.42
3915,2016-10-14T16:25:00,51.81
3916,2016-10-14T16:45:00,42.13
3917,2016-10-14T17:05:00,1.37
3918,2016-10-14T17:25:00,0.78
3919,2016-10-14T17:45:00,0.78
3920,2016-10-14T18:05:00,0.68
3921,2016-10-14T18:25:00,0.68
3922,2016-10-14T18:45:00,0.68
3923,2016-10-14T19:05:00,0.68
3924,2016-10-14T19:25:00,0.68
3925,2016-10-14T19:45:00,0.68
3926,2016-10-14T20:05:00,0.68
3927,2016-10-14T20:25:00,0.78
3928,2016-10-14T20:45:00,0.78
3929,2016-10-14T21:05:00,0.78
3930,2016-10-14T21:25:00,0.78
3931,2016-10-14T21:45:00,0.78
3932,2016-10-14T22:05:00,0.78
3933,2016-10-14T22:25:00,0.68
3934,2016-10-14T22:45:00,0.68
3935,2016-10-14T23:05:00,0.78
3936,2016-10-14T23:25:00,0.59
3937,2016-10-14T23:45:00,0.68
3938,2016-10-15T00:05:00,0.68
3939,2016-10-15T00:25:00,0.68
3940,2016-10-15T00:45:00,0.68
3941,2016-10-15T01:05:00,0.78
3942,2016-10-15T01:25:00,0.68
3943,2016-10-15T01:45:00,0.78
3944,2016-10-15T02:05:00,0.78
3945,2016-10-15T02:25:00,0.68
3946,2016-10-15T02:45:00,0.68
3947,2016-10-15T03:05:00,0.59
3948,2016-10-15T03:25:00,0.68
3949,2016-10-15T03:50:00,0.78
3950,2016-10-15T04:10:00,1.17
3951,2016-10-15T04:30:00,1.27
3952,2016-10-15T04:50:00,1.27
3953,2016-10-15T05:10:00,2.93
3954,2016-10-15T05:30:00,7.04
3955,2016-10-15T05:50:00,26.2
3956,2016-10-15T06:10:00,53.67
3957,2016-10-15T06:30:00,68.92
3958,2016-10-15T06:50:00,78.79
3959,2016-10-15T07:10:00,82.99
3960,2016-10-15T07:30:00,86.32
3961,2016-10-15T07:50:00,87.98
3962,2016-10-15T08:10:00,88.46
3963,2016-10-15T08:30:00,89.64
3964,2016-10-15T08:50:00,91.89
3965,2016-10-15T09:10:00,91.4
3966,2016-10-15T09:30:00,92.28
3967,2016-10-15T09:50:00,91.59
3968,2016-10-15T10:10:00,91.98
3969,2016-10-15T10:30:00,93.16
3970,2016-10-15T10:50:00,93.35
3971,2016-10-15T11:10:00,92.86
3972,2016-10-15T11:30:00,93.45
3973,2016-10-15T11:50:00,93.84
3974,2016-10-15T12:10:00,94.04
3975,2016-10-15T12:30:00,93.35
3976,2016-10-15T12:50:00,92.18
3977,2016-10-15T13:10:00,92.47
3978,2016-10-15T13:30:00,90.62
3979,2016-10-15T13:50:00,87.78
3980,2016-10-15T14:10:00,85.44
3981,2016-10-15T14:30:00,80.45
3982,2016-10-15T14:50:00,75.27
3983,2016-10-15T15:15:00,67.35
3984,2016-10-15T15:35:00,56.7
3985,2016-10-15T15:55:00,39.2
3986,2016-10-15T16:15:00,22.29
3987,2016-10-15T16:35:00,5.57
3988,2016-10-15T16:55:00,0.98
3989,2016-10-15T17:15:00,0.88
3990,2016-10-15T17:35:00,0.78
3991,2016-10-15T17:55:00,0.78
3992,2016-10-15T18:15:00,0.68
3993,2016-10-15T18:35:00,0.78
3994,2016-10-15T18:55:00,0.78
3995,2016-10-15T19:15:00,0.78
3996,2016-10-15T19:35:00,0.78
3997,2016-10-15T19:55:00,0.88
3998,2016-10-15T20:15:00,0.78
3999,2016-10-15T20:35:00,0.78
4000,2016-10-15T20:55:00,0.78
4001,2016-10-15T21:15:00,0.88
4002,2016-10-15T21:35:00,0.78
4003,2016-10-15T21:55:00,0.88
4004,2016-10-15T22:15:00,0.78
4005,2016-10-15T22:35:00,0.68
4006,2016-10-15T22:55:00,0.78
4007,2016-10-15T23:15:00,0.68
4008,2016-10-15T23:35:00,0.78
4009,2016-10-15T23:55:00,0.78
4010,2016-10-16T00:15:00,0.68
4011,2016-10-16T00:35:00,0.68
4012,2016-10-16T00:55:00,0.59
4013,2016-10-16T01:15:00,0.68
4014,2016-10-16T01:35:00,0.59
4015,2016-10-16T01:55:00,0.59
4016,2016-10-16T02:20:00,0.59
4017,2016-10-16T02:40:00,0.59
4018,2016-10-16T03:00:00,0.68
4019,2016-10-16T03:20:00,0.68
4020,2016-10-16T03:40:00,0.68
4021,2016-10-16T04:00:00,0.98
4022,2016-10-16T04:20:00,1.08
4023,2016-10-16T04:40:00,0.98
4024,2016-10-16T05:00:00,1.17
4025,2016-10-16T05:20:00,2.54
4026,2016-10-16T05:40:00,9.38
4027,2016-10-16T06:00:00,27.47
4028,2016-11-02T01:00:00,0.39
4029,2016-11-02T01:20:00,0.39
4030,2016-11-02T01:40:00,0.49
4031,2016-11-02T02:00:00,0.49
4032,2016-11-02T02:20:00,0.49
4033,2016-11-02T02:40:00,0.39
4034,2016-11-02T03:00:00,0.39
4035,2016-11-02T03:20:00,0.39
4036,2016-11-02T03:40:00,39.78
4037,2016-11-02T04:00:00,38.51
4038,2016-11-02T04:20:00,40.08
4039,2016-11-02T04:40:00,39.39
4040,2016-11-02T05:00:00,38.81
4041,2016-11-02T05:20:00,40.47
4042,2016-11-02T05:40:00,41.06
4043,2016-11-02T06:00:00,26.59
4044,2016-11-02T06:20:00,65.69
4045,2016-11-02T06:40:00,82.31
4046,2016-11-02T07:00:00,95.21
4047,2016-11-02T07:20:00,94.43
4048,2016-11-02T07:40:00,95.5
4049,2016-11-02T08:05:00,95.8
4050,2016-11-02T08:25:00,97.75
4051,2016-11-02T08:45:00,98.04
4052,2016-11-02T09:05:00,98.04
4053,2016-11-02T09:25:00,93.55
4054,2016-11-02T09:45:00,93.06
4055,2016-11-02T10:05:00,95.31
4056,2016-10-16T15:25:00,71.75
4057,2016-10-16T15:45:00,67.25
4058,2016-10-16T16:05:00,39.59
4059,2016-10-16T16:25:00,11.24
4060,2016-10-16T16:45:00,1.96
4061,2016-10-16T17:05:00,0.98
4062,2016-10-16T17:25:00,0.98
4063,2016-10-16T17:45:00,0.98
4064,2016-10-16T18:05:00,0.98
4065,2016-10-16T18:25:00,0.98
4066,2016-10-16T18:45:00,0.88
4067,2016-10-16T19:05:00,0.98
4068,2016-10-16T19:25:00,0.88
4069,2016-10-16T19:45:00,0.98
4070,2016-10-16T20:05:00,0.88
4071,2016-10-16T20:25:00,0.88
4072,2016-10-16T20:45:00,0.98
4073,2016-10-16T21:05:00,0.88
4074,2016-10-16T21:25:00,0.88
4075,2016-10-16T21:45:00,0.78
4076,2016-10-16T22:05:00,0.88
4077,2016-10-16T22:25:00,0.88
4078,2016-10-16T22:45:00,0.88
4079,2016-10-16T23:05:00,0.88
4080,2016-10-16T23:25:00,0.78
4081,2016-10-16T23:45:00,0.78
4082,2016-10-17T00:05:00,0.78
4083,2016-10-17T00:25:00,0.78
4084,2016-10-17T00:45:00,0.78
4085,2016-10-17T01:10:00,0.78
4086,2016-10-17T01:30:00,0.78
4087,2016-10-17T01:50:00,0.78
4088,2016-10-17T02:10:00,0.78
4089,2016-10-17T02:30:00,0.78
4090,2016-10-17T02:50:00,43.3
4091,2016-10-17T03:10:00,43.21
4092,2016-10-17T03:30:00,41.64
4093,2016-10-17T03:50:00,41.64
4094,2016-10-17T04:10:00,39.78
4095,2016-10-17T04:30:00,44.18
4096,2016-10-17T04:50:00,43.3
4097,2016-10-17T05:10:00,40.57
4098,2016-10-17T05:30:00,44.48
4099,2016-10-17T05:50:00,50.73
4100,2016-10-17T06:10:00,63.83
4101,2016-10-17T06:30:00,67.16
4102,2016-10-17T06:50:00,73.31
4103,2016-10-17T07:10:00,72.63
4104,2016-10-17T07:30:00,84.07
4105,2016-10-17T07:50:00,80.64
4106,2016-10-17T08:10:00,78.69
4107,2016-10-17T08:30:00,86.61
4108,2016-10-17T08:50:00,87.68
4109,2016-10-17T09:10:00,88.56
4110,2016-10-17T09:30:00,90.52
4111,2016-10-17T09:50:00,90.52
4112,2016-10-17T10:10:00,89.44
4113,2016-10-17T10:30:00,92.08
4114,2016-10-17T10:50:00,91.01
4115,2016-10-17T11:10:00,90.81
4116,2016-10-17T11:30:00,90.62
4117,2016-10-17T11:50:00,89.44
4118,2016-10-17T12:10:00,89.83
4119,2016-10-17T12:35:00,88.76
4120,2016-10-17T12:55:00,88.86
4121,2016-10-17T13:15:00,86.71
4122,2016-10-17T13:35:00,89.44
4123,2016-10-17T13:55:00,86.71
4124,2016-10-17T14:15:00,84.46
4125,2016-10-17T14:35:00,87.2
4126,2016-10-17T14:55:00,75.27
4127,2016-10-17T15:15:00,64.12
4128,2016-10-17T15:35:00,62.07
4129,2016-10-17T15:55:00,34.31
4130,2016-10-17T16:15:00,43.7
4131,2016-10-17T16:35:00,42.42
4132,2016-10-17T16:55:00,40.57
4133,2016-10-17T17:15:00,1.17
4134,2016-10-17T17:35:00,1.27
4135,2016-10-17T17:55:00,1.27
4136,2016-10-17T18:15:00,1.27
4137,2016-10-17T18:35:00,1.08
4138,2016-10-17T18:55:00,1.08
4139,2016-10-17T19:15:00,0.88
4140,2016-10-17T19:35:00,0.78
4141,2016-10-17T19:55:00,0.78
4142,2016-10-17T20:15:00,0.68
4143,2016-10-17T20:55:00,0.78
4144,2016-10-17T21:15:00,0.78
4145,2016-10-17T21:35:00,0.78
4146,2016-10-17T21:55:00,0.78
4147,2016-10-17T22:15:00,0.68
4148,2016-10-17T22:35:00,0.78
4149,2016-10-17T22:55:00,0.78
4150,2016-10-17T23:15:00,0.78
4151,2016-10-17T23:40:00,0.78
4152,2016-10-18T00:00:00,0.88
4153,2016-10-18T00:20:00,0.78
4154,2016-10-18T00:40:00,0.78
4155,2016-10-18T01:00:00,0.78
4156,2016-10-18T01:20:00,0.78
4157,2016-10-18T01:40:00,0.78
4158,2016-10-18T02:00:00,0.78
4159,2016-10-18T02:20:00,0.78
4160,2016-10-18T02:40:00,38.81
4161,2016-10-18T03:00:00,42.42
4162,2016-10-18T03:20:00,41.06
4163,2016-10-18T03:40:00,41.84
4164,2016-10-18T04:00:00,38.51
4165,2016-10-18T04:20:00,39.69
4166,2016-10-18T04:40:00,40.47
4167,2016-10-18T05:00:00,42.33
4168,2016-10-18T05:20:00,41.54
4169,2016-10-18T05:40:00,43.4
4170,2016-10-18T06:00:00,49.95
4171,2016-10-18T06:20:00,55.13
4172,2016-10-18T06:40:00,77.22
4173,2016-10-18T07:00:00,84.56
4174,2016-10-18T07:20:00,88.07
4175,2016-10-18T07:40:00,88.37
4176,2016-10-18T08:00:00,86.71
4177,2016-10-18T08:20:00,87.1
4178,2016-10-18T08:40:00,86.71
4179,2016-10-18T09:00:00,89.05
4180,2016-10-18T09:20:00,87.59
4181,2016-10-18T09:40:00,89.34
4182,2016-10-18T10:00:00,89.93
4183,2016-10-18T10:20:00,89.54
4184,2016-10-18T10:40:00,87.98
4185,2016-10-18T11:05:00,89.34
4186,2016-10-18T11:25:00,90.62
4187,2016-10-18T11:45:00,90.22
4188,2016-10-18T12:05:00,91.5
4189,2016-10-18T12:25:00,85.92
4190,2016-10-18T12:45:00,87.2
4191,2016-10-18T13:05:00,87.68
4192,2016-10-18T13:25:00,86.22
4193,2016-10-18T13:45:00,90.22
4194,2016-10-18T14:05:00,82.21
4195,2016-10-18T14:25:00,81.72
4196,2016-10-18T14:45:00,84.85
4197,2016-10-18T15:05:00,83.87
4198,2016-10-18T15:25:00,83.19
4199,2016-10-18T15:45:00,67.35
4200,2016-10-18T16:05:00,51.22
4201,2016-10-18T16:25:00,42.62
4202,2016-10-18T16:45:00,40.47
4203,2016-10-18T17:05:00,0.88
4204,2016-10-18T17:25:00,0.59
4205,2016-10-18T17:45:00,0.78
4206,2016-10-18T18:05:00,0.88
4207,2016-10-18T18:25:00,0.78
4208,2016-10-18T18:45:00,0.98
4209,2016-10-18T19:05:00,0.78
4210,2016-10-18T19:25:00,0.88
4211,2016-10-18T19:45:00,0.59
4212,2016-10-18T20:05:00,0.68
4213,2016-10-18T20:25:00,0.68
4214,2016-10-18T20:45:00,0.68
4215,2016-10-18T21:05:00,0.68
4216,2016-10-18T21:25:00,0.68
4217,2016-10-18T21:45:00,0.49
4218,2016-10-18T22:05:00,0.59
4219,2016-10-18T22:30:00,0.59
4220,2016-10-18T22:50:00,0.59
4221,2016-10-18T23:10:00,0.59
4222,2016-10-18T23:30:00,0.49
4223,2016-10-18T23:50:00,0.49
4224,2016-10-19T00:10:00,0.49
4225,2016-10-19T00:30:00,0.49
4226,2016-10-19T00:50:00,0.39
4227,2016-10-19T01:10:00,0.39
4228,2016-10-19T01:30:00,0.39
4229,2016-10-19T01:50:00,0.49
4230,2016-10-19T02:10:00,0.49
4231,2016-10-19T02:50:00,38.51
4232,2016-10-19T03:10:00,36.17
4233,2016-10-19T03:30:00,37.34
4234,2016-10-19T03:50:00,37.34
4235,2016-10-19T04:10:00,36.95
4236,2016-10-19T04:30:00,37.15
4237,2016-10-19T04:50:00,36.17
4238,2016-10-19T05:10:00,36.17
4239,2016-10-19T05:30:00,36.76
4240,2016-10-19T05:50:00,39.69
4241,2016-10-19T06:10:00,46.72
4242,2016-10-19T06:30:00,64.81
4243,2016-10-19T06:50:00,62.07
4244,2016-10-19T07:10:00,74.19
4245,2016-10-19T07:30:00,78.3
4246,2016-10-19T07:50:00,84.46
4247,2016-10-19T08:10:00,87.59
4248,2016-10-19T08:30:00,80.94
4249,2016-10-19T08:50:00,80.55
4250,2016-10-19T09:10:00,85.63
4251,2016-10-19T09:30:00,88.86
4252,2016-10-19T09:55:00,83.09
4253,2016-10-19T10:15:00,85.92
4254,2016-10-19T10:35:00,89.15
4255,2016-10-19T10:55:00,91.4
4256,2016-10-19T11:15:00,91.3
4257,2016-10-19T11:35:00,89.93
4258,2016-10-19T11:55:00,91.1
4259,2016-10-19T12:15:00,90.62
4260,2016-10-19T12:35:00,88.27
4261,2016-10-19T12:55:00,85.04
4262,2016-10-19T13:15:00,88.76
4263,2016-10-19T13:35:00,78.5
4264,2016-10-19T13:55:00,86.71
4265,2016-10-19T14:15:00,86.8
4266,2016-10-19T14:35:00,78.2
4267,2016-10-19T14:55:00,69.31
4268,2016-10-19T15:15:00,49.85
4269,2016-10-19T15:35:00,38.22
4270,2016-10-19T15:55:00,47.7
4271,2016-10-19T16:15:00,43.89
4272,2016-10-19T16:35:00,39.59
4273,2016-10-19T16:55:00,41.25
4274,2016-10-19T17:15:00,0.68
4275,2016-10-19T17:35:00,0.68
4276,2016-10-19T17:55:00,0.68
4277,2016-10-19T18:15:00,0.68
4278,2016-10-19T18:35:00,0.68
4279,2016-10-19T18:55:00,0.59
4280,2016-10-19T19:15:00,0.68
4281,2016-10-19T19:35:00,0.68
4282,2016-10-19T19:55:00,0.59
4283,2016-10-19T20:15:00,0.68
4284,2016-10-19T20:35:00,0.59
4285,2016-10-19T20:55:00,0.59
4286,2016-10-19T21:20:00,0.59
4287,2016-10-19T21:40:00,0.49
4288,2016-10-19T22:00:00,0.49
4289,2016-10-19T22:20:00,0.59
4290,2016-10-19T22:40:00,0.49
4291,2016-10-19T23:00:00,0.49
4292,2016-10-19T23:20:00,0.59
4293,2016-10-19T23:40:00,0.68
4294,2016-10-20T00:00:00,0.59
4295,2016-10-20T00:20:00,0.68
4296,2016-10-20T00:40:00,0.59
4297,2016-10-20T01:00:00,0.88
4298,2016-10-20T01:20:00,0.68
4299,2016-10-20T01:40:00,0.68
4300,2016-10-20T02:00:00,0.78
4301,2016-10-20T02:20:00,0.78
4302,2016-10-20T02:40:00,38.02
4303,2016-10-20T03:00:00,37.44
4304,2016-10-20T03:20:00,39
4305,2016-10-20T03:40:00,36.56
4306,2016-10-20T04:00:00,36.95
4307,2016-10-20T04:20:00,35.88
4308,2016-10-20T04:40:00,35.09
4309,2016-10-20T05:00:00,37.73
4310,2016-10-20T05:20:00,35.09
4311,2016-10-20T05:40:00,39.98
4312,2016-10-20T06:00:00,68.04
4313,2016-10-20T06:20:00,87.78
4314,2016-10-20T06:40:00,91.5
4315,2016-10-20T07:00:00,91.3
4316,2016-10-20T07:20:00,95.5
4317,2016-10-20T07:40:00,95.89
4318,2016-10-20T08:00:00,96.28
4319,2016-10-20T08:25:00,94.04
4320,2016-10-20T08:45:00,96.28
4321,2016-10-20T09:05:00,95.6
4322,2016-10-20T09:25:00,95.11
4323,2016-10-20T09:45:00,96.58
4324,2016-10-20T10:05:00,95.31
4325,2016-10-20T10:25:00,94.04
4326,2016-10-20T10:45:00,97.46
4327,2016-10-20T11:05:00,96.58
4328,2016-10-20T11:25:00,95.99
4329,2016-10-20T11:45:00,95.89
4330,2016-10-20T12:05:00,95.8
4331,2016-10-20T12:25:00,95.7
4332,2016-10-20T12:45:00,95.6
4333,2016-10-20T13:05:00,95.6
4334,2016-10-20T13:25:00,95.5
4335,2016-10-20T13:45:00,94.92
4336,2016-10-20T14:05:00,92.86
4337,2016-10-20T14:25:00,93.65
4338,2016-10-20T14:45:00,92.47
4339,2016-10-20T15:05:00,90.32
4340,2016-10-20T15:25:00,87.39
4341,2016-10-20T15:45:00,80.64
4342,2016-10-20T16:05:00,61.49
4343,2016-10-20T16:25:00,42.23
4344,2016-10-20T16:45:00,41.64
4345,2016-10-20T17:05:00,0.98
4346,2016-10-20T17:25:00,0.88
4347,2016-10-20T17:45:00,1.08
4348,2016-10-20T18:05:00,0.88
4349,2016-10-20T18:25:00,0.98
4350,2016-10-20T18:45:00,1.08
4351,2016-10-20T19:05:00,0.98
4352,2016-10-20T19:25:00,1.08
4353,2016-10-20T19:50:00,1.17
4354,2016-10-20T20:10:00,1.17
4355,2016-10-20T20:30:00,1.08
4356,2016-10-20T20:50:00,1.08
4357,2016-10-20T21:10:00,1.17
4358,2016-10-20T21:30:00,1.08
4359,2016-10-20T21:50:00,1.08
4360,2016-10-20T22:10:00,0.98
4361,2016-10-20T22:30:00,0.78
4362,2016-10-20T22:50:00,0.88
4363,2016-10-20T23:10:00,0.78
4364,2016-10-20T23:30:00,0.88
4365,2016-10-20T23:50:00,0.78
4366,2016-10-21T00:10:00,0.88
4367,2016-10-21T00:30:00,0.88
4368,2016-10-21T00:50:00,0.88
4369,2016-10-21T01:10:00,0.98
4370,2016-10-21T01:30:00,0.88
4371,2016-10-21T01:50:00,1.08
4372,2016-10-21T02:10:00,1.08
4373,2016-10-21T02:30:00,1.17
4374,2016-10-21T02:50:00,38.61
4375,2016-10-21T03:10:00,41.15
4376,2016-10-21T03:30:00,38.81
4377,2016-10-21T03:50:00,41.25
4378,2016-10-21T04:10:00,38.81
4379,2016-10-21T04:30:00,37.93
4380,2016-10-21T04:50:00,39.2
4381,2016-10-21T05:10:00,38.12
4382,2016-10-21T05:30:00,36.95
4383,2016-10-21T05:50:00,41.06
4384,2016-10-21T06:10:00,47.31
4385,2016-10-21T06:30:00,51.71
4386,2016-10-21T06:50:00,64.32
4387,2016-10-21T07:15:00,69.21
4388,2016-10-21T07:35:00,76.54
4389,2016-10-21T07:55:00,81.43
4390,2016-10-21T08:15:00,85.24
4391,2016-10-21T08:35:00,89.15
4392,2016-10-21T08:55:00,85.34
4393,2016-10-21T09:15:00,88.27
4394,2016-10-21T09:35:00,87.39
4395,2016-10-21T09:55:00,88.27
4396,2016-10-21T10:15:00,90.91
4397,2016-10-21T10:35:00,88.76
4398,2016-10-21T10:55:00,91.89
4399,2016-10-21T11:15:00,92.57
4400,2016-10-21T11:35:00,82.01
4401,2016-10-21T11:55:00,89.34
4402,2016-10-21T12:15:00,90.62
4403,2016-10-21T12:35:00,86.51
4404,2016-10-21T12:55:00,86.12
4405,2016-10-21T13:15:00,84.85
4406,2016-10-21T13:35:00,87.49
4407,2016-10-21T13:55:00,82.4
4408,2016-10-21T14:15:00,84.36
4409,2016-10-21T14:35:00,82.21
4410,2016-10-21T14:55:00,71.75
4411,2016-10-21T15:15:00,74.98
4412,2016-10-21T15:35:00,58.46
4413,2016-10-21T15:55:00,37.73
4414,2016-10-21T16:15:00,36.85
4415,2016-10-21T16:35:00,36.17
4416,2016-10-21T16:55:00,37.54
4417,2016-10-21T17:15:00,1.08
4418,2016-10-21T17:35:00,1.08
4419,2016-10-21T17:55:00,1.08
4420,2016-10-21T18:15:00,1.17
4421,2016-10-21T18:40:00,1.17
4422,2016-10-21T19:00:00,1.08
4423,2016-10-21T19:20:00,1.17
4424,2016-10-21T19:40:00,1.17
4425,2016-10-21T20:00:00,1.17
4426,2016-10-21T20:20:00,1.17
4427,2016-10-21T20:40:00,1.08
4428,2016-10-21T21:00:00,1.08
4429,2016-10-21T21:20:00,1.08
4430,2016-10-21T21:40:00,0.98
4431,2016-10-21T22:00:00,0.98
4432,2016-10-21T22:20:00,0.88
4433,2016-10-21T22:40:00,0.88
4434,2016-10-21T23:00:00,0.78
4435,2016-10-21T23:20:00,0.78
4436,2016-10-21T23:40:00,0.78
4437,2016-10-22T00:00:00,0.88
4438,2016-10-22T00:20:00,0.78
4439,2016-10-22T00:40:00,0.88
4440,2016-10-22T01:00:00,0.78
4441,2016-10-22T01:20:00,0.78
4442,2016-10-22T01:40:00,0.78
4443,2016-10-22T02:00:00,0.78
4444,2016-10-22T02:20:00,0.78
4445,2016-10-22T02:40:00,0.78
4446,2016-10-22T03:00:00,0.78
4447,2016-10-22T03:20:00,0.78
4448,2016-10-22T03:40:00,0.88
4449,2016-10-22T04:00:00,1.27
4450,2016-10-22T04:20:00,1.17
4451,2016-10-22T04:40:00,1.27
4452,2016-10-22T05:00:00,1.37
4453,2016-10-22T05:20:00,1.66
4454,2016-10-22T05:45:00,5.77
4455,2016-10-22T06:05:00,19.75
4456,2016-10-22T06:25:00,40.76
4457,2016-10-22T06:45:00,55.52
4458,2016-10-22T07:05:00,64.52
4459,2016-10-22T07:25:00,74.19
4460,2016-10-22T07:45:00,81.33
4461,2016-10-22T08:05:00,81.92
4462,2016-10-22T08:25:00,80.25
4463,2016-10-22T08:45:00,84.65
4464,2016-10-22T09:05:00,86.32
4465,2016-10-22T09:25:00,87.2
4466,2016-10-22T09:45:00,89.83
4467,2016-10-22T10:05:00,86.71
4468,2016-10-22T10:25:00,89.05
4469,2016-10-22T10:45:00,90.42
4470,2016-10-22T11:05:00,92.08
4471,2016-10-22T11:25:00,91.4
4472,2016-10-22T11:45:00,92.08
4473,2016-10-22T12:05:00,90.91
4474,2016-10-22T12:25:00,90.52
4475,2016-10-22T12:45:00,86.9
4476,2016-10-22T13:05:00,80.84
4477,2016-10-22T13:25:00,81.33
4478,2016-10-22T13:45:00,83.68
4479,2016-10-22T14:05:00,81.13
4480,2016-10-22T14:25:00,71.55
4481,2016-10-22T14:45:00,70.09
4482,2016-10-22T15:05:00,70.77
4483,2016-10-22T15:25:00,54.54
4484,2016-10-22T15:45:00,27.76
4485,2016-10-22T16:05:00,9.48
4486,2016-10-22T16:25:00,2.05
4487,2016-10-22T16:45:00,1.08
4488,2016-10-22T17:10:00,1.17
4489,2016-10-22T17:30:00,1.08
4490,2016-10-22T17:50:00,1.17
4491,2016-10-22T18:10:00,1.17
4492,2016-10-22T18:30:00,1.08
4493,2016-10-22T18:50:00,1.08
4494,2016-10-22T19:10:00,1.08
4495,2016-10-22T19:30:00,1.08
4496,2016-10-22T19:50:00,0.98
4497,2016-10-22T20:10:00,0.98
4498,2016-10-22T20:30:00,0.98
4499,2016-10-22T20:50:00,0.98
4500,2016-10-22T21:10:00,0.78
4501,2016-10-22T21:30:00,0.78
4502,2016-10-22T21:50:00,0.88
4503,2016-10-22T22:10:00,0.78
4504,2016-10-22T22:30:00,0.88
4505,2016-10-22T22:50:00,0.88
4506,2016-10-22T23:10:00,0.78
4507,2016-10-22T23:30:00,0.78
4508,2016-10-22T23:50:00,0.78
4509,2016-10-23T00:10:00,0.78
4510,2016-10-23T00:30:00,0.78
4511,2016-10-23T00:50:00,0.88
4512,2016-10-23T01:10:00,0.78
4513,2016-10-23T01:30:00,0.78
4514,2016-10-23T01:50:00,0.78
4515,2016-10-23T02:10:00,0.78
4516,2016-10-23T02:30:00,0.78
4517,2016-10-23T02:50:00,0.88
4518,2016-10-23T03:10:00,0.88
4519,2016-10-23T03:30:00,0.88
4520,2016-10-23T03:50:00,1.08
4521,2016-10-23T04:10:00,1.17
4522,2016-10-23T04:35:00,1.27
4523,2016-10-23T04:55:00,1.47
4524,2016-10-23T05:15:00,1.47
4525,2016-10-23T05:35:00,4.01
4526,2016-10-23T05:55:00,15.25
4527,2016-10-23T06:15:00,40.37
4528,2016-10-23T06:35:00,61
4529,2016-10-23T06:55:00,73.61
4530,2016-10-23T07:15:00,73.9
4531,2016-10-23T07:35:00,77.42
4532,2016-10-23T07:55:00,83.19
4533,2016-10-23T08:15:00,88.46
4534,2016-10-23T08:35:00,87.78
4535,2016-10-23T08:55:00,87.2
4536,2016-10-23T09:15:00,89.44
4537,2016-10-23T09:35:00,87.29
4538,2016-10-23T09:55:00,89.15
4539,2016-10-23T10:15:00,90.81
4540,2016-10-23T10:35:00,91.01
4541,2016-10-23T10:55:00,90.13
4542,2016-10-23T11:15:00,90.81
4543,2016-10-23T11:35:00,90.13
4544,2016-10-23T11:55:00,89.93
4545,2016-10-23T12:15:00,90.32
4546,2016-10-23T12:35:00,88.37
4547,2016-10-23T12:55:00,90.42
4548,2016-10-23T13:15:00,92.57
4549,2016-10-23T13:35:00,89.74
4550,2016-10-23T13:55:00,85.44
4551,2016-10-23T14:15:00,85.14
4552,2016-10-23T14:35:00,85.24
4553,2016-10-23T14:55:00,80.55
4554,2016-10-23T15:15:00,70.77
4555,2016-10-23T15:35:00,58.36
4556,2016-10-23T16:00:00,44.58
4557,2016-10-23T16:20:00,7.92
4558,2016-10-23T16:40:00,1.17
4559,2016-10-23T17:00:00,0.78
4560,2016-10-23T17:20:00,0.68
4561,2016-10-23T17:40:00,0.78
4562,2016-10-23T18:00:00,0.78
4563,2016-10-23T18:20:00,0.59
4564,2016-10-23T18:40:00,0.68
4565,2016-10-23T19:00:00,0.59
4566,2016-10-23T19:20:00,0.68
4567,2016-10-23T19:40:00,0.59
4568,2016-10-23T20:00:00,0.68
4569,2016-10-23T20:20:00,0.59
4570,2016-10-23T20:40:00,0.59
4571,2016-10-23T21:00:00,0.59
4572,2016-10-23T21:20:00,0.59
4573,2016-10-23T21:40:00,0.59
4574,2016-10-23T22:00:00,0.49
4575,2016-10-23T22:20:00,0.49
4576,2016-10-23T22:40:00,0.49
4577,2016-10-23T23:00:00,0.39
4578,2016-10-23T23:20:00,0.39
4579,2016-10-23T23:40:00,0.39
4580,2016-10-24T00:00:00,0.39
4581,2016-10-24T00:20:00,0.39
4582,2016-10-24T00:40:00,0.39
4583,2016-10-24T01:00:00,0.88
4584,2016-10-24T01:20:00,0.49
4585,2016-10-24T01:40:00,0.49
4586,2016-10-24T02:00:00,0.59
4587,2016-10-24T02:20:00,0.59
4588,2016-10-24T02:40:00,37.63
4589,2016-10-24T03:00:00,40.27
4590,2016-10-24T03:25:00,39.49
4591,2016-10-24T03:45:00,40.37
4592,2016-10-24T04:05:00,38.61
4593,2016-10-24T04:25:00,40.47
4594,2016-10-24T04:45:00,41.45
4595,2016-10-24T05:05:00,41.06
4596,2016-10-24T05:25:00,38.81
4597,2016-10-24T05:45:00,45.65
4598,2016-10-24T06:05:00,55.72
4599,2016-10-24T06:25:00,70.58
4600,2016-10-24T06:45:00,84.16
4601,2016-10-24T07:05:00,91.69
4602,2016-10-24T07:25:00,91.3
4603,2016-10-24T07:45:00,88.76
4604,2016-10-24T08:05:00,90.22
4605,2016-10-24T08:25:00,92.47
4606,2016-10-24T08:45:00,93.16
4607,2016-10-24T09:05:00,90.42
4608,2016-10-24T09:25:00,87.98
4609,2016-10-24T09:45:00,78.89
4610,2016-10-24T10:05:00,92.86
4611,2016-10-24T10:25:00,97.65
4612,2016-10-24T10:45:00,92.38
4613,2016-10-24T11:05:00,94.72
4614,2016-10-24T11:25:00,93.65
4615,2016-10-24T11:45:00,95.02
4616,2016-10-24T12:05:00,94.23
4617,2016-10-24T12:25:00,95.31
4618,2016-10-24T12:45:00,92.77
4619,2016-10-24T13:05:00,92.57
4620,2016-10-24T13:25:00,91.98
4621,2016-10-24T13:45:00,90.22
4622,2016-10-24T14:05:00,89.83
4623,2016-10-24T14:30:00,88.37
4624,2016-10-24T14:50:00,82.89
4625,2016-10-24T15:10:00,74.29
4626,2016-10-24T15:30:00,57.28
4627,2016-10-24T15:50:00,52.88
4628,2016-10-24T16:10:00,41.45
4629,2016-10-24T16:30:00,40.96
4630,2016-10-24T16:50:00,39.78
4631,2016-10-24T17:10:00,1.08
4632,2016-10-24T17:30:00,2.74
4633,2016-10-24T17:50:00,1.17
4634,2016-10-24T18:10:00,1.47
4635,2016-10-24T18:30:00,1.17
4636,2016-10-24T18:50:00,1.17
4637,2016-10-24T19:10:00,1.08
4638,2016-10-24T19:30:00,1.27
4639,2016-10-24T19:50:00,1.27
4640,2016-10-24T20:10:00,1.08
4641,2016-10-24T20:30:00,0.88
4642,2016-10-24T20:50:00,0.78
4643,2016-10-24T21:10:00,0.78
4644,2016-10-24T21:30:00,0.78
4645,2016-10-24T21:50:00,0.78
4646,2016-10-24T22:10:00,0.78
4647,2016-10-24T22:30:00,0.78
4648,2016-10-24T22:50:00,0.78
4649,2016-10-24T23:10:00,0.78
4650,2016-10-24T23:30:00,0.68
4651,2016-10-24T23:50:00,0.68
4652,2016-10-25T00:10:00,0.68
4653,2016-10-25T00:30:00,0.68
4654,2016-10-25T00:50:00,0.68
4655,2016-10-25T01:10:00,0.78
4656,2016-10-25T01:30:00,0.68
4657,2016-10-25T01:55:00,0.68
4658,2016-10-25T02:15:00,0.68
4659,2016-10-25T02:35:00,34.41
4660,2016-10-25T02:55:00,40.66
4661,2016-10-25T03:15:00,39.59
4662,2016-10-25T03:35:00,39.39
4663,2016-10-25T03:55:00,42.42
4664,2016-10-25T04:15:00,41.06
4665,2016-10-25T04:35:00,39.88
4666,2016-10-25T04:55:00,41.54
4667,2016-10-25T05:15:00,41.35
4668,2016-10-25T05:35:00,42.13
4669,2016-10-25T05:55:00,51.81
4670,2016-10-25T06:15:00,78.59
4671,2016-10-25T06:35:00,87.98
4672,2016-10-25T06:55:00,96.09
4673,2016-10-25T07:15:00,92.67
4674,2016-10-25T07:35:00,95.89
4675,2016-10-25T07:55:00,94.04
4676,2016-10-25T08:15:00,93.45
4677,2016-10-25T08:35:00,95.5
4678,2016-10-25T08:55:00,96.38
4679,2016-10-25T09:15:00,97.95
4680,2016-10-25T09:35:00,97.07
4681,2016-10-25T09:55:00,97.65
4682,2016-10-25T10:15:00,95.6
4683,2016-10-25T10:35:00,95.8
4684,2016-10-25T10:55:00,95.99
4685,2016-10-25T11:15:00,95.31
4686,2016-10-25T11:35:00,90.32
4687,2016-10-25T11:55:00,91.69
4688,2016-10-25T12:15:00,92.96
4689,2016-10-25T12:35:00,94.33
4690,2016-10-25T12:55:00,94.33
4691,2016-10-25T13:20:00,93.06
4692,2016-10-25T13:40:00,93.35
4693,2016-10-25T14:00:00,90.42
4694,2016-10-25T14:20:00,80.94
4695,2016-10-25T14:40:00,79.67
4696,2016-10-25T15:00:00,78.5
4697,2016-10-25T15:20:00,70.87
4698,2016-10-25T15:40:00,54.94
4699,2016-10-25T16:00:00,32.16
4700,2016-10-25T16:20:00,41.06
4701,2016-10-25T16:40:00,41.64
4702,2016-10-25T17:00:00,39.2
4703,2016-10-25T17:20:00,0.98
4704,2016-10-25T17:40:00,0.98
4705,2016-10-25T18:00:00,0.98
4706,2016-10-25T18:20:00,0.98
4707,2016-10-25T18:40:00,1.08
4708,2016-10-25T19:00:00,0.98
4709,2016-10-25T19:20:00,0.88
4710,2016-10-25T19:40:00,0.88
4711,2016-10-25T20:00:00,0.98
4712,2016-10-25T20:20:00,0.88
4713,2016-10-25T20:40:00,0.98
4714,2016-10-25T21:00:00,0.88
4715,2016-10-25T21:20:00,0.88
4716,2016-10-25T21:40:00,0.88
4717,2016-10-25T22:00:00,0.88
4718,2016-10-25T22:20:00,0.88
4719,2016-10-25T22:40:00,0.88
4720,2016-10-25T23:00:00,0.88
4721,2016-10-25T23:20:00,0.88
4722,2016-10-25T23:40:00,0.88
4723,2016-10-26T00:00:00,0.78
4724,2016-10-26T00:20:00,0.88
4725,2016-10-26T00:45:00,0.88
4726,2016-10-26T01:05:00,0.88
4727,2016-10-26T01:25:00,0.88
4728,2016-10-26T01:45:00,0.88
4729,2016-10-26T02:05:00,0.88
4730,2016-10-26T02:25:00,0.88
4731,2016-10-26T02:45:00,41.54
4732,2016-10-26T03:05:00,39.59
4733,2016-10-26T03:25:00,40.86
4734,2016-10-26T03:45:00,42.42
4735,2016-10-26T04:05:00,40.47
4736,2016-10-26T04:25:00,40.86
4737,2016-10-26T04:45:00,35.78
4738,2016-10-26T05:05:00,40.37
4739,2016-10-26T05:25:00,42.62
4740,2016-10-26T05:45:00,46.63
4741,2016-10-26T06:05:00,56.7
4742,2016-10-26T06:25:00,73.22
4743,2016-10-26T06:45:00,81.72
4744,2016-10-26T07:05:00,87.49
4745,2016-10-26T07:25:00,91.69
4746,2016-10-26T07:45:00,92.57
4747,2016-10-26T08:05:00,92.38
4748,2016-10-26T08:25:00,93.06
4749,2016-10-26T08:45:00,94.43
4750,2016-10-26T09:05:00,93.26
4751,2016-10-26T09:25:00,93.55
4752,2016-10-26T09:45:00,94.33
4753,2016-10-26T10:05:00,95.02
4754,2016-10-26T10:25:00,94.14
4755,2016-10-26T10:45:00,92.38
4756,2016-10-26T11:05:00,92.47
4757,2016-10-26T11:25:00,96.77
4758,2016-10-26T11:50:00,94.14
4759,2016-10-26T12:10:00,90.81
4760,2016-10-26T12:30:00,90.13
4761,2016-10-26T12:50:00,89.44
4762,2016-10-26T13:10:00,87.49
4763,2016-10-26T13:30:00,86.41
4764,2016-10-26T13:50:00,84.56
4765,2016-10-26T14:10:00,84.26
4766,2016-10-26T14:30:00,83.09
4767,2016-10-26T14:50:00,83.48
4768,2016-10-26T15:10:00,79.47
4769,2016-10-26T15:30:00,69.4
4770,2016-10-26T15:50:00,45.06
4771,2016-10-26T16:10:00,41.15
4772,2016-10-26T16:30:00,40.27
4773,2016-10-26T16:50:00,41.54
4774,2016-10-26T17:10:00,0.98
4775,2016-10-26T17:30:00,0.88
4776,2016-10-26T17:50:00,0.98
4777,2016-10-26T18:10:00,1.08
4778,2016-10-26T18:30:00,1.08
4779,2016-10-26T18:50:00,1.08
4780,2016-10-26T19:10:00,0.98
4781,2016-10-26T19:30:00,0.98
4782,2016-10-26T19:50:00,0.98
4783,2016-10-26T20:10:00,0.98
4784,2016-10-26T20:30:00,0.98
4785,2016-10-26T20:50:00,0.98
4786,2016-10-26T21:10:00,1.08
4787,2016-10-26T21:30:00,0.98
4788,2016-10-26T21:50:00,0.98
4789,2016-10-26T22:10:00,0.88
4790,2016-10-26T22:30:00,0.98
4791,2016-10-26T22:50:00,0.98
4792,2016-10-26T23:15:00,0.98
4793,2016-10-26T23:35:00,0.88
4794,2016-10-26T23:55:00,0.88
4795,2016-10-27T00:15:00,0.88
4796,2016-10-27T00:35:00,0.88
4797,2016-10-27T00:55:00,0.88
4798,2016-10-27T01:15:00,0.78
4799,2016-10-27T01:35:00,0.88
4800,2016-10-27T01:55:00,0.98
4801,2016-10-27T02:15:00,0.98
4802,2016-10-27T02:35:00,36.27
4803,2016-10-27T02:55:00,40.66
4804,2016-10-27T03:15:00,38.61
4805,2016-10-27T03:35:00,40.18
4806,2016-10-27T03:55:00,38.12
4807,2016-10-27T04:15:00,37.73
4808,2016-10-27T04:35:00,38.9
4809,2016-10-27T04:55:00,38.9
4810,2016-10-27T05:15:00,38.02
4811,2016-10-27T05:35:00,40.18
4812,2016-10-27T05:55:00,45.16
4813,2016-10-27T06:15:00,76.25
4814,2016-10-27T06:35:00,92.77
4815,2016-10-27T06:55:00,96.58
4816,2016-10-27T07:15:00,97.36
4817,2016-10-27T07:35:00,97.75
4818,2016-10-27T07:55:00,98.04
4819,2016-10-27T08:15:00,98.04
4820,2016-10-27T08:35:00,98.04
4821,2016-10-27T08:55:00,98.14
4822,2016-10-27T09:15:00,97.46
4823,2016-10-27T09:35:00,98.04
4824,2016-10-27T09:55:00,97.85
4825,2016-10-27T10:15:00,97.95
4826,2016-10-27T10:40:00,97.65
4827,2016-10-27T11:00:00,97.95
4828,2016-10-27T11:20:00,96.28
4829,2016-10-27T11:40:00,95.41
4830,2016-10-27T12:00:00,93.45
4831,2016-10-27T12:20:00,95.21
4832,2016-10-27T12:40:00,94.72
4833,2016-10-27T13:00:00,96.48
4834,2016-10-27T13:20:00,93.65
4835,2016-10-27T13:40:00,89.54
4836,2016-10-27T14:00:00,91.2
4837,2016-10-27T14:20:00,91.4
4838,2016-10-27T14:40:00,90.13
4839,2016-10-27T15:00:00,80.06
4840,2016-10-27T15:20:00,74.1
4841,2016-10-27T15:40:00,55.42
4842,2016-10-27T16:00:00,42.62
4843,2016-10-27T16:20:00,39.78
4844,2016-10-27T16:40:00,40.27
4845,2016-10-27T17:00:00,0.88
4846,2016-10-27T17:20:00,0.78
4847,2016-10-27T17:40:00,0.88
4848,2016-10-27T18:00:00,0.88
4849,2016-10-27T18:20:00,0.78
4850,2016-10-27T18:40:00,0.68
4851,2016-10-27T19:00:00,0.68
4852,2016-10-27T19:20:00,0.78
4853,2016-10-27T19:40:00,0.68
4854,2016-10-27T20:00:00,0.59
4855,2016-10-27T20:20:00,0.59
4856,2016-10-27T20:40:00,0.59
4857,2016-10-27T21:00:00,0.59
4858,2016-10-27T21:20:00,0.49
4859,2016-10-27T21:40:00,0.49
4860,2016-10-27T22:05:00,0.49
4861,2016-10-27T22:25:00,0.49
4862,2016-10-27T22:45:00,0.49
4863,2016-10-27T23:05:00,0.68
4864,2016-10-27T23:25:00,0.68
4865,2016-10-27T23:45:00,0.59
4866,2016-10-28T00:05:00,0.49
4867,2016-10-28T00:25:00,0.68
4868,2016-10-28T00:45:00,0.59
4869,2016-10-28T01:05:00,0.59
4870,2016-10-28T01:25:00,0.59
4871,2016-10-28T01:45:00,0.68
4872,2016-10-28T02:05:00,0.68
4873,2016-10-28T02:25:00,0.59
4874,2016-10-28T02:45:00,40.47
4875,2016-10-28T03:05:00,39.39
4876,2016-10-28T03:25:00,40.27
4877,2016-10-28T03:45:00,42.33
4878,2016-10-28T04:05:00,37.34
4879,2016-10-28T04:25:00,35.78
4880,2016-10-28T04:45:00,37.54
4881,2016-10-28T05:05:00,35.97
4882,2016-10-28T05:25:00,39.49
4883,2016-10-28T05:45:00,40.86
4884,2016-10-28T06:05:00,28.54
4885,2016-10-28T06:25:00,66.67
4886,2016-10-28T06:45:00,79.67
4887,2016-10-28T07:05:00,94.72
4888,2016-10-28T07:25:00,97.36
4889,2016-10-28T07:45:00,97.75
4890,2016-10-28T08:05:00,97.85
4891,2016-10-28T08:25:00,98.04
4892,2016-10-28T08:45:00,98.14
4893,2016-10-28T09:05:00,97.07
4894,2016-10-28T09:30:00,98.04
4895,2016-10-28T09:50:00,97.95
4896,2016-10-28T10:10:00,97.07
4897,2016-10-28T10:30:00,96.77
4898,2016-10-28T10:50:00,95.31
4899,2016-10-28T11:10:00,97.85
4900,2016-10-28T11:30:00,97.75
4901,2016-10-28T11:50:00,93.65
4902,2016-10-28T12:10:00,97.65
4903,2016-10-28T12:30:00,97.07
4904,2016-10-28T12:50:00,96.77
4905,2016-10-28T13:10:00,95.99
4906,2016-10-28T13:30:00,92.38
4907,2016-10-28T13:50:00,91.89
4908,2016-10-28T14:10:00,91.59
4909,2016-10-28T14:30:00,92.57
4910,2016-10-28T14:50:00,90.62
4911,2016-10-31T08:40:00,88.66
4912,2016-10-31T09:00:00,94.23
4913,2016-10-31T09:20:00,88.46
4914,2016-10-31T09:40:00,87.68
4915,2016-10-31T10:00:00,91.89
4916,2016-10-31T10:20:00,91.1
4917,2016-10-31T10:45:00,91.5
4918,2016-10-31T11:05:00,89.34
4919,2016-10-31T11:25:00,93.26
4920,2016-10-31T11:45:00,94.43
4921,2016-10-31T12:05:00,94.33
4922,2016-10-31T12:25:00,92.96
4923,2016-10-31T12:45:00,92.86
4924,2016-10-31T13:05:00,93.06
4925,2016-10-31T13:25:00,90.42
4926,2016-10-31T13:45:00,89.44
4927,2016-10-31T14:05:00,90.13
4928,2016-10-31T14:25:00,84.65
4929,2016-10-31T14:45:00,82.89
4930,2016-10-31T15:05:00,72.53
4931,2016-10-31T15:25:00,59.34
4932,2016-10-31T15:45:00,26.88
4933,2016-10-31T16:05:00,38.12
4934,2016-10-31T16:25:00,38.32
4935,2016-10-31T16:45:00,38.42
4936,2016-10-31T17:05:00,38.9
4937,2016-10-31T17:25:00,40.27
4938,2016-10-31T17:45:00,40.57
4939,2016-10-31T18:05:00,0.88
4940,2016-10-31T18:25:00,0.78
4941,2016-10-31T18:45:00,0.98
4942,2016-10-31T19:05:00,0.98
4943,2016-10-31T19:25:00,0.88
4944,2016-10-31T19:45:00,0.88
4945,2016-10-31T20:05:00,0.68
4946,2016-10-31T20:25:00,0.68
4947,2016-10-31T20:45:00,0.78
4948,2016-10-31T21:05:00,0.68
4949,2016-10-31T21:25:00,0.68
4950,2016-10-31T21:45:00,0.68
4951,2016-10-31T22:10:00,0.59
4952,2016-10-31T22:30:00,0.59
4953,2016-10-31T22:50:00,0.49
4954,2016-10-31T23:10:00,0.49
4955,2016-10-31T23:30:00,0.39
4956,2016-10-31T23:50:00,0.39
4957,2016-11-01T00:10:00,0.49
4958,2016-11-01T00:30:00,0.49
4959,2016-11-01T00:50:00,0.49
4960,2016-11-01T01:10:00,0.49
4961,2016-11-01T01:30:00,0.49
4962,2016-11-01T01:50:00,0.39
4963,2016-11-01T02:10:00,0.49
4964,2016-11-01T02:30:00,0.49
4965,2016-11-01T02:50:00,0.29
4966,2016-11-01T03:10:00,0.29
4967,2016-11-01T03:30:00,0.39
4968,2016-11-01T03:50:00,40.57
4969,2016-11-01T04:10:00,37.54
4970,2016-11-01T04:30:00,38.61
4971,2016-11-01T04:50:00,39.98
4972,2016-11-01T05:10:00,42.23
4973,2016-11-01T05:30:00,40.27
4974,2016-11-01T05:50:00,39.49
4975,2016-11-01T06:10:00,45.55
4976,2016-11-01T06:30:00,38.71
4977,2016-11-01T06:50:00,65.3
4978,2016-11-01T07:10:00,79.47
4979,2016-11-01T07:30:00,84.16
4980,2016-11-01T07:50:00,88.46
4981,2016-11-01T08:10:00,89.93
4982,2016-11-01T08:50:00,93.35
4983,2016-11-01T09:10:00,96.97
4984,2016-11-01T09:35:00,96.97
4985,2016-11-01T10:15:00,97.26
4986,2016-11-01T10:35:00,96.48
4987,2016-11-01T10:55:00,97.85
4988,2016-11-01T11:15:00,95.7
4989,2016-11-01T11:35:00,94.23
4990,2016-11-01T11:55:00,97.75
4991,2016-11-01T12:15:00,95.21
4992,2016-11-01T12:35:00,96.77
4993,2016-11-01T12:55:00,95.21
4994,2016-11-01T13:15:00,95.11
4995,2016-11-01T13:35:00,95.5
4996,2016-11-01T13:55:00,92.28
4997,2016-11-01T14:15:00,93.74
4998,2016-11-01T14:35:00,92.18
4999,2016-11-01T14:55:00,89.74
5000,2016-11-01T15:15:00,83.38
5001,2016-11-01T15:35:00,69.4
5002,2016-11-01T15:55:00,33.04
5003,2016-11-01T16:15:00,38.9
5004,2016-11-01T16:35:00,40.76
5005,2016-11-01T16:55:00,40.86
5006,2016-11-01T17:15:00,38.22
5007,2016-11-01T17:35:00,39.2
5008,2016-11-01T17:55:00,39.39
5009,2016-11-01T18:15:00,0.49
5010,2016-11-01T18:35:00,0.68
5011,2016-11-01T18:55:00,0.59
5012,2016-11-01T19:15:00,0.49
5013,2016-11-01T19:35:00,0.49
5014,2016-11-01T19:55:00,0.59
5015,2016-11-01T20:15:00,0.49
5016,2016-11-01T20:40:00,0.49
5017,2016-11-01T21:00:00,0.39
5018,2016-11-01T21:20:00,0.39
5019,2016-11-01T21:40:00,0.39
5020,2016-11-01T22:00:00,0.49
5021,2016-11-01T22:20:00,0.49
5022,2016-11-01T22:40:00,0.39
5023,2016-11-01T23:00:00,0.39
5024,2016-11-01T23:20:00,0.49
5025,2016-11-01T23:40:00,0.49
5026,2016-11-02T00:00:00,0.39
5027,2016-11-02T00:20:00,0.39
5028,2016-11-02T00:40:00,0.39
5029,2016-11-16T01:30:00,0.49
5030,2016-11-16T01:50:00,0.49
5031,2016-11-16T02:10:00,0.49
5032,2016-11-16T02:30:00,0.49
5033,2016-11-16T02:50:00,0.39
5034,2016-11-16T03:10:00,0.49
5035,2016-11-16T03:30:00,0.39
5036,2016-11-16T03:50:00,40.18
5037,2016-11-16T04:10:00,38.9
5038,2016-11-16T04:30:00,36.07
5039,2016-11-16T04:50:00,38.32
5040,2016-11-16T05:10:00,38.42
5041,2016-11-16T05:30:00,36.76
5042,2016-11-16T05:50:00,38.32
5043,2016-11-16T06:10:00,38.22
5044,2016-11-16T06:30:00,41.84
5045,2016-11-16T06:50:00,41.25
5046,2016-11-16T07:10:00,69.7
5047,2016-11-16T07:30:00,80.25
5048,2016-11-16T07:50:00,85.53
5049,2016-11-16T08:10:00,86.9
5050,2016-11-16T08:30:00,90.62
5051,2016-11-16T08:50:00,91.3
5052,2016-11-16T09:10:00,89.05
5053,2016-11-16T09:30:00,90.03
5054,2016-11-16T09:50:00,90.91
5055,2016-11-16T10:10:00,91.1
5056,2016-11-16T10:30:00,92.08
5057,2016-11-16T10:50:00,91.69
5058,2016-11-16T11:10:00,88.07
5059,2016-11-16T11:30:00,89.15
5060,2016-11-16T11:50:00,87.68
5061,2016-11-16T12:15:00,85.04
5062,2016-11-16T12:35:00,83.19
5063,2016-11-16T12:55:00,83.48
5064,2016-11-16T13:15:00,89.93
5065,2016-11-16T13:35:00,89.05
5066,2016-11-16T13:55:00,84.07
5067,2016-11-16T14:15:00,73.31
5068,2016-11-16T14:35:00,76.54
5069,2016-11-16T14:55:00,57.18
5070,2016-11-02T10:25:00,97.85
5071,2016-11-02T10:45:00,97.65
5072,2016-11-02T11:05:00,93.65
5073,2016-11-02T11:25:00,93.16
5074,2016-11-02T11:45:00,95.21
5075,2016-11-02T12:05:00,93.35
5076,2016-11-02T12:25:00,96.77
5077,2016-11-02T12:45:00,96.77
5078,2016-11-02T13:05:00,96.19
5079,2016-11-02T13:25:00,91.2
5080,2016-11-02T13:45:00,92.28
5081,2016-11-02T14:05:00,94.14
5082,2016-11-02T14:25:00,88.66
5083,2016-11-02T14:45:00,87.2
5084,2016-11-02T15:05:00,82.11
5085,2016-11-02T15:25:00,67.94
5086,2016-11-02T15:45:00,38.12
5087,2016-11-02T16:05:00,41.84
5088,2016-11-02T16:25:00,39.98
5089,2016-11-02T16:45:00,39.39
5090,2016-11-02T17:05:00,41.94
5091,2016-11-02T17:25:00,39.59
5092,2016-11-02T17:45:00,39.78
5093,2016-11-02T18:05:00,0.78
5094,2016-11-02T18:25:00,0.78
5095,2016-11-02T18:45:00,0.78
5096,2016-11-02T19:05:00,0.78
5097,2016-11-02T19:30:00,0.78
5098,2016-11-02T19:50:00,0.88
5099,2016-11-02T20:10:00,0.88
5100,2016-11-02T20:30:00,0.88
5101,2016-11-02T20:50:00,0.88
5102,2016-11-02T21:10:00,0.59
5103,2016-11-02T21:30:00,0.68
5104,2016-11-02T21:50:00,0.59
5105,2016-11-02T22:10:00,0.59
5106,2016-11-02T22:30:00,0.49
5107,2016-11-02T22:50:00,0.49
5108,2016-11-02T23:10:00,0.49
5109,2016-11-02T23:30:00,0.49
5110,2016-11-02T23:50:00,0.49
5111,2016-11-03T00:10:00,0.39
5112,2016-11-03T00:30:00,0.49
5113,2016-11-03T00:50:00,0.49
5114,2016-11-03T01:10:00,0.49
5115,2016-11-03T01:30:00,0.39
5116,2016-11-03T01:50:00,0.49
5117,2016-11-03T02:10:00,0.49
5118,2016-11-03T02:30:00,0.49
5119,2016-11-03T02:50:00,0.49
5120,2016-11-03T03:10:00,0.49
5121,2016-11-03T03:30:00,0.49
5122,2016-11-03T03:50:00,40.08
5123,2016-11-03T04:10:00,39.49
5124,2016-11-03T04:30:00,39.3
5125,2016-11-03T04:50:00,39.69
5126,2016-11-03T05:10:00,42.03
5127,2016-11-03T05:30:00,41.94
5128,2016-11-03T05:50:00,44.67
5129,2016-11-03T06:10:00,57.58
5130,2016-11-03T06:30:00,79.28
5131,2016-11-03T06:55:00,93.45
5132,2016-11-03T07:15:00,96.68
5133,2016-11-03T07:35:00,97.16
5134,2016-11-03T07:55:00,97.75
5135,2016-11-03T08:15:00,98.04
5136,2016-11-03T08:35:00,98.14
5137,2016-11-03T08:55:00,97.95
5138,2016-11-03T09:15:00,98.04
5139,2016-11-03T09:35:00,97.85
5140,2016-11-03T09:55:00,96.19
5141,2016-11-03T10:15:00,94.23
5142,2016-11-03T10:35:00,94.82
5143,2016-11-03T10:55:00,94.14
5144,2016-11-03T11:15:00,94.23
5145,2016-11-03T11:35:00,93.55
5146,2016-11-03T11:55:00,93.45
5147,2016-11-03T12:15:00,93.65
5148,2016-11-03T12:35:00,92.86
5149,2016-11-03T12:55:00,91.3
5150,2016-11-03T13:15:00,89.25
5151,2016-11-03T13:35:00,93.26
5152,2016-11-03T13:55:00,91.1
5153,2016-11-03T14:15:00,88.66
5154,2016-11-03T14:35:00,85.34
5155,2016-11-03T14:55:00,79.08
5156,2016-11-03T15:15:00,66.18
5157,2016-11-03T15:35:00,40.37
5158,2016-11-03T15:55:00,37.63
5159,2016-11-03T16:15:00,36.76
5160,2016-11-03T16:35:00,36.76
5161,2016-11-03T16:55:00,35.97
5162,2016-11-03T17:15:00,36.66
5163,2016-11-03T17:35:00,38.32
5164,2016-11-03T18:00:00,37.05
5165,2016-11-03T18:20:00,1.08
5166,2016-11-03T18:40:00,1.08
5167,2016-11-03T19:00:00,1.08
5168,2016-11-03T19:20:00,0.88
5169,2016-11-03T19:40:00,0.88
5170,2016-11-03T20:00:00,0.88
5171,2016-11-03T20:20:00,0.78
5172,2016-11-03T20:40:00,0.88
5173,2016-11-03T21:00:00,0.78
5174,2016-11-03T21:20:00,0.59
5175,2016-11-03T21:40:00,0.59
5176,2016-11-03T22:00:00,0.59
5177,2016-11-03T22:20:00,0.59
5178,2016-11-03T22:40:00,0.59
5179,2016-11-03T23:00:00,0.59
5180,2016-11-03T23:20:00,0.59
5181,2016-11-03T23:40:00,0.59
5182,2016-11-04T00:00:00,0.59
5183,2016-11-04T00:20:00,0.59
5184,2016-11-04T00:40:00,0.59
5185,2016-11-04T01:00:00,0.49
5186,2016-11-04T01:20:00,0.59
5187,2016-11-04T01:40:00,0.59
5188,2016-11-04T02:00:00,0.49
5189,2016-11-04T02:20:00,0.49
5190,2016-11-04T02:40:00,0.49
5191,2016-11-04T03:00:00,0.59
5192,2016-11-04T03:20:00,0.59
5193,2016-11-04T03:40:00,37.73
5194,2016-11-04T04:00:00,37.83
5195,2016-11-04T04:20:00,39.59
5196,2016-11-04T04:40:00,37.05
5197,2016-11-04T05:00:00,38.9
5198,2016-11-04T05:25:00,38.22
5199,2016-11-04T05:45:00,38.12
5200,2016-11-04T06:05:00,40.47
5201,2016-11-04T06:25:00,39.98
5202,2016-11-04T06:45:00,63.24
5203,2016-11-04T07:05:00,71.55
5204,2016-11-04T07:25:00,79.47
5205,2016-11-04T07:45:00,83.58
5206,2016-11-04T08:05:00,85.14
5207,2016-11-04T08:25:00,83.09
5208,2016-11-04T08:45:00,81.62
5209,2016-11-04T09:05:00,78.98
5210,2016-11-04T09:25:00,85.24
5211,2016-11-04T09:45:00,88.27
5212,2016-11-04T10:05:00,89.54
5213,2016-11-04T10:25:00,93.06
5214,2016-11-04T10:45:00,92.67
5215,2016-11-04T11:05:00,93.06
5216,2016-11-04T11:25:00,94.23
5217,2016-11-04T11:45:00,93.06
5218,2016-11-04T12:05:00,93.26
5219,2016-11-04T12:25:00,92.77
5220,2016-11-04T12:45:00,87.49
5221,2016-11-04T13:05:00,88.56
5222,2016-11-04T13:25:00,89.74
5223,2016-11-04T13:45:00,89.74
5224,2016-11-04T14:05:00,85.63
5225,2016-11-04T14:25:00,92.38
5226,2016-11-04T14:45:00,84.56
5227,2016-11-04T15:05:00,82.01
5228,2016-11-04T15:25:00,62.07
5229,2016-11-04T15:45:00,31.57
5230,2016-11-04T16:05:00,39.39
5231,2016-11-04T16:25:00,38.51
5232,2016-11-04T16:50:00,37.73
5233,2016-11-04T17:10:00,39
5234,2016-11-04T17:30:00,37.83
5235,2016-11-04T17:50:00,39.2
5236,2016-11-04T18:10:00,0.98
5237,2016-11-04T18:30:00,1.17
5238,2016-11-04T18:50:00,1.17
5239,2016-11-04T19:10:00,1.17
5240,2016-11-04T19:30:00,1.08
5241,2016-11-04T19:50:00,1.08
5242,2016-11-04T20:10:00,1.08
5243,2016-11-04T20:30:00,0.98
5244,2016-11-04T20:50:00,1.08
5245,2016-11-04T21:10:00,0.88
5246,2016-11-04T21:30:00,0.78
5247,2016-11-04T21:50:00,0.68
5248,2016-11-04T22:10:00,0.68
5249,2016-11-04T22:30:00,0.68
5250,2016-11-04T22:50:00,0.59
5251,2016-11-04T23:10:00,0.78
5252,2016-11-04T23:30:00,0.78
5253,2016-11-04T23:50:00,0.78
5254,2016-11-05T00:10:00,0.78
5255,2016-11-05T00:30:00,0.78
5256,2016-11-05T00:50:00,0.59
5257,2016-11-05T01:10:00,0.68
5258,2016-11-05T01:30:00,0.68
5259,2016-11-05T01:50:00,0.68
5260,2016-11-05T02:10:00,0.68
5261,2016-11-05T02:30:00,0.59
5262,2016-11-05T02:50:00,0.68
5263,2016-11-05T03:10:00,0.68
5264,2016-11-05T03:30:00,0.78
5265,2016-11-05T03:50:00,0.68
5266,2016-11-05T04:15:00,0.78
5267,2016-11-05T04:35:00,0.78
5268,2016-11-05T04:55:00,0.98
5269,2016-11-05T05:15:00,0.98
5270,2016-11-05T05:35:00,0.98
5271,2016-11-05T05:55:00,1.37
5272,2016-11-05T06:15:00,5.08
5273,2016-11-05T06:35:00,25.22
5274,2016-11-05T06:55:00,51.61
5275,2016-11-05T07:15:00,68.23
5276,2016-11-05T07:35:00,75.56
5277,2016-11-05T07:55:00,73.31
5278,2016-11-05T08:15:00,76.74
5279,2016-11-05T08:35:00,80.06
5280,2016-11-05T08:55:00,86.32
5281,2016-11-05T09:15:00,72.92
5282,2016-11-05T09:35:00,83.19
5283,2016-11-05T09:55:00,83.58
5284,2016-11-05T10:15:00,83.68
5285,2016-11-05T10:35:00,85.83
5286,2016-11-05T10:55:00,84.36
5287,2016-11-05T11:15:00,86.22
5288,2016-11-05T11:35:00,91.79
5289,2016-11-05T11:55:00,89.74
5290,2016-11-05T12:15:00,79.47
5291,2016-11-05T12:35:00,79.37
5292,2016-11-05T12:55:00,73.22
5293,2016-11-05T13:15:00,67.55
5294,2016-11-05T13:35:00,71.26
5295,2016-11-05T13:55:00,76.83
5296,2016-11-05T14:15:00,68.43
5297,2016-11-05T14:35:00,65.4
5298,2016-11-05T14:55:00,69.4
5299,2016-11-05T15:15:00,53.28
5300,2016-11-05T15:40:00,15.64
5301,2016-11-05T16:00:00,2.74
5302,2016-11-05T16:20:00,1.08
5303,2016-11-05T16:40:00,0.98
5304,2016-11-05T17:00:00,1.08
5305,2016-11-05T17:20:00,0.98
5306,2016-11-05T17:40:00,0.98
5307,2016-11-05T18:00:00,0.98
5308,2016-11-05T18:20:00,0.98
5309,2016-11-05T18:40:00,0.78
5310,2016-11-05T19:00:00,0.88
5311,2016-11-05T19:20:00,0.78
5312,2016-11-05T19:40:00,0.88
5313,2016-11-05T20:00:00,0.78
5314,2016-11-05T20:20:00,0.78
5315,2016-11-05T20:40:00,0.78
5316,2016-11-05T21:00:00,0.78
5317,2016-11-05T21:20:00,0.59
5318,2016-11-05T21:40:00,0.68
5319,2016-11-05T22:00:00,0.78
5320,2016-11-05T22:20:00,0.59
5321,2016-11-05T22:40:00,0.68
5322,2016-11-05T23:00:00,0.59
5323,2016-11-05T23:20:00,0.49
5324,2016-11-05T23:40:00,0.49
5325,2016-11-06T00:00:00,0.49
5326,2016-11-06T00:20:00,0.59
5327,2016-11-06T00:40:00,0.59
5328,2016-11-06T01:00:00,0.59
5329,2016-11-06T01:20:00,0.59
5330,2016-11-06T01:40:00,0.59
5331,2016-11-06T02:00:00,0.49
5332,2016-11-06T02:20:00,0.49
5333,2016-11-06T02:45:00,0.49
5334,2016-11-06T03:05:00,0.49
5335,2016-11-06T03:25:00,0.49
5336,2016-11-06T03:45:00,0.49
5337,2016-11-06T04:05:00,0.68
5338,2016-11-06T04:25:00,0.68
5339,2016-11-06T04:45:00,0.78
5340,2016-11-06T05:05:00,0.88
5341,2016-11-06T05:25:00,0.88
5342,2016-11-06T05:45:00,0.98
5343,2016-11-06T06:05:00,2.74
5344,2016-11-06T06:25:00,18.48
5345,2016-11-06T06:45:00,42.13
5346,2016-11-06T07:05:00,58.06
5347,2016-11-06T07:25:00,70.77
5348,2016-11-06T07:45:00,70.87
5349,2016-11-06T08:05:00,71.85
5350,2016-11-06T08:25:00,79.76
5351,2016-11-06T08:45:00,80.16
5352,2016-11-06T09:05:00,80.64
5353,2016-11-06T09:25:00,84.85
5354,2016-11-06T09:45:00,85.14
5355,2016-11-06T10:05:00,85.92
5356,2016-11-06T10:25:00,82.89
5357,2016-11-06T10:45:00,83.28
5358,2016-11-06T11:05:00,86.41
5359,2016-11-06T11:25:00,85.73
5360,2016-11-06T11:45:00,86.32
5361,2016-11-06T12:05:00,88.46
5362,2016-11-06T12:25:00,88.46
5363,2016-11-06T12:45:00,86.61
5364,2016-11-06T13:05:00,83.19
5365,2016-11-06T13:45:00,78.4
5366,2016-11-06T14:10:00,72.82
5367,2016-11-06T14:30:00,71.06
5368,2016-11-06T14:50:00,74.98
5369,2016-11-06T15:10:00,63.73
5370,2016-11-06T15:30:00,33.33
5371,2016-11-06T15:50:00,6.35
5372,2016-11-06T16:10:00,1.08
5373,2016-11-06T16:30:00,0.88
5374,2016-11-06T16:50:00,0.78
5375,2016-11-06T17:10:00,0.88
5376,2016-11-06T17:30:00,0.88
5377,2016-11-06T17:50:00,0.88
5378,2016-11-06T18:10:00,0.88
5379,2016-11-06T18:30:00,0.88
5380,2016-11-06T18:50:00,0.88
5381,2016-11-06T19:10:00,0.88
5382,2016-11-06T19:30:00,0.88
5383,2016-11-06T19:50:00,0.88
5384,2016-11-06T20:10:00,0.88
5385,2016-11-06T20:30:00,0.88
5386,2016-11-06T20:50:00,0.98
5387,2016-11-06T21:10:00,0.68
5388,2016-11-06T21:30:00,0.59
5389,2016-11-06T21:50:00,0.68
5390,2016-11-06T22:10:00,0.59
5391,2016-11-06T22:30:00,0.59
5392,2016-11-06T22:50:00,0.68
5393,2016-11-06T23:10:00,0.68
5394,2016-11-06T23:30:00,0.59
5395,2016-11-06T23:50:00,0.68
5396,2016-11-07T00:10:00,0.78
5397,2016-11-07T00:30:00,0.68
5398,2016-11-07T00:50:00,0.78
5399,2016-11-07T01:10:00,0.68
5400,2016-11-07T01:35:00,0.68
5401,2016-11-07T01:55:00,0.59
5402,2016-11-07T02:15:00,0.59
5403,2016-11-07T02:35:00,0.59
5404,2016-11-07T02:55:00,0.59
5405,2016-11-07T03:15:00,0.49
5406,2016-11-07T03:35:00,31.48
5407,2016-11-07T03:55:00,39.2
5408,2016-11-07T04:15:00,38.9
5409,2016-11-07T04:35:00,37.83
5410,2016-11-07T04:55:00,39.1
5411,2016-11-07T05:15:00,37.83
5412,2016-11-07T05:35:00,37.54
5413,2016-11-07T05:55:00,36.95
5414,2016-11-07T06:15:00,38.61
5415,2016-11-07T06:35:00,41.74
5416,2016-11-07T06:55:00,63.34
5417,2016-11-07T07:15:00,78.01
5418,2016-11-07T07:35:00,81.82
5419,2016-11-07T07:55:00,84.46
5420,2016-11-07T08:15:00,87.88
5421,2016-11-07T08:35:00,89.54
5422,2016-11-07T08:55:00,90.13
5423,2016-11-07T09:15:00,91.2
5424,2016-11-07T09:35:00,92.18
5425,2016-11-07T09:55:00,92.67
5426,2016-11-07T10:15:00,93.45
5427,2016-11-07T10:35:00,93.26
5428,2016-11-07T10:55:00,93.06
5429,2016-11-07T11:15:00,93.74
5430,2016-11-07T11:35:00,94.23
5431,2016-11-07T11:55:00,94.14
5432,2016-11-07T12:15:00,92.96
5433,2016-11-07T12:35:00,91.89
5434,2016-11-07T13:00:00,89.64
5435,2016-11-07T13:20:00,87.68
5436,2016-11-07T13:40:00,89.05
5437,2016-11-07T14:00:00,86.61
5438,2016-11-07T14:20:00,83.38
5439,2016-11-07T14:40:00,77.32
5440,2016-11-07T15:00:00,67.94
5441,2016-11-07T15:20:00,45.85
5442,2016-11-07T15:40:00,40.08
5443,2016-11-07T16:00:00,37.24
5444,2016-11-07T16:20:00,38.71
5445,2016-11-07T16:40:00,37.73
5446,2016-11-07T17:00:00,39.39
5447,2016-11-07T17:20:00,38.9
5448,2016-11-07T17:40:00,37.24
5449,2016-11-07T18:00:00,38.61
5450,2016-11-07T18:20:00,0.98
5451,2016-11-07T18:40:00,0.88
5452,2016-11-07T19:00:00,0.88
5453,2016-11-07T19:20:00,0.98
5454,2016-11-07T19:40:00,0.88
5455,2016-11-07T20:00:00,0.78
5456,2016-11-07T20:20:00,0.78
5457,2016-11-07T20:40:00,0.88
5458,2016-11-07T21:00:00,0.78
5459,2016-11-07T21:20:00,0.68
5460,2016-11-07T21:40:00,0.59
5461,2016-11-07T22:00:00,0.59
5462,2016-11-07T22:20:00,0.68
5463,2016-11-07T22:40:00,0.59
5464,2016-11-07T23:00:00,0.59
5465,2016-11-07T23:20:00,0.59
5466,2016-11-07T23:40:00,0.59
5467,2016-11-08T00:05:00,0.49
5468,2016-11-08T00:25:00,0.59
5469,2016-11-08T00:45:00,0.59
5470,2016-11-08T01:05:00,0.59
5471,2016-11-08T01:25:00,0.59
5472,2016-11-08T01:45:00,0.49
5473,2016-11-08T02:05:00,0.59
5474,2016-11-08T02:25:00,0.59
5475,2016-11-08T02:45:00,0.49
5476,2016-11-08T03:05:00,0.49
5477,2016-11-08T03:25:00,0.49
5478,2016-11-08T03:45:00,39.59
5479,2016-11-08T04:05:00,38.32
5480,2016-11-08T04:25:00,39.69
5481,2016-11-08T04:45:00,37.54
5482,2016-11-08T05:05:00,38.9
5483,2016-11-08T05:25:00,38.51
5484,2016-11-08T05:45:00,39.2
5485,2016-11-08T06:05:00,42.62
5486,2016-11-08T06:25:00,48.19
5487,2016-11-08T06:45:00,72.63
5488,2016-11-08T07:05:00,89.15
5489,2016-11-08T07:25:00,96.58
5490,2016-11-08T07:45:00,97.16
5491,2016-11-08T08:05:00,97.75
5492,2016-11-08T08:25:00,97.85
5493,2016-11-08T08:45:00,98.14
5494,2016-11-08T09:05:00,98.04
5495,2016-11-08T09:25:00,95.99
5496,2016-11-08T09:45:00,96.48
5497,2016-11-08T10:05:00,97.26
5498,2016-11-08T10:25:00,96.77
5499,2016-11-08T10:45:00,94.82
5500,2016-11-08T11:05:00,93.94
5501,2016-11-08T11:30:00,92.77
5502,2016-11-08T11:50:00,97.26
5503,2016-11-08T12:10:00,97.46
5504,2016-11-08T12:30:00,97.16
5505,2016-11-08T12:50:00,95.8
5506,2016-11-08T13:10:00,95.89
5507,2016-11-08T13:30:00,92.47
5508,2016-11-08T13:50:00,85.73
5509,2016-11-08T14:10:00,87.39
5510,2016-11-08T14:30:00,82.21
5511,2016-11-08T14:50:00,76.34
5512,2016-11-08T15:10:00,63.93
5513,2016-11-08T15:30:00,38.61
5514,2016-11-08T15:50:00,38.71
5515,2016-11-08T16:10:00,40.18
5516,2016-11-08T16:30:00,37.44
5517,2016-11-08T16:50:00,37.63
5518,2016-11-08T17:10:00,39.49
5519,2016-11-08T17:30:00,39.1
5520,2016-11-08T17:50:00,38.71
5521,2016-11-08T18:10:00,0.88
5522,2016-11-08T18:30:00,0.98
5523,2016-11-08T18:50:00,0.98
5524,2016-11-08T19:10:00,0.98
5525,2016-11-08T19:30:00,1.08
5526,2016-11-08T19:50:00,1.08
5527,2016-11-08T20:10:00,0.88
5528,2016-11-08T20:30:00,0.88
5529,2016-11-08T20:50:00,0.78
5530,2016-11-08T21:10:00,0.78
5531,2016-11-08T21:30:00,0.78
5532,2016-11-08T21:50:00,0.68
5533,2016-11-08T22:10:00,0.59
5534,2016-11-08T22:30:00,0.59
5535,2016-11-08T22:55:00,0.78
5536,2016-11-08T23:15:00,0.78
5537,2016-11-08T23:35:00,0.78
5538,2016-11-08T23:55:00,0.68
5539,2016-11-09T00:15:00,0.68
5540,2016-11-09T00:35:00,0.68
5541,2016-11-09T00:55:00,0.78
5542,2016-11-09T01:15:00,0.78
5543,2016-11-09T01:35:00,0.88
5544,2016-11-09T01:55:00,0.98
5545,2016-11-09T02:15:00,1.27
5546,2016-11-09T02:35:00,1.47
5547,2016-11-09T02:55:00,1.66
5548,2016-11-09T03:15:00,1.66
5549,2016-11-09T03:35:00,37.54
5550,2016-11-09T03:55:00,41.54
5551,2016-11-09T04:15:00,39.88
5552,2016-11-09T04:35:00,43.01
5553,2016-11-09T04:55:00,40.57
5554,2016-11-09T05:15:00,42.52
5555,2016-11-09T05:35:00,36.85
5556,2016-11-09T05:55:00,35.19
5557,2016-11-09T06:15:00,30.11
5558,2016-11-09T06:35:00,32.94
5559,2016-11-09T06:55:00,55.72
5560,2016-11-09T07:15:00,69.99
5561,2016-11-09T07:35:00,76.05
5562,2016-11-09T07:55:00,78.5
5563,2016-11-09T08:15:00,76.05
5564,2016-11-09T08:35:00,73.9
5565,2016-11-09T08:55:00,81.82
5566,2016-11-09T09:15:00,87.29
5567,2016-11-09T09:35:00,84.16
5568,2016-11-09T09:55:00,82.7
5569,2016-11-09T10:20:00,80.74
5570,2016-11-09T10:40:00,81.53
5571,2016-11-09T11:00:00,87.1
5572,2016-11-09T11:20:00,89.74
5573,2016-11-09T11:40:00,91.98
5574,2016-11-09T12:00:00,86.02
5575,2016-11-09T12:20:00,94.23
5576,2016-11-09T12:40:00,86.71
5577,2016-11-09T13:00:00,91.01
5578,2016-11-09T13:20:00,85.73
5579,2016-11-09T13:40:00,79.67
5580,2016-11-09T14:00:00,83.28
5581,2016-11-09T14:20:00,80.06
5582,2016-11-09T14:40:00,74.78
5583,2016-11-09T15:00:00,63.44
5584,2016-11-09T15:20:00,51.22
5585,2016-11-09T15:40:00,39
5586,2016-11-09T16:00:00,36.36
5587,2016-11-09T16:20:00,38.42
5588,2016-11-09T16:40:00,37.15
5589,2016-11-09T17:00:00,38.02
5590,2016-11-09T17:20:00,38.9
5591,2016-11-09T17:40:00,36.56
5592,2016-11-09T18:00:00,0.98
5593,2016-11-09T18:20:00,0.78
5594,2016-11-09T18:40:00,0.78
5595,2016-11-09T19:00:00,0.78
5596,2016-11-09T19:20:00,0.88
5597,2016-11-09T19:40:00,0.88
5598,2016-11-09T20:00:00,0.78
5599,2016-11-09T20:20:00,0.78
5600,2016-11-09T20:40:00,0.78
5601,2016-11-09T21:00:00,0.49
5602,2016-11-09T21:20:00,0.49
5603,2016-11-09T21:45:00,0.39
5604,2016-11-09T22:05:00,0.39
5605,2016-11-09T22:25:00,0.39
5606,2016-11-09T22:45:00,0.39
5607,2016-11-09T23:05:00,0.39
5608,2016-11-09T23:25:00,0.49
5609,2016-11-09T23:45:00,0.49
5610,2016-11-10T00:05:00,0.49
5611,2016-11-10T00:25:00,0.49
5612,2016-11-10T00:45:00,0.49
5613,2016-11-10T01:05:00,0.59
5614,2016-11-10T01:25:00,0.49
5615,2016-11-10T01:45:00,0.59
5616,2016-11-10T02:05:00,0.49
5617,2016-11-10T02:25:00,0.59
5618,2016-11-10T02:45:00,0.49
5619,2016-11-10T03:05:00,0.59
5620,2016-11-10T03:25:00,0.59
5621,2016-11-10T03:45:00,37.34
5622,2016-11-10T04:05:00,38.32
5623,2016-11-10T04:25:00,39.1
5624,2016-11-10T04:45:00,36.85
5625,2016-11-10T05:05:00,37.63
5626,2016-11-10T05:25:00,39.3
5627,2016-11-10T05:45:00,37.05
5628,2016-11-10T06:05:00,40.57
5629,2016-11-10T06:25:00,42.91
5630,2016-11-10T06:45:00,72.24
5631,2016-11-10T07:05:00,90.13
5632,2016-11-10T07:25:00,95.11
5633,2016-11-10T07:45:00,96.38
5634,2016-11-10T08:05:00,97.56
5635,2016-11-10T08:25:00,97.75
5636,2016-11-10T08:50:00,97.85
5637,2016-11-10T09:10:00,97.95
5638,2016-11-10T09:30:00,97.95
5639,2016-11-10T09:50:00,97.75
5640,2016-11-10T10:10:00,94.72
5641,2016-11-10T10:30:00,95.21
5642,2016-11-10T10:50:00,95.6
5643,2016-11-10T11:10:00,96.58
5644,2016-11-10T11:30:00,97.65
5645,2016-11-10T11:50:00,95.31
5646,2016-11-10T12:10:00,97.46
5647,2016-11-10T12:30:00,97.26
5648,2016-11-10T12:50:00,94.72
5649,2016-11-10T13:10:00,93.74
5650,2016-11-10T13:30:00,93.65
5651,2016-11-10T13:50:00,94.04
5652,2016-11-10T14:10:00,92.57
5653,2016-11-10T14:30:00,89.64
5654,2016-11-10T14:50:00,81.92
5655,2016-11-10T15:10:00,68.52
5656,2016-11-10T15:30:00,35.97
5657,2016-11-10T15:50:00,39.3
5658,2016-11-10T16:10:00,38.32
5659,2016-11-10T16:30:00,38.71
5660,2016-11-10T16:50:00,38.02
5661,2016-11-10T17:10:00,39.49
5662,2016-11-10T17:30:00,40.08
5663,2016-11-10T17:50:00,37.93
5664,2016-11-10T18:10:00,0.78
5665,2016-11-10T18:30:00,0.78
5666,2016-11-10T18:50:00,0.78
5667,2016-11-10T19:10:00,0.78
5668,2016-11-10T19:30:00,0.78
5669,2016-11-10T19:50:00,0.78
5670,2016-11-10T20:15:00,0.78
5671,2016-11-10T20:35:00,0.78
5672,2016-11-10T20:55:00,0.78
5673,2016-11-10T21:15:00,0.68
5674,2016-11-10T21:35:00,0.59
5675,2016-11-10T21:55:00,0.59
5676,2016-11-10T22:15:00,0.49
5677,2016-11-10T22:35:00,0.59
5678,2016-11-10T22:55:00,0.49
5679,2016-11-10T23:15:00,0.49
5680,2016-11-10T23:35:00,0.49
5681,2016-11-10T23:55:00,0.39
5682,2016-11-11T00:15:00,0.49
5683,2016-11-11T00:35:00,0.49
5684,2016-11-11T00:55:00,0.39
5685,2016-11-11T01:15:00,0.39
5686,2016-11-11T01:35:00,0.39
5687,2016-11-11T01:55:00,0.49
5688,2016-11-11T02:15:00,0.39
5689,2016-11-11T02:35:00,0.39
5690,2016-11-11T02:55:00,0.59
5691,2016-11-11T03:15:00,0.49
5692,2016-11-11T03:35:00,37.44
5693,2016-11-11T03:55:00,39.78
5694,2016-11-11T04:15:00,38.9
5695,2016-11-11T04:35:00,37.63
5696,2016-11-11T04:55:00,39.2
5697,2016-11-11T05:15:00,39.78
5698,2016-11-11T05:35:00,37.73
5699,2016-11-11T05:55:00,38.9
5700,2016-11-11T06:15:00,42.42
5701,2016-11-11T06:35:00,52
5702,2016-11-11T06:55:00,75.37
5703,2016-11-11T07:15:00,84.36
5704,2016-11-11T07:40:00,88.86
5705,2016-11-11T08:00:00,96.48
5706,2016-11-11T08:20:00,91.89
5707,2016-11-11T08:40:00,96.19
5708,2016-11-11T09:00:00,97.95
5709,2016-11-11T09:20:00,97.85
5710,2016-11-11T09:40:00,97.95
5711,2016-11-11T10:00:00,96.97
5712,2016-11-11T10:20:00,97.85
5713,2016-11-11T10:40:00,97.75
5714,2016-11-11T11:00:00,97.65
5715,2016-11-11T11:20:00,97.75
5716,2016-11-11T11:40:00,97.56
5717,2016-11-11T12:00:00,97.46
5718,2016-11-11T12:20:00,97.16
5719,2016-11-11T12:40:00,96.87
5720,2016-11-11T13:00:00,95.99
5721,2016-11-11T13:20:00,92.38
5722,2016-11-11T13:40:00,94.72
5723,2016-11-11T14:00:00,91.59
5724,2016-11-11T14:20:00,91.89
5725,2016-11-11T14:40:00,87.88
5726,2016-11-11T15:00:00,80.55
5727,2016-11-11T15:20:00,59.92
5728,2016-11-11T15:40:00,40.37
5729,2016-11-11T16:00:00,39.3
5730,2016-11-11T16:20:00,39.39
5731,2016-11-11T16:40:00,40.18
5732,2016-11-11T17:00:00,38.12
5733,2016-11-11T17:20:00,39.2
5734,2016-11-11T17:40:00,40.76
5735,2016-11-11T18:00:00,1.08
5736,2016-11-11T18:20:00,0.98
5737,2016-11-11T18:40:00,0.98
5738,2016-11-11T19:05:00,0.88
5739,2016-11-11T19:25:00,0.88
5740,2016-11-11T19:45:00,0.88
5741,2016-11-11T20:05:00,0.78
5742,2016-11-11T20:25:00,0.78
5743,2016-11-11T20:45:00,0.78
5744,2016-11-11T21:05:00,0.78
5745,2016-11-11T21:25:00,0.68
5746,2016-11-11T21:45:00,0.59
5747,2016-11-11T22:05:00,0.59
5748,2016-11-11T22:25:00,0.49
5749,2016-11-11T22:45:00,0.59
5750,2016-11-11T23:05:00,0.59
5751,2016-11-11T23:25:00,0.59
5752,2016-11-11T23:45:00,0.49
5753,2016-11-12T00:05:00,0.49
5754,2016-11-12T00:25:00,0.49
5755,2016-11-12T00:45:00,0.49
5756,2016-11-12T01:05:00,0.59
5757,2016-11-12T01:25:00,0.59
5758,2016-11-12T01:45:00,0.59
5759,2016-11-12T02:05:00,0.49
5760,2016-11-12T02:25:00,0.49
5761,2016-11-12T02:45:00,0.49
5762,2016-11-12T03:05:00,0.39
5763,2016-11-12T03:25:00,0.49
5764,2016-11-12T03:45:00,0.59
5765,2016-11-12T04:05:00,0.59
5766,2016-11-12T04:25:00,0.59
5767,2016-11-12T04:45:00,0.68
5768,2016-11-12T05:05:00,0.68
5769,2016-11-12T05:25:00,0.78
5770,2016-11-12T05:45:00,1.56
5771,2016-11-12T06:10:00,11.05
5772,2016-11-12T06:30:00,50.15
5773,2016-11-12T06:50:00,75.66
5774,2016-11-12T07:10:00,88.56
5775,2016-11-12T07:30:00,95.6
5776,2016-11-12T07:50:00,97.16
5777,2016-11-12T08:10:00,97.65
5778,2016-11-12T08:30:00,97.65
5779,2016-11-12T08:50:00,97.95
5780,2016-11-12T09:10:00,98.04
5781,2016-11-12T09:30:00,97.95
5782,2016-11-12T09:50:00,97.85
5783,2016-11-12T10:10:00,97.75
5784,2016-11-12T10:30:00,96.87
5785,2016-11-12T10:50:00,96.19
5786,2016-11-12T11:10:00,96.48
5787,2016-11-12T11:30:00,96.97
5788,2016-11-12T11:50:00,97.36
5789,2016-11-12T12:10:00,97.36
5790,2016-11-12T12:30:00,96.97
5791,2016-11-12T12:50:00,96.28
5792,2016-11-12T13:10:00,95.41
5793,2016-11-12T13:30:00,94.53
5794,2016-11-12T13:50:00,90.71
5795,2016-11-12T14:10:00,87.98
5796,2016-11-12T14:30:00,84.95
5797,2016-11-12T14:50:00,77.22
5798,2016-11-12T15:10:00,59.92
5799,2016-11-12T15:30:00,24.14
5800,2016-11-12T15:50:00,2.93
5801,2016-11-12T16:10:00,0.98
5802,2016-11-12T16:30:00,0.88
5803,2016-11-12T16:50:00,0.78
5804,2016-11-12T17:10:00,0.88
5805,2016-11-12T17:35:00,0.98
5806,2016-11-12T17:55:00,0.88
5807,2016-11-12T18:15:00,1.08
5808,2016-11-12T18:35:00,0.98
5809,2016-11-12T18:55:00,0.88
5810,2016-11-12T19:15:00,0.88
5811,2016-11-12T19:35:00,0.88
5812,2016-11-12T19:55:00,0.78
5813,2016-11-12T20:15:00,0.78
5814,2016-11-12T20:35:00,0.78
5815,2016-11-12T20:55:00,0.78
5816,2016-11-12T21:15:00,0.59
5817,2016-11-12T21:35:00,0.59
5818,2016-11-12T21:55:00,0.59
5819,2016-11-12T22:15:00,0.59
5820,2016-11-12T22:35:00,0.59
5821,2016-11-12T22:55:00,0.59
5822,2016-11-12T23:15:00,0.49
5823,2016-11-12T23:35:00,0.49
5824,2016-11-12T23:55:00,0.49
5825,2016-11-13T00:15:00,0.49
5826,2016-11-13T00:35:00,0.49
5827,2016-11-13T00:55:00,0.39
5828,2016-11-13T01:15:00,0.39
5829,2016-11-13T01:35:00,0.39
5830,2016-11-13T01:55:00,0.49
5831,2016-11-13T02:15:00,0.49
5832,2016-11-13T02:35:00,0.59
5833,2016-11-13T02:55:00,0.49
5834,2016-11-13T03:15:00,0.39
5835,2016-11-13T03:35:00,0.39
5836,2016-11-13T03:55:00,0.39
5837,2016-11-13T04:15:00,0.59
5838,2016-11-13T04:35:00,0.59
5839,2016-11-13T05:00:00,0.59
5840,2016-11-13T05:20:00,0.68
5841,2016-11-13T05:40:00,0.68
5842,2016-11-13T06:00:00,1.27
5843,2016-11-13T06:20:00,10.95
5844,2016-11-13T06:40:00,52.49
5845,2016-11-13T07:00:00,76.64
5846,2016-11-13T07:20:00,85.24
5847,2016-11-13T07:40:00,90.22
5848,2016-11-13T08:00:00,95.02
5849,2016-11-13T08:20:00,95.6
5850,2016-11-13T08:40:00,93.06
5851,2016-11-13T09:00:00,93.45
5852,2016-11-13T09:20:00,93.55
5853,2016-11-13T09:40:00,93.94
5854,2016-11-13T10:00:00,93.65
5855,2016-11-13T10:20:00,93.35
5856,2016-11-13T10:40:00,93.65
5857,2016-11-13T11:00:00,94.62
5858,2016-11-13T11:20:00,96.77
5859,2016-11-13T11:40:00,97.46
5860,2016-11-13T12:00:00,97.26
5861,2016-11-13T12:20:00,96.97
5862,2016-11-13T12:40:00,96.48
5863,2016-11-13T13:00:00,95.7
5864,2016-11-13T13:20:00,94.72
5865,2016-11-13T13:40:00,93.65
5866,2016-11-13T14:00:00,92.18
5867,2016-11-13T14:20:00,90.32
5868,2016-11-13T14:40:00,85.53
5869,2016-11-13T15:00:00,76.25
5870,2016-11-13T15:20:00,52.3
5871,2016-11-13T15:40:00,11.44
5872,2016-11-13T16:25:00,0.98
5873,2016-11-13T16:45:00,0.98
5874,2016-11-13T17:05:00,0.98
5875,2016-11-13T17:25:00,0.98
5876,2016-11-13T17:45:00,1.08
5877,2016-11-13T18:05:00,0.98
5878,2016-11-13T18:25:00,1.17
5879,2016-11-13T18:45:00,1.08
5880,2016-11-13T19:05:00,1.08
5881,2016-11-13T19:25:00,0.98
5882,2016-11-13T19:45:00,0.98
5883,2016-11-13T20:05:00,0.98
5884,2016-11-13T20:25:00,0.98
5885,2016-11-13T20:45:00,1.08
5886,2016-11-13T21:05:00,0.68
5887,2016-11-13T21:25:00,0.78
5888,2016-11-13T21:45:00,0.68
5889,2016-11-13T22:05:00,0.68
5890,2016-11-13T22:25:00,0.68
5891,2016-11-13T22:45:00,0.78
5892,2016-11-13T23:05:00,0.68
5893,2016-11-13T23:25:00,0.68
5894,2016-11-13T23:45:00,0.59
5895,2016-11-14T00:05:00,0.68
5896,2016-11-14T00:25:00,0.59
5897,2016-11-14T00:45:00,0.59
5898,2016-11-14T01:05:00,0.59
5899,2016-11-14T01:25:00,0.59
5900,2016-11-14T01:45:00,0.59
5901,2016-11-14T02:05:00,0.49
5902,2016-11-14T02:25:00,0.49
5903,2016-11-14T02:45:00,0.59
5904,2016-11-14T03:05:00,0.59
5905,2016-11-14T03:30:00,0.59
5906,2016-11-14T03:50:00,38.81
5907,2016-11-14T04:10:00,39.49
5908,2016-11-14T04:30:00,40.96
5909,2016-11-14T04:50:00,38.42
5910,2016-11-14T05:10:00,38.12
5911,2016-11-14T05:30:00,39.78
5912,2016-11-14T05:50:00,39.2
5913,2016-11-14T06:10:00,40.76
5914,2016-11-14T06:30:00,41.45
5915,2016-11-14T06:50:00,71.26
5916,2016-11-14T07:10:00,84.46
5917,2016-11-14T07:30:00,90.62
5918,2016-11-14T07:50:00,94.04
5919,2016-11-14T08:10:00,95.21
5920,2016-11-14T08:30:00,97.07
5921,2016-11-14T08:50:00,92.57
5922,2016-11-14T09:10:00,93.55
5923,2016-11-14T09:30:00,92.38
5924,2016-11-14T09:50:00,88.27
5925,2016-11-14T10:10:00,87.49
5926,2016-11-14T10:30:00,81.82
5927,2016-11-14T10:50:00,85.04
5928,2016-11-14T11:10:00,88.27
5929,2016-11-14T11:30:00,87.2
5930,2016-11-14T11:50:00,88.66
5931,2016-11-14T12:10:00,89.44
5932,2016-11-14T12:30:00,87.49
5933,2016-11-14T12:50:00,83.38
5934,2016-11-14T13:10:00,79.08
5935,2016-11-14T13:30:00,77.22
5936,2016-11-14T13:50:00,71.46
5937,2016-11-14T14:10:00,71.16
5938,2016-11-14T14:30:00,49.95
5939,2016-11-14T14:55:00,37.73
5940,2016-11-14T15:15:00,23.75
5941,2016-11-14T15:35:00,34.41
5942,2016-11-14T15:55:00,34.6
5943,2016-11-14T16:15:00,35.09
5944,2016-11-14T16:35:00,35.29
5945,2016-11-14T16:55:00,33.53
5946,2016-11-14T17:15:00,35.39
5947,2016-11-14T17:35:00,33.72
5948,2016-11-14T17:55:00,34.9
5949,2016-11-14T18:15:00,1.17
5950,2016-11-14T18:35:00,1.08
5951,2016-11-14T18:55:00,1.08
5952,2016-11-14T19:15:00,1.08
5953,2016-11-14T19:35:00,1.08
5954,2016-11-14T19:55:00,0.98
5955,2016-11-14T20:15:00,0.88
5956,2016-11-14T20:35:00,0.98
5957,2016-11-14T20:55:00,0.88
5958,2016-11-14T21:15:00,0.78
5959,2016-11-14T21:35:00,0.68
5960,2016-11-14T21:55:00,0.68
5961,2016-11-14T22:15:00,0.78
5962,2016-11-14T22:35:00,0.68
5963,2016-11-14T22:55:00,0.78
5964,2016-11-14T23:15:00,0.68
5965,2016-11-14T23:35:00,0.68
5966,2016-11-14T23:55:00,0.68
5967,2016-11-15T00:15:00,0.68
5968,2016-11-15T00:35:00,0.59
5969,2016-11-15T00:55:00,0.68
5970,2016-11-15T01:15:00,0.68
5971,2016-11-15T01:35:00,0.68
5972,2016-11-15T01:55:00,0.59
5973,2016-11-15T02:20:00,0.59
5974,2016-11-15T02:40:00,0.68
5975,2016-11-15T03:00:00,0.59
5976,2016-11-15T03:20:00,0.68
5977,2016-11-15T03:40:00,38.61
5978,2016-11-15T04:00:00,37.73
5979,2016-11-15T04:20:00,38.32
5980,2016-11-15T04:40:00,39.2
5981,2016-11-15T05:00:00,38.42
5982,2016-11-15T05:20:00,37.93
5983,2016-11-15T05:40:00,36.36
5984,2016-11-15T06:00:00,34.41
5985,2016-11-15T06:20:00,36.56
5986,2016-11-15T06:40:00,40.66
5987,2016-11-15T07:00:00,44.09
5988,2016-11-15T07:20:00,56.11
5989,2016-11-15T07:40:00,63.24
5990,2016-11-15T08:00:00,72.73
5991,2016-11-15T08:20:00,79.67
5992,2016-11-15T08:40:00,78.4
5993,2016-11-15T09:00:00,78.98
5994,2016-11-15T09:20:00,84.75
5995,2016-11-15T09:40:00,88.07
5996,2016-11-15T10:00:00,87.78
5997,2016-11-15T10:20:00,87.68
5998,2016-11-15T10:40:00,85.53
5999,2016-11-15T11:00:00,92.47
6000,2016-11-15T11:20:00,90.22
6001,2016-11-15T11:40:00,91.01
6002,2016-11-15T12:00:00,89.83
6003,2016-11-15T12:20:00,89.15
6004,2016-11-15T12:40:00,91.01
6005,2016-11-15T13:00:00,88.86
6006,2016-11-15T13:20:00,83.48
6007,2016-11-15T13:45:00,82.21
6008,2016-11-15T14:05:00,80.45
6009,2016-11-15T14:25:00,87.78
6010,2016-11-15T14:45:00,80.35
6011,2016-11-15T15:05:00,65.4
6012,2016-11-15T15:25:00,37.54
6013,2016-11-15T15:45:00,36.27
6014,2016-11-15T16:05:00,36.66
6015,2016-11-15T16:25:00,35.88
6016,2016-11-15T16:45:00,35.88
6017,2016-11-15T17:05:00,38.22
6018,2016-11-15T17:25:00,36.85
6019,2016-11-15T17:45:00,35.78
6020,2016-11-15T18:05:00,0.49
6021,2016-11-15T18:25:00,0.68
6022,2016-11-15T18:45:00,0.68
6023,2016-11-15T19:05:00,0.68
6024,2016-11-15T19:25:00,0.78
6025,2016-11-15T19:45:00,0.68
6026,2016-11-15T20:05:00,0.68
6027,2016-11-15T20:25:00,0.59
6028,2016-11-15T20:45:00,0.59
6029,2016-11-15T21:05:00,0.59
6030,2016-11-15T21:25:00,0.59
6031,2016-11-15T21:45:00,0.59
6032,2016-11-15T22:05:00,0.49
6033,2016-11-15T22:25:00,0.59
6034,2016-11-15T22:45:00,0.49
6035,2016-11-15T23:05:00,0.49
6036,2016-11-15T23:25:00,0.49
6037,2016-11-15T23:45:00,0.39
6038,2016-11-16T00:05:00,0.49
6039,2016-11-16T00:25:00,0.49
6040,2016-11-16T00:45:00,0.39
6041,2016-11-16T01:10:00,0.49
6042,2016-11-16T15:15:00,29.03
6043,2016-11-16T15:35:00,38.61
6044,2016-11-16T15:55:00,37.05
6045,2016-11-16T16:15:00,37.54
6046,2016-11-16T16:35:00,37.05
6047,2016-11-16T16:55:00,36.95
6048,2016-11-16T17:15:00,36.85
6049,2016-11-16T17:35:00,38.71
6050,2016-11-16T17:55:00,36.76
6051,2016-11-16T18:15:00,0.98
6052,2016-11-16T18:35:00,0.88
6053,2016-11-16T18:55:00,0.88
6054,2016-11-16T19:15:00,1.08
6055,2016-11-16T19:35:00,1.08
6056,2016-11-16T19:55:00,0.88
6057,2016-11-16T20:15:00,1.08
6058,2016-11-16T20:35:00,0.98
6059,2016-11-16T20:55:00,0.98
6060,2016-11-16T21:15:00,0.88
6061,2016-11-16T21:35:00,0.88
6062,2016-11-16T21:55:00,0.78
6063,2016-11-16T22:15:00,0.78
6064,2016-11-16T22:35:00,0.88
6065,2016-11-16T22:55:00,0.88
6066,2016-11-16T23:15:00,0.88
6067,2016-11-16T23:40:00,0.88
6068,2016-11-17T00:00:00,0.88
6069,2016-11-17T00:20:00,0.88
6070,2016-11-17T00:40:00,0.88
6071,2016-11-17T01:00:00,0.88
6072,2016-11-17T01:20:00,0.78
6073,2016-11-17T01:40:00,0.78
6074,2016-11-17T02:00:00,0.88
6075,2016-11-17T02:20:00,0.78
6076,2016-11-17T02:40:00,0.78
6077,2016-11-17T03:00:00,0.78
6078,2016-11-17T03:20:00,0.88
6079,2016-11-17T03:40:00,35.48
6080,2016-11-17T04:00:00,38.22
6081,2016-11-17T04:20:00,36.66
6082,2016-11-17T04:40:00,39.69
6083,2016-11-17T05:00:00,37.34
6084,2016-11-17T05:20:00,38.71
6085,2016-11-17T05:40:00,39.69
6086,2016-11-17T06:00:00,39.3
6087,2016-11-17T06:20:00,41.74
6088,2016-11-17T06:40:00,55.62
6089,2016-11-17T07:00:00,73.7
6090,2016-11-17T07:20:00,91.01
6091,2016-11-17T07:40:00,90.13
6092,2016-11-17T08:00:00,90.42
6093,2016-11-17T08:20:00,89.05
6094,2016-11-17T08:40:00,95.41
6095,2016-11-17T09:00:00,93.65
6096,2016-11-17T09:20:00,93.55
6097,2016-11-17T09:40:00,97.85
6098,2016-11-17T10:00:00,93.94
6099,2016-11-17T10:20:00,93.74
6100,2016-11-17T10:40:00,92.86
6101,2016-11-17T11:05:00,93.06
6102,2016-11-17T11:25:00,95.02
6103,2016-11-17T11:45:00,94.92
6104,2016-11-17T12:05:00,93.65
6105,2016-11-17T12:25:00,93.45
6106,2016-11-17T12:45:00,93.45
6107,2016-11-17T13:05:00,90.62
6108,2016-11-17T13:25:00,92.57
6109,2016-11-17T13:45:00,90.52
6110,2016-11-17T14:05:00,85.24
6111,2016-11-17T14:25:00,78.5
6112,2016-11-17T14:45:00,65.1
6113,2016-11-17T15:05:00,46.92
6114,2016-11-17T15:25:00,40.47
6115,2016-11-17T15:45:00,38.42
6116,2016-11-17T16:05:00,38.81
6117,2016-11-17T16:25:00,37.15
6118,2016-11-17T16:45:00,38.61
6119,2016-11-17T17:05:00,39.1
6120,2016-11-17T17:25:00,36.56
6121,2016-11-17T17:45:00,36.36
6122,2016-11-17T18:05:00,0.68
6123,2016-11-17T18:25:00,0.68
6124,2016-11-17T18:45:00,0.78
6125,2016-11-17T19:05:00,0.78
6126,2016-11-17T19:25:00,0.59
6127,2016-11-17T19:45:00,0.59
6128,2016-11-17T20:05:00,0.68
6129,2016-11-17T20:25:00,0.59
6130,2016-11-17T20:45:00,0.59
6131,2016-11-17T21:05:00,0.59
6132,2016-11-17T21:25:00,0.59
6133,2016-11-17T21:45:00,0.49
6134,2016-11-17T22:05:00,0.68
6135,2016-11-17T22:30:00,0.68
6136,2016-11-17T22:50:00,0.59
6137,2016-11-17T23:10:00,0.49
6138,2016-11-17T23:30:00,0.39
6139,2016-11-17T23:50:00,0.39
6140,2016-11-18T00:10:00,0.39
6141,2016-11-18T00:30:00,0.39
6142,2016-11-18T00:50:00,0.39
6143,2016-11-18T01:10:00,0.39
6144,2016-11-18T01:30:00,0.39
6145,2016-11-18T01:50:00,0.39
6146,2016-11-18T02:10:00,0.49
6147,2016-11-18T02:30:00,0.39
6148,2016-11-18T02:50:00,0.39
6149,2016-11-18T03:10:00,0.39
6150,2016-11-18T03:30:00,11.24
6151,2016-11-18T03:50:00,37.34
6152,2016-11-18T04:10:00,39.3
6153,2016-11-18T04:30:00,39.2
6154,2016-11-18T04:50:00,38.02
6155,2016-11-18T05:10:00,36.85
6156,2016-11-18T05:30:00,35.97
6157,2016-11-18T05:50:00,35.97
6158,2016-11-18T06:10:00,38.51
6159,2016-11-18T06:30:00,39.1
6160,2016-11-18T06:50:00,47.41
6161,2016-11-18T07:10:00,67.84
6162,2016-11-18T07:30:00,82.31
6163,2016-11-18T07:50:00,93.55
6164,2016-11-18T08:10:00,83.48
6165,2016-11-18T08:30:00,81.72
6166,2016-11-18T08:50:00,72.19
6167,2016-11-18T09:15:00,70.67
6168,2016-11-18T09:35:00,83.68
6169,2016-11-18T09:55:00,87.68
6170,2016-11-18T10:15:00,81.33
6171,2016-11-18T10:35:00,77.61
6172,2016-11-18T10:55:00,79.86
6173,2016-11-18T11:15:00,89.44
6174,2016-11-18T11:35:00,85.92
6175,2016-11-18T11:55:00,96.48
6176,2016-11-18T12:15:00,96.28
6177,2016-11-18T12:35:00,91.1
6178,2016-11-18T12:55:00,90.32
6179,2016-11-18T13:15:00,94.72
6180,2016-11-18T13:35:00,94.04
6181,2016-11-18T13:55:00,92.86
6182,2016-11-18T14:15:00,89.05
6183,2016-11-18T14:35:00,81.33
6184,2016-11-18T14:55:00,65.79
6185,2016-11-18T15:15:00,32.36
6186,2016-11-18T15:35:00,36.85
6187,2016-11-18T15:55:00,34.31
6188,2016-11-18T16:15:00,35.19
6189,2016-11-18T16:35:00,36.85
6190,2016-11-18T16:55:00,37.15
6191,2016-11-18T17:15:00,35.48
6192,2016-11-18T17:35:00,35.78
6193,2016-11-18T17:55:00,36.66
6194,2016-11-18T18:15:00,0.59
6195,2016-11-18T18:35:00,0.49
6196,2016-11-18T18:55:00,0.49
6197,2016-11-18T19:15:00,0.49
6198,2016-11-18T19:35:00,0.49
6199,2016-11-18T19:55:00,0.49
6200,2016-11-18T20:15:00,0.59
6201,2016-11-18T20:40:00,0.49
6202,2016-11-18T21:00:00,0.49
6203,2016-11-18T21:20:00,0.49
6204,2016-11-18T21:40:00,0.49
6205,2016-11-18T22:00:00,0.49
6206,2016-11-18T22:20:00,0.49
6207,2016-11-18T22:40:00,0.49
6208,2016-11-18T23:00:00,0.49
6209,2016-11-18T23:20:00,0.49
6210,2016-11-18T23:40:00,0.68
6211,2016-11-19T00:00:00,0.49
6212,2016-11-19T00:20:00,0.49
6213,2016-11-19T00:40:00,0.39
6214,2016-11-19T01:00:00,0.49
6215,2016-11-19T01:20:00,0.49
6216,2016-11-19T01:40:00,0.49
6217,2016-11-19T02:00:00,0.39
6218,2016-11-19T02:20:00,0.39
6219,2016-11-19T02:40:00,0.39
6220,2016-11-19T03:00:00,0.39
6221,2016-11-19T03:20:00,0.49
6222,2016-11-19T03:40:00,0.59
6223,2016-11-19T04:00:00,0.49
6224,2016-11-19T04:20:00,0.49
6225,2016-11-19T04:40:00,0.49
6226,2016-11-19T05:00:00,0.49
6227,2016-11-19T05:20:00,0.59
6228,2016-11-19T05:40:00,0.59
6229,2016-11-19T06:00:00,0.78
6230,2016-11-19T06:20:00,1.47
6231,2016-11-19T06:40:00,24.63
6232,2016-11-19T07:00:00,66.28
6233,2016-11-19T07:20:00,84.85
6234,2016-11-19T07:40:00,91.1
6235,2016-11-19T08:05:00,88.95
6236,2016-11-19T08:25:00,75.86
6237,2016-11-19T08:45:00,87.78
6238,2016-11-19T09:05:00,87.78
6239,2016-11-19T09:25:00,91.01
6240,2016-11-19T09:45:00,93.16
6241,2016-11-19T10:05:00,89.25
6242,2016-11-19T10:25:00,91.59
6243,2016-11-19T10:45:00,81.33
6244,2016-11-19T11:05:00,83.58
6245,2016-11-19T11:25:00,91.1
6246,2016-11-19T11:45:00,92.08
6247,2016-11-19T12:05:00,87.49
6248,2016-11-19T12:25:00,89.34
6249,2016-11-19T12:45:00,87.29
6250,2016-11-19T13:05:00,86.8
6251,2016-11-19T13:25:00,82.8
6252,2016-11-19T13:45:00,86.12
6253,2016-11-19T14:05:00,79.76
6254,2016-11-19T14:25:00,63.44
6255,2016-11-19T14:45:00,64.32
6256,2016-11-19T15:05:00,29.52
6257,2016-11-19T15:25:00,8.02
6258,2016-11-19T15:45:00,1.08
6259,2016-11-19T16:05:00,0.59
6260,2016-11-19T16:25:00,0.68
6261,2016-11-19T16:45:00,0.59
6262,2016-11-19T17:05:00,0.59
6263,2016-11-19T17:25:00,0.49
6264,2016-11-19T17:45:00,0.49
6265,2016-11-19T18:05:00,0.49
6266,2016-11-19T18:25:00,0.59
6267,2016-11-19T18:45:00,0.59
6268,2016-11-19T19:05:00,0.59
6269,2016-11-19T19:30:00,0.59
6270,2016-11-19T19:50:00,0.59
6271,2016-11-19T20:10:00,0.49
6272,2016-11-19T20:30:00,0.49
6273,2016-11-19T20:50:00,0.49
6274,2016-11-19T21:10:00,0.49
6275,2016-11-19T21:30:00,0.59
6276,2016-11-19T21:50:00,0.59
6277,2016-11-19T22:10:00,0.49
6278,2016-11-19T22:30:00,0.59
6279,2016-11-19T22:50:00,0.59
6280,2016-11-19T23:10:00,0.59
6281,2016-11-19T23:30:00,0.59
6282,2016-11-19T23:50:00,0.68
6283,2016-11-20T00:10:00,0.39
6284,2016-11-20T00:30:00,0.49
6285,2016-11-20T00:50:00,0.49
6286,2016-11-20T01:10:00,0.39
6287,2016-11-20T01:30:00,0.49
6288,2016-11-20T01:50:00,0.49
6289,2016-11-20T02:10:00,0.39
6290,2016-11-20T02:30:00,0.39
6291,2016-11-20T02:50:00,0.59
6292,2016-11-20T03:10:00,0.68
6293,2016-11-20T03:30:00,0.49
6294,2016-11-20T03:50:00,0.49
6295,2016-11-20T04:10:00,0.49
6296,2016-11-20T04:30:00,0.49
6297,2016-11-20T04:50:00,0.49
6298,2016-11-20T05:10:00,0.49
6299,2016-11-20T05:30:00,0.59
6300,2016-11-20T05:50:00,0.68
6301,2016-11-20T06:10:00,1.17
6302,2016-11-20T06:35:00,10.46
6303,2016-11-20T06:55:00,32.45
6304,2016-11-20T07:15:00,64.81
6305,2016-11-20T07:35:00,84.36
6306,2016-11-20T07:55:00,88.27
6307,2016-11-20T08:15:00,91.3
6308,2016-11-20T08:35:00,92.57
6309,2016-11-20T08:55:00,92.08
6310,2016-11-20T09:15:00,95.41
6311,2016-11-20T09:35:00,95.41
6312,2016-11-20T09:55:00,95.89
6313,2016-11-20T10:15:00,93.84
6314,2016-11-20T10:35:00,91.3
6315,2016-11-20T10:55:00,90.81
6316,2016-11-20T11:15:00,91.2
6317,2016-11-20T11:35:00,89.64
6318,2016-11-20T11:55:00,87.59
6319,2016-11-20T12:15:00,86.8
6320,2016-11-20T12:35:00,82.31
6321,2016-11-20T12:55:00,76.15
6322,2016-11-20T13:15:00,75.07
6323,2016-11-20T13:35:00,76.83
6324,2016-11-20T13:55:00,69.7
6325,2016-11-20T14:15:00,55.62
6326,2016-11-20T14:35:00,34.31
6327,2016-11-20T14:55:00,15.54
6328,2016-11-20T15:15:00,4.89
6329,2016-11-20T15:35:00,1.37
6330,2016-11-20T15:55:00,0.98
6331,2016-11-20T16:15:00,0.88
6332,2016-11-20T16:35:00,0.78
6333,2016-11-20T16:55:00,0.68
6334,2016-11-20T17:15:00,0.68
6335,2016-11-20T17:35:00,0.68
6336,2016-11-20T18:00:00,0.59
6337,2016-11-20T18:20:00,0.59
6338,2016-11-20T18:40:00,0.68
6339,2016-11-20T19:00:00,0.78
6340,2016-11-20T19:20:00,0.88
6341,2016-11-20T19:40:00,0.78
6342,2016-11-20T20:00:00,0.68
6343,2016-11-20T20:20:00,0.68
6344,2016-11-20T20:40:00,0.68
6345,2016-11-20T21:00:00,0.68
6346,2016-11-20T21:20:00,0.49
6347,2016-11-20T21:40:00,0.59
6348,2016-11-20T22:00:00,0.59
6349,2016-11-20T22:20:00,0.68
6350,2016-11-20T22:40:00,0.49
6351,2016-11-20T23:00:00,0.49
6352,2016-11-20T23:20:00,0.39
6353,2016-11-20T23:40:00,0.49
6354,2016-11-21T00:00:00,0.49
6355,2016-11-21T00:20:00,0.39
6356,2016-11-21T00:40:00,0.39
6357,2016-11-21T01:00:00,0.39
6358,2016-11-21T01:20:00,0.39
6359,2016-11-21T01:40:00,0.29
6360,2016-11-21T02:00:00,0.29
6361,2016-11-21T02:20:00,0.29
6362,2016-11-21T02:40:00,0.29
6363,2016-11-21T03:00:00,0.29
6364,2016-11-21T03:20:00,0.39
6365,2016-11-21T03:40:00,36.66
6366,2016-11-21T04:00:00,34.9
6367,2016-11-21T04:20:00,35.97
6368,2016-11-21T04:40:00,36.17
6369,2016-11-21T05:00:00,37.44
6370,2016-11-21T05:25:00,35.88
6371,2016-11-21T05:45:00,34.41
6372,2016-11-21T06:05:00,38.9
6373,2016-11-21T06:25:00,40.08
6374,2016-11-21T06:45:00,44.58
6375,2016-11-21T07:05:00,45.36
6376,2016-11-21T07:25:00,62.56
6377,2016-11-21T07:45:00,68.04
6378,2016-11-21T08:05:00,73.61
6379,2016-11-21T08:25:00,75.37
6380,2016-11-21T08:45:00,77.22
6381,2016-11-21T09:05:00,81.23
6382,2016-11-21T09:25:00,81.33
6383,2016-11-21T09:45:00,79.67
6384,2016-11-21T10:05:00,74.78
6385,2016-11-21T10:25:00,74.68
6386,2016-11-21T10:45:00,73.31
6387,2016-11-21T11:05:00,75.07
6388,2016-11-21T11:25:00,76.25
6389,2016-11-21T11:45:00,81.23
6390,2016-11-21T12:05:00,81.62
6391,2016-11-21T12:25:00,79.18
6392,2016-11-21T12:45:00,85.53
6393,2016-11-21T13:05:00,83.58
6394,2016-11-21T13:25:00,80.84
6395,2016-11-21T13:45:00,76.34
6396,2016-11-21T14:05:00,71.36
6397,2016-11-21T14:25:00,50.15
6398,2016-11-21T14:45:00,37.15
6399,2016-11-21T15:05:00,37.54
6400,2016-11-21T15:25:00,37.34
6401,2016-12-07T14:20:00,43.3
6402,2016-12-07T14:40:00,26.3
6403,2016-12-07T15:00:00,38.71
6404,2016-12-07T15:40:00,36.17
6405,2016-12-07T16:00:00,36.85
6406,2016-12-07T16:20:00,37.73
6407,2016-12-07T16:40:00,35.88
6408,2016-12-07T17:00:00,36.46
6409,2016-12-07T17:20:00,36.95
6410,2016-12-07T17:40:00,37.05
6411,2016-12-07T18:05:00,1.27
6412,2016-12-07T18:25:00,1.27
6413,2016-12-07T18:45:00,1.08
6414,2016-12-07T19:05:00,1.08
6415,2016-12-07T19:25:00,0.98
6416,2016-12-07T19:45:00,0.98
6417,2016-12-07T20:05:00,0.98
6418,2016-12-07T20:45:00,0.68
6419,2016-12-07T21:05:00,0.78
6420,2016-12-07T21:25:00,0.59
6421,2016-12-07T21:45:00,0.59
6422,2016-12-07T22:05:00,0.59
6423,2016-12-07T22:25:00,0.59
6424,2016-12-07T22:45:00,0.59
6425,2016-12-07T23:05:00,0.59
6426,2016-12-07T23:25:00,0.59
6427,2016-12-07T23:45:00,0.49
6428,2016-12-08T00:05:00,0.49
6429,2016-12-08T00:25:00,0.68
6430,2016-12-08T00:45:00,0.68
6431,2016-12-08T01:05:00,0.59
6432,2016-12-08T01:25:00,0.68
6433,2016-12-08T01:45:00,0.59
6434,2016-12-08T02:05:00,0.59
6435,2016-12-08T02:25:00,0.59
6436,2016-12-08T02:45:00,0.59
6437,2016-12-08T03:05:00,0.68
6438,2016-12-08T03:25:00,0.78
6439,2016-12-08T03:45:00,37.24
6440,2016-12-08T04:05:00,36.46
6441,2016-12-08T04:25:00,38.71
6442,2016-12-08T04:45:00,38.22
6443,2016-12-08T05:10:00,38.22
6444,2016-12-08T05:30:00,38.42
6445,2016-12-08T05:50:00,37.44
6446,2016-12-08T06:10:00,38.12
6447,2016-12-08T06:30:00,39.69
6448,2016-12-08T06:50:00,39.88
6449,2016-12-08T07:10:00,38.71
6450,2016-12-08T07:30:00,32.36
6451,2016-12-08T07:50:00,59.73
6452,2016-12-08T08:10:00,77.13
6453,2016-12-08T08:30:00,83.19
6454,2016-12-08T08:50:00,89.44
6455,2016-12-08T09:10:00,95.8
6456,2016-12-08T09:30:00,93.94
6457,2016-12-08T09:50:00,94.04
6458,2016-12-08T10:10:00,94.82
6459,2016-12-08T10:30:00,97.65
6460,2016-12-08T10:50:00,97.07
6461,2016-12-08T11:10:00,97.26
6462,2016-12-08T11:30:00,97.36
6463,2016-12-08T11:50:00,96.38
6464,2016-12-08T12:10:00,95.02
6465,2016-12-08T12:30:00,94.33
6466,2016-12-08T13:10:00,88.95
6467,2016-12-08T13:30:00,83.38
6468,2016-12-08T13:50:00,82.89
6469,2016-12-08T14:10:00,74.58
6470,2016-12-08T14:30:00,58.65
6471,2016-12-08T14:50:00,35.68
6472,2016-12-08T15:10:00,40.47
6473,2016-12-08T15:30:00,40.27
6474,2016-12-08T15:50:00,37.54
6475,2016-12-08T16:10:00,40.27
6476,2016-12-08T16:35:00,36.95
6477,2016-12-08T16:55:00,38.32
6478,2016-12-08T17:15:00,37.44
6479,2016-12-08T17:35:00,38.32
6480,2016-12-08T17:55:00,36.56
6481,2016-12-08T18:15:00,0.68
6482,2016-12-08T18:35:00,0.68
6483,2016-12-08T18:55:00,0.68
6484,2016-12-08T19:15:00,0.68
6485,2016-12-08T19:35:00,0.68
6486,2016-12-08T19:55:00,0.78
6487,2016-12-08T20:15:00,0.78
6488,2016-12-08T20:35:00,0.68
6489,2016-12-08T20:55:00,0.59
6490,2016-12-08T21:15:00,0.59
6491,2016-12-08T21:35:00,0.49
6492,2016-12-08T21:55:00,0.59
6493,2016-12-08T22:15:00,0.59
6494,2016-12-08T22:35:00,0.59
6495,2016-12-08T22:55:00,0.59
6496,2016-12-08T23:15:00,0.59
6497,2016-12-08T23:35:00,0.59
6498,2016-12-08T23:55:00,0.59
6499,2016-12-09T00:15:00,0.68
6500,2016-12-09T00:35:00,0.59
6501,2016-12-09T00:55:00,0.59
6502,2016-12-09T01:15:00,0.59
6503,2016-12-09T01:35:00,0.68
6504,2016-12-09T01:55:00,0.68
6505,2016-12-09T02:15:00,0.78
6506,2016-12-09T02:35:00,0.68
6507,2016-12-09T02:55:00,0.59
6508,2016-12-09T03:15:00,0.59
6509,2016-12-09T03:35:00,39.49
6510,2016-12-09T04:00:00,40.47
6511,2016-12-09T04:20:00,38.9
6512,2016-12-09T04:40:00,38.9
6513,2016-12-09T05:00:00,39
6514,2016-12-09T05:20:00,40.86
6515,2016-12-09T05:40:00,37.83
6516,2016-12-09T06:00:00,38.61
6517,2016-12-09T06:20:00,40.76
6518,2016-12-09T06:40:00,39.78
6519,2016-12-09T07:00:00,39.2
6520,2016-12-09T07:20:00,29.62
6521,2016-12-09T07:40:00,67.06
6522,2016-12-09T08:00:00,86.61
6523,2016-12-09T08:20:00,93.74
6524,2016-12-09T08:40:00,94.62
6525,2016-12-09T09:00:00,96.97
6526,2016-12-09T09:20:00,95.5
6527,2016-12-09T09:40:00,92.28
6528,2016-12-09T10:00:00,92.96
6529,2016-12-09T10:20:00,91.59
6530,2016-12-09T10:40:00,89.25
6531,2016-12-09T11:00:00,90.42
6532,2016-12-09T11:20:00,90.91
6533,2016-12-09T11:40:00,89.64
6534,2016-12-09T12:00:00,88.56
6535,2016-12-09T12:20:00,87.98
6536,2016-12-09T12:40:00,87.2
6537,2016-12-09T13:00:00,83.68
6538,2016-12-09T13:20:00,79.18
6539,2016-12-09T13:40:00,73.8
6540,2016-12-09T14:00:00,65.2
6541,2016-12-09T14:20:00,50.73
6542,2016-12-09T14:40:00,31.96
6543,2016-12-09T15:00:00,42.03
6544,2016-12-09T15:25:00,39.39
6545,2016-12-09T15:45:00,40.57
6546,2016-12-09T16:05:00,40.57
6547,2016-12-09T16:25:00,37.63
6548,2016-12-09T16:45:00,37.93
6549,2016-12-09T17:05:00,38.61
6550,2016-12-09T17:25:00,40.66
6551,2016-12-09T17:45:00,38.81
6552,2016-12-09T18:05:00,0.88
6553,2016-12-09T18:25:00,1.76
6554,2016-12-09T18:45:00,3.23
6555,2016-12-09T19:05:00,3.23
6556,2016-12-09T19:25:00,3.03
6557,2016-12-09T19:45:00,2.93
6558,2016-12-09T20:05:00,2.93
6559,2016-12-09T20:25:00,2.84
6560,2016-12-09T20:45:00,2.93
6561,2016-12-09T21:05:00,2.84
6562,2016-12-09T21:25:00,2.74
6563,2016-12-09T21:45:00,2.93
6564,2016-12-09T22:05:00,2.84
6565,2016-12-09T22:25:00,2.84
6566,2016-12-09T22:45:00,2.93
6567,2016-12-09T23:05:00,2.84
6568,2016-12-09T23:25:00,2.84
6569,2016-12-09T23:45:00,2.84
6570,2016-12-10T00:05:00,2.74
6571,2016-12-10T00:25:00,2.74
6572,2016-12-10T00:45:00,2.74
6573,2016-12-10T01:05:00,2.74
6574,2016-12-10T01:25:00,2.74
6575,2016-12-10T01:45:00,2.64
6576,2016-12-10T02:05:00,2.84
6577,2016-12-10T02:30:00,2.74
6578,2016-12-10T02:50:00,2.74
6579,2016-12-10T03:10:00,2.64
6580,2016-12-10T03:30:00,2.74
6581,2016-12-10T03:50:00,2.74
6582,2016-12-10T04:10:00,2.84
6583,2016-12-10T04:30:00,2.74
6584,2016-12-10T04:50:00,2.74
6585,2016-12-10T05:10:00,2.74
6586,2016-12-10T05:30:00,2.35
6587,2016-12-10T05:50:00,0.49
6588,2016-12-10T06:10:00,0.49
6589,2016-12-10T06:30:00,0.88
6590,2016-12-10T06:50:00,1.37
6591,2016-12-10T07:10:00,7.14
6592,2016-12-10T07:30:00,31.08
6593,2016-12-10T07:50:00,60.51
6594,2016-12-10T08:10:00,69.8
6595,2016-12-10T08:30:00,76.44
6596,2016-12-10T08:50:00,80.06
6597,2016-12-10T09:10:00,82.4
6598,2016-12-10T09:30:00,84.85
6599,2016-12-10T09:50:00,84.95
6600,2016-12-10T10:10:00,82.6
6601,2016-12-10T10:30:00,89.05
6602,2016-12-10T10:50:00,92.47
6603,2016-12-10T11:10:00,93.74
6604,2016-12-10T11:30:00,88.95
6605,2016-12-10T11:50:00,93.55
6606,2016-12-10T12:10:00,89.05
6607,2016-12-10T12:30:00,76.93
6608,2016-12-10T12:50:00,79.57
6609,2016-12-10T13:10:00,82.6
6610,2016-12-10T13:30:00,82.5
6611,2016-12-10T13:55:00,81.62
6612,2016-12-10T14:15:00,75.37
6613,2016-12-10T14:35:00,59.14
6614,2016-12-10T14:55:00,39.88
6615,2016-12-10T15:15:00,8.41
6616,2016-12-10T15:35:00,1.37
6617,2016-12-10T15:55:00,1.08
6618,2016-12-10T16:15:00,1.76
6619,2016-12-10T16:35:00,0.78
6620,2016-12-10T16:55:00,0.68
6621,2016-12-10T17:15:00,1.17
6622,2016-12-10T17:35:00,0.98
6623,2016-12-10T17:55:00,2.93
6624,2016-12-10T18:15:00,5.47
6625,2016-12-10T18:35:00,5.38
6626,2016-12-10T18:55:00,5.38
6627,2016-12-10T19:15:00,5.28
6628,2016-12-10T19:35:00,5.28
6629,2016-12-10T19:55:00,5.28
6630,2016-12-10T20:15:00,5.38
6631,2016-12-10T20:35:00,5.28
6632,2016-12-10T20:55:00,5.28
6633,2016-12-10T21:15:00,5.28
6634,2016-12-10T21:35:00,5.28
6635,2016-12-10T21:55:00,5.28
6636,2016-12-10T22:15:00,5.28
6637,2016-12-10T22:35:00,5.18
6638,2016-12-10T22:55:00,5.18
6639,2016-12-10T23:15:00,5.28
6640,2016-12-10T23:35:00,5.28
6641,2016-12-10T23:55:00,5.18
6642,2016-12-11T00:15:00,5.18
6643,2016-12-11T00:35:00,5.18
6644,2016-12-11T00:55:00,5.18
6645,2016-12-11T01:20:00,5.18
6646,2016-12-11T01:40:00,5.18
6647,2016-12-11T02:00:00,5.28
6648,2016-12-11T02:20:00,5.18
6649,2016-12-11T02:40:00,5.18
6650,2016-12-11T03:00:00,5.18
6651,2016-12-11T03:20:00,5.18
6652,2016-12-11T03:40:00,5.18
6653,2016-12-11T04:00:00,5.08
6654,2016-12-11T04:20:00,5.18
6655,2016-12-11T04:40:00,5.18
6656,2016-12-11T05:00:00,5.18
6657,2016-12-11T05:20:00,5.18
6658,2016-12-11T05:40:00,5.18
6659,2016-12-11T06:00:00,0.78
6660,2016-12-11T06:20:00,0.78
6661,2016-12-11T06:40:00,1.37
6662,2016-12-11T07:00:00,5.96
6663,2016-12-11T07:20:00,30.2
6664,2016-12-11T07:40:00,51.81
6665,2016-12-11T08:00:00,73.31
6666,2016-12-11T08:20:00,81.13
6667,2016-12-11T08:40:00,88.17
6668,2016-12-11T09:00:00,90.13
6669,2016-12-11T09:20:00,88.46
6670,2016-12-11T09:40:00,85.83
6671,2016-12-11T10:00:00,78.79
6672,2016-12-11T10:20:00,89.64
6673,2016-12-11T10:40:00,94.23
6674,2016-12-11T11:00:00,97.65
6675,2016-12-11T11:20:00,97.36
6676,2016-12-11T11:40:00,97.26
6677,2016-12-11T12:00:00,93.16
6678,2016-12-11T12:20:00,96.87
6679,2016-12-11T12:45:00,94.92
6680,2016-12-11T13:05:00,95.31
6681,2016-12-11T13:25:00,93.55
6682,2016-12-11T13:45:00,91.69
6683,2016-12-11T14:05:00,87.2
6684,2016-12-11T14:25:00,78.79
6685,2016-12-11T14:45:00,62.17
6686,2016-12-11T15:05:00,26.49
6687,2016-12-11T15:25:00,3.42
6688,2016-12-11T15:45:00,0.98
6689,2016-12-11T16:05:00,0.88
6690,2016-12-11T16:25:00,0.78
6691,2016-12-11T16:45:00,1.08
6692,2016-12-11T17:05:00,1.37
6693,2016-12-11T17:25:00,0.78
6694,2016-12-11T17:45:00,0.78
6695,2016-12-11T18:05:00,0.78
6696,2016-12-11T18:25:00,0.98
6697,2016-12-11T18:45:00,0.88
6698,2016-12-11T19:05:00,0.78
6699,2016-12-11T19:25:00,0.68
6700,2016-12-11T19:45:00,0.68
6701,2016-12-11T20:05:00,0.68
6702,2016-12-11T20:45:00,0.68
6703,2016-12-11T21:05:00,0.68
6704,2016-12-11T21:25:00,0.68
6705,2016-12-11T21:45:00,0.68
6706,2016-12-11T22:05:00,0.68
6707,2016-12-11T22:25:00,0.68
6708,2016-12-11T22:45:00,0.78
6709,2016-12-11T23:05:00,0.68
6710,2016-12-11T23:25:00,0.68
6711,2016-12-11T23:45:00,0.59
6712,2016-12-12T00:10:00,0.59
6713,2016-12-12T00:30:00,0.59
6714,2016-12-12T00:50:00,0.49
6715,2016-12-12T01:30:00,0.59
6716,2016-12-12T01:50:00,0.59
6717,2016-12-12T02:10:00,0.59
6718,2016-12-12T02:30:00,0.59
6719,2016-12-12T02:50:00,0.49
6720,2016-12-12T03:10:00,0.59
6721,2016-12-12T03:30:00,0.49
6722,2016-12-12T03:50:00,39.88
6723,2016-12-12T04:10:00,38.51
6724,2016-12-12T04:30:00,38.9
6725,2016-12-12T04:50:00,37.93
6726,2016-12-12T05:10:00,38.9
6727,2016-12-12T05:30:00,36.95
6728,2016-12-12T05:50:00,38.51
6729,2016-12-12T06:10:00,40.27
6730,2016-12-12T06:30:00,39.78
6731,2016-12-12T06:50:00,39.69
6732,2016-12-12T07:10:00,41.45
6733,2016-12-12T07:30:00,42.42
6734,2016-12-12T07:50:00,78.89
6735,2016-12-12T08:10:00,91.1
6736,2016-12-12T08:30:00,96.58
6737,2016-12-12T08:50:00,96.68
6738,2016-12-12T09:10:00,93.16
6739,2016-12-12T09:30:00,92.86
6740,2016-12-12T09:50:00,93.26
6741,2016-12-12T10:15:00,94.43
6742,2016-12-12T10:35:00,92.57
6743,2016-12-12T10:55:00,92.67
6744,2016-12-12T11:15:00,90.32
6745,2016-12-12T11:35:00,90.22
6746,2016-12-12T11:55:00,90.52
6747,2016-12-12T12:15:00,89.05
6748,2016-12-12T12:35:00,85.83
6749,2016-12-12T12:55:00,85.83
6750,2016-12-12T13:15:00,84.46
6751,2016-12-12T13:35:00,81.53
6752,2016-12-12T13:55:00,73.51
6753,2016-12-12T14:15:00,66.28
6754,2016-12-12T14:35:00,52.4
6755,2016-12-12T14:55:00,27.47
6756,2016-12-12T15:15:00,40.27
6757,2016-12-12T15:35:00,37.83
6758,2016-12-12T15:55:00,36.36
6759,2016-12-12T16:15:00,36.46
6760,2016-12-12T16:35:00,37.73
6761,2016-12-12T16:55:00,36.46
6762,2016-12-12T17:15:00,36.17
6763,2016-12-12T17:35:00,36.76
6764,2016-12-12T17:55:00,37.83
6765,2016-12-12T18:15:00,0.88
6766,2016-12-12T18:35:00,1.56
6767,2016-12-12T18:55:00,1.27
6768,2016-12-12T19:15:00,1.08
6769,2016-12-12T19:35:00,0.78
6770,2016-12-12T19:55:00,0.78
6771,2016-12-12T20:15:00,0.78
6772,2016-12-12T20:35:00,0.78
6773,2016-12-12T20:55:00,0.78
6774,2016-12-12T21:20:00,0.78
6775,2016-12-12T21:40:00,0.78
6776,2016-12-12T22:00:00,0.68
6777,2016-12-12T22:20:00,0.68
6778,2016-12-12T22:40:00,0.68
6779,2016-12-12T23:00:00,0.68
6780,2016-12-12T23:20:00,0.78
6781,2016-12-12T23:40:00,0.68
6782,2016-12-13T00:00:00,0.68
6783,2016-12-13T00:20:00,0.68
6784,2016-12-13T00:40:00,0.68
6785,2016-12-13T01:00:00,0.68
6786,2016-12-13T01:20:00,0.68
6787,2016-12-13T01:40:00,0.68
6788,2016-12-13T02:00:00,0.59
6789,2016-12-13T02:20:00,0.59
6790,2016-12-13T02:40:00,0.68
6791,2016-12-13T03:00:00,0.68
6792,2016-12-13T03:20:00,0.68
6793,2016-12-13T03:40:00,38.51
6794,2016-12-13T04:00:00,38.61
6795,2016-12-13T04:20:00,37.24
6796,2016-12-13T04:40:00,36.46
6797,2016-12-13T05:00:00,37.24
6798,2016-12-13T05:20:00,39.49
6799,2016-12-13T05:40:00,38.12
6800,2016-12-13T06:00:00,36.17
6801,2016-12-13T06:20:00,37.83
6802,2016-12-13T06:40:00,37.34
6803,2016-12-13T07:00:00,39.1
6804,2016-12-13T07:20:00,27.47
6805,2016-12-13T07:40:00,46.63
6806,2016-12-13T08:00:00,62.27
6807,2016-12-13T08:25:00,74.98
6808,2016-12-13T08:45:00,82.8
6809,2016-12-13T09:05:00,82.6
6810,2016-12-13T09:25:00,88.27
6811,2016-12-13T09:45:00,89.05
6812,2016-12-13T10:05:00,90.81
6813,2016-12-13T10:25:00,91.4
6814,2016-12-13T10:45:00,88.76
6815,2016-12-13T11:05:00,89.34
6816,2016-12-13T11:45:00,96.77
6817,2016-12-13T12:05:00,88.07
6818,2016-12-13T12:25:00,86.12
6819,2016-12-13T12:45:00,87.59
6820,2016-12-13T13:05:00,85.14
6821,2016-12-13T13:25:00,81.43
6822,2016-12-13T13:45:00,76.64
6823,2016-12-13T14:05:00,68.13
6824,2016-12-13T14:25:00,60.51
6825,2016-12-13T14:45:00,47.7
6826,2016-12-13T15:05:00,37.73
6827,2016-12-13T15:25:00,36.56
6828,2016-12-13T15:45:00,37.24
6829,2016-12-13T16:05:00,36.27
6830,2016-12-13T16:25:00,38.32
6831,2016-12-13T16:45:00,39.3
6832,2016-12-13T17:05:00,36.85
6833,2016-12-13T17:25:00,38.22
6834,2016-12-13T17:45:00,38.51
6835,2016-12-13T18:05:00,1.17
6836,2016-12-13T18:25:00,0.88
6837,2016-12-13T18:45:00,0.88
6838,2016-12-13T19:05:00,0.88
6839,2016-12-13T19:25:00,0.88
6840,2016-12-13T19:50:00,0.88
6841,2016-12-13T20:10:00,0.78
6842,2016-12-13T20:30:00,0.78
6843,2016-12-13T20:50:00,0.78
6844,2016-12-13T21:10:00,0.88
6845,2016-12-13T21:30:00,0.68
6846,2016-12-13T21:50:00,0.68
6847,2016-12-13T22:10:00,0.68
6848,2016-12-13T22:30:00,0.68
6849,2016-12-13T22:50:00,0.78
6850,2016-12-13T23:10:00,0.78
6851,2016-12-13T23:30:00,0.78
6852,2016-12-13T23:50:00,0.78
6853,2016-12-14T00:10:00,0.88
6854,2016-12-14T00:30:00,0.78
6855,2016-12-14T00:50:00,0.78
6856,2016-12-14T01:10:00,0.98
6857,2016-12-14T01:30:00,0.59
6858,2016-12-14T01:50:00,0.59
6859,2016-12-14T02:10:00,0.59
6860,2016-12-14T02:30:00,0.59
6861,2016-12-14T02:50:00,0.68
6862,2016-12-14T03:10:00,0.78
6863,2016-12-14T03:30:00,0.78
6864,2016-12-14T03:50:00,39
6865,2016-12-14T04:10:00,40.27
6866,2016-12-14T04:30:00,39.39
6867,2016-12-14T04:50:00,40.76
6868,2016-12-14T05:10:00,38.02
6869,2016-12-14T05:30:00,39.3
6870,2016-12-14T05:50:00,39.3
6871,2016-12-14T06:10:00,36.76
6872,2016-12-14T06:30:00,37.63
6873,2016-12-14T06:50:00,37.15
6874,2016-12-14T07:15:00,41.94
6875,2016-12-14T07:35:00,58.36
6876,2016-12-14T07:55:00,80.84
6877,2016-12-14T08:15:00,94.23
6878,2016-12-14T08:35:00,96.28
6879,2016-12-14T08:55:00,97.26
6880,2016-12-14T09:15:00,97.75
6881,2016-12-14T09:35:00,97.85
6882,2016-12-14T09:55:00,97.75
6883,2016-12-14T10:15:00,97.95
6884,2016-12-14T10:35:00,97.75
6885,2016-12-14T10:55:00,97.56
6886,2016-12-14T11:15:00,97.56
6887,2016-12-14T11:35:00,97.36
6888,2016-12-14T11:55:00,97.36
6889,2016-12-14T12:15:00,97.07
6890,2016-12-14T12:35:00,96.58
6891,2016-12-14T12:55:00,96.09
6892,2016-12-14T13:15:00,94.82
6893,2016-12-14T13:35:00,92.47
6894,2016-12-14T13:55:00,91.01
6895,2016-12-14T14:15:00,86.12
6896,2016-12-14T14:35:00,75.56
6897,2016-12-14T14:55:00,52.2
6898,2016-12-14T15:15:00,37.15
6899,2016-12-14T15:35:00,35.58
6900,2016-12-14T15:55:00,36.46
6901,2016-12-14T16:15:00,36.76
6902,2016-12-14T16:35:00,34.51
6903,2016-12-14T16:55:00,35.88
6904,2016-12-14T17:15:00,35.29
6905,2016-12-14T17:35:00,35.39
6906,2016-12-14T17:55:00,36.17
6907,2016-12-14T18:15:00,1.56
6908,2016-12-14T18:40:00,1.47
6909,2016-12-14T19:00:00,1.17
6910,2016-12-14T19:20:00,0.78
6911,2016-12-14T19:40:00,0.78
6912,2016-12-14T20:00:00,0.78
6913,2016-12-14T20:20:00,0.88
6914,2016-12-14T20:40:00,0.78
6915,2016-12-14T21:00:00,0.78
6916,2016-12-14T21:20:00,0.78
6917,2016-12-14T21:40:00,0.78
6918,2016-12-14T22:00:00,0.68
6919,2016-12-14T22:20:00,0.68
6920,2016-12-14T22:40:00,0.68
6921,2016-12-14T23:00:00,0.68
6922,2016-12-14T23:20:00,0.68
6923,2016-12-14T23:40:00,0.68
6924,2016-12-15T00:00:00,0.68
6925,2016-12-15T00:20:00,0.68
6926,2016-12-15T00:40:00,0.68
6927,2016-12-15T01:00:00,0.68
6928,2016-12-15T01:20:00,0.59
6929,2016-12-15T01:40:00,0.59
6930,2016-12-15T02:00:00,0.59
6931,2016-12-15T02:20:00,0.59
6932,2016-12-15T02:40:00,0.49
6933,2016-12-15T03:00:00,0.59
6934,2016-12-15T03:20:00,0.68
6935,2016-12-15T03:40:00,35.29
6936,2016-12-15T04:00:00,34.7
6937,2016-12-15T04:20:00,36.85
6938,2016-12-15T04:40:00,40.47
6939,2016-12-15T05:00:00,38.22
6940,2016-12-15T05:20:00,38.51
6941,2016-12-15T05:45:00,41.94
6942,2016-12-15T06:05:00,39.78
6943,2016-12-15T06:25:00,38.12
6944,2016-12-15T06:45:00,37.05
6945,2016-12-15T07:05:00,36.07
6946,2016-12-15T07:25:00,25.61
6947,2016-12-15T07:45:00,54.54
6948,2016-12-15T08:05:00,71.85
6949,2016-12-15T08:25:00,79.76
6950,2016-12-15T08:45:00,79.86
6951,2016-12-15T09:05:00,82.01
6952,2016-12-15T09:25:00,82.99
6953,2016-12-15T09:45:00,84.65
6954,2016-12-15T10:05:00,86.41
6955,2016-12-15T10:25:00,86.41
6956,2016-12-15T10:45:00,86.51
6957,2016-12-15T11:05:00,87.2
6958,2016-12-15T11:25:00,86.61
6959,2016-12-15T11:45:00,86.32
6960,2016-12-15T12:05:00,85.63
6961,2016-12-15T12:25:00,84.85
6962,2016-12-15T12:45:00,83.97
6963,2016-12-15T13:05:00,82.21
6964,2016-12-15T13:25:00,81.04
6965,2016-12-15T13:45:00,76.44
6966,2016-12-15T14:05:00,70.38
6967,2016-12-15T14:25:00,58.65
6968,2016-12-15T14:45:00,36.76
6969,2016-12-15T15:05:00,37.15
6970,2016-12-15T15:25:00,35.58
6971,2016-12-15T15:45:00,34.31
6972,2016-12-15T16:05:00,34.12
6973,2016-12-15T16:25:00,33.82
6974,2016-12-15T16:45:00,34.41
6975,2016-12-15T17:10:00,34.51
6976,2016-12-15T17:30:00,36.76
6977,2016-12-15T17:50:00,36.36
6978,2016-12-15T18:10:00,1.37
6979,2016-12-15T18:30:00,1.27
6980,2016-12-15T18:50:00,1.27
6981,2016-12-15T19:10:00,1.27
6982,2016-12-15T19:30:00,1.17
6983,2016-12-15T19:50:00,1.08
6984,2016-12-15T20:10:00,1.08
6985,2016-12-15T20:30:00,0.98
6986,2016-12-15T20:50:00,0.98
6987,2016-12-15T21:10:00,0.98
6988,2016-12-15T21:30:00,0.88
6989,2016-12-15T21:50:00,0.88
6990,2016-12-15T22:10:00,0.88
6991,2016-12-15T22:30:00,0.78
6992,2016-12-15T22:50:00,0.78
6993,2016-12-15T23:10:00,0.78
6994,2016-12-15T23:30:00,0.78
6995,2016-12-15T23:50:00,0.78
6996,2016-12-16T00:10:00,0.78
6997,2016-12-16T00:30:00,0.78
6998,2016-12-16T00:50:00,0.78
6999,2016-12-16T01:10:00,0.78
7000,2016-12-16T01:30:00,0.78
7001,2016-12-16T01:50:00,0.59
7002,2016-12-16T02:10:00,0.78
7003,2016-12-16T02:30:00,0.78
7004,2016-12-16T02:50:00,0.88
7005,2016-12-16T03:10:00,0.98
7006,2016-12-16T03:30:00,18.77
7007,2016-12-16T03:50:00,37.54
7008,2016-12-16T04:10:00,36.76
7009,2016-12-16T04:55:00,36.95
7010,2016-12-16T05:15:00,35.39
7011,2016-12-16T05:35:00,35.19
7012,2016-12-16T05:55:00,35.29
7013,2016-12-16T06:15:00,36.07
7014,2016-12-16T06:35:00,37.15
7015,2016-12-16T06:55:00,36.56
7016,2016-12-16T07:15:00,38.71
7017,2016-12-16T07:35:00,27.86
7018,2016-12-16T07:55:00,51.52
7019,2016-12-16T08:15:00,65.59
7020,2016-12-16T08:35:00,71.85
7021,2016-12-16T08:55:00,77.32
7022,2016-12-16T09:15:00,80.16
7023,2016-12-16T09:35:00,82.01
7024,2016-12-16T09:55:00,80.64
7025,2016-12-16T10:15:00,83.28
7026,2016-12-16T10:35:00,85.04
7027,2016-12-16T10:55:00,85.92
7028,2016-12-16T11:15:00,87.68
7029,2016-12-16T11:35:00,88.46
7030,2016-12-16T11:55:00,87.49
7031,2016-12-16T12:15:00,89.25
7032,2016-12-16T12:35:00,87.59
7033,2016-12-16T12:55:00,84.56
7034,2016-12-16T13:15:00,81.43
7035,2016-12-16T13:35:00,79.37
7036,2016-12-16T13:55:00,72.73
7037,2016-12-16T14:15:00,61.29
7038,2016-12-16T14:35:00,43.99
7039,2016-12-16T14:55:00,26.69
7040,2016-12-16T15:15:00,37.44
7041,2016-12-16T15:35:00,35.09
7042,2016-12-16T16:00:00,34.7
7043,2016-12-16T16:20:00,34.8
7044,2016-12-16T16:40:00,35.09
7045,2016-12-16T17:00:00,35.39
7046,2016-12-16T17:20:00,35.78
7047,2016-12-16T17:40:00,36.27
7048,2016-12-16T18:00:00,36.85
7049,2016-12-16T18:20:00,1.17
7050,2016-12-16T18:40:00,1.37
7051,2016-12-16T19:00:00,1.08
7052,2016-12-16T19:20:00,1.08
7053,2016-12-16T19:40:00,1.17
7054,2016-12-16T20:00:00,1.08
7055,2016-12-16T20:20:00,1.17
7056,2016-12-16T20:40:00,1.08
7057,2016-12-16T21:00:00,1.08
7058,2016-12-16T21:20:00,1.17
7059,2016-12-16T21:40:00,1.08
7060,2016-12-16T22:00:00,1.17
7061,2016-12-16T22:20:00,1.08
7062,2016-12-16T22:40:00,1.08
7063,2016-12-16T23:00:00,1.08
7064,2016-12-16T23:20:00,1.08
7065,2016-12-16T23:40:00,1.08
7066,2016-12-17T00:00:00,1.08
7067,2016-12-17T00:20:00,1.08
7068,2016-12-17T00:40:00,1.08
7069,2016-12-17T01:00:00,1.08
7070,2016-12-17T01:20:00,1.08
7071,2016-12-17T01:40:00,1.08
7072,2016-12-17T02:00:00,1.08
7073,2016-12-17T02:20:00,1.08
7074,2016-12-17T02:40:00,1.17
7075,2016-12-17T03:05:00,1.08
7076,2016-12-17T03:25:00,1.08
7077,2016-12-17T03:45:00,1.08
7078,2016-12-17T04:05:00,1.08
7079,2016-12-17T04:25:00,1.08
7080,2016-12-17T04:45:00,1.17
7081,2016-12-17T05:05:00,1.08
7082,2016-12-17T05:25:00,1.08
7083,2016-12-17T05:45:00,1.08
7084,2016-12-17T06:05:00,0.88
7085,2016-12-17T06:25:00,0.88
7086,2016-12-17T06:45:00,1.17
7087,2016-12-17T07:05:00,4.4
7088,2016-12-17T07:25:00,16.81
7089,2016-12-17T07:45:00,39.39
7090,2016-12-17T08:05:00,57.28
7091,2016-12-17T08:25:00,65.3
7092,2016-12-17T08:45:00,72.24
7093,2016-12-17T09:05:00,71.75
7094,2016-12-17T09:25:00,74.29
7095,2016-12-17T09:45:00,77.42
7096,2016-12-17T10:05:00,82.4
7097,2016-12-17T10:25:00,86.12
7098,2016-12-17T10:45:00,91.79
7099,2016-12-17T11:05:00,90.52
7100,2016-12-17T11:25:00,92.18
7101,2016-12-17T11:45:00,91.98
7102,2016-12-17T12:05:00,89.83
7103,2016-12-17T12:25:00,89.44
7104,2016-12-17T12:45:00,87.59
7105,2016-12-17T13:05:00,80.84
7106,2016-12-17T13:25:00,79.18
7107,2016-12-17T13:45:00,78.79
7108,2016-12-17T14:05:00,73.51
7109,2016-12-17T14:30:00,57.48
7110,2016-12-17T14:50:00,34.8
7111,2016-12-17T15:10:00,11.54
7112,2016-12-17T15:30:00,1.76
7113,2016-12-17T15:50:00,1.08
7114,2016-12-17T16:10:00,1.27
7115,2016-12-17T16:30:00,1.37
7116,2016-12-17T16:50:00,1.37
7117,2016-12-17T17:10:00,1.17
7118,2016-12-17T17:30:00,1.08
7119,2016-12-17T17:50:00,1.17
7120,2016-12-17T18:10:00,1.27
7121,2016-12-17T18:30:00,4.11
7122,2016-12-17T18:50:00,3.13
7123,2016-12-17T19:10:00,2.93
7124,2016-12-17T19:30:00,2.84
7125,2016-12-17T19:50:00,2.84
7126,2016-12-17T20:10:00,2.93
7127,2016-12-17T20:30:00,2.84
7128,2016-12-17T20:50:00,2.84
7129,2016-12-17T21:10:00,2.93
7130,2016-12-17T21:30:00,2.84
7131,2016-12-17T21:50:00,2.84
7132,2016-12-17T22:10:00,2.84
7133,2016-12-17T22:30:00,2.93
7134,2016-12-17T22:50:00,3.03
7135,2016-12-17T23:10:00,3.03
7136,2016-12-17T23:30:00,3.03
7137,2016-12-17T23:50:00,3.13
7138,2016-12-18T00:10:00,3.23
7139,2016-12-18T00:30:00,3.13
7140,2016-12-18T00:50:00,3.13
7141,2016-12-18T01:10:00,3.03
7142,2016-12-18T01:30:00,3.23
7143,2016-12-18T01:55:00,2.93
7144,2016-12-18T02:15:00,2.93
7145,2016-12-18T02:35:00,2.93
7146,2016-12-18T02:55:00,2.93
7147,2016-12-18T03:15:00,2.84
7148,2016-12-18T03:35:00,2.84
7149,2016-12-18T03:55:00,2.93
7150,2016-12-18T04:15:00,2.93
7151,2016-12-18T04:35:00,2.93
7152,2016-12-18T04:55:00,2.93
7153,2016-12-18T05:15:00,2.93
7154,2016-12-18T05:35:00,3.23
7155,2016-12-18T05:55:00,0.78
7156,2016-12-18T06:15:00,0.78
7157,2016-12-18T06:35:00,0.98
7158,2016-12-18T06:55:00,2.35
7159,2016-12-18T07:15:00,14.37
7160,2016-12-18T07:35:00,47.12
7161,2016-12-18T07:55:00,67.06
7162,2016-12-18T08:15:00,75.95
7163,2016-12-18T08:35:00,80.06
7164,2016-12-18T08:55:00,84.46
7165,2016-12-18T09:15:00,86.32
7166,2016-12-18T09:35:00,87.49
7167,2016-12-18T09:55:00,87.49
7168,2016-12-18T10:15:00,87.39
7169,2016-12-18T10:35:00,92.38
7170,2016-12-18T10:55:00,91.59
7171,2016-12-18T11:15:00,90.32
7172,2016-12-18T11:35:00,89.83
7173,2016-12-18T11:55:00,87.78
7174,2016-12-18T12:15:00,89.93
7175,2016-12-18T12:35:00,88.46
7176,2016-12-18T12:55:00,87.88
7177,2016-12-18T13:20:00,85.53
7178,2016-12-18T13:40:00,82.01
7179,2016-12-18T14:00:00,78.69
7180,2016-12-18T14:20:00,66.08
7181,2016-12-18T14:40:00,54.35
7182,2016-12-18T15:00:00,22.78
7183,2016-12-18T15:20:00,4.5
7184,2016-12-18T15:40:00,1.66
7185,2016-12-18T16:00:00,1.66
7186,2016-12-18T16:20:00,1.27
7187,2016-12-18T16:40:00,1.17
7188,2016-12-18T17:00:00,1.08
7189,2016-12-18T17:20:00,1.17
7190,2016-12-18T17:40:00,1.27
7191,2016-12-18T18:00:00,3.32
7192,2016-12-18T18:20:00,3.42
7193,2016-12-18T18:40:00,3.42
7194,2016-12-18T19:00:00,3.23
7195,2016-12-18T19:20:00,3.32
7196,2016-12-18T19:40:00,3.32
7197,2016-12-18T20:00:00,3.32
7198,2016-12-18T20:20:00,3.32
7199,2016-12-18T20:40:00,3.42
7200,2016-12-18T21:00:00,3.13
7201,2016-12-18T21:20:00,3.13
7202,2016-12-18T21:40:00,3.03
7203,2016-12-18T22:00:00,3.13
7204,2016-12-18T22:20:00,3.03
7205,2016-12-18T22:40:00,3.03
7206,2016-12-18T23:00:00,2.93
7207,2016-12-18T23:20:00,2.93
7208,2016-12-18T23:40:00,2.93
7209,2016-12-19T00:00:00,2.84
7210,2016-12-19T00:20:00,2.93
7211,2016-12-19T00:45:00,2.84
7212,2016-12-19T01:05:00,2.84
7213,2016-12-19T01:25:00,2.84
7214,2016-12-19T01:45:00,2.93
7215,2016-12-19T02:05:00,3.03
7216,2016-12-19T02:25:00,3.03
7217,2016-12-19T02:45:00,3.03
7218,2016-12-19T03:05:00,3.03
7219,2016-12-19T03:25:00,3.03
7220,2016-12-19T03:45:00,35.68
7221,2016-12-19T04:05:00,36.17
7222,2016-12-19T04:25:00,35.39
7223,2016-12-19T04:45:00,34.6
7224,2016-12-19T05:05:00,34.31
7225,2016-12-19T05:25:00,33.33
7226,2016-12-19T05:45:00,32.65
7227,2016-12-19T06:05:00,32.45
7228,2016-12-19T06:25:00,33.92
7229,2016-12-19T06:45:00,33.43
7230,2016-12-19T07:25:00,31.18
7231,2016-12-19T07:45:00,61.88
7232,2016-12-19T08:05:00,78.1
7233,2016-12-19T08:25:00,91.1
7234,2016-12-19T08:45:00,91.5
7235,2016-12-19T09:05:00,95.99
7236,2016-12-19T09:25:00,96.38
7237,2016-12-19T09:45:00,97.36
7238,2016-12-19T10:05:00,97.46
7239,2016-12-19T10:25:00,92.77
7240,2016-12-19T10:45:00,90.91
7241,2016-12-19T11:05:00,92.28
7242,2016-12-19T11:25:00,90.91
7243,2016-12-19T11:50:00,91.69
7244,2016-12-19T12:10:00,90.32
7245,2016-12-19T12:30:00,90.03
7246,2016-12-19T13:10:00,87.2
7247,2016-12-19T13:30:00,83.48
7248,2016-12-19T13:50:00,78.98
7249,2016-12-19T14:10:00,71.36
7250,2016-12-19T14:30:00,58.06
7251,2016-12-19T14:50:00,44.87
7252,2016-12-19T15:10:00,36.76
7253,2016-12-19T15:30:00,36.17
7254,2016-12-19T15:50:00,36.36
7255,2016-12-19T16:10:00,35.29
7256,2016-12-19T16:50:00,35.29
7257,2016-12-19T17:10:00,33.92
7258,2016-12-19T17:30:00,34.9
7259,2016-12-19T17:50:00,33.24
7260,2016-12-19T18:10:00,0.98
7261,2016-12-19T18:30:00,0.98
7262,2016-12-19T18:50:00,1.17
7263,2016-12-19T19:10:00,1.08
7264,2016-12-19T19:30:00,0.98
7265,2016-12-19T20:10:00,0.98
7266,2016-12-19T20:30:00,1.08
7267,2016-12-19T20:50:00,0.98
7268,2016-12-19T21:10:00,0.98
7269,2016-12-19T21:30:00,0.98
7270,2016-12-19T21:50:00,0.98
7271,2016-12-19T22:10:00,0.98
7272,2016-12-19T22:30:00,0.98
7273,2016-12-19T22:50:00,0.98
7274,2016-12-19T23:55:00,0.88
7275,2016-12-20T00:15:00,0.88
7276,2016-12-20T00:35:00,0.98
7277,2016-12-20T00:55:00,0.88
7278,2016-12-20T01:15:00,0.98
7279,2016-12-20T01:35:00,0.88
7280,2016-12-20T01:55:00,0.88
7281,2016-12-20T02:15:00,0.88
7282,2016-12-20T02:55:00,0.88
7283,2016-12-20T03:15:00,0.88
7284,2016-12-20T03:35:00,31.87
7285,2016-12-20T03:55:00,34.41
7286,2016-12-20T04:15:00,35.68
7287,2016-12-20T04:35:00,35.58
7288,2016-12-20T04:55:00,35.68
7289,2016-12-20T05:15:00,34.9
7290,2016-12-20T05:35:00,34.31
7291,2016-12-20T06:35:00,36.36
7292,2016-12-20T06:55:00,34.31
7293,2016-12-20T07:15:00,34.9
7294,2016-12-20T07:35:00,28.15
7295,2016-12-20T07:55:00,46.24
7296,2016-12-20T08:15:00,60.61
7297,2016-12-20T08:35:00,71.75
7298,2016-12-20T08:55:00,76.83
7299,2016-12-20T09:15:00,79.37
7300,2016-12-20T09:55:00,83.19
7301,2016-12-20T10:15:00,84.07
7302,2016-12-20T10:40:00,84.07
7303,2016-12-20T11:00:00,83.97
7304,2016-12-20T11:20:00,84.95
7305,2016-12-20T11:40:00,85.83
7306,2016-12-20T12:00:00,86.71
7307,2016-12-20T12:20:00,86.61
7308,2016-12-20T12:40:00,84.65
7309,2016-12-20T13:00:00,83.09
7310,2016-12-20T13:20:00,78.79
7311,2016-12-20T13:40:00,75.17
7312,2016-12-20T14:00:00,69.8
7313,2016-12-20T14:20:00,60.7
7314,2016-12-20T14:40:00,44.38
7315,2016-12-20T15:00:00,20.63
7316,2016-12-20T15:20:00,38.02
7317,2016-12-20T15:40:00,35.29
7318,2016-12-20T16:00:00,35.68
7319,2016-12-20T16:20:00,34.99
7320,2016-12-20T16:40:00,37.34
7321,2016-12-20T17:00:00,34.9
7322,2016-12-20T17:20:00,36.17
7323,2016-12-20T17:40:00,37.73
7324,2016-12-20T18:00:00,1.27
7325,2016-12-20T18:20:00,1.17
7326,2016-12-20T18:40:00,1.08
7327,2016-12-20T19:00:00,1.08
7328,2016-12-20T19:20:00,1.17
7329,2016-12-20T19:40:00,1.08
7330,2016-12-20T20:00:00,1.17
7331,2016-12-20T20:20:00,1.17
7332,2016-12-20T20:40:00,1.08
7333,2016-12-20T21:00:00,1.08
7334,2016-12-20T21:20:00,0.98
7335,2016-12-20T21:40:00,0.98
7336,2016-12-20T22:05:00,0.98
7337,2016-12-20T22:25:00,0.98
7338,2016-12-20T22:45:00,0.88
7339,2016-12-20T23:05:00,0.98
7340,2016-12-20T23:25:00,0.98
7341,2016-12-20T23:45:00,0.88
7342,2016-12-21T00:05:00,0.88
7343,2016-12-21T00:25:00,0.88
7344,2016-12-21T00:45:00,0.78
7345,2016-12-21T01:05:00,0.88
7346,2016-12-21T01:25:00,0.88
7347,2016-12-21T01:45:00,0.78
7348,2016-12-21T02:05:00,0.78
7349,2016-12-21T02:25:00,1.37
7350,2016-12-21T02:45:00,0.78
7351,2016-12-21T03:05:00,0.78
7352,2016-12-21T03:25:00,0.88
7353,2016-12-21T03:45:00,38.02
7354,2016-12-21T04:05:00,36.76
7355,2016-12-21T04:25:00,35.68
7356,2016-12-21T04:45:00,38.71
7357,2016-12-21T05:05:00,35.58
7358,2016-12-21T05:25:00,35.58
7359,2016-12-21T05:45:00,38.02
7360,2016-12-21T06:05:00,36.66
7361,2016-12-21T06:25:00,35.58
7362,2016-12-21T06:45:00,35.19
7363,2016-12-21T07:05:00,35.97
7364,2016-12-21T07:25:00,39.2
7365,2016-12-21T07:45:00,48.09
7366,2016-12-21T08:05:00,50.93
7367,2016-12-21T08:25:00,62.95
7368,2016-12-21T08:45:00,70.67
7369,2016-12-21T09:10:00,80.06
7370,2016-12-21T09:30:00,84.75
7371,2016-12-21T09:50:00,77.71
7372,2016-12-21T10:10:00,79.96
7373,2016-12-21T10:30:00,87.49
7374,2016-12-21T10:50:00,89.54
7375,2016-12-21T11:10:00,81.92
7376,2016-12-21T11:30:00,80.16
7377,2016-12-21T11:50:00,83.58
7378,2016-12-21T12:10:00,82.8
7379,2016-12-21T12:30:00,88.76
7380,2016-12-21T12:50:00,82.11
7381,2016-12-21T13:10:00,79.67
7382,2016-12-21T13:30:00,80.35
7383,2016-12-21T13:50:00,73.02
7384,2016-12-21T14:10:00,66.86
7385,2016-12-21T14:30:00,43.01
7386,2016-12-21T14:50:00,34.7
7387,2016-12-21T15:10:00,39.98
7388,2016-12-21T15:30:00,38.81
7389,2016-12-21T15:50:00,38.61
7390,2016-12-21T16:10:00,37.63
7391,2016-12-21T16:30:00,37.63
7392,2016-12-21T16:50:00,36.66
7393,2016-12-21T17:10:00,36.07
7394,2016-12-21T17:30:00,36.56
7395,2016-12-21T17:50:00,37.73
7396,2016-12-21T18:10:00,1.08
7397,2016-12-21T18:30:00,0.88
7398,2016-12-21T18:50:00,0.68
7399,2016-12-21T19:10:00,0.68
7400,2016-12-21T19:30:00,0.68
7401,2016-12-21T19:50:00,0.78
7402,2016-12-21T20:10:00,0.68
7403,2016-12-21T20:35:00,0.68
7404,2016-12-21T20:55:00,0.68
7405,2016-12-21T21:15:00,0.59
7406,2016-12-21T21:35:00,0.68
7407,2016-12-21T21:55:00,0.49
7408,2016-12-21T22:15:00,0.68
7409,2016-12-21T22:35:00,0.88
7410,2016-12-21T22:55:00,0.49
7411,2016-12-21T23:15:00,0.59
7412,2016-12-21T23:35:00,0.68
7413,2016-12-21T23:55:00,0.78
7414,2016-12-22T00:15:00,0.78
7415,2016-12-22T00:35:00,0.68
7416,2016-12-22T00:55:00,0.59
7417,2016-12-22T01:15:00,0.59
7418,2016-12-22T01:35:00,0.59
7419,2016-12-22T01:55:00,0.68
7420,2016-12-22T02:15:00,0.68
7421,2016-12-22T02:35:00,0.59
7422,2016-12-22T02:55:00,0.59
7423,2016-12-22T03:15:00,0.59
7424,2016-12-22T03:35:00,33.33
7425,2016-12-22T03:55:00,34.12
7426,2016-12-22T04:15:00,34.12
7427,2016-12-22T04:35:00,36.95
7428,2016-12-22T04:55:00,34.7
7429,2016-12-22T05:15:00,35.78
7430,2016-12-22T05:35:00,36.36
7431,2016-12-22T05:55:00,34.8
7432,2016-12-22T06:15:00,34.9
7433,2016-12-22T06:35:00,35.09
7434,2016-12-22T06:55:00,37.44
7435,2016-12-22T07:15:00,41.64
7436,2016-12-22T07:35:00,57.48
7437,2016-12-22T08:00:00,73.51
7438,2016-12-22T08:20:00,81.23
7439,2016-12-22T08:40:00,89.64
7440,2016-12-22T09:00:00,96.19
7441,2016-12-22T09:20:00,97.16
7442,2016-12-22T09:40:00,96.77
7443,2016-12-22T10:00:00,96.77
7444,2016-12-22T10:20:00,97.26
7445,2016-12-22T10:40:00,97.26
7446,2016-12-22T11:00:00,96.58
7447,2016-12-22T11:20:00,95.89
7448,2016-12-22T11:40:00,96.87
7449,2016-12-22T12:00:00,96.87
7450,2016-12-22T12:20:00,96.87
7451,2016-12-22T12:40:00,96.38
7452,2016-12-22T13:00:00,95.5
7453,2016-12-22T13:20:00,93.65
7454,2016-12-22T13:40:00,90.13
7455,2016-12-22T14:00:00,88.27
7456,2016-12-22T14:20:00,81.53
7457,2016-12-22T14:40:00,68.72
7458,2016-12-22T15:00:00,43.4
7459,2016-12-22T15:20:00,37.93
7460,2016-12-22T15:40:00,36.07
7461,2016-12-22T16:00:00,34.99
7462,2016-12-22T16:20:00,35.58
7463,2016-12-22T16:40:00,36.56
7464,2016-12-22T17:00:00,35.29
7465,2016-12-22T17:20:00,34.8
7466,2016-12-22T17:40:00,36.56
7467,2016-12-22T18:00:00,0.59
7468,2016-12-22T18:20:00,0.49
7469,2016-12-22T18:40:00,0.59
7470,2016-12-22T19:00:00,0.59
7471,2016-12-22T19:25:00,0.59
7472,2016-12-22T19:45:00,0.59
7473,2016-12-22T20:05:00,0.49
7474,2016-12-22T20:25:00,0.59
7475,2016-12-22T20:45:00,0.59
7476,2016-12-22T21:05:00,0.59
7477,2016-12-22T21:25:00,0.49
7478,2016-12-22T21:45:00,0.59
7479,2016-12-22T22:05:00,0.49
7480,2016-12-22T22:25:00,0.39
7481,2016-12-22T22:45:00,0.49
7482,2016-12-22T23:05:00,0.39
7483,2016-12-22T23:25:00,0.39
7484,2016-12-22T23:45:00,0.39
7485,2016-12-23T00:05:00,0.39
7486,2016-12-23T00:25:00,0.49
7487,2016-12-23T00:45:00,0.29
7488,2016-12-23T01:05:00,0.49
7489,2016-12-23T01:25:00,0.39
7490,2016-12-23T01:45:00,0.39
7491,2016-12-23T02:05:00,0.49
7492,2016-12-23T02:25:00,0.68
7493,2016-12-23T02:45:00,0.39
7494,2016-12-23T03:05:00,0.39
7495,2016-12-23T03:25:00,0.39
7496,2016-12-23T03:45:00,36.27
7497,2016-12-23T04:05:00,36.07
7498,2016-12-23T04:25:00,36.07
7499,2016-12-23T04:45:00,34.7
7500,2016-12-23T05:05:00,36.95
7501,2016-12-23T05:25:00,35.19
7502,2016-12-23T05:45:00,36.36
7503,2016-12-23T06:05:00,34.21
7504,2016-12-23T06:25:00,34.9
7505,2016-12-23T06:50:00,34.21
7506,2016-12-23T07:10:00,40.18
7507,2016-12-23T07:30:00,53.37
7508,2016-12-23T07:50:00,74.19
7509,2016-12-23T08:10:00,88.66
7510,2016-12-23T08:30:00,94.43
7511,2016-12-23T08:50:00,96.09
7512,2016-12-23T09:10:00,97.16
7513,2016-12-23T09:30:00,96.58
7514,2016-12-23T09:50:00,97.56
7515,2016-12-23T10:10:00,97.65
7516,2016-12-23T10:30:00,97.75
7517,2016-12-23T10:50:00,97.26
7518,2016-12-23T11:10:00,97.36
7519,2016-12-23T11:30:00,94.04
7520,2016-12-23T11:50:00,91.59
7521,2016-12-23T12:10:00,90.03
7522,2016-12-23T12:30:00,89.54
7523,2016-12-23T12:50:00,86.12
7524,2016-12-23T13:10:00,89.54
7525,2016-12-23T13:30:00,86.12
7526,2016-12-23T13:50:00,80.06
7527,2016-12-23T14:10:00,77.71
7528,2016-12-23T14:30:00,63.24
7529,2016-12-23T14:50:00,35.68
7530,2016-12-23T15:10:00,36.36
7531,2016-12-23T15:30:00,33.82
7532,2016-12-23T15:50:00,35.58
7533,2016-12-23T16:10:00,35.78
7534,2016-12-23T16:30:00,35.88
7535,2016-12-23T16:50:00,34.7
7536,2016-12-23T17:10:00,34.12
7537,2016-12-23T17:30:00,35.78
7538,2016-12-23T17:55:00,34.21
7539,2016-12-23T18:15:00,0.78
7540,2016-12-23T18:35:00,0.88
7541,2016-12-23T18:55:00,0.88
7542,2016-12-23T19:15:00,0.88
7543,2016-12-23T19:35:00,0.88
7544,2016-12-23T19:55:00,0.78
7545,2016-12-23T20:15:00,0.59
7546,2016-12-23T20:35:00,0.59
7547,2016-12-23T20:55:00,0.59
7548,2016-12-23T21:15:00,0.49
7549,2016-12-23T21:35:00,0.59
7550,2016-12-23T21:55:00,0.59
7551,2016-12-23T22:15:00,0.49
7552,2016-12-23T22:35:00,0.49
7553,2016-12-23T22:55:00,0.59
7554,2016-12-23T23:15:00,0.59
7555,2016-12-23T23:35:00,0.49
7556,2016-12-23T23:55:00,0.59
7557,2016-12-24T00:15:00,0.49
7558,2016-12-24T00:35:00,0.49
7559,2016-12-24T00:55:00,0.49
7560,2016-12-24T01:15:00,0.49
7561,2016-12-24T01:35:00,0.39
7562,2016-12-24T01:55:00,0.29
7563,2016-12-24T02:15:00,0.39
7564,2016-12-24T02:35:00,0.29
7565,2016-12-24T02:55:00,0.39
7566,2016-12-24T03:15:00,0.29
7567,2016-12-24T03:35:00,0.39
7568,2016-12-24T03:55:00,0.39
7569,2016-12-24T04:15:00,0.39
7570,2016-12-24T04:35:00,0.39
7571,2016-12-24T04:55:00,0.49
7572,2016-12-24T05:20:00,0.49
7573,2016-12-24T05:40:00,0.39
7574,2016-12-24T06:00:00,0.49
7575,2016-12-24T06:20:00,0.49
7576,2016-12-24T06:40:00,0.88
7577,2016-12-24T07:00:00,4.59
7578,2016-12-24T07:20:00,30.2
7579,2016-12-24T07:40:00,62.76
7580,2016-12-24T08:00:00,78.4
7581,2016-12-24T08:20:00,90.71
7582,2016-12-24T08:40:00,94.72
7583,2016-12-24T09:00:00,95.89
7584,2016-12-24T09:20:00,96.77
7585,2016-12-24T09:40:00,94.72
7586,2016-12-24T10:00:00,96.97
7587,2016-12-24T10:20:00,74.39
7588,2016-12-24T10:40:00,74.39
7589,2016-12-24T11:00:00,64.22
7590,2016-12-24T11:20:00,96.09
7591,2016-12-24T11:40:00,96.38
7592,2016-12-24T12:00:00,95.21
7593,2016-12-24T12:20:00,85.34
7594,2016-12-24T12:40:00,92.77
7595,2016-12-24T13:00:00,94.92
7596,2016-12-24T13:20:00,93.26
7597,2016-12-24T13:40:00,90.91
7598,2016-12-24T14:00:00,82.89
7599,2016-12-24T14:20:00,69.89
7600,2016-12-24T14:40:00,32.26
7601,2016-12-24T15:00:00,5.57
7602,2016-12-24T15:40:00,0.98
7603,2016-12-24T16:00:00,0.49
7604,2016-12-24T16:20:00,0.49
7605,2016-12-24T16:45:00,0.49
7606,2016-12-24T17:05:00,0.49
7607,2016-12-24T17:25:00,0.59
7608,2016-12-24T17:45:00,0.59
7609,2016-12-24T18:05:00,0.68
7610,2016-12-24T18:25:00,0.49
7611,2016-12-24T18:45:00,0.59
7612,2016-12-24T19:05:00,0.68
7613,2016-12-24T19:25:00,0.49
7614,2016-12-24T19:45:00,0.39
7615,2016-12-24T20:05:00,0.39
7616,2016-12-24T20:25:00,0.49
7617,2016-12-24T20:45:00,0.49
7618,2016-12-24T21:05:00,0.49
7619,2016-12-24T21:25:00,0.39
7620,2016-12-24T21:45:00,0.39
7621,2016-12-24T22:05:00,0.39
7622,2016-12-24T22:25:00,0.39
7623,2016-12-24T22:45:00,0.39
7624,2016-12-24T23:05:00,0.39
7625,2016-12-24T23:25:00,0.39
7626,2016-12-24T23:45:00,0.39
7627,2016-12-25T00:05:00,0.39
7628,2016-12-25T00:25:00,0.39
7629,2016-12-25T00:45:00,0.39
7630,2016-12-25T01:05:00,0.29
7631,2016-12-25T01:25:00,0.39
7632,2016-12-25T01:45:00,0.39
7633,2016-12-25T02:05:00,0.39
7634,2016-12-25T02:25:00,0.39
7635,2016-12-25T02:45:00,0.39
7636,2016-12-25T03:05:00,0.39
7637,2016-12-25T03:25:00,0.49
7638,2016-12-25T03:45:00,0.29
7639,2016-12-25T04:10:00,0.39
7640,2016-12-25T04:30:00,0.39
7641,2016-12-25T04:50:00,0.49
7642,2016-12-25T05:10:00,0.39
7643,2016-12-25T05:30:00,0.49
7644,2016-12-25T05:50:00,0.49
7645,2016-12-25T06:10:00,0.59
7646,2016-12-25T06:30:00,0.68
7647,2016-12-25T06:50:00,0.78
7648,2016-12-25T07:10:00,2.35
7649,2016-12-25T07:30:00,17.3
7650,2016-12-25T07:50:00,40.47
7651,2016-12-25T08:10:00,55.62
7652,2016-12-25T08:30:00,57.48
7653,2016-12-25T08:50:00,71.65
7654,2016-12-25T09:10:00,81.53
7655,2016-12-25T09:30:00,83.28
7656,2016-12-25T09:50:00,81.43
7657,2016-12-25T10:10:00,83.19
7658,2016-12-25T10:30:00,86.32
7659,2016-12-25T10:50:00,85.14
7660,2016-12-25T11:10:00,89.05
7661,2016-12-25T11:30:00,88.37
7662,2016-12-25T11:50:00,88.56
7663,2016-12-25T12:10:00,87.59
7664,2016-12-25T12:30:00,89.05
7665,2016-12-25T12:50:00,83.28
7666,2016-12-25T13:10:00,80.06
7667,2016-12-25T13:30:00,73.8
7668,2016-12-25T13:50:00,65.79
7669,2016-12-25T14:10:00,56.6
7670,2016-12-25T14:30:00,43.99
7671,2016-12-25T14:50:00,28.84
7672,2016-12-25T15:15:00,9.09
7673,2016-12-25T15:35:00,1.37
7674,2016-12-25T15:55:00,0.78
7675,2016-12-25T16:15:00,0.78
7676,2016-12-25T16:35:00,0.78
7677,2016-12-25T16:55:00,0.68
7678,2016-12-25T17:15:00,0.59
7679,2016-12-25T17:35:00,0.59
7680,2016-12-25T17:55:00,0.59
7681,2016-12-25T18:15:00,0.68
7682,2016-12-25T18:35:00,0.68
7683,2016-12-25T18:55:00,0.68
7684,2016-12-25T19:15:00,0.59
7685,2016-12-25T19:35:00,0.68
7686,2016-12-25T19:55:00,0.59
7687,2016-12-25T20:15:00,0.59
7688,2016-12-25T20:35:00,0.59
7689,2016-12-25T20:55:00,0.68
7690,2016-12-25T21:15:00,0.59
7691,2016-12-25T21:35:00,0.59
7692,2016-12-25T21:55:00,0.59
7693,2016-12-25T22:15:00,0.39
7694,2016-12-25T22:35:00,0.39
7695,2016-12-25T22:55:00,0.49
7696,2016-12-25T23:15:00,0.49
7697,2016-12-25T23:35:00,0.59
7698,2016-12-25T23:55:00,0.49
7699,2016-12-26T00:15:00,0.59
7700,2016-12-26T00:35:00,0.39
7701,2016-12-26T00:55:00,0.39
7702,2016-12-26T01:15:00,0.39
7703,2016-12-26T01:35:00,0.39
7704,2016-12-26T01:55:00,0.39
7705,2016-12-26T02:15:00,0.39
7706,2017-01-04T08:00:00,78.1
7707,2017-01-04T08:20:00,84.85
7708,2017-01-04T08:40:00,82.99
7709,2017-01-04T09:00:00,79.37
7710,2017-01-04T09:20:00,83.38
7711,2017-01-04T09:40:00,83.77
7712,2017-01-04T10:00:00,90.13
7713,2017-01-04T10:20:00,88.27
7714,2017-01-04T10:40:00,90.03
7715,2017-01-04T11:00:00,92.86
7716,2017-01-04T11:20:00,92.28
7717,2017-01-04T11:40:00,91.4
7718,2017-01-04T12:00:00,97.26
7719,2017-01-04T12:20:00,97.16
7720,2017-01-04T12:40:00,91.98
7721,2017-01-04T13:00:00,89.83
7722,2017-01-04T13:20:00,93.84
7723,2017-01-04T13:40:00,88.17
7724,2017-01-04T14:00:00,90.81
7725,2017-01-04T14:20:00,88.17
7726,2017-01-04T14:40:00,78.79
7727,2017-01-04T15:00:00,59.14
7728,2017-01-04T15:20:00,29.72
7729,2017-01-06T08:00:00,89.25
7730,2017-01-04T15:40:00,36.76
7731,2017-01-04T16:00:00,37.63
7732,2017-01-04T16:20:00,35.58
7733,2017-01-04T16:40:00,35.78
7734,2017-01-04T17:00:00,37.15
7735,2017-01-04T17:20:00,37.44
7736,2017-01-04T17:45:00,37.24
7737,2017-01-04T18:05:00,6.26
7738,2017-01-04T18:25:00,6.35
7739,2017-01-04T18:45:00,6.35
7740,2017-01-04T19:05:00,6.16
7741,2017-01-04T19:25:00,6.16
7742,2017-01-04T19:45:00,6.26
7743,2017-01-04T20:05:00,6.16
7744,2017-01-04T20:25:00,6.16
7745,2017-01-04T20:45:00,6.16
7746,2017-01-04T21:05:00,6.16
7747,2017-01-04T21:25:00,6.16
7748,2017-01-04T21:45:00,5.96
7749,2017-01-04T22:05:00,5.86
7750,2017-01-04T22:25:00,5.86
7751,2017-01-04T22:45:00,5.77
7752,2017-01-04T23:05:00,5.77
7753,2017-01-04T23:25:00,5.67
7754,2017-01-04T23:45:00,5.57
7755,2017-01-05T00:05:00,5.57
7756,2017-01-05T00:25:00,5.47
7757,2017-01-05T00:45:00,5.47
7758,2017-01-05T01:05:00,5.38
7759,2017-01-05T01:25:00,5.38
7760,2017-01-05T01:45:00,5.38
7761,2017-01-05T02:05:00,5.28
7762,2017-01-05T02:25:00,5.28
7763,2017-01-05T02:45:00,5.28
7764,2017-01-05T03:05:00,5.28
7765,2017-01-05T03:25:00,5.18
7766,2017-01-05T03:45:00,36.46
7767,2017-01-05T04:05:00,38.71
7768,2017-01-05T04:25:00,37.54
7769,2017-01-05T04:45:00,37.93
7770,2017-01-05T05:10:00,36.66
7771,2017-01-05T05:30:00,39
7772,2017-01-05T05:50:00,37.05
7773,2017-01-05T06:10:00,36.27
7774,2017-01-05T06:30:00,38.12
7775,2017-01-05T06:50:00,37.05
7776,2017-01-05T07:10:00,38.32
7777,2017-01-05T07:30:00,44.97
7778,2017-01-05T07:50:00,63.73
7779,2017-01-05T08:10:00,76.93
7780,2017-01-05T08:30:00,87.88
7781,2017-01-05T08:50:00,86.02
7782,2017-01-05T09:10:00,90.52
7783,2017-01-05T09:30:00,96.58
7784,2017-01-05T09:50:00,97.56
7785,2017-01-05T10:10:00,97.65
7786,2017-01-05T10:30:00,97.56
7787,2017-01-05T10:50:00,95.11
7788,2017-01-05T11:10:00,93.74
7789,2017-01-05T11:30:00,93.35
7790,2017-01-05T11:50:00,93.65
7791,2017-01-05T12:10:00,93.06
7792,2017-01-05T12:30:00,91.4
7793,2017-01-05T12:50:00,90.81
7794,2017-01-05T13:10:00,90.62
7795,2017-01-05T13:30:00,90.13
7796,2017-01-05T13:50:00,88.27
7797,2017-01-05T14:10:00,88.76
7798,2017-01-05T14:30:00,83.58
7799,2017-01-05T14:50:00,73.41
7800,2017-01-05T15:10:00,50.73
7801,2017-01-05T15:30:00,38.61
7802,2017-01-05T15:50:00,34.99
7803,2017-01-05T16:15:00,35.88
7804,2017-01-05T16:35:00,37.44
7805,2017-01-05T16:55:00,35.68
7806,2017-01-05T17:15:00,37.24
7807,2017-01-05T17:35:00,37.54
7808,2017-01-05T17:55:00,38.22
7809,2017-01-05T18:15:00,4.59
7810,2017-01-05T18:35:00,4.69
7811,2017-01-05T18:55:00,4.3
7812,2017-01-05T19:15:00,4.2
7813,2017-01-05T19:35:00,4.2
7814,2017-01-05T19:55:00,4.2
7815,2017-01-05T20:15:00,4.59
7816,2017-01-05T20:35:00,4.11
7817,2017-01-05T20:55:00,4.2
7818,2017-01-05T21:15:00,4.2
7819,2017-01-05T21:35:00,4.11
7820,2017-01-05T21:55:00,4.11
7821,2017-01-05T22:15:00,4.11
7822,2017-01-05T22:35:00,4.11
7823,2017-01-05T22:55:00,4.01
7824,2017-01-05T23:15:00,4.11
7825,2017-01-05T23:35:00,4.11
7826,2017-01-05T23:55:00,4.11
7827,2017-01-06T00:15:00,4.11
7828,2017-01-06T00:35:00,4.2
7829,2017-01-06T00:55:00,4.3
7830,2017-01-06T01:15:00,4.3
7831,2017-01-06T01:35:00,4.2
7832,2017-01-06T01:55:00,4.11
7833,2017-01-06T02:15:00,4.11
7834,2017-01-06T02:35:00,4.11
7835,2017-01-06T02:55:00,4.11
7836,2017-01-06T03:15:00,4.11
7837,2017-01-06T03:40:00,37.63
7838,2017-01-06T04:00:00,39.39
7839,2017-01-06T04:20:00,36.95
7840,2017-01-06T04:40:00,37.24
7841,2017-01-06T05:00:00,37.05
7842,2017-01-06T05:20:00,37.93
7843,2017-01-06T05:40:00,35.39
7844,2017-01-06T06:00:00,35.78
7845,2017-01-06T06:20:00,35.68
7846,2017-01-06T06:40:00,37.44
7847,2017-01-06T07:00:00,38.22
7848,2017-01-06T07:20:00,42.03
7849,2017-01-06T07:40:00,71.75
7850,2017-01-06T08:20:00,88.17
7851,2017-01-06T08:40:00,96.19
7852,2017-01-06T09:00:00,97.07
7853,2017-01-06T09:20:00,97.46
7854,2017-01-06T09:40:00,97.46
7855,2017-01-06T10:00:00,97.65
7856,2017-01-06T10:20:00,97.65
7857,2017-01-06T10:40:00,97.56
7858,2017-01-06T11:00:00,97.36
7859,2017-01-06T11:20:00,97.46
7860,2017-01-06T11:40:00,97.26
7861,2017-01-06T12:00:00,97.26
7862,2017-01-06T12:20:00,97.07
7863,2017-01-06T12:40:00,96.19
7864,2017-01-06T13:00:00,93.45
7865,2017-01-06T13:20:00,90.32
7866,2017-01-06T13:40:00,87.78
7867,2017-01-06T14:00:00,84.16
7868,2017-01-06T14:20:00,77.03
7869,2017-01-06T14:40:00,64.91
7870,2017-01-06T15:05:00,40.66
7871,2017-01-06T15:25:00,37.83
7872,2017-01-06T15:45:00,35.78
7873,2017-01-06T16:05:00,35.88
7874,2017-01-06T16:25:00,38.02
7875,2017-01-06T16:45:00,35.68
7876,2017-01-06T17:05:00,37.73
7877,2017-01-06T17:25:00,37.63
7878,2017-01-06T17:45:00,37.34
7879,2017-01-06T18:05:00,4.2
7880,2017-01-06T18:25:00,4.01
7881,2017-01-06T18:45:00,4.11
7882,2017-01-06T19:05:00,4.01
7883,2017-01-06T19:25:00,4.01
7884,2017-01-06T19:45:00,4.01
7885,2017-01-06T20:05:00,4.01
7886,2017-01-06T20:25:00,4.11
7887,2017-01-06T20:45:00,4.11
7888,2017-01-06T21:05:00,4.11
7889,2017-01-06T21:25:00,4.01
7890,2017-01-06T21:45:00,4.01
7891,2017-01-06T22:05:00,4.01
7892,2017-01-06T22:25:00,4.01
7893,2017-01-06T22:45:00,3.91
7894,2017-01-06T23:05:00,4.01
7895,2017-01-06T23:25:00,4.01
7896,2017-01-06T23:45:00,4.01
7897,2017-01-07T00:05:00,4.4
7898,2017-01-07T00:25:00,5.38
7899,2017-01-07T00:45:00,6.55
7900,2017-01-07T01:05:00,7.92
7901,2017-01-07T01:25:00,8.99
7902,2017-01-07T01:45:00,9.38
7903,2017-01-07T02:05:00,9.48
7904,2017-01-07T02:30:00,9.48
7905,2017-01-07T02:50:00,9.38
7906,2017-01-07T03:10:00,9.38
7907,2017-01-07T03:30:00,9.38
7908,2017-01-07T03:50:00,9.29
7909,2017-01-07T04:10:00,9.29
7910,2017-01-07T04:30:00,9.38
7911,2017-01-07T04:50:00,9.38
7912,2017-01-07T05:10:00,9.38
7913,2017-01-07T05:30:00,9.19
7914,2017-01-07T05:50:00,9.19
7915,2017-01-07T06:10:00,9.19
7916,2017-01-07T06:30:00,9.19
7917,2017-01-07T06:50:00,9.29
7918,2017-01-07T07:10:00,11.14
7919,2017-01-07T07:30:00,25.22
7920,2017-01-07T07:50:00,46.04
7921,2017-01-07T08:10:00,68.92
7922,2017-01-07T08:30:00,84.16
7923,2017-01-07T08:50:00,86.02
7924,2017-01-07T09:10:00,88.46
7925,2017-01-07T09:30:00,88.86
7926,2017-01-07T09:50:00,88.86
7927,2017-01-07T10:10:00,90.71
7928,2017-01-07T10:30:00,91.98
7929,2017-01-07T10:50:00,90.52
7930,2017-01-07T11:10:00,92.57
7931,2017-01-07T11:30:00,93.45
7932,2017-01-07T11:50:00,92.96
7933,2017-01-07T12:10:00,92.77
7934,2017-01-07T12:30:00,90.42
7935,2017-01-07T12:50:00,90.52
7936,2017-01-07T13:10:00,90.52
7937,2017-01-07T13:35:00,89.74
7938,2017-01-07T13:55:00,89.54
7939,2017-01-07T14:15:00,86.02
7940,2017-01-07T14:35:00,80.64
7941,2017-01-07T14:55:00,68.72
7942,2017-01-07T15:15:00,46.82
7943,2017-01-07T15:35:00,11.05
7944,2017-01-07T15:55:00,4.01
7945,2017-01-07T16:15:00,3.13
7946,2017-01-07T16:35:00,2.93
7947,2017-01-07T16:55:00,3.03
7948,2017-01-07T17:15:00,3.13
7949,2017-01-07T17:35:00,3.42
7950,2017-01-07T17:55:00,3.52
7951,2017-01-07T18:15:00,7.04
7952,2017-01-07T18:35:00,8.99
7953,2017-01-07T18:55:00,6.94
7954,2017-01-07T19:15:00,6.94
7955,2017-01-07T19:35:00,6.94
7956,2017-01-07T19:55:00,6.94
7957,2017-01-07T20:15:00,6.94
7958,2017-01-07T20:35:00,6.94
7959,2017-01-07T20:55:00,6.84
7960,2017-01-07T21:15:00,6.74
7961,2017-01-07T21:35:00,6.84
7962,2017-01-07T21:55:00,6.84
7963,2017-01-07T22:15:00,6.84
7964,2017-01-07T22:35:00,6.84
7965,2017-01-07T22:55:00,6.84
7966,2017-01-07T23:15:00,6.84
7967,2017-01-07T23:35:00,6.84
7968,2017-01-07T23:55:00,6.84
7969,2017-01-08T00:15:00,6.84
7970,2017-01-08T00:35:00,6.84
7971,2017-01-08T01:00:00,6.74
7972,2017-01-08T01:20:00,6.84
7973,2017-01-08T01:40:00,6.74
7974,2017-01-08T02:00:00,6.84
7975,2017-01-08T02:20:00,6.94
7976,2017-01-08T02:40:00,6.84
7977,2017-01-08T03:00:00,7.04
7978,2017-01-08T03:20:00,6.84
7979,2017-01-08T03:40:00,6.74
7980,2017-01-08T04:00:00,6.74
7981,2017-01-08T04:20:00,6.84
7982,2017-01-08T04:40:00,6.74
7983,2017-01-08T05:00:00,6.74
7984,2017-01-08T05:20:00,6.65
7985,2017-01-08T05:40:00,6.65
7986,2017-01-08T06:00:00,2.74
7987,2017-01-08T06:20:00,2.74
7988,2017-01-08T06:40:00,3.32
7989,2017-01-08T07:00:00,6.55
7990,2017-01-08T07:20:00,32.65
7991,2017-01-08T07:40:00,66.08
7992,2017-01-08T08:00:00,78.4
7993,2017-01-08T08:20:00,86.12
7994,2017-01-08T08:40:00,89.25
7995,2017-01-08T09:00:00,89.74
7996,2017-01-08T09:20:00,89.54
7997,2017-01-08T09:40:00,90.62
7998,2017-01-08T10:00:00,91.79
7999,2017-01-08T10:20:00,90.62
8000,2017-01-08T10:40:00,90.91
8001,2017-01-08T11:00:00,92.57
8002,2017-01-08T11:20:00,92.47
8003,2017-01-08T11:40:00,93.74
8004,2017-01-08T12:00:00,95.11
8005,2017-01-08T12:25:00,94.92
8006,2017-01-08T12:45:00,93.45
8007,2017-01-08T13:05:00,87.49
8008,2017-01-08T13:25:00,84.95
8009,2017-01-08T13:45:00,83.28
8010,2017-01-08T14:05:00,79.86
8011,2017-01-08T14:25:00,74.1
8012,2017-01-08T14:45:00,62.46
8013,2017-01-08T15:05:00,49.27
8014,2017-01-08T15:25:00,22.48
8015,2017-01-08T15:45:00,5.08
8016,2017-01-08T16:05:00,3.42
8017,2017-01-08T16:25:00,3.03
8018,2017-01-08T16:45:00,3.03
8019,2017-01-08T17:05:00,3.42
8020,2017-01-08T17:25:00,3.62
8021,2017-01-08T17:45:00,3.32
8022,2017-01-08T18:05:00,3.32
8023,2017-01-08T18:25:00,3.42
8024,2017-01-08T18:45:00,3.32
8025,2017-01-08T19:05:00,7.33
8026,2017-01-08T19:25:00,7.23
8027,2017-01-08T19:45:00,7.23
8028,2017-01-08T20:05:00,7.23
8029,2017-01-08T20:25:00,7.23
8030,2017-01-08T20:45:00,7.14
8031,2017-01-08T21:05:00,7.04
8032,2017-01-08T21:25:00,6.94
8033,2017-01-08T21:45:00,7.04
8034,2017-01-08T22:05:00,6.94
8035,2017-01-08T22:25:00,6.94
8036,2017-01-08T22:45:00,6.84
8037,2017-01-08T23:05:00,6.84
8038,2017-01-08T23:25:00,6.84
8039,2017-01-08T23:50:00,6.84
8040,2017-01-09T05:30:00,37.44
8041,2017-01-09T05:50:00,34.41
8042,2017-01-09T06:10:00,36.95
8043,2017-01-09T06:30:00,34.6
8044,2017-01-09T06:50:00,36.27
8045,2017-01-09T07:10:00,37.54
8046,2017-01-09T07:30:00,42.52
8047,2017-01-09T07:50:00,48.29
8048,2017-01-09T08:10:00,69.7
8049,2017-01-09T08:30:00,72.92
8050,2017-01-09T08:50:00,75.07
8051,2017-01-09T09:10:00,77.32
8052,2017-01-09T09:30:00,74.78
8053,2017-01-09T09:50:00,80.55
8054,2017-01-09T10:10:00,81.53
8055,2017-01-09T10:30:00,86.9
8056,2017-01-09T10:50:00,85.63
8057,2017-01-09T11:15:00,86.41
8058,2017-01-09T11:35:00,91.2
8059,2017-01-09T11:55:00,85.44
8060,2017-01-09T12:15:00,83.68
8061,2017-01-09T12:35:00,81.92
8062,2017-01-09T12:55:00,83.38
8063,2017-01-09T13:15:00,82.7
8064,2017-01-09T13:35:00,78.98
8065,2017-01-09T13:55:00,76.05
8066,2017-01-09T14:15:00,78.69
8067,2017-01-09T14:35:00,73.41
8068,2017-01-09T14:55:00,45.36
8069,2017-01-09T15:15:00,30.99
8070,2017-01-09T15:35:00,37.15
8071,2017-01-09T15:55:00,34.8
8072,2017-01-09T16:15:00,36.85
8073,2017-01-09T16:35:00,36.36
8074,2017-01-09T16:55:00,36.95
8075,2017-01-09T17:15:00,35.88
8076,2017-01-09T17:35:00,36.95
8077,2017-01-09T17:55:00,35.48
8078,2017-01-09T18:15:00,2.84
8079,2017-01-09T18:35:00,2.84
8080,2017-01-09T18:55:00,2.84
8081,2017-01-09T19:15:00,2.74
8082,2017-01-09T19:35:00,2.74
8083,2017-01-09T19:55:00,2.74
8084,2017-01-09T20:15:00,2.84
8085,2017-01-09T20:35:00,2.84
8086,2017-01-09T20:55:00,2.74
8087,2017-01-09T21:15:00,2.74
8088,2017-01-09T21:35:00,2.74
8089,2017-01-09T21:55:00,2.74
8090,2017-01-09T22:20:00,2.74
8091,2017-01-09T22:40:00,2.84
8092,2017-01-09T23:00:00,2.84
8093,2017-01-09T23:20:00,2.84
8094,2017-01-09T23:40:00,2.74
8095,2017-01-10T00:00:00,2.74
8096,2017-01-10T00:20:00,2.74
8097,2017-01-10T00:40:00,2.74
8098,2017-01-10T01:00:00,2.93
8099,2017-01-10T01:20:00,2.93
8100,2017-01-10T01:40:00,2.93
8101,2017-01-10T02:00:00,2.93
8102,2017-01-10T02:20:00,3.03
8103,2017-01-10T02:40:00,3.03
8104,2017-01-10T03:00:00,3.03
8105,2017-01-10T03:20:00,3.03
8106,2017-01-10T03:40:00,35.29
8107,2017-01-10T04:00:00,35.97
8108,2017-01-10T04:20:00,37.05
8109,2017-01-10T04:40:00,37.05
8110,2017-01-10T05:00:00,35.68
8111,2017-01-10T05:20:00,34.7
8112,2017-01-10T05:40:00,35.58
8113,2017-01-10T06:00:00,31.67
8114,2017-01-10T06:20:00,33.14
8115,2017-01-10T06:40:00,33.43
8116,2017-01-10T07:00:00,34.12
8117,2017-01-10T07:20:00,34.41
8118,2017-01-10T07:40:00,38.81
8119,2017-01-10T08:00:00,50.73
8120,2017-01-10T08:20:00,67.25
8121,2017-01-10T08:40:00,67.84
8122,2017-01-10T09:00:00,72.92
8123,2017-01-10T09:20:00,78.69
8124,2017-01-10T09:45:00,79.76
8125,2017-01-11T07:55:00,32.55
8126,2017-01-11T08:15:00,63.15
8127,2017-01-11T08:35:00,70.19
8128,2017-01-11T08:55:00,72.24
8129,2017-01-11T09:15:00,72.04
8130,2017-01-13T20:40:00,2.93
8131,2017-01-13T21:00:00,2.93
8132,2017-01-13T21:20:00,2.93
8133,2017-01-13T21:40:00,2.93
8134,2017-01-13T22:00:00,3.03
8135,2017-01-13T22:20:00,3.03
8136,2017-01-13T22:40:00,3.03
8137,2017-01-13T23:00:00,3.13
8138,2017-01-13T23:20:00,3.13
8139,2017-01-13T23:40:00,3.13
8140,2017-01-14T00:00:00,3.13
8141,2017-01-14T00:20:00,3.03
8142,2017-01-14T00:40:00,3.13
8143,2017-01-14T01:00:00,3.03
8144,2017-01-14T01:25:00,3.13
8145,2017-01-14T01:45:00,3.13
8146,2017-01-14T02:05:00,3.03
8147,2017-01-14T02:25:00,3.03
8148,2017-01-14T02:45:00,3.03
8149,2017-01-14T03:05:00,3.52
8150,2017-01-14T03:25:00,3.62
8151,2017-01-14T03:45:00,3.52
8152,2017-01-14T04:05:00,3.52
8153,2017-01-14T04:25:00,3.52
8154,2017-01-14T04:45:00,3.42
8155,2017-01-14T05:05:00,3.42
8156,2017-01-14T05:25:00,3.42
8157,2017-01-14T05:45:00,3.52
8158,2017-01-14T06:05:00,3.52
8159,2017-01-14T06:25:00,4.01
8160,2017-01-14T06:45:00,5.77
8161,2017-01-14T07:05:00,20.92
8162,2017-01-14T07:25:00,58.06
8163,2017-01-14T07:45:00,78.69
8164,2017-01-14T08:05:00,91.98
8165,2017-01-14T08:25:00,95.7
8166,2017-01-14T08:45:00,93.35
8167,2017-01-14T09:05:00,92.08
8168,2017-01-14T09:25:00,94.33
8169,2017-01-14T09:45:00,97.85
8170,2017-01-14T10:05:00,94.43
8171,2017-01-14T10:25:00,94.62
8172,2017-01-14T10:45:00,97.56
8173,2017-01-14T11:05:00,96.87
8174,2017-01-14T11:25:00,95.11
8175,2017-01-14T11:45:00,96.77
8176,2017-01-14T12:05:00,90.62
8177,2017-01-14T12:25:00,90.71
8178,2017-01-14T12:50:00,88.56
8179,2017-01-14T13:10:00,84.85
8180,2017-01-14T13:30:00,84.56
8181,2017-01-14T13:50:00,86.02
8182,2017-01-14T14:10:00,79.08
8183,2017-01-14T14:30:00,75.17
8184,2017-01-14T14:50:00,68.92
8185,2017-01-14T15:10:00,51.22
8186,2017-01-14T15:30:00,23.36
8187,2017-01-14T15:50:00,6.45
8188,2017-01-14T16:10:00,3.42
8189,2017-01-14T16:30:00,3.13
8190,2017-01-14T16:50:00,2.93
8191,2017-01-14T17:10:00,2.84
8192,2017-01-14T17:30:00,2.74
8193,2017-01-14T17:50:00,2.74
8194,2017-01-14T18:10:00,2.74
8195,2017-01-14T18:30:00,2.74
8196,2017-01-14T18:50:00,2.74
8197,2017-01-14T19:10:00,2.84
8198,2017-01-14T19:30:00,2.84
8199,2017-01-14T19:50:00,2.84
8200,2017-01-14T20:10:00,2.84
8201,2017-01-14T20:30:00,2.84
8202,2017-01-14T20:50:00,2.84
8203,2017-01-14T21:10:00,2.84
8204,2017-01-14T21:30:00,2.93
8205,2017-01-14T21:50:00,2.93
8206,2017-01-14T22:10:00,2.93
8207,2017-01-14T22:30:00,3.03
8208,2017-01-14T22:50:00,2.84
8209,2017-01-14T23:10:00,2.84
8210,2017-01-14T23:30:00,2.84
8211,2017-01-14T23:50:00,2.74
8212,2017-01-15T00:15:00,2.74
8213,2017-01-15T00:35:00,2.84
8214,2017-01-15T00:55:00,2.84
8215,2017-01-15T01:15:00,2.84
8216,2017-01-15T01:35:00,2.84
8217,2017-01-15T01:55:00,2.84
8218,2017-01-15T02:15:00,2.93
8219,2017-01-15T02:35:00,3.13
8220,2017-01-15T02:55:00,3.23
8221,2017-01-15T03:15:00,3.32
8222,2017-01-15T03:35:00,3.42
8223,2017-01-15T03:55:00,3.42
8224,2017-01-15T04:15:00,3.42
8225,2017-01-15T04:35:00,3.52
8226,2017-01-15T04:55:00,3.52
8227,2017-01-15T05:15:00,3.52
8228,2017-01-15T05:35:00,3.62
8229,2017-01-15T05:55:00,3.72
8230,2017-01-15T06:15:00,3.81
8231,2017-01-15T06:35:00,4.5
8232,2017-01-15T06:55:00,12.51
8233,2017-01-15T07:15:00,45.75
8234,2017-01-15T07:35:00,72.14
8235,2017-01-15T07:55:00,82.6
8236,2017-01-15T08:15:00,95.41
8237,2017-01-15T08:35:00,96.97
8238,2017-01-15T08:55:00,97.36
8239,2017-01-15T09:15:00,97.85
8240,2017-01-15T09:35:00,97.75
8241,2017-01-15T09:55:00,98.04
8242,2017-01-15T10:15:00,97.95
8243,2017-01-15T10:35:00,97.95
8244,2017-01-15T10:55:00,97.56
8245,2017-01-15T11:15:00,97.46
8246,2017-01-15T11:40:00,97.56
8247,2017-01-15T12:00:00,97.46
8248,2017-01-15T12:20:00,97.46
8249,2017-01-15T12:40:00,97.16
8250,2017-01-15T13:00:00,96.68
8251,2017-01-15T13:20:00,95.8
8252,2017-01-15T13:40:00,94.23
8253,2017-01-15T14:00:00,93.65
8254,2017-01-15T14:20:00,91.89
8255,2017-01-15T14:40:00,88.76
8256,2017-01-15T15:00:00,80.55
8257,2017-01-15T15:20:00,64.91
8258,2017-01-15T15:40:00,31.77
8259,2017-01-15T16:00:00,7.33
8260,2017-01-15T16:20:00,3.81
8261,2017-01-15T16:40:00,3.62
8262,2017-01-15T17:00:00,3.62
8263,2017-01-15T17:20:00,3.52
8264,2017-01-15T17:40:00,3.52
8265,2017-01-15T18:00:00,3.52
8266,2017-01-15T18:20:00,3.62
8267,2017-01-15T18:40:00,3.52
8268,2017-01-15T19:00:00,3.62
8269,2017-01-15T19:20:00,3.62
8270,2017-01-15T19:40:00,3.62
8271,2017-01-15T20:00:00,3.62
8272,2017-01-15T20:20:00,3.72
8273,2017-01-15T20:40:00,3.72
8274,2017-01-15T21:00:00,3.72
8275,2017-01-15T21:20:00,3.72
8276,2017-01-15T21:40:00,3.72
8277,2017-01-15T22:00:00,3.62
8278,2017-01-15T22:20:00,3.91
8279,2017-01-15T22:45:00,3.72
8280,2017-01-15T23:05:00,3.72
8281,2017-01-15T23:25:00,3.72
8282,2017-01-15T23:45:00,3.72
8283,2017-01-16T00:05:00,3.72
8284,2017-01-16T00:25:00,3.72
8285,2017-01-16T00:45:00,3.72
8286,2017-01-16T01:05:00,3.72
8287,2017-01-16T01:25:00,3.72
8288,2017-01-16T01:45:00,3.72
8289,2017-01-16T02:05:00,3.72
8290,2017-01-16T02:25:00,3.72
8291,2017-01-16T02:45:00,3.72
8292,2017-01-16T03:05:00,3.81
8293,2017-01-16T03:25:00,3.72
8294,2017-01-16T03:45:00,37.63
8295,2017-01-16T04:05:00,35.88
8296,2017-01-16T04:25:00,38.12
8297,2017-01-16T04:45:00,35.68
8298,2017-01-16T05:05:00,35.58
8299,2017-01-16T05:25:00,35.88
8300,2017-01-16T05:45:00,37.24
8301,2017-01-16T06:05:00,36.27
8302,2017-01-16T06:25:00,36.46
8303,2017-01-16T06:45:00,37.54
8304,2017-01-16T07:05:00,33.43
8305,2017-01-16T07:25:00,65.79
8306,2017-01-16T07:45:00,86.12
8307,2017-01-16T08:05:00,94.33
8308,2017-01-16T08:25:00,96.28
8309,2017-01-16T08:45:00,97.26
8310,2017-01-16T09:05:00,97.75
8311,2017-01-16T09:25:00,97.75
8312,2017-01-16T09:45:00,97.85
8313,2017-01-16T10:10:00,97.95
8314,2017-01-16T10:30:00,97.85
8315,2017-01-16T10:50:00,97.46
8316,2017-01-16T11:10:00,97.56
8317,2017-01-16T11:30:00,97.56
8318,2017-01-16T11:50:00,97.56
8319,2017-01-16T12:10:00,97.46
8320,2017-01-16T12:30:00,97.36
8321,2017-01-16T12:50:00,96.97
8322,2017-01-16T13:10:00,96.48
8323,2017-01-16T13:30:00,95.41
8324,2017-01-16T13:50:00,93.74
8325,2017-01-16T14:10:00,92.77
8326,2017-01-16T14:30:00,88.66
8327,2017-01-16T14:50:00,85.24
8328,2017-01-16T15:10:00,76.44
8329,2017-01-16T15:30:00,54.45
8330,2017-01-16T15:50:00,38.71
8331,2017-01-16T16:10:00,35.09
8332,2017-01-16T16:30:00,36.36
8333,2017-01-16T16:50:00,36.76
8334,2017-01-16T17:10:00,34.7
8335,2017-01-16T17:30:00,34.7
8336,2017-01-16T17:50:00,36.76
8337,2017-01-16T18:10:00,3.72
8338,2017-01-16T18:30:00,3.72
8339,2017-01-16T18:50:00,3.62
8340,2017-01-16T19:10:00,3.62
8341,2017-01-16T19:30:00,3.72
8342,2017-01-16T19:50:00,3.62
8343,2017-01-16T20:10:00,3.72
8344,2017-01-16T20:30:00,3.72
8345,2017-01-16T20:50:00,3.72
8346,2017-01-16T21:10:00,3.72
8347,2017-01-16T21:35:00,3.72
8348,2017-01-16T21:55:00,3.81
8349,2017-01-16T22:15:00,3.81
8350,2017-01-16T22:35:00,3.72
8351,2017-01-16T22:55:00,3.72
8352,2017-01-16T23:15:00,3.72
8353,2017-01-16T23:35:00,3.72
8354,2017-01-16T23:55:00,3.81
8355,2017-01-17T00:15:00,3.81
8356,2017-01-17T00:35:00,3.91
8357,2017-01-17T00:55:00,3.81
8358,2017-01-17T01:15:00,3.81
8359,2017-01-17T01:35:00,3.81
8360,2017-01-17T01:55:00,3.81
8361,2017-01-17T02:15:00,3.91
8362,2017-01-17T02:35:00,3.91
8363,2017-01-17T02:55:00,3.81
8364,2017-01-17T03:15:00,3.81
8365,2017-01-17T03:35:00,35.78
8366,2017-01-17T03:55:00,36.85
8367,2017-01-17T04:15:00,36.95
8368,2017-01-17T04:35:00,38.9
8369,2017-01-17T04:55:00,38.71
8370,2017-01-17T05:15:00,38.22
8371,2017-01-17T05:35:00,38.02
8372,2017-01-17T05:55:00,37.34
8373,2017-01-17T06:15:00,38.61
8374,2017-01-17T06:35:00,36.36
8375,2017-01-17T06:55:00,37.34
8376,2017-01-17T07:15:00,31.96
8377,2017-01-17T07:35:00,70.38
8378,2017-01-17T07:55:00,73.7
8379,2017-01-17T08:15:00,82.89
8380,2017-01-17T08:35:00,83.28
8381,2017-01-17T09:00:00,85.34
8382,2017-01-17T09:20:00,86.12
8383,2017-01-17T09:40:00,86.32
8384,2017-01-17T10:00:00,85.73
8385,2017-01-17T10:20:00,88.46
8386,2017-01-17T10:40:00,90.81
8387,2017-01-17T11:00:00,90.52
8388,2017-01-17T11:20:00,89.83
8389,2017-01-17T11:40:00,90.03
8390,2017-01-17T12:00:00,90.91
8391,2017-01-17T12:20:00,90.81
8392,2017-01-17T12:40:00,90.91
8393,2017-01-17T13:00:00,91.69
8394,2017-01-17T13:20:00,92.57
8395,2017-01-17T13:40:00,88.56
8396,2017-01-17T14:00:00,84.56
8397,2017-01-17T14:20:00,80.06
8398,2017-01-17T14:40:00,78.01
8399,2017-01-17T15:00:00,74.39
8400,2017-01-17T15:20:00,55.23
8401,2017-01-17T15:40:00,25.71
8402,2017-01-17T16:00:00,36.36
8403,2017-01-17T16:20:00,34.51
8404,2017-01-17T16:40:00,34.51
8405,2017-01-17T17:00:00,36.46
8406,2017-01-17T17:20:00,37.05
8407,2017-01-17T17:40:00,36.46
8408,2017-01-17T18:00:00,3.23
8409,2017-01-17T18:20:00,3.23
8410,2017-01-17T18:40:00,3.23
8411,2017-01-17T19:00:00,3.32
8412,2017-01-17T19:20:00,3.23
8413,2017-01-17T19:40:00,3.23
8414,2017-01-17T20:05:00,3.23
8415,2017-01-17T20:25:00,3.23
8416,2017-01-17T20:45:00,3.13
8417,2017-01-17T21:05:00,3.13
8418,2017-01-17T21:25:00,3.13
8419,2017-01-17T21:45:00,3.13
8420,2017-01-17T22:05:00,3.13
8421,2017-01-17T22:25:00,3.13
8422,2017-01-17T22:45:00,3.03
8423,2017-01-17T23:05:00,3.03
8424,2017-01-17T23:25:00,3.03
8425,2017-01-17T23:45:00,3.03
8426,2017-01-18T00:05:00,3.03
8427,2017-01-18T00:25:00,3.03
8428,2017-01-18T00:45:00,3.03
8429,2017-01-18T01:05:00,3.03
8430,2017-01-18T01:25:00,2.93
8431,2017-01-18T01:45:00,2.93
8432,2017-01-18T02:05:00,2.93
8433,2017-01-18T02:25:00,2.93
8434,2017-01-18T02:45:00,2.93
8435,2017-01-18T03:05:00,2.93
8436,2017-01-18T03:45:00,37.63
8437,2017-01-18T04:05:00,36.17
8438,2017-01-18T04:25:00,37.83
8439,2017-01-18T04:45:00,35.39
8440,2017-01-18T05:05:00,36.85
8441,2017-01-18T05:25:00,36.76
8442,2017-01-18T05:45:00,35.58
8443,2017-01-18T06:05:00,34.02
8444,2017-01-18T06:25:00,35.29
8445,2017-01-18T06:45:00,35.48
8446,2017-01-18T07:05:00,40.08
8447,2017-01-18T07:30:00,41.94
8448,2017-01-18T07:50:00,67.16
8449,2017-01-18T08:10:00,77.22
8450,2017-01-18T08:30:00,83.97
8451,2017-01-18T08:50:00,86.71
8452,2017-01-18T09:10:00,88.46
8453,2017-01-18T09:30:00,89.74
8454,2017-01-18T09:50:00,88.27
8455,2017-01-18T10:10:00,90.81
8456,2017-01-18T10:30:00,89.83
8457,2017-01-18T10:50:00,89.05
8458,2017-01-18T11:10:00,89.64
8459,2017-01-18T11:30:00,88.86
8460,2017-01-18T11:50:00,89.15
8461,2017-01-18T12:10:00,89.54
8462,2017-01-18T12:30:00,89.25
8463,2017-01-18T12:50:00,86.8
8464,2017-01-18T13:10:00,86.12
8465,2017-01-18T13:30:00,84.26
8466,2017-01-18T13:50:00,82.4
8467,2017-01-18T14:10:00,79.18
8468,2017-01-18T14:30:00,74.39
8469,2017-01-18T14:50:00,69.31
8470,2017-01-18T15:10:00,55.33
8471,2017-01-18T15:30:00,31.57
8472,2017-01-18T15:50:00,37.34
8473,2017-01-18T16:10:00,37.63
8474,2017-01-18T16:30:00,38.12
8475,2017-01-18T16:50:00,35.48
8476,2017-01-18T17:10:00,38.12
8477,2017-01-18T17:30:00,37.73
8478,2017-01-18T17:50:00,38.42
8479,2017-01-18T18:10:00,3.03
8480,2017-01-18T18:30:00,3.13
8481,2017-01-18T18:55:00,3.03
8482,2017-01-18T19:15:00,3.03
8483,2017-01-18T19:35:00,3.81
8484,2017-01-18T19:55:00,3.13
8485,2017-01-18T20:15:00,2.93
8486,2017-01-18T20:35:00,2.84
8487,2017-01-18T20:55:00,2.74
8488,2017-01-18T21:15:00,2.74
8489,2017-01-18T21:35:00,2.74
8490,2017-01-18T21:55:00,2.74
8491,2017-01-18T22:15:00,2.74
8492,2017-01-18T22:35:00,2.64
8493,2017-01-18T22:55:00,2.74
8494,2017-01-18T23:15:00,2.64
8495,2017-01-18T23:35:00,2.93
8496,2017-01-18T23:55:00,2.84
8497,2017-01-19T00:15:00,2.64
8498,2017-01-19T00:35:00,2.74
8499,2017-01-19T00:55:00,2.74
8500,2017-01-19T01:15:00,2.74
8501,2017-01-19T01:35:00,2.74
8502,2017-01-19T01:55:00,2.84
8503,2017-01-19T02:15:00,3.03
8504,2017-01-19T02:35:00,3.03
8505,2017-01-19T02:55:00,2.93
8506,2017-01-19T03:15:00,3.03
8507,2017-01-19T03:35:00,31.87
8508,2017-01-19T03:55:00,33.14
8509,2017-01-19T04:15:00,35.19
8510,2017-01-19T04:35:00,38.22
8511,2017-01-19T04:55:00,35.78
8512,2017-01-19T05:15:00,36.66
8513,2017-01-19T05:35:00,35.88
8514,2017-01-19T05:55:00,36.36
8515,2017-01-19T06:20:00,37.15
8516,2017-01-19T06:40:00,35.48
8517,2017-01-19T07:00:00,40.08
8518,2017-01-19T07:20:00,46.53
8519,2017-01-19T07:40:00,71.75
8520,2017-01-19T08:00:00,85.53
8521,2017-01-19T08:20:00,95.8
8522,2017-01-19T08:40:00,95.8
8523,2017-01-19T09:00:00,97.26
8524,2017-01-19T09:20:00,97.65
8525,2017-01-19T09:40:00,97.85
8526,2017-01-19T10:00:00,97.85
8527,2017-01-19T10:20:00,97.75
8528,2017-01-19T10:40:00,97.65
8529,2017-01-19T11:00:00,97.36
8530,2017-01-19T11:20:00,97.65
8531,2017-01-19T11:40:00,97.46
8532,2017-01-19T12:00:00,97.26
8533,2017-01-19T12:20:00,97.36
8534,2017-01-19T12:40:00,97.07
8535,2017-01-19T13:00:00,96.48
8536,2017-01-19T13:20:00,95.6
8537,2017-01-19T13:40:00,94.53
8538,2017-01-19T14:00:00,93.55
8539,2017-01-19T14:20:00,92.18
8540,2017-01-19T14:40:00,88.86
8541,2017-01-19T15:00:00,83.97
8542,2017-01-19T15:20:00,73.12
8543,2017-01-19T15:40:00,44.18
8544,2017-01-19T16:00:00,37.44
8545,2017-01-19T16:20:00,34.99
8546,2017-01-19T16:40:00,34.9
8547,2017-01-19T17:00:00,36.66
8548,2017-01-19T17:20:00,36.07
8549,2017-01-19T17:45:00,37.34
8550,2017-01-19T18:05:00,3.03
8551,2017-01-19T18:25:00,3.13
8552,2017-01-19T18:45:00,3.13
8553,2017-01-19T19:05:00,3.13
8554,2017-01-19T19:25:00,3.23
8555,2017-01-19T19:45:00,3.13
8556,2017-01-19T20:05:00,3.23
8557,2017-01-19T20:25:00,3.13
8558,2017-01-19T20:45:00,3.13
8559,2017-01-19T21:05:00,3.13
8560,2017-01-19T21:25:00,3.32
8561,2017-01-19T21:45:00,3.13
8562,2017-01-19T22:05:00,3.13
8563,2017-01-19T22:25:00,3.23
8564,2017-01-19T22:45:00,3.03
8565,2017-01-19T23:05:00,3.03
8566,2017-01-19T23:25:00,3.03
8567,2017-01-19T23:45:00,2.64
8568,2017-01-20T00:05:00,2.54
8569,2017-01-20T00:25:00,2.64
8570,2017-01-20T00:45:00,2.54
8571,2017-01-20T01:05:00,2.54
8572,2017-01-20T01:25:00,2.44
8573,2017-01-20T01:45:00,2.44
8574,2017-01-20T02:05:00,2.44
8575,2017-01-20T02:25:00,2.54
8576,2017-01-20T02:45:00,2.54
8577,2017-01-20T03:05:00,2.44
8578,2017-01-20T03:25:00,2.54
8579,2017-01-20T03:45:00,37.34
8580,2017-01-20T04:05:00,37.34
8581,2017-01-20T04:25:00,35.48
8582,2017-01-20T04:50:00,36.66
8583,2017-01-20T05:10:00,36.27
8584,2017-01-20T05:30:00,34.8
8585,2017-01-20T05:50:00,36.76
8586,2017-01-20T06:10:00,37.73
8587,2017-01-20T06:30:00,35.39
8588,2017-01-20T06:50:00,38.71
8589,2017-01-20T07:10:00,48.97
8590,2017-01-20T07:30:00,73.8
8591,2017-01-20T07:50:00,91.4
8592,2017-01-20T08:10:00,95.41
8593,2017-01-20T08:30:00,96.97
8594,2017-01-20T08:50:00,97.65
8595,2017-01-20T09:10:00,97.56
8596,2017-01-20T09:30:00,97.85
8597,2017-01-20T09:50:00,98.14
8598,2017-01-20T10:10:00,97.95
8599,2017-01-20T10:30:00,97.95
8600,2017-01-20T10:50:00,97.85
8601,2017-01-20T11:10:00,97.85
8602,2017-01-20T11:30:00,96.58
8603,2017-01-20T11:50:00,96.87
8604,2017-01-20T12:10:00,96.68
8605,2017-01-20T12:30:00,95.8
8606,2017-01-20T12:50:00,95.6
8607,2017-01-20T13:10:00,96.38
8608,2017-01-20T13:30:00,95.31
8609,2017-01-20T13:50:00,94.04
8610,2017-01-20T14:10:00,93.06
8611,2017-01-20T14:30:00,90.81
8612,2017-01-20T14:50:00,88.27
8613,2017-01-20T15:10:00,78.4
8614,2017-01-20T15:30:00,57.58
8615,2017-01-20T15:50:00,39.3
8616,2017-01-20T16:15:00,37.73
8617,2017-01-20T16:35:00,35.09
8618,2017-01-20T16:55:00,34.99
8619,2017-01-20T17:15:00,37.44
8620,2017-01-20T17:35:00,37.83
8621,2017-01-20T17:55:00,37.93
8622,2017-01-20T18:15:00,3.13
8623,2017-01-20T18:35:00,2.93
8624,2017-01-20T18:55:00,2.93
8625,2017-01-20T19:15:00,2.84
8626,2017-01-20T19:35:00,2.84
8627,2017-01-20T19:55:00,2.93
8628,2017-01-20T20:15:00,2.74
8629,2017-01-20T20:35:00,2.84
8630,2017-01-20T20:55:00,2.84
8631,2017-01-20T21:15:00,2.84
8632,2017-01-20T21:35:00,2.93
8633,2017-01-20T21:55:00,3.03
8634,2017-01-20T22:15:00,2.84
8635,2017-01-20T22:35:00,2.84
8636,2017-01-20T22:55:00,2.74
8637,2017-01-20T23:15:00,2.84
8638,2017-01-20T23:35:00,2.74
8639,2017-01-20T23:55:00,2.74
8640,2017-01-21T00:15:00,2.74
8641,2017-01-21T00:35:00,2.74
8642,2017-01-21T00:55:00,2.84
8643,2017-01-21T01:15:00,2.84
8644,2017-01-21T01:35:00,2.84
8645,2017-01-21T01:55:00,2.84
8646,2017-01-21T02:15:00,2.84
8647,2017-01-21T02:35:00,2.84
8648,2017-01-21T02:55:00,2.93
8649,2017-01-21T03:15:00,2.93
8650,2017-01-21T03:40:00,2.84
8651,2017-01-21T04:00:00,2.93
8652,2017-01-21T04:20:00,2.93
8653,2017-01-21T04:40:00,2.93
8654,2017-01-21T05:00:00,3.03
8655,2017-01-21T05:20:00,3.03
8656,2017-01-21T05:40:00,3.03
8657,2017-01-21T06:00:00,3.03
8658,2017-01-21T06:20:00,3.13
8659,2017-01-21T06:40:00,3.62
8660,2017-01-21T07:00:00,11.83
8661,2017-01-21T07:20:00,45.65
8662,2017-01-21T07:40:00,63.15
8663,2017-01-21T08:00:00,73.61
8664,2017-01-21T08:20:00,80.94
8665,2017-01-21T08:40:00,84.26
8666,2017-01-21T09:00:00,86.8
8667,2017-01-21T09:20:00,90.71
8668,2017-01-21T09:40:00,91.59
8669,2017-01-21T10:00:00,93.55
8670,2017-01-21T10:20:00,93.84
8671,2017-01-21T10:40:00,94.04
8672,2017-01-21T11:00:00,93.55
8673,2017-01-21T11:20:00,92.57
8674,2017-01-21T11:40:00,92.08
8675,2017-01-21T12:00:00,92.28
8676,2017-01-21T12:20:00,96.58
8677,2017-01-21T12:40:00,92.96
8678,2017-01-21T13:00:00,93.65
8679,2017-01-21T13:20:00,95.31
8680,2017-01-21T13:40:00,93.74
8681,2017-01-21T14:00:00,90.03
8682,2017-01-21T14:20:00,79.28
8683,2017-01-21T14:40:00,76.25
8684,2017-01-21T15:05:00,66.86
8685,2017-01-21T15:25:00,49.27
8686,2017-01-21T15:45:00,25.12
8687,2017-01-21T16:05:00,5.38
8688,2017-01-21T16:25:00,3.42
8689,2017-01-21T16:45:00,3.32
8690,2017-01-21T17:05:00,3.32
8691,2017-01-21T17:25:00,3.23
8692,2017-01-21T17:45:00,3.13
8693,2017-01-21T18:05:00,3.23
8694,2017-01-21T18:25:00,3.23
8695,2017-01-21T18:45:00,3.03
8696,2017-01-21T19:05:00,12.12
8697,2017-01-21T19:25:00,3.23
8698,2017-01-21T19:45:00,3.23
8699,2017-01-21T20:05:00,3.13
8700,2017-01-21T20:25:00,3.13
8701,2017-01-21T20:45:00,3.13
8702,2017-01-21T21:05:00,3.13
8703,2017-01-21T21:25:00,3.13
8704,2017-01-21T21:45:00,2.84
8705,2017-01-21T22:05:00,2.84
8706,2017-01-21T22:25:00,2.84
8707,2017-01-21T22:45:00,2.84
8708,2017-01-21T23:05:00,2.74
8709,2017-01-21T23:25:00,2.74
8710,2017-01-21T23:45:00,2.74
8711,2017-01-22T00:05:00,2.74
8712,2017-01-22T00:25:00,2.74
8713,2017-01-22T00:45:00,2.74
8714,2017-01-22T01:05:00,2.74
8715,2017-01-22T01:25:00,2.74
8716,2017-01-22T01:45:00,2.74
8717,2017-01-22T02:10:00,2.84
8718,2017-01-22T02:30:00,2.74
8719,2017-01-22T02:50:00,2.74
8720,2017-01-22T03:10:00,2.74
8721,2017-01-22T03:30:00,2.74
8722,2017-01-22T03:50:00,2.84
8723,2017-01-22T04:10:00,2.84
8724,2017-01-22T04:30:00,2.84
8725,2017-01-22T04:50:00,2.84
8726,2017-01-22T05:10:00,2.84
8727,2017-01-22T05:30:00,2.93
8728,2017-01-22T05:50:00,2.93
8729,2017-01-22T06:10:00,2.93
8730,2017-01-22T06:30:00,3.03
8731,2017-01-22T06:50:00,4.01
8732,2017-01-22T07:10:00,15.44
8733,2017-01-22T07:30:00,37.24
8734,2017-01-22T07:50:00,54.35
8735,2017-01-22T08:10:00,65.79
8736,2017-01-22T08:30:00,73.8
8737,2017-01-22T08:50:00,77.81
8738,2017-01-22T09:10:00,79.37
8739,2017-01-22T09:30:00,81.13
8740,2017-01-22T09:50:00,83.38
8741,2017-01-22T10:10:00,83.87
8742,2017-01-22T10:30:00,83.97
8743,2017-01-22T10:50:00,84.26
8744,2017-01-22T11:10:00,84.16
8745,2017-01-22T11:30:00,83.97
8746,2017-01-22T11:50:00,83.97
8747,2017-01-22T12:10:00,84.75
8748,2017-01-22T12:30:00,84.56
8749,2017-01-22T12:50:00,83.48
8750,2017-01-22T13:10:00,80.16
8751,2017-01-22T13:35:00,77.71
8752,2017-01-22T13:55:00,75.66
8753,2017-01-22T14:15:00,72.82
8754,2017-01-22T14:35:00,68.82
8755,2017-01-22T14:55:00,60.51
8756,2017-01-22T15:15:00,43.79
8757,2017-01-22T15:35:00,23.75
8758,2017-01-22T15:55:00,6.74
8759,2017-01-22T16:15:00,3.42
8760,2017-01-22T16:35:00,3.91
8761,2017-01-22T16:55:00,3.62
8762,2017-01-22T17:15:00,3.62
8763,2017-01-22T17:35:00,4.01
8764,2017-01-22T17:55:00,3.42
8765,2017-01-22T18:15:00,3.23
8766,2017-01-22T18:35:00,3.32
8767,2017-01-22T18:55:00,3.32
8768,2017-01-22T19:15:00,3.42
8769,2017-01-22T19:35:00,3.32
8770,2017-01-22T19:55:00,3.32
8771,2017-01-22T20:15:00,3.32
8772,2017-01-22T20:35:00,3.32
8773,2017-01-22T20:55:00,3.42
8774,2017-01-22T21:15:00,3.32
8775,2017-01-22T21:35:00,3.32
8776,2017-01-22T21:55:00,3.32
8777,2017-01-22T22:15:00,3.32
8778,2017-01-22T22:35:00,3.32
8779,2017-01-22T22:55:00,3.32
8780,2017-01-22T23:15:00,3.32
8781,2017-01-22T23:35:00,3.42
8782,2017-01-22T23:55:00,3.42
8783,2017-01-23T00:15:00,3.42
8784,2017-01-23T00:35:00,3.42
8785,2017-01-23T01:00:00,3.42
8786,2017-01-23T01:20:00,3.42
8787,2017-01-23T01:40:00,3.32
8788,2017-01-23T02:00:00,3.23
8789,2017-01-23T02:20:00,3.42
8790,2017-01-23T02:40:00,3.42
8791,2017-01-23T03:00:00,3.32
8792,2017-01-23T03:20:00,3.32
8793,2017-01-23T03:40:00,36.36
8794,2017-01-23T04:00:00,37.24
8795,2017-01-23T04:20:00,38.71
8796,2017-01-23T04:40:00,36.17
8797,2017-01-23T05:00:00,37.44
8798,2017-01-23T05:20:00,37.83
8799,2017-01-23T05:40:00,37.54
8800,2017-01-23T06:00:00,36.56
8801,2017-01-23T06:20:00,36.76
8802,2017-01-23T06:40:00,36.07
8803,2017-01-23T07:00:00,34.12
8804,2017-01-23T07:20:00,66.57
8805,2017-01-23T07:40:00,81.53
8806,2017-01-23T08:00:00,90.52
8807,2017-01-23T08:20:00,91.4
8808,2017-01-23T08:40:00,94.53
8809,2017-01-23T09:00:00,95.8
8810,2017-01-23T09:20:00,97.26
8811,2017-01-23T09:40:00,97.16
8812,2017-01-23T10:00:00,97.46
8813,2017-01-23T10:20:00,95.6
8814,2017-01-23T10:40:00,97.07
8815,2017-01-23T11:00:00,97.16
8816,2017-01-23T11:20:00,94.92
8817,2017-01-23T11:40:00,93.55
8818,2017-01-23T12:00:00,93.94
8819,2017-01-23T12:25:00,96.77
8820,2017-01-23T12:45:00,96.48
8821,2017-01-23T13:05:00,95.99
8822,2017-01-23T13:25:00,95.21
8823,2017-01-23T13:45:00,94.04
8824,2017-01-23T14:05:00,92.96
8825,2017-01-23T14:25:00,91.4
8826,2017-01-23T14:45:00,88.37
8827,2017-01-23T15:05:00,81.43
8828,2017-01-23T15:25:00,68.82
8829,2017-01-23T15:45:00,37.15
8830,2017-01-23T16:05:00,36.17
8831,2017-01-23T16:25:00,36.56
8832,2017-01-23T16:45:00,37.34
8833,2017-01-23T17:05:00,35.97
8834,2017-01-23T17:25:00,37.54
8835,2017-01-23T17:45:00,35.58
8836,2017-01-23T18:05:00,2.93
8837,2017-01-23T18:25:00,2.93
8838,2017-01-23T18:45:00,2.93
8839,2017-01-23T19:05:00,2.93
8840,2017-01-23T19:25:00,2.84
8841,2017-01-23T19:45:00,2.84
8842,2017-01-23T20:05:00,2.84
8843,2017-01-23T20:25:00,2.84
8844,2017-01-23T20:45:00,2.84
8845,2017-01-23T21:05:00,2.84
8846,2017-01-23T21:25:00,2.84
8847,2017-01-23T21:45:00,2.74
8848,2017-01-23T22:05:00,2.64
8849,2017-01-23T22:25:00,2.74
8850,2017-01-23T22:45:00,2.64
8851,2017-01-23T23:05:00,2.64
8852,2017-01-23T23:25:00,2.74
8853,2017-01-23T23:50:00,2.74
8854,2017-01-24T00:10:00,2.74
8855,2017-01-24T00:30:00,2.93
8856,2017-01-24T00:50:00,2.93
8857,2017-01-24T01:10:00,3.03
8858,2017-01-24T01:30:00,2.93
8859,2017-01-24T01:50:00,3.03
8860,2017-01-24T02:10:00,3.03
8861,2017-01-24T02:30:00,2.93
8862,2017-01-24T02:50:00,3.03
8863,2017-01-24T03:10:00,3.03
8864,2017-01-24T03:30:00,3.03
8865,2017-01-24T03:50:00,39.69
8866,2017-01-24T04:10:00,37.54
8867,2017-01-24T04:30:00,39.49
8868,2017-01-24T04:50:00,39.39
8869,2017-01-24T05:10:00,39.39
8870,2017-01-24T05:30:00,36.66
8871,2017-01-24T05:50:00,36.17
8872,2017-01-24T06:10:00,34.6
8873,2017-01-24T06:30:00,37.93
8874,2017-01-24T06:50:00,40.27
8875,2017-01-24T07:10:00,34.31
8876,2017-01-24T07:30:00,55.52
8877,2017-01-24T07:50:00,69.31
8878,2017-01-24T08:10:00,80.16
8879,2017-01-24T08:30:00,88.17
8880,2017-01-24T08:50:00,88.27
8881,2017-01-24T09:10:00,91.79
8882,2017-01-24T09:30:00,97.26
8883,2017-01-24T09:50:00,96.09
8884,2017-01-24T10:10:00,91.79
8885,2017-01-24T10:30:00,92.18
8886,2017-01-24T10:55:00,94.62
8887,2017-01-24T11:15:00,94.04
8888,2017-01-24T11:35:00,94.62
8889,2017-01-24T11:55:00,93.45
8890,2017-01-24T12:15:00,91.59
8891,2017-01-24T12:35:00,91.4
8892,2017-01-24T12:55:00,91.2
8893,2017-01-24T13:15:00,89.93
8894,2017-01-24T13:35:00,88.95
8895,2017-01-24T13:55:00,90.71
8896,2017-01-24T14:15:00,90.62
8897,2017-01-24T14:35:00,88.76
8898,2017-01-24T14:55:00,83.97
8899,2017-01-24T15:15:00,68.23
8900,2017-01-24T15:35:00,40.76
8901,2017-01-24T15:55:00,37.54
8902,2017-01-24T16:15:00,36.07
8903,2017-01-24T16:35:00,36.95
8904,2017-01-24T16:55:00,35.88
8905,2017-01-24T17:15:00,37.93
8906,2017-01-24T17:35:00,35.19
8907,2017-01-24T17:55:00,37.63
8908,2017-01-24T18:15:00,2.44
8909,2017-01-24T18:35:00,2.44
8910,2017-01-24T18:55:00,2.84
8911,2017-01-24T19:15:00,2.74
8912,2017-01-24T19:35:00,2.44
8913,2017-01-24T19:55:00,2.44
8914,2017-01-24T20:15:00,2.44
8915,2017-01-24T20:35:00,2.35
8916,2017-01-24T20:55:00,2.35
8917,2017-01-24T21:15:00,2.35
8918,2017-01-24T21:35:00,2.44
8919,2017-01-24T21:55:00,2.44
8920,2017-01-24T22:20:00,2.35
8921,2017-01-24T22:40:00,2.44
8922,2017-01-24T23:00:00,2.44
8923,2017-01-24T23:20:00,2.35
8924,2017-01-24T23:40:00,2.44
8925,2017-01-25T00:00:00,2.64
8926,2017-01-25T00:20:00,2.54
8927,2017-01-25T00:40:00,2.44
8928,2017-01-25T01:00:00,2.44
8929,2017-01-25T01:20:00,2.35
8930,2017-01-25T01:40:00,2.35
8931,2017-01-25T02:00:00,2.35
8932,2017-01-25T02:20:00,2.35
8933,2017-01-25T02:40:00,2.35
8934,2017-01-25T03:00:00,2.44
8935,2017-01-25T03:20:00,2.44
8936,2017-01-25T03:40:00,34.8
8937,2017-01-25T04:00:00,35.39
8938,2017-01-25T04:20:00,35.68
8939,2017-01-25T04:40:00,37.83
8940,2017-01-25T05:00:00,37.83
8941,2017-01-25T05:20:00,37.24
8942,2017-01-25T05:40:00,35.48
8943,2017-01-25T06:00:00,36.56
8944,2017-01-25T06:20:00,37.54
8945,2017-01-25T06:40:00,35.58
8946,2017-01-25T07:00:00,37.54
8947,2017-01-25T07:20:00,37.34
8948,2017-01-25T07:40:00,60.02
8949,2017-01-25T08:00:00,72.04
8950,2017-01-25T08:20:00,78.01
8951,2017-01-25T08:40:00,78.59
8952,2017-01-25T09:00:00,82.8
8953,2017-01-25T09:20:00,83.77
8954,2017-01-25T09:45:00,85.73
8955,2017-01-25T10:05:00,86.61
8956,2017-01-25T10:25:00,87.49
8957,2017-01-25T10:45:00,87.68
8958,2017-01-25T11:05:00,86.9
8959,2017-01-25T11:25:00,87.1
8960,2017-01-25T11:45:00,86.32
8961,2017-01-25T12:05:00,84.95
8962,2017-01-25T12:25:00,84.95
8963,2017-01-25T12:45:00,84.56
8964,2017-01-25T13:05:00,84.36
8965,2017-01-26T11:55:00,91.2
8966,2017-01-26T12:15:00,92.38
8967,2017-01-26T12:35:00,91.2
8968,2017-01-26T12:55:00,89.64
8969,2017-01-26T13:15:00,88.56
8970,2017-01-26T13:35:00,86.9
8971,2017-01-26T13:55:00,84.16
8972,2017-01-26T14:15:00,84.16
8973,2017-01-26T14:35:00,81.92
8974,2017-01-26T14:55:00,76.93
8975,2017-01-26T15:15:00,65.2
8976,2017-01-26T15:40:00,44.38
8977,2017-01-26T16:00:00,33.24
8978,2017-01-26T16:20:00,35.78
8979,2017-01-26T16:40:00,38.32
8980,2017-01-26T17:00:00,35.97
8981,2017-01-26T17:20:00,37.73
8982,2017-01-26T17:40:00,38.81
8983,2017-01-26T18:00:00,38.51
8984,2017-01-26T18:20:00,3.72
8985,2017-01-26T18:40:00,3.72
8986,2017-01-26T19:20:00,3.72
8987,2017-01-26T19:40:00,3.72
8988,2017-01-26T20:00:00,3.72
8989,2017-01-26T20:20:00,3.72
8990,2017-01-26T20:40:00,3.62
8991,2017-01-26T21:00:00,3.62
8992,2017-01-26T21:20:00,3.52
8993,2017-01-31T14:50:00,69.21
8994,2017-01-31T15:10:00,61.19
8995,2017-01-31T15:30:00,51.52
8996,2017-01-31T15:50:00,32.06
8997,2017-01-31T16:10:00,35.09
8998,2017-01-31T16:30:00,34.8
8999,2017-01-31T16:50:00,34.21
9000,2017-01-31T17:10:00,36.76
9001,2017-01-31T17:30:00,36.95
9002,2017-01-31T17:50:00,35.88
9003,2017-01-31T18:10:00,2.84
9004,2017-01-31T18:30:00,2.93
9005,2017-01-31T18:55:00,2.93
9006,2017-01-31T19:15:00,2.93
9007,2017-01-31T19:35:00,2.93
9008,2017-01-31T19:55:00,3.03
9009,2017-01-31T20:15:00,3.03
9010,2017-01-31T20:35:00,3.03
9011,2017-01-31T20:55:00,3.13
9012,2017-01-31T21:15:00,3.13
9013,2017-02-02T13:10:00,80.74
9014,2017-02-02T13:30:00,80.16
9015,2017-02-02T13:50:00,72.04
9016,2017-02-02T14:10:00,64.32
9017,2017-02-02T14:30:00,66.28
9018,2017-02-02T14:50:00,64.91
9019,2017-02-02T15:10:00,58.36
9020,2017-02-02T15:35:00,36.66
9021,2017-02-02T15:55:00,22.09
9022,2017-02-02T16:15:00,34.7
9023,2017-02-02T16:35:00,36.27
9024,2017-02-02T16:55:00,35.09
9025,2017-02-02T17:15:00,37.44
9026,2017-02-02T17:35:00,36.27
9027,2017-02-02T17:55:00,35.09
9028,2017-02-02T18:15:00,2.74
9029,2017-02-02T18:35:00,2.84
9030,2017-02-02T18:55:00,2.84
9031,2017-02-02T19:35:00,2.84
9032,2017-02-02T19:55:00,2.93
9033,2017-02-02T20:15:00,2.93
9034,2017-02-02T20:35:00,2.93
9035,2017-02-02T20:55:00,2.93
9036,2017-02-02T21:15:00,3.03
9037,2017-02-03T07:40:00,60.12
9038,2017-02-03T08:00:00,75.17
9039,2017-02-03T08:20:00,81.33
9040,2017-02-03T08:40:00,80.94
9041,2017-02-03T09:00:00,82.7
9042,2017-02-03T09:20:00,83.68
9043,2017-02-03T09:40:00,84.75
9044,2017-02-06T09:55:00,91.5
9045,2017-02-06T10:15:00,91.89
9046,2017-02-06T10:35:00,93.74
9047,2017-02-06T10:55:00,93.94
9048,2017-02-06T11:15:00,92.67
9049,2017-02-06T11:35:00,91.4
9050,2017-02-06T11:55:00,93.55
9051,2017-02-06T12:15:00,92.28
9052,2017-02-08T23:20:00,7.62
9053,2017-02-06T12:35:00,90.13
9054,2017-02-06T12:55:00,89.15
9055,2017-02-06T13:15:00,86.51
9056,2017-02-06T13:35:00,87
9057,2017-02-06T13:55:00,91.01
9058,2017-02-06T14:15:00,90.13
9059,2017-02-06T14:35:00,88.37
9060,2017-02-06T14:55:00,79.96
9061,2017-02-06T15:15:00,71.06
9062,2017-02-06T15:35:00,59.63
9063,2017-02-06T15:55:00,46.63
9064,2017-02-06T16:15:00,19.65
9065,2017-02-06T16:35:00,33.53
9066,2017-02-06T16:55:00,35.97
9067,2017-02-06T17:15:00,37.34
9068,2017-02-06T17:35:00,36.76
9069,2017-02-06T17:55:00,34.7
9070,2017-02-06T18:15:00,2.93
9071,2017-02-06T18:35:00,2.64
9072,2017-02-06T18:55:00,2.54
9073,2017-02-06T19:15:00,2.54
9074,2017-02-06T19:35:00,2.44
9075,2017-02-06T19:55:00,2.54
9076,2017-02-06T20:15:00,2.64
9077,2017-02-06T20:40:00,2.64
9078,2017-02-06T21:00:00,2.64
9079,2017-02-06T21:20:00,2.54
9080,2017-02-06T21:40:00,2.54
9081,2017-02-06T22:00:00,2.54
9082,2017-02-06T22:20:00,2.64
9083,2017-02-06T22:40:00,2.84
9084,2017-02-06T23:00:00,2.93
9085,2017-02-06T23:20:00,3.03
9086,2017-02-06T23:40:00,3.03
9087,2017-02-08T14:35:00,87
9088,2017-02-08T14:55:00,83.97
9089,2017-02-08T15:15:00,82.31
9090,2017-02-08T15:35:00,71.65
9091,2017-02-08T15:55:00,56.01
9092,2017-02-08T16:15:00,28.15
9093,2017-02-08T16:35:00,29.52
9094,2017-02-08T17:00:00,39
9095,2017-02-08T17:20:00,38.51
9096,2017-02-08T17:40:00,34.41
9097,2017-02-08T18:00:00,39.49
9098,2017-02-08T18:20:00,8.41
9099,2017-02-08T18:40:00,8.02
9100,2017-02-08T19:00:00,8.11
9101,2017-02-08T19:20:00,7.72
9102,2017-02-08T19:40:00,8.02
9103,2017-02-08T20:00:00,8.31
9104,2017-02-08T20:20:00,8.41
9105,2017-02-08T20:40:00,8.31
9106,2017-02-08T21:00:00,8.11
9107,2017-02-08T21:20:00,8.02
9108,2017-02-08T21:40:00,8.21
9109,2017-02-08T22:00:00,7.92
9110,2017-02-08T22:20:00,7.92
9111,2017-02-08T22:40:00,7.53
9112,2017-02-08T23:00:00,7.53
9113,2017-02-08T23:40:00,7.53
9114,2017-02-09T09:25:00,91.89
9115,2017-02-09T09:45:00,93.16
9116,2017-02-09T10:05:00,92.28
9117,2017-02-09T10:25:00,92.57
9118,2017-02-09T10:45:00,93.16
9119,2017-02-09T11:05:00,94.33
9120,2017-02-09T11:25:00,93.35
9121,2017-02-09T11:45:00,93.55
9122,2017-02-09T12:05:00,92.57
9123,2017-02-09T12:25:00,91.79
9124,2017-02-09T12:45:00,92.96
9125,2017-02-09T13:05:00,93.55
9126,2017-02-09T13:25:00,93.94
9127,2017-02-09T13:45:00,94.14
9128,2017-02-09T14:05:00,92.08
9129,2017-02-09T14:25:00,92.57
9130,2017-02-09T14:45:00,86.51
9131,2017-02-09T15:05:00,75.37
9132,2017-02-09T15:30:00,69.6
9133,2017-02-09T15:50:00,63.64
9134,2017-02-09T16:10:00,52.69
9135,2017-02-09T16:30:00,23.75
9136,2017-02-09T16:50:00,7.82
9137,2017-02-09T17:10:00,28.35
9138,2017-02-09T17:30:00,31.96
9139,2017-02-09T17:50:00,7.23
9140,2017-02-09T18:10:00,7.14
9141,2017-02-09T18:30:00,7.04
9142,2017-02-09T18:50:00,7.14
9143,2017-02-09T19:10:00,6.94
9144,2017-02-09T19:30:00,6.84
9145,2017-02-09T19:50:00,6.74
9146,2017-02-09T20:10:00,6.65
9147,2017-02-09T20:30:00,6.45
9148,2017-02-09T20:50:00,6.55
9149,2017-02-09T21:10:00,6.65
9150,2017-02-09T21:30:00,6.65
9151,2017-02-09T21:50:00,6.65
9152,2017-02-09T22:10:00,6.65
9153,2017-02-09T22:30:00,6.65
9154,2017-02-09T22:50:00,6.55
9155,2017-02-09T23:10:00,6.55
9156,2017-02-09T23:30:00,6.55
9157,2017-02-09T23:50:00,6.45
9158,2017-02-10T07:55:00,73.02
9159,2017-02-10T08:15:00,74.29
9160,2017-02-10T08:35:00,78.2
9161,2017-02-10T08:55:00,82.7
9162,2017-02-10T09:15:00,83.97
9163,2017-02-10T09:35:00,83.97
9164,2017-02-10T09:55:00,88.66
9165,2017-02-10T10:15:00,88.56
9166,2017-02-10T10:35:00,90.91
9167,2017-02-10T10:55:00,87.1
9168,2017-02-10T11:15:00,89.64
9169,2017-02-10T11:35:00,86.8
9170,2017-02-10T11:55:00,85.92
9171,2017-02-10T12:15:00,86.32
9172,2017-02-10T12:35:00,86.9
9173,2017-02-10T12:55:00,85.04
9174,2017-02-10T13:15:00,83.19
9175,2017-02-10T13:40:00,80.84
9176,2017-02-10T14:00:00,78.98
9177,2017-02-10T14:20:00,81.13
9178,2017-02-10T14:40:00,82.99
9179,2017-02-10T15:00:00,75.17
9180,2017-02-10T15:20:00,72.04
9181,2017-02-10T15:40:00,68.33
9182,2017-02-10T16:00:00,57.87
9183,2017-02-10T16:20:00,26.2
9184,2017-02-10T16:40:00,33.43
9185,2017-02-10T17:00:00,37.44
9186,2017-02-10T17:20:00,35.68
9187,2017-02-10T17:40:00,35.88
9188,2017-02-10T18:00:00,36.56
9189,2017-02-10T18:20:00,4.99
9190,2017-02-10T18:40:00,4.89
9191,2017-02-10T19:00:00,4.89
9192,2017-02-10T19:20:00,4.89
9193,2017-02-10T19:40:00,4.79
9194,2017-02-10T20:00:00,4.79
9195,2017-02-10T20:20:00,4.79
9196,2017-02-10T20:40:00,4.69
9197,2017-02-10T21:00:00,4.59
9198,2017-02-10T21:20:00,4.59
9199,2017-02-10T21:40:00,4.5
9200,2017-02-10T22:00:00,4.4
9201,2017-02-10T22:20:00,4.5
9202,2017-02-10T22:40:00,4.5
9203,2017-02-10T23:00:00,4.5
9204,2017-02-10T23:20:00,4.4
9205,2017-02-10T23:40:00,4.5
9206,2017-02-13T10:30:00,92.86
9207,2017-02-13T10:50:00,93.45
9208,2017-02-13T11:10:00,94.43
9209,2017-02-13T11:30:00,94.23
9210,2017-02-13T11:50:00,95.41
9211,2017-02-13T12:10:00,95.31
9212,2017-02-13T12:30:00,93.84
9213,2017-02-13T12:50:00,93.74
9214,2017-02-13T13:10:00,94.04
9215,2017-02-13T13:30:00,93.94
9216,2017-02-13T13:50:00,94.53
9217,2017-02-13T14:10:00,94.04
9218,2017-02-13T14:30:00,94.92
9219,2017-02-13T14:50:00,91.5
9220,2017-02-13T15:10:00,92.08
9221,2017-02-13T15:30:00,90.71
9222,2017-02-13T15:50:00,85.24
9223,2017-02-13T16:10:00,74.49
9224,2017-02-13T16:30:00,45.75
9225,2017-02-13T16:50:00,36.17
9226,2017-02-13T17:10:00,33.72
9227,2017-02-13T17:30:00,33.72
9228,2017-02-13T17:50:00,36.17
9229,2017-02-13T18:10:00,3.13
9230,2017-02-13T18:30:00,3.13
9231,2017-02-13T18:50:00,3.13
9232,2017-02-13T19:10:00,3.13
9233,2017-02-13T19:30:00,3.03
9234,2017-02-13T19:50:00,3.03
9235,2017-02-13T20:15:00,3.03
9236,2017-02-13T20:35:00,3.03
9237,2017-02-13T20:55:00,3.03
9238,2017-02-13T21:15:00,3.13
9239,2017-02-13T21:35:00,3.13
9240,2017-02-13T21:55:00,3.13
9241,2017-02-13T22:15:00,3.03
9242,2017-02-13T22:35:00,3.13
9243,2017-02-13T22:55:00,3.13
9244,2017-02-13T23:15:00,3.03
9245,2017-02-13T23:35:00,3.13
9246,2017-02-13T23:55:00,3.13
9247,2017-02-14T00:15:00,3.13
9248,2017-02-14T00:35:00,3.13
9249,2017-02-14T00:55:00,3.13
9250,2017-02-14T01:15:00,3.03
9251,2017-02-14T01:35:00,3.23
9252,2017-02-14T01:55:00,3.23
9253,2017-02-14T02:15:00,3.23
9254,2017-02-14T02:35:00,3.23
9255,2017-02-14T02:55:00,3.23
9256,2017-02-14T03:15:00,3.23
9257,2017-02-14T03:35:00,34.02
9258,2017-02-14T03:55:00,35.97
9259,2017-02-14T04:15:00,35.48
9260,2017-02-14T04:35:00,35.39
9261,2017-02-14T04:55:00,35.09
9262,2017-02-14T05:15:00,35.09
9263,2017-02-14T05:35:00,34.7
9264,2017-02-14T05:55:00,37.63
9265,2017-02-14T06:15:00,27.57
9266,2017-02-14T06:35:00,63.83
9267,2017-02-14T06:55:00,84.07
9268,2017-02-14T07:15:00,94.72
9269,2017-02-14T07:40:00,96.19
9270,2017-02-14T08:00:00,94.82
9271,2017-02-14T08:20:00,97.46
9272,2017-02-14T08:40:00,97.56
9273,2017-02-14T09:00:00,97.65
9274,2017-02-14T09:20:00,97.65
9275,2017-02-14T09:40:00,97.75
9276,2017-02-14T10:00:00,97.75
9277,2017-02-14T10:20:00,97.65
9278,2017-02-14T10:40:00,97.75
9279,2017-02-14T11:00:00,97.75
9280,2017-02-14T11:20:00,97.65
9281,2017-02-14T11:40:00,97.65
9282,2017-02-14T12:00:00,97.56
9283,2017-02-14T12:20:00,97.56
9284,2017-02-14T12:40:00,97.36
9285,2017-02-14T13:00:00,97.07
9286,2017-02-14T13:20:00,96.38
9287,2017-02-14T13:40:00,95.8
9288,2017-02-14T14:00:00,95.5
9289,2017-02-14T14:20:00,95.11
9290,2017-02-14T14:40:00,94.62
9291,2017-02-14T15:00:00,93.65
9292,2017-02-14T15:20:00,92.18
9293,2017-02-14T15:40:00,89.74
9294,2017-02-14T16:00:00,83.09
9295,2017-02-14T16:20:00,66.86
9296,2017-02-14T16:40:00,23.66
9297,2017-02-14T17:00:00,33.63
9298,2017-02-14T17:20:00,33.92
9299,2017-02-14T17:40:00,34.21
9300,2017-02-14T18:00:00,3.42
9301,2017-02-14T18:20:00,3.42
9302,2017-02-14T18:45:00,3.32
9303,2017-02-14T19:05:00,3.32
9304,2017-02-14T19:25:00,3.32
9305,2017-02-14T19:45:00,3.42
9306,2017-02-14T20:05:00,3.32
9307,2017-02-14T20:25:00,3.42
9308,2017-02-14T20:45:00,3.42
9309,2017-02-14T21:05:00,3.42
9310,2017-02-14T21:25:00,3.52
9311,2017-02-14T21:45:00,3.62
9312,2017-02-14T22:05:00,3.52
9313,2017-02-14T22:25:00,3.62
9314,2017-02-14T22:45:00,3.72
9315,2017-02-14T23:05:00,3.81
9316,2017-02-14T23:25:00,3.72
9317,2017-02-14T23:45:00,3.81
9318,2017-02-15T00:05:00,3.81
9319,2017-02-15T00:25:00,3.91
9320,2017-02-15T00:45:00,4.01
9321,2017-02-15T01:05:00,3.91
9322,2017-02-15T01:25:00,3.91
9323,2017-02-15T01:45:00,3.81
9324,2017-02-15T02:05:00,3.81
9325,2017-02-15T02:25:00,3.81
9326,2017-02-15T02:45:00,3.81
9327,2017-02-15T03:05:00,3.81
9328,2017-02-15T03:25:00,3.91
9329,2017-02-15T03:45:00,39.88
9330,2017-02-15T04:05:00,37.83
9331,2017-02-15T04:25:00,40.96
9332,2017-02-15T04:45:00,41.54
9333,2017-02-15T05:05:00,41.35
9334,2017-02-15T05:25:00,40.66
9335,2017-02-15T05:45:00,41.84
9336,2017-02-15T06:10:00,43.89
9337,2017-02-15T06:30:00,55.91
9338,2017-02-15T06:50:00,78.98
9339,2017-02-15T07:10:00,90.62
9340,2017-02-15T07:30:00,95.41
9341,2017-02-15T07:50:00,96.87
9342,2017-02-15T08:10:00,97.07
9343,2017-02-15T08:30:00,97.26
9344,2017-02-15T08:50:00,97.56
9345,2017-02-15T09:10:00,97.75
9346,2017-02-15T09:30:00,97.75
9347,2017-02-15T09:50:00,97.65
9348,2017-02-15T10:10:00,97.65
9349,2017-02-15T13:10:00,96.58
9350,2017-02-15T13:30:00,95.89
9351,2017-02-15T13:50:00,95.31
9352,2017-02-15T14:10:00,94.92
9353,2017-02-15T14:30:00,94.33
9354,2017-02-15T14:50:00,93.35
9355,2017-02-15T15:10:00,91.59
9356,2017-02-15T15:30:00,89.44
9357,2017-02-15T15:50:00,84.85
9358,2017-02-15T16:10:00,74.49
9359,2017-02-15T16:30:00,44.38
9360,2017-02-15T16:55:00,36.66
9361,2017-02-15T17:15:00,37.34
9362,2017-02-15T17:35:00,36.76
9363,2017-02-15T17:55:00,36.56
9364,2017-02-15T18:15:00,4.69
9365,2017-02-15T18:35:00,4.79
9366,2017-02-15T18:55:00,4.79
9367,2017-02-15T19:15:00,4.69
9368,2017-02-15T19:35:00,4.79
9369,2017-02-15T19:55:00,4.69
9370,2017-02-15T20:15:00,4.69
9371,2017-02-15T20:35:00,4.69
9372,2017-02-15T20:55:00,4.69
9373,2017-02-15T21:15:00,4.69
9374,2017-02-15T21:35:00,4.59
9375,2017-02-15T21:55:00,4.69
9376,2017-02-15T22:15:00,4.59
9377,2017-02-15T22:35:00,4.69
9378,2017-02-15T22:55:00,4.69
9379,2017-02-15T23:15:00,4.69
9380,2017-02-15T23:35:00,4.69
9381,2017-02-15T23:55:00,4.59
9382,2017-02-16T00:15:00,4.59
9383,2017-02-16T00:35:00,4.59
9384,2017-02-16T00:55:00,4.59
9385,2017-02-16T01:15:00,4.59
9386,2017-02-16T01:35:00,4.69
9387,2017-02-16T01:55:00,4.5
9388,2017-02-16T02:15:00,4.59
9389,2017-02-16T02:35:00,4.59
9390,2017-02-16T02:55:00,4.59
9391,2017-02-16T03:15:00,4.5
9392,2017-02-16T03:35:00,34.99
9393,2017-02-16T03:55:00,36.66
9394,2017-02-16T04:20:00,35.58
9395,2017-02-16T04:40:00,34.99
9396,2017-02-16T05:00:00,35.39
9397,2017-02-16T05:20:00,34.99
9398,2017-02-16T05:40:00,35.29
9399,2017-02-16T06:00:00,35.48
9400,2017-02-16T06:20:00,38.61
9401,2017-02-16T06:40:00,53.96
9402,2017-02-16T07:00:00,79.67
9403,2017-02-16T07:20:00,86.61
9404,2017-02-16T07:40:00,79.86
9405,2017-02-16T08:00:00,87
9406,2017-02-16T08:20:00,76.44
9407,2017-02-16T08:40:00,84.56
9408,2017-02-16T09:00:00,87.88
9409,2017-02-16T09:20:00,89.64
9410,2017-02-16T09:40:00,90.42
9411,2017-02-16T10:00:00,89.83
9412,2017-02-16T10:20:00,89.54
9413,2017-02-16T10:40:00,80.84
9414,2017-02-16T11:00:00,89.25
9415,2017-02-16T11:20:00,88.46
9416,2017-02-16T11:40:00,90.71
9417,2017-02-16T12:00:00,88.27
9418,2017-02-16T12:20:00,92.67
9419,2017-02-16T12:40:00,89.54
9420,2017-02-16T13:00:00,89.74
9421,2017-02-16T13:20:00,88.37
9422,2017-02-16T13:40:00,86.51
9423,2017-02-16T14:00:00,88.66
9424,2017-02-16T14:20:00,86.02
9425,2017-02-16T14:40:00,83.38
9426,2017-02-16T15:00:00,77.61
9427,2017-02-16T15:20:00,70.97
9428,2017-02-16T15:45:00,71.36
9429,2017-02-16T16:05:00,64.03
9430,2017-02-16T16:25:00,38.71
9431,2017-02-16T16:45:00,36.36
9432,2017-02-16T17:05:00,34.7
9433,2017-02-16T17:25:00,34.12
9434,2017-02-16T17:45:00,34.6
9435,2017-02-16T18:05:00,0.98
9436,2017-02-16T18:25:00,0.98
9437,2017-02-16T18:45:00,0.98
9438,2017-02-16T19:05:00,0.98
9439,2017-02-16T19:25:00,0.98
9440,2017-02-16T19:45:00,0.98
9441,2017-02-16T20:05:00,0.88
9442,2017-02-16T20:25:00,0.88
9443,2017-02-16T20:45:00,0.88
9444,2017-02-16T21:05:00,0.78
9445,2017-02-16T21:25:00,0.68
9446,2017-02-16T21:45:00,0.68
9447,2017-02-16T22:05:00,0.68
9448,2017-02-16T22:25:00,0.59
9449,2017-02-16T22:45:00,0.39
9450,2017-02-16T23:05:00,0.59
9451,2017-02-16T23:25:00,0.59
9452,2017-02-16T23:45:00,0.59
9453,2017-02-17T00:05:00,0.68
9454,2017-02-17T00:25:00,0.49
9455,2017-02-17T00:45:00,0.68
9456,2017-02-17T01:05:00,0.78
9457,2017-02-17T01:25:00,0.68
9458,2017-02-17T01:45:00,0.68
9459,2017-02-17T02:05:00,0.78
9460,2017-02-17T02:25:00,0.78
9461,2017-02-17T02:50:00,0.68
9462,2017-02-17T03:10:00,0.59
9463,2017-02-17T03:30:00,0.59
9464,2017-02-17T03:50:00,36.27
9465,2017-02-17T04:10:00,34.99
9466,2017-02-17T04:30:00,34.21
9467,2017-02-17T04:50:00,36.46
9468,2017-02-17T05:10:00,34.7
9469,2017-02-17T05:30:00,36.66
9470,2017-02-17T05:50:00,33.53
9471,2017-02-17T06:10:00,34.51
9472,2017-02-17T06:30:00,26.2
9473,2017-02-17T06:50:00,52.4
9474,2017-02-17T07:10:00,70.58
9475,2017-02-17T07:30:00,81.04
9476,2017-02-17T07:50:00,84.95
9477,2017-02-17T08:10:00,84.07
9478,2017-02-17T08:30:00,89.15
9479,2017-02-17T08:50:00,91.1
9480,2017-02-17T09:10:00,91.3
9481,2017-02-17T09:30:00,91.1
9482,2017-02-17T09:50:00,93.06
9483,2017-02-17T10:10:00,93.06
9484,2017-02-17T10:30:00,91.3
9485,2017-02-17T10:50:00,92.57
9486,2017-02-17T11:10:00,92.38
9487,2017-02-17T11:30:00,95.02
9488,2017-02-17T11:50:00,94.33
9489,2017-02-17T12:10:00,94.04
9490,2017-02-17T12:30:00,95.99
9491,2017-02-17T12:50:00,96.28
9492,2017-02-17T13:10:00,96.77
9493,2017-02-17T13:30:00,95.6
9494,2017-02-17T13:50:00,93.84
9495,2017-02-17T14:15:00,93.55
9496,2017-02-17T14:35:00,92.28
9497,2017-02-17T14:55:00,90.13
9498,2017-02-17T15:15:00,88.76
9499,2017-02-17T15:35:00,87.78
9500,2017-02-17T15:55:00,81.04
9501,2017-02-17T16:15:00,74.29
9502,2017-02-17T16:35:00,53.28
9503,2017-02-17T16:55:00,34.7
9504,2017-02-17T17:15:00,33.04
9505,2017-02-17T17:35:00,32.94
9506,2017-02-17T17:55:00,34.9
9507,2017-02-17T18:15:00,0.59
9508,2017-02-17T18:35:00,0.78
9509,2017-02-17T18:55:00,0.68
9510,2017-02-17T19:15:00,0.59
9511,2017-02-17T19:35:00,0.59
9512,2017-02-17T19:55:00,0.68
9513,2017-02-17T20:15:00,0.68
9514,2017-02-17T20:35:00,0.68
9515,2017-02-17T20:55:00,0.78
9516,2017-02-17T21:15:00,0.68
9517,2017-02-17T21:35:00,0.68
9518,2017-02-17T21:55:00,0.68
9519,2017-02-17T22:15:00,0.59
9520,2017-02-17T22:35:00,0.59
9521,2017-02-17T22:55:00,0.59
9522,2017-02-17T23:15:00,0.68
9523,2017-02-17T23:35:00,0.68
9524,2017-02-17T23:55:00,0.68
9525,2017-02-18T00:15:00,0.68
9526,2017-02-18T00:35:00,0.68
9527,2017-02-18T00:55:00,0.68
9528,2017-02-18T01:15:00,0.59
9529,2017-02-18T01:40:00,0.59
9530,2017-02-18T02:00:00,0.49
9531,2017-02-18T02:20:00,0.59
9532,2017-02-18T02:40:00,0.59
9533,2017-02-18T03:00:00,0.49
9534,2017-02-18T03:20:00,0.59
9535,2017-02-18T03:40:00,0.59
9536,2017-02-18T04:00:00,0.49
9537,2017-02-18T04:20:00,0.49
9538,2017-02-18T04:40:00,0.39
9539,2017-02-18T05:00:00,0.29
9540,2017-02-18T05:20:00,0.49
9541,2017-02-18T05:40:00,0.78
9542,2017-02-18T06:00:00,3.32
9543,2017-02-18T06:20:00,33.92
9544,2017-02-18T06:40:00,62.07
9545,2017-02-18T07:00:00,84.75
9546,2017-02-18T07:20:00,86.12
9547,2017-02-18T07:40:00,88.46
9548,2017-02-18T08:00:00,90.22
9549,2017-02-18T08:20:00,91.01
9550,2017-02-18T08:40:00,89.34
9551,2017-02-18T09:00:00,90.22
9552,2017-02-18T09:20:00,90.62
9553,2017-02-18T09:40:00,90.62
9554,2017-02-18T10:00:00,91.89
9555,2017-02-18T10:20:00,92.47
9556,2017-02-18T10:40:00,91.69
9557,2017-02-18T11:00:00,92.96
9558,2017-02-18T11:20:00,92.38
9559,2017-02-18T11:40:00,91.79
9560,2017-02-18T12:00:00,91.98
9561,2017-02-18T12:20:00,91.89
9562,2017-02-18T12:40:00,92.77
9563,2017-02-18T13:05:00,91.89
9564,2017-02-18T13:25:00,90.03
9565,2017-02-18T13:45:00,92.77
9566,2017-02-18T14:05:00,92.08
9567,2017-02-18T14:25:00,89.93
9568,2017-02-18T14:45:00,89.34
9569,2017-02-18T15:05:00,84.75
9570,2017-02-18T15:25:00,80.25
9571,2017-02-18T15:45:00,74.19
9572,2017-02-18T16:05:00,70.48
9573,2017-02-18T16:25:00,49.07
9574,2017-02-18T16:45:00,9.87
9575,2017-02-18T17:05:00,1.56
9576,2017-02-18T17:25:00,0.68
9577,2017-02-18T17:45:00,0.68
9578,2017-02-18T18:05:00,0.59
9579,2017-02-18T18:25:00,0.49
9580,2017-02-18T18:45:00,0.39
9581,2017-02-18T19:05:00,0.39
9582,2017-02-18T19:25:00,0.39
9583,2017-02-18T19:45:00,0.39
9584,2017-02-18T20:05:00,0.39
9585,2017-02-18T20:25:00,0.39
9586,2017-02-18T20:45:00,0.39
9587,2017-02-18T21:05:00,0.39
9588,2017-02-18T21:25:00,0.39
9589,2017-02-18T21:45:00,0.39
9590,2017-02-18T22:05:00,0.39
9591,2017-02-18T22:25:00,0.59
9592,2017-02-18T22:45:00,0.78
9593,2017-02-18T23:05:00,0.59
9594,2017-02-18T23:25:00,0.49
9595,2017-02-18T23:45:00,0.59
9596,2017-02-19T00:10:00,0.59
9597,2017-02-19T00:30:00,0.59
9598,2017-02-19T00:50:00,0.59
9599,2017-02-19T01:10:00,0.59
9600,2017-02-19T01:30:00,0.49
9601,2017-02-19T01:50:00,0.49
9602,2017-02-19T02:10:00,0.49
9603,2017-02-19T02:30:00,0.49
9604,2017-02-19T02:50:00,0.49
9605,2017-02-19T03:10:00,0.49
9606,2017-02-19T03:30:00,0.59
9607,2017-02-19T03:50:00,0.59
9608,2017-02-19T04:10:00,0.49
9609,2017-02-19T04:30:00,0.59
9610,2017-02-19T04:50:00,0.59
9611,2017-02-19T05:10:00,0.59
9612,2017-02-19T05:30:00,0.59
9613,2017-02-19T05:50:00,0.88
9614,2017-02-19T06:10:00,3.03
9615,2017-02-19T06:30:00,20.53
9616,2017-02-19T06:50:00,43.5
9617,2017-02-19T07:10:00,60.9
9618,2017-02-19T07:30:00,74.78
9619,2017-02-19T07:50:00,75.27
9620,2017-02-19T08:10:00,77.22
9621,2017-02-19T08:30:00,85.63
9622,2017-02-19T08:50:00,83.28
9623,2017-02-19T09:10:00,89.05
9624,2017-02-19T09:30:00,91.89
9625,2017-02-19T09:50:00,83.19
9626,2017-02-19T10:10:00,89.05
9627,2017-02-19T10:30:00,88.07
9628,2017-02-19T10:50:00,86.22
9629,2017-02-19T11:10:00,93.65
9630,2017-02-19T11:35:00,90.32
9631,2017-02-19T11:55:00,90.52
9632,2017-02-19T12:15:00,91.79
9633,2017-02-19T12:35:00,92.96
9634,2017-02-19T12:55:00,93.65
9635,2017-02-19T13:15:00,96.48
9636,2017-02-19T13:35:00,94.43
9637,2017-02-19T13:55:00,94.14
9638,2017-02-19T14:15:00,89.83
9639,2017-02-19T14:35:00,90.62
9640,2017-02-19T14:55:00,90.13
9641,2017-02-19T15:15:00,80.64
9642,2017-02-19T15:35:00,78.79
9643,2017-02-19T15:55:00,75.56
9644,2017-02-19T16:15:00,66.57
9645,2017-02-19T16:35:00,35.58
9646,2017-02-19T16:55:00,2.93
9647,2017-02-19T17:15:00,0.78
9648,2017-02-19T17:35:00,0.59
9649,2017-02-19T17:55:00,0.59
9650,2017-02-19T18:15:00,0.59
9651,2017-02-19T18:35:00,0.49
9652,2017-02-19T18:55:00,0.59
9653,2017-02-19T19:15:00,0.59
9654,2017-02-19T19:35:00,0.59
9655,2017-02-19T19:55:00,0.59
9656,2017-02-19T20:15:00,0.59
9657,2017-02-19T20:35:00,0.59
9658,2017-02-19T20:55:00,0.59
9659,2017-02-19T21:15:00,0.49
9660,2017-02-19T21:35:00,0.39
9661,2017-02-19T21:55:00,0.49
9662,2017-02-19T22:15:00,0.49
9663,2017-02-19T22:35:00,0.49
9664,2017-02-19T23:00:00,0.39
9665,2017-02-19T23:20:00,0.49
9666,2017-02-19T23:40:00,0.49
9667,2017-02-20T00:00:00,0.49
9668,2017-02-20T00:20:00,0.39
9669,2017-02-20T00:40:00,0.49
9670,2017-02-20T01:00:00,0.59
9671,2017-02-20T01:20:00,0.59
9672,2017-02-20T01:40:00,0.49
9673,2017-02-20T02:00:00,0.49
9674,2017-02-20T02:20:00,0.39
9675,2017-02-20T02:40:00,0.39
9676,2017-02-20T03:00:00,0.39
9677,2017-02-20T03:20:00,0.49
9678,2017-02-20T03:40:00,32.94
9679,2017-02-20T04:00:00,32.26
9680,2017-02-20T04:20:00,32.94
9681,2017-02-20T04:40:00,33.14
9682,2017-02-20T05:00:00,33.63
9683,2017-02-20T05:20:00,21.6
9684,2017-02-20T05:40:00,33.43
9685,2017-02-20T06:00:00,32.94
9686,2017-02-20T06:20:00,27.37
9687,2017-02-20T06:40:00,56.7
9688,2017-02-20T07:00:00,73.51
9689,2017-02-20T07:20:00,83.97
9690,2017-02-20T07:40:00,85.53
9691,2017-02-20T08:00:00,84.85
9692,2017-02-20T08:20:00,85.92
9693,2017-02-20T08:40:00,87.68
9694,2017-02-20T09:00:00,86.22
9695,2017-02-20T09:20:00,86.61
9696,2017-02-20T09:40:00,88.56
9697,2017-02-20T10:00:00,89.74
9698,2017-02-20T10:25:00,89.05
9699,2017-02-20T10:45:00,90.03
9700,2017-02-20T11:05:00,90.13
9701,2017-02-20T11:25:00,90.22
9702,2017-02-20T11:45:00,90.32
9703,2017-02-20T12:05:00,89.44
9704,2017-02-20T12:25:00,90.62
9705,2017-02-20T12:45:00,91.1
9706,2017-02-20T13:05:00,88.95
9707,2017-02-20T13:25:00,89.64
9708,2017-02-20T13:45:00,89.54
9709,2017-02-20T14:05:00,89.15
9710,2017-02-20T14:25:00,85.53
9711,2017-02-20T14:45:00,87.49
9712,2017-02-20T15:05:00,84.65
9713,2017-02-20T15:25:00,84.75
9714,2017-02-20T15:45:00,80.84
9715,2017-02-20T16:05:00,71.75
9716,2017-02-20T16:25:00,45.65
9717,2017-02-20T16:45:00,30.69
9718,2017-02-20T17:05:00,31.87
9719,2017-02-20T17:25:00,29.23
9720,2017-02-20T17:45:00,32.06
9721,2017-02-20T18:05:00,0.68
9722,2017-02-20T18:25:00,0.59
9723,2017-02-20T18:45:00,0.59
9724,2017-02-20T19:05:00,0.59
9725,2017-02-20T19:25:00,0.59
9726,2017-02-20T19:45:00,0.49
9727,2017-02-20T20:05:00,0.39
9728,2017-02-20T20:25:00,0.39
9729,2017-02-20T20:45:00,0.39
9730,2017-02-20T21:05:00,0.39
9731,2017-02-20T21:25:00,0.39
9732,2017-02-20T21:50:00,0.39
9733,2017-02-20T22:10:00,0.39
9734,2017-02-20T22:30:00,0.29
9735,2017-02-20T22:50:00,0.29
9736,2017-02-20T23:10:00,0.2
9737,2017-02-20T23:30:00,0.29
9738,2017-02-20T23:50:00,0.2
9739,2017-02-21T00:10:00,0.2
9740,2017-02-21T00:30:00,0.29
9741,2017-02-21T00:50:00,0.29
9742,2017-02-21T01:10:00,0.29
9743,2017-02-21T01:30:00,0.29
9744,2017-02-21T01:50:00,0.29
9745,2017-02-21T02:10:00,0.29
9746,2017-02-21T02:30:00,0.29
9747,2017-02-21T02:50:00,0.29
9748,2017-02-21T03:10:00,0.29
9749,2017-02-21T03:30:00,0.29
9750,2017-02-21T03:50:00,33.43
9751,2017-02-21T04:10:00,32.75
9752,2017-02-21T04:30:00,32.84
9753,2017-02-21T04:50:00,34.31
9754,2017-02-21T05:10:00,32.36
9755,2017-02-21T05:30:00,33.92
9756,2017-02-21T05:50:00,34.41
9757,2017-02-21T06:10:00,23.36
9758,2017-02-21T06:30:00,57.28
9759,2017-02-21T06:50:00,69.6
9760,2017-02-21T07:10:00,81.92
9761,2017-02-21T07:30:00,89.93
9762,2017-02-21T07:50:00,93.74
9763,2017-02-21T08:10:00,96.87
9764,2017-02-21T08:30:00,96.68
9765,2017-02-21T08:55:00,93.35
9766,2017-02-21T09:15:00,94.14
9767,2017-02-21T09:35:00,95.5
9768,2017-02-21T09:55:00,97.75
9769,2017-02-21T10:15:00,95.02
9770,2017-02-21T10:35:00,97.65
9771,2017-02-21T10:55:00,95.99
9772,2017-02-21T11:15:00,96.38
9773,2017-02-21T11:35:00,94.04
9774,2017-02-21T11:55:00,96.77
9775,2017-02-21T12:15:00,97.56
9776,2017-02-21T12:35:00,95.8
9777,2017-02-21T12:55:00,97.26
9778,2017-02-21T13:15:00,96.68
9779,2017-02-21T13:35:00,95.7
9780,2017-02-21T13:55:00,95.21
9781,2017-02-21T14:15:00,94.53
9782,2017-02-21T14:35:00,92.86
9783,2017-02-21T14:55:00,92.28
9784,2017-02-21T15:15:00,91.89
9785,2017-02-21T15:35:00,89.05
9786,2017-02-21T15:55:00,85.53
9787,2017-02-21T16:15:00,77.03
9788,2017-02-21T16:35:00,53.08
9789,2017-02-21T16:55:00,34.99
9790,2017-02-21T17:15:00,34.31
9791,2017-02-21T17:35:00,34.41
9792,2017-02-21T17:55:00,32.45
9793,2017-02-21T18:15:00,0.49
9794,2017-02-21T18:35:00,0.49
9795,2017-02-21T18:55:00,0.49
9796,2017-02-21T19:15:00,0.59
9797,2017-02-21T19:35:00,0.68
9798,2017-02-21T19:55:00,0.49
9799,2017-02-21T20:20:00,0.49
9800,2017-02-21T20:40:00,0.49
9801,2017-02-21T21:00:00,0.59
9802,2017-02-21T21:20:00,0.49
9803,2017-02-21T21:40:00,0.49
9804,2017-02-21T22:00:00,0.39
9805,2017-02-21T22:20:00,0.39
9806,2017-02-21T22:40:00,0.49
9807,2017-02-21T23:00:00,0.39
9808,2017-02-21T23:20:00,0.39
9809,2017-02-21T23:40:00,0.29
9810,2017-02-22T00:00:00,0.39
9811,2017-02-22T00:20:00,0.39
9812,2017-02-22T00:40:00,0.39
9813,2017-02-22T01:00:00,0.59
9814,2017-02-22T01:20:00,0.49
9815,2017-02-22T01:40:00,0.49
9816,2017-02-22T02:00:00,0.59
9817,2017-02-22T02:20:00,0.59
9818,2017-02-22T02:40:00,0.49
9819,2017-02-22T03:00:00,0.49
9820,2017-02-22T03:20:00,0.49
9821,2017-02-22T03:40:00,28.45
9822,2017-02-22T04:00:00,29.91
9823,2017-02-22T04:20:00,29.13
9824,2017-02-22T04:40:00,28.84
9825,2017-02-22T05:00:00,31.67
9826,2017-02-22T05:20:00,32.55
9827,2017-02-22T05:40:00,33.33
9828,2017-02-22T06:00:00,38.9
9829,2017-02-22T06:20:00,59.53
9830,2017-02-22T06:40:00,78.5
9831,2017-02-22T07:00:00,91.3
9832,2017-02-22T07:20:00,96.68
9833,2017-02-22T07:45:00,95.89
9834,2017-02-22T08:05:00,94.92
9835,2017-02-22T08:25:00,97.46
9836,2017-02-22T08:45:00,97.75
9837,2017-02-22T09:05:00,97.85
9838,2017-02-22T09:25:00,97.26
9839,2017-02-22T09:45:00,96.19
9840,2017-02-22T10:05:00,94.62
9841,2017-02-22T10:25:00,97.95
9842,2017-02-22T10:45:00,95.31
9843,2017-02-22T11:05:00,95.5
9844,2017-02-22T11:25:00,94.33
9845,2017-02-22T11:45:00,96.19
9846,2017-02-22T12:05:00,94.23
9847,2017-02-22T12:25:00,95.6
9848,2017-02-22T12:45:00,95.11
9849,2017-02-22T13:05:00,96.68
9850,2017-02-22T13:25:00,92.08
9851,2017-02-22T13:45:00,90.62
9852,2017-02-22T14:05:00,91.5
9853,2017-02-22T14:25:00,92.28
9854,2017-02-22T14:45:00,88.07
9855,2017-02-22T15:05:00,86.41
9856,2017-02-22T15:25:00,89.05
9857,2017-02-22T15:45:00,82.31
9858,2017-02-22T16:05:00,71.55
9859,2017-02-22T16:25:00,56.99
9860,2017-02-22T16:45:00,20.04
9861,2017-02-22T17:05:00,33.82
9862,2017-02-22T17:25:00,36.17
9863,2017-02-22T17:45:00,34.31
9864,2017-02-22T18:05:00,0.68
9865,2017-02-22T18:25:00,0.68
9866,2017-02-22T18:45:00,0.59
9867,2017-02-22T19:10:00,0.59
9868,2017-02-22T19:30:00,0.59
9869,2017-02-22T19:50:00,0.68
9870,2017-02-22T20:10:00,0.59
9871,2017-02-22T20:30:00,0.49
9872,2017-02-22T20:50:00,0.49
9873,2017-02-22T21:10:00,0.49
9874,2017-02-22T21:30:00,0.49
9875,2017-02-22T21:50:00,0.49
9876,2017-02-22T22:10:00,0.39
9877,2017-02-22T22:30:00,0.49
9878,2017-02-22T22:50:00,0.39
9879,2017-02-22T23:10:00,0.49
9880,2017-02-22T23:30:00,0.49
9881,2017-02-22T23:50:00,0.39
9882,2017-02-23T00:10:00,0.39
9883,2017-02-23T00:30:00,0.39
9884,2017-02-23T00:50:00,0.39
9885,2017-02-23T01:10:00,0.49
9886,2017-02-23T01:30:00,0.39
9887,2017-02-23T01:50:00,0.49
9888,2017-02-23T02:10:00,0.39
9889,2017-02-23T02:30:00,0.39
9890,2017-02-23T02:50:00,0.39
9891,2017-02-23T03:10:00,0.49
9892,2017-02-23T03:30:00,11.83
9893,2017-02-23T03:50:00,33.04
9894,2017-02-23T04:10:00,34.21
9895,2017-02-23T04:30:00,33.24
9896,2017-02-23T04:50:00,32.84
9897,2017-02-23T05:10:00,34.7
9898,2017-02-23T05:30:00,35.48
9899,2017-02-23T05:50:00,38.81
9900,2017-02-23T06:15:00,60.8
9901,2017-02-23T06:35:00,80.55
9902,2017-02-23T06:55:00,91.1
9903,2017-02-23T07:15:00,90.81
9904,2017-02-23T07:35:00,94.33
9905,2017-02-23T07:55:00,97.07
9906,2017-02-23T08:15:00,94.72
9907,2017-02-23T08:35:00,95.11
9908,2017-02-23T08:55:00,93.65
9909,2017-02-23T09:15:00,94.33
9910,2017-02-23T09:35:00,93.55
9911,2017-02-23T09:55:00,93.06
9912,2017-02-23T10:15:00,92.77
9913,2017-02-23T10:35:00,92.57
9914,2017-02-23T10:55:00,93.16
9915,2017-02-23T11:15:00,92.57
9916,2017-02-23T11:35:00,91.79
9917,2017-02-23T11:55:00,91.98
9918,2017-02-23T12:15:00,91.79
9919,2017-02-23T12:35:00,90.91
9920,2017-02-23T12:55:00,89.93
9921,2017-02-23T13:15:00,89.25
9922,2017-02-23T13:35:00,89.34
9923,2017-02-23T13:55:00,88.17
9924,2017-02-23T14:15:00,84.85
9925,2017-02-23T14:35:00,76.44
9926,2017-02-23T14:55:00,76.64
9927,2017-02-23T15:15:00,73.61
9928,2017-02-23T15:35:00,61.29
9929,2017-02-23T15:55:00,47.51
9930,2017-02-23T16:15:00,34.99
9931,2017-02-23T16:35:00,24.63
9932,2017-02-23T16:55:00,45.94
9933,2017-02-23T17:15:00,53.76
9934,2017-02-23T17:40:00,62.56
9935,2017-02-23T18:00:00,62.66
9936,2017-02-23T18:20:00,1.56
9937,2017-02-23T18:40:00,1.47
9938,2017-02-23T19:00:00,1.47
9939,2017-02-23T19:20:00,1.56
9940,2017-02-23T19:40:00,1.56
9941,2017-02-23T20:00:00,1.37
9942,2017-02-23T20:20:00,1.17
9943,2017-02-23T20:40:00,1.08
9944,2017-02-23T21:00:00,1.08
9945,2017-02-23T21:20:00,0.98
9946,2017-02-23T21:40:00,0.88
9947,2017-02-23T22:00:00,0.78
9948,2017-02-23T22:20:00,0.68
9949,2017-02-23T22:40:00,0.78
9950,2017-02-23T23:00:00,0.88
9951,2017-02-23T23:20:00,0.78
9952,2017-02-23T23:40:00,0.78
9953,2017-02-24T00:00:00,0.68
9954,2017-02-24T00:20:00,0.68
9955,2017-02-24T00:40:00,0.68
9956,2017-02-24T01:00:00,0.68
9957,2017-02-24T01:20:00,0.59
9958,2017-02-24T01:40:00,0.49
9959,2017-02-24T02:00:00,0.49
9960,2017-02-24T02:20:00,0.49
9961,2017-02-24T02:40:00,0.39
9962,2017-02-24T03:00:00,0.49
9963,2017-02-24T03:20:00,0.49
9964,2017-02-24T03:40:00,34.7
9965,2017-02-24T04:00:00,36.66
9966,2017-02-24T04:20:00,34.9
9967,2017-02-24T04:40:00,36.85
9968,2017-02-24T05:05:00,36.85
9969,2017-02-24T05:25:00,34.99
9970,2017-02-24T05:45:00,36.56
9971,2017-02-24T06:05:00,40.47
9972,2017-02-24T06:25:00,74
9973,2017-02-24T06:45:00,87.49
9974,2017-02-24T07:05:00,96.09
9975,2017-02-24T07:25:00,97.56
9976,2017-02-24T07:45:00,97.85
9977,2017-02-24T08:05:00,98.04
9978,2017-02-24T08:25:00,98.14
9979,2017-02-24T08:45:00,98.14
9980,2017-02-24T09:05:00,98.04
9981,2017-02-24T09:25:00,98.04
9982,2017-02-24T09:45:00,97.75
9983,2017-02-24T10:05:00,97.85
9984,2017-02-24T10:25:00,97.85
9985,2017-02-24T10:45:00,97.85
9986,2017-02-24T11:05:00,97.85
9987,2017-02-24T11:25:00,97.75
9988,2017-02-24T11:45:00,97.75
9989,2017-02-24T12:05:00,97.65
9990,2017-02-24T12:25:00,97.56
9991,2017-02-24T12:45:00,97.36
9992,2017-02-24T13:05:00,96.97
9993,2017-02-24T13:25:00,96.28
9994,2017-02-24T13:45:00,95.89
9995,2017-02-24T14:05:00,95.7
9996,2017-02-24T14:25:00,95.5
9997,2017-02-24T14:45:00,94.82
9998,2017-02-24T15:05:00,94.04
9999,2017-02-24T15:25:00,92.28
10000,2017-02-24T15:45:00,90.91
10001,2017-02-24T16:05:00,86.71
10002,2017-02-24T16:30:00,77.61
10003,2017-02-24T16:50:00,51.03
10004,2017-02-24T17:10:00,34.21
10005,2017-02-24T17:30:00,35.19
10006,2017-02-24T17:50:00,33.14
10007,2017-02-24T18:10:00,0.59
10008,2017-02-24T18:30:00,0.49
10009,2017-02-24T18:50:00,0.49
10010,2017-02-24T19:10:00,0.49
10011,2017-02-24T19:30:00,0.49
10012,2017-02-24T19:50:00,0.49
10013,2017-02-24T20:10:00,0.49
10014,2017-02-24T20:30:00,0.49
10015,2017-02-24T20:50:00,0.49
10016,2017-02-24T21:10:00,0.39
10017,2017-02-24T21:30:00,0.39
10018,2017-02-24T21:50:00,0.39
10019,2017-02-24T22:10:00,0.39
10020,2017-02-24T22:30:00,0.39
10021,2017-02-24T22:50:00,0.39
10022,2017-02-24T23:10:00,0.39
10023,2017-02-24T23:30:00,0.39
10024,2017-02-24T23:50:00,0.29
10025,2017-02-25T00:10:00,0.39
10026,2017-02-25T00:30:00,0.39
10027,2017-02-25T00:50:00,0.39
10028,2017-02-25T01:10:00,0.29
10029,2017-02-25T01:30:00,0.29
10030,2017-02-25T01:50:00,0.39
10031,2017-02-25T02:10:00,0.29
10032,2017-02-25T02:30:00,0.39
10033,2017-02-25T02:50:00,0.29
10034,2017-02-25T03:10:00,0.29
10035,2017-02-25T03:30:00,0.39
10036,2017-02-25T03:55:00,0.39
10037,2017-02-25T04:15:00,0.39
10038,2017-02-25T04:35:00,0.39
10039,2017-02-25T04:55:00,0.39
10040,2017-02-25T05:15:00,0.68
10041,2017-02-25T05:35:00,5.08
10042,2017-02-25T05:55:00,36.76
10043,2017-02-25T06:15:00,74.88
10044,2017-02-25T06:35:00,92.28
10045,2017-02-25T06:55:00,96.58
10046,2017-02-25T07:15:00,96.68
10047,2017-02-25T07:35:00,96.68
10048,2017-02-25T07:55:00,96.28
10049,2017-02-25T08:15:00,96.28
10050,2017-02-25T08:35:00,95.8
10051,2017-02-25T08:55:00,95.02
10052,2017-02-25T09:15:00,93.74
10053,2017-02-25T09:35:00,94.92
10054,2017-02-25T09:55:00,92.77
10055,2017-02-25T10:15:00,92.77
10056,2017-02-25T10:35:00,94.43
10057,2017-02-25T10:55:00,94.04
10058,2017-02-25T11:15:00,94.23
10059,2017-02-25T11:35:00,93.55
10060,2017-02-25T11:55:00,91.79
10061,2017-02-25T12:15:00,90.32
10062,2017-02-25T12:35:00,89.83
10063,2017-02-25T12:55:00,89.25
10064,2017-02-25T13:15:00,90.22
10065,2017-02-25T13:35:00,87
10066,2017-02-25T13:55:00,86.61
10067,2017-02-25T14:15:00,85.24
10068,2017-02-25T14:35:00,83.48
10069,2017-02-25T15:00:00,78.98
10070,2017-02-25T15:20:00,74.29
10071,2017-02-25T15:40:00,72.82
10072,2017-02-25T16:00:00,61.58
10073,2017-02-25T16:20:00,53.47
10074,2017-02-25T16:40:00,30.6
10075,2017-02-25T17:00:00,8.8
10076,2017-02-25T17:20:00,1.17
10077,2017-02-25T17:40:00,0.78
10078,2017-02-25T18:00:00,0.78
10079,2017-02-25T18:20:00,0.88
10080,2017-02-25T18:40:00,0.88
10081,2017-02-25T19:00:00,0.78
10082,2017-02-25T19:20:00,0.68
10083,2017-02-25T19:40:00,0.68
10084,2017-02-25T20:00:00,0.68
10085,2017-02-25T20:20:00,0.68
10086,2017-02-25T20:40:00,0.68
10087,2017-02-25T21:00:00,0.68
10088,2017-02-25T21:20:00,0.59
10089,2017-02-25T21:40:00,0.59
10090,2017-02-25T22:00:00,0.59
10091,2017-02-25T22:20:00,0.49
10092,2017-02-25T22:40:00,0.49
10093,2017-02-25T23:00:00,0.49
10094,2017-02-25T23:20:00,0.49
10095,2017-02-25T23:40:00,0.49
10096,2017-02-26T00:00:00,0.49
10097,2017-02-26T00:20:00,0.49
10098,2017-02-26T00:40:00,0.49
10099,2017-02-26T01:00:00,0.49
10100,2017-02-26T01:20:00,0.49
10101,2017-02-26T01:40:00,0.49
10102,2017-02-26T02:00:00,0.49
10103,2017-02-26T02:25:00,0.49
10104,2017-02-26T02:45:00,0.59
10105,2017-02-26T03:05:00,0.49
10106,2017-02-26T03:25:00,0.49
10107,2017-02-26T03:45:00,0.49
10108,2017-02-26T04:05:00,0.49
10109,2017-02-26T04:25:00,0.59
10110,2017-02-26T04:45:00,0.59
10111,2017-02-26T05:05:00,0.68
10112,2017-02-26T05:25:00,0.78
10113,2017-02-26T05:45:00,2.74
10114,2017-02-26T06:05:00,24.73
10115,2017-02-26T06:25:00,56.3
10116,2017-02-26T06:45:00,73.51
10117,2017-02-26T07:05:00,85.24
10118,2017-02-26T07:25:00,86.22
10119,2017-02-26T07:45:00,91.1
10120,2017-02-26T08:05:00,96.38
10121,2017-02-26T08:25:00,89.25
10122,2017-02-26T08:45:00,91.3
10123,2017-02-26T09:05:00,91.59
10124,2017-02-26T09:25:00,89.74
10125,2017-02-26T09:45:00,91.1
10126,2017-02-26T10:05:00,94.82
10127,2017-02-26T10:25:00,93.74
10128,2017-02-26T10:45:00,94.04
10129,2017-02-26T11:05:00,93.16
10130,2017-02-26T11:25:00,93.06
10131,2017-02-26T11:45:00,94.23
10132,2017-02-26T12:05:00,92.67
10133,2017-02-26T12:25:00,92.38
10134,2017-02-26T12:45:00,93.45
10135,2017-02-26T13:05:00,92.08
10136,2017-02-26T13:25:00,91.5
10137,2017-02-26T13:50:00,92.96
10138,2017-02-26T14:10:00,89.93
10139,2017-02-26T14:30:00,87.39
10140,2017-02-26T14:50:00,86.22
10141,2017-02-26T15:10:00,88.95
10142,2017-02-26T15:30:00,87.68
10143,2017-02-26T15:50:00,80.64
10144,2017-02-26T16:10:00,73.22
10145,2017-02-26T16:30:00,55.91
10146,2017-02-26T16:50:00,25.71
10147,2017-02-26T17:10:00,4.69
10148,2017-02-26T17:30:00,0.88
10149,2017-02-26T17:50:00,0.68
10150,2017-02-26T18:10:00,0.68
10151,2017-02-26T18:30:00,0.78
10152,2017-02-26T18:50:00,0.78
10153,2017-02-26T19:10:00,0.68
10154,2017-02-26T19:30:00,0.68
10155,2017-02-26T19:50:00,0.68
10156,2017-02-26T20:10:00,0.68
10157,2017-02-26T20:30:00,0.59
10158,2017-02-26T20:50:00,0.59
10159,2017-02-26T21:10:00,0.59
10160,2017-02-26T21:30:00,0.59
10161,2017-02-26T21:50:00,0.68
10162,2017-02-26T22:10:00,0.68
10163,2017-02-26T22:30:00,0.49
10164,2017-02-26T22:50:00,0.59
10165,2017-02-26T23:10:00,0.59
10166,2017-02-26T23:30:00,0.49
10167,2017-02-26T23:50:00,0.49
10168,2017-02-27T00:10:00,0.49
10169,2017-02-27T00:30:00,0.49
10170,2017-02-27T00:50:00,0.49
10171,2017-02-27T01:15:00,0.39
10172,2017-02-27T01:35:00,0.39
10173,2017-02-27T01:55:00,0.39
10174,2017-02-27T02:15:00,0.39
10175,2017-02-27T02:35:00,0.49
10176,2017-02-27T02:55:00,0.49
10177,2017-02-27T03:15:00,0.49
10178,2017-02-27T03:35:00,27.08
10179,2017-02-27T03:55:00,30.79
10180,2017-02-27T04:15:00,31.67
10181,2017-02-27T04:35:00,29.42
10182,2017-02-27T04:55:00,29.81
10183,2017-02-27T05:15:00,30.89
10184,2017-02-27T05:35:00,32.55
10185,2017-02-27T05:55:00,36.07
10186,2017-02-27T06:15:00,33.14
10187,2017-02-27T06:35:00,51.42
10188,2017-02-27T06:55:00,69.7
10189,2017-02-27T07:15:00,76.15
10190,2017-02-27T07:35:00,86.32
10191,2017-02-27T07:55:00,87.39
10192,2017-02-27T08:15:00,89.15
10193,2017-02-27T08:35:00,83.38
10194,2017-02-27T08:55:00,89.74
10195,2017-02-27T09:15:00,88.46
10196,2017-02-27T09:35:00,91.79
10197,2017-02-27T09:55:00,90.71
10198,2017-02-27T10:15:00,91.5
10199,2017-02-27T10:35:00,91.59
10200,2017-02-27T10:55:00,88.76
10201,2017-02-27T11:15:00,92.47
10202,2017-02-27T11:35:00,90.42
10203,2017-02-27T11:55:00,95.6
10204,2017-02-27T12:20:00,92.67
10205,2017-02-27T12:40:00,88.95
10206,2017-02-27T13:00:00,90.52
10207,2017-02-27T13:20:00,90.91
10208,2017-02-27T13:40:00,91.01
10209,2017-02-27T14:00:00,85.63
10210,2017-02-27T14:20:00,87.2
10211,2017-02-27T14:40:00,86.71
10212,2017-02-27T15:00:00,82.31
10213,2017-02-27T15:20:00,78.3
10214,2017-02-27T15:40:00,81.43
10215,2017-02-27T16:00:00,69.5
10216,2017-02-27T16:20:00,60.61
10217,2017-02-27T16:40:00,41.15
10218,2017-02-27T17:00:00,35.68
10219,2017-02-27T17:20:00,33.72
10220,2017-02-27T17:40:00,34.02
10221,2017-02-27T18:00:00,1.17
10222,2017-02-27T18:20:00,0.49
10223,2017-02-27T18:40:00,0.49
10224,2017-02-27T19:00:00,0.49
10225,2017-02-27T19:20:00,0.59
10226,2017-02-27T19:40:00,0.49
10227,2017-02-27T20:00:00,0.49
10228,2017-02-27T20:20:00,0.49
10229,2017-02-27T20:40:00,0.49
10230,2017-02-27T21:00:00,0.39
10231,2017-02-27T21:20:00,0.39
10232,2017-02-27T21:40:00,0.39
10233,2017-02-27T22:00:00,0.39
10234,2017-02-27T22:20:00,0.39
10235,2017-02-27T22:40:00,0.39
10236,2017-02-27T23:00:00,0.39
10237,2017-02-27T23:20:00,0.39
10238,2017-02-27T23:45:00,0.29
10239,2017-02-28T00:05:00,0.39
10240,2017-02-28T00:25:00,0.29
10241,2017-02-28T00:45:00,0.39
10242,2017-02-28T01:05:00,0.29
10243,2017-02-28T01:25:00,0.29
10244,2017-02-28T01:45:00,0.29
10245,2017-02-28T02:05:00,0.29
10246,2017-02-28T02:25:00,0.29
10247,2017-02-28T02:45:00,0.39
10248,2017-02-28T03:05:00,0.29
10249,2017-02-28T03:25:00,0.29
10250,2017-02-28T03:45:00,34.21
10251,2017-02-28T04:05:00,35.68
10252,2017-02-28T04:25:00,35.39
10253,2017-02-28T04:45:00,34.6
10254,2017-02-28T05:05:00,32.94
10255,2017-02-28T05:25:00,30.79
10256,2017-02-28T05:45:00,36.07
10257,2017-02-28T06:05:00,43.01
10258,2017-02-28T06:25:00,77.42
10259,2017-02-28T06:45:00,69.6
10260,2017-02-28T07:05:00,79.67
10261,2017-02-28T07:25:00,90.91
10262,2017-02-28T07:45:00,92.77
10263,2017-02-28T08:05:00,93.65
10264,2017-02-28T08:25:00,94.62
10265,2017-02-28T08:45:00,97.56
10266,2017-02-28T09:05:00,98.04
10267,2017-02-28T09:25:00,94.04
10268,2017-02-28T09:45:00,94.53
10269,2017-02-28T10:05:00,95.02
10270,2017-02-28T10:25:00,95.6
10271,2017-02-28T10:45:00,94.23
10272,2017-02-28T11:10:00,94.23
10273,2017-02-28T11:30:00,96.28
10274,2017-02-28T11:50:00,95.99
10275,2017-02-28T12:10:00,97.36
10276,2017-02-28T12:30:00,90.81
10277,2017-02-28T12:50:00,92.47
10278,2017-02-28T13:10:00,95.31
10279,2017-02-28T13:30:00,96.38
10280,2017-02-28T13:50:00,95.8
10281,2017-02-28T14:10:00,93.94
10282,2017-02-28T14:30:00,92.28
10283,2017-02-28T14:50:00,94.53
10284,2017-02-28T15:10:00,90.13
10285,2017-02-28T15:30:00,86.71
10286,2017-02-28T15:50:00,88.46
10287,2017-02-28T16:10:00,81.23
10288,2017-02-28T16:30:00,73.22
10289,2017-02-28T16:50:00,48.39
10290,2017-02-28T17:10:00,37.73
10291,2017-02-28T17:30:00,35.68
10292,2017-02-28T17:50:00,33.92
10293,2017-02-28T18:10:00,0.49
10294,2017-02-28T18:30:00,0.39
10295,2017-02-28T18:50:00,0.49
10296,2017-02-28T19:10:00,0.49
10297,2017-02-28T19:30:00,0.49
10298,2017-02-28T19:50:00,0.39
10299,2017-02-28T20:10:00,0.49
10300,2017-02-28T20:30:00,0.39
10301,2017-02-28T20:50:00,0.39
10302,2017-02-28T21:10:00,0.29
10303,2017-02-28T21:30:00,0.39
10304,2017-02-28T21:50:00,0.29
10305,2017-02-28T22:10:00,0.29
10306,2017-02-28T22:35:00,0.39
10307,2017-02-28T22:55:00,0.29
10308,2017-02-28T23:15:00,0.39
10309,2017-02-28T23:35:00,0.29
10310,2017-02-28T23:55:00,0.29
10311,2017-03-01T00:15:00,0.29
10312,2017-03-01T00:35:00,0.29
10313,2017-03-01T00:55:00,0.29
10314,2017-03-01T01:15:00,0.29
10315,2017-03-01T01:35:00,0.29
10316,2017-03-01T01:55:00,0.29
10317,2017-03-01T02:15:00,0.29
10318,2017-03-01T02:35:00,0.29
10319,2017-03-01T02:55:00,0.39
10320,2017-03-01T03:15:00,0.29
10321,2017-03-01T03:35:00,33.43
10322,2017-03-01T03:55:00,34.21
10323,2017-03-01T04:15:00,35.68
10324,2017-03-01T04:35:00,34.99
10325,2017-03-01T04:55:00,35.58
10326,2017-03-01T05:15:00,34.02
10327,2017-03-01T05:35:00,35.78
10328,2017-03-01T05:55:00,29.81
10329,2017-03-01T06:15:00,57.58
10330,2017-03-01T06:35:00,82.21
10331,2017-03-01T06:55:00,84.26
10332,2017-03-01T07:15:00,88.95
10333,2017-03-01T07:35:00,88.86
10334,2017-03-01T07:55:00,97.36
10335,2017-03-01T08:15:00,95.7
10336,2017-03-01T08:35:00,96.77
10337,2017-03-01T08:55:00,96.68
10338,2017-03-01T09:15:00,96.77
10339,2017-03-01T09:35:00,95.5
10340,2017-03-01T10:00:00,95.31
10341,2017-03-01T10:20:00,98.04
10342,2017-03-01T10:40:00,96.77
10343,2017-03-01T11:00:00,93.45
10344,2017-03-01T11:20:00,95.31
10345,2017-03-01T11:40:00,97.75
10346,2017-03-01T12:00:00,95.11
10347,2017-03-01T12:20:00,97.75
10348,2017-03-01T12:40:00,94.14
10349,2017-03-01T13:00:00,92.77
10350,2017-03-01T13:20:00,87.39
10351,2017-03-01T13:40:00,91.59
10352,2017-03-01T14:00:00,92.77
10353,2017-03-01T14:20:00,93.35
10354,2017-03-01T14:40:00,94.14
10355,2017-03-01T15:00:00,92.86
10356,2017-03-01T15:20:00,91.1
10357,2017-03-01T15:40:00,93.55
10358,2017-03-01T16:00:00,91.3
10359,2017-03-01T16:20:00,86.61
10360,2017-03-01T16:40:00,74.49
10361,2017-03-01T17:00:00,42.13
10362,2017-03-01T17:20:00,32.94
10363,2017-03-01T17:40:00,32.45
10364,2017-03-01T18:00:00,2.44
10365,2017-03-01T18:20:00,2.44
10366,2017-03-01T18:40:00,2.44
10367,2017-03-01T19:00:00,2.35
10368,2017-03-01T19:20:00,2.44
10369,2017-03-01T19:40:00,2.35
10370,2017-03-01T20:00:00,2.35
10371,2017-03-01T20:20:00,2.44
10372,2017-03-01T20:40:00,2.35
10373,2017-03-01T21:05:00,2.35
10374,2017-03-01T21:25:00,2.35
10375,2017-03-01T21:45:00,2.35
10376,2017-03-01T22:05:00,2.25
10377,2017-03-01T22:25:00,2.25
10378,2017-03-01T22:45:00,2.35
10379,2017-03-01T23:05:00,2.35
10380,2017-03-01T23:25:00,2.35
10381,2017-03-01T23:45:00,2.35
10382,2017-03-02T00:05:00,2.25
10383,2017-03-02T00:25:00,2.25
10384,2017-03-02T00:45:00,2.35
10385,2017-03-02T01:05:00,2.25
10386,2017-03-02T01:25:00,2.25
10387,2017-03-02T01:45:00,2.25
10388,2017-03-02T02:05:00,2.25
10389,2017-03-02T02:25:00,2.25
10390,2017-03-02T02:45:00,2.25
10391,2017-03-02T03:05:00,2.25
10392,2017-03-02T03:25:00,2.35
10393,2017-03-02T03:45:00,33.33
10394,2017-03-02T04:05:00,34.41
10395,2017-03-02T04:25:00,34.8
10396,2017-03-02T04:45:00,35.09
10397,2017-03-02T05:05:00,35.19
10398,2017-03-02T05:25:00,33.72
10399,2017-03-02T05:45:00,28.54
10400,2017-03-02T06:05:00,61.68
10401,2017-03-02T06:25:00,76.54
10402,2017-03-02T06:45:00,75.37
10403,2017-03-02T07:05:00,82.7
10404,2017-03-02T07:25:00,87
10405,2017-03-02T07:45:00,85.63
10406,2017-03-02T08:05:00,87.29
10407,2017-03-02T08:30:00,84.95
10408,2017-03-02T08:50:00,90.13
10409,2017-03-02T09:10:00,94.53
10410,2017-03-02T09:30:00,91.79
10411,2017-03-02T09:50:00,92.86
10412,2017-03-02T10:10:00,97.46
10413,2017-03-02T10:30:00,97.16
10414,2017-03-02T10:50:00,93.45
10415,2017-03-02T11:10:00,92.86
10416,2017-03-02T11:30:00,97.75
10417,2017-03-02T11:50:00,97.85
10418,2017-03-02T12:10:00,97.75
10419,2017-03-02T12:30:00,95.31
10420,2017-03-02T12:50:00,97.56
10421,2017-03-02T13:10:00,96.19
10422,2017-03-02T13:30:00,92.67
10423,2017-03-02T13:50:00,95.99
10424,2017-03-02T14:10:00,95.8
10425,2017-03-02T14:30:00,95.7
10426,2017-03-02T14:50:00,92.77
10427,2017-03-02T15:10:00,89.44
10428,2017-03-02T15:30:00,92.08
10429,2017-03-02T15:50:00,88.27
10430,2017-03-02T16:10:00,91.79
10431,2017-03-02T16:30:00,81.62
10432,2017-03-02T16:50:00,39.2
10433,2017-03-02T17:10:00,22.19
10434,2017-03-02T17:30:00,34.12
10435,2017-03-02T17:50:00,33.14
10436,2017-03-02T18:10:00,2.44
10437,2017-03-02T18:30:00,2.44
10438,2017-03-02T18:50:00,2.84
10439,2017-03-02T19:10:00,2.44
10440,2017-03-02T19:30:00,2.44
10441,2017-03-02T19:55:00,2.35
10442,2017-03-02T20:15:00,2.35
10443,2017-03-02T20:35:00,2.35
10444,2017-03-02T20:55:00,2.44
10445,2017-03-02T21:15:00,2.44
10446,2017-03-02T21:35:00,2.35
10447,2017-03-02T21:55:00,2.35
10448,2017-03-02T22:15:00,2.44
10449,2017-03-02T22:35:00,2.35
10450,2017-03-02T22:55:00,2.35
10451,2017-03-02T23:15:00,2.35
10452,2017-03-02T23:35:00,2.35
10453,2017-03-02T23:55:00,2.25
10454,2017-03-03T00:15:00,2.35
10455,2017-03-03T00:35:00,2.35
10456,2017-03-03T00:55:00,2.35
10457,2017-03-03T01:15:00,2.35
10458,2017-03-03T01:35:00,2.35
10459,2017-03-03T01:55:00,2.35
10460,2017-03-03T02:15:00,2.44
10461,2017-03-03T02:35:00,2.35
10462,2017-03-03T02:55:00,2.44
10463,2017-03-03T03:15:00,2.35
10464,2017-03-03T03:35:00,33.24
10465,2017-03-03T03:55:00,32.16
10466,2017-03-03T04:15:00,33.24
10467,2017-03-03T04:35:00,32.45
10468,2017-03-03T04:55:00,34.7
10469,2017-03-03T05:15:00,33.04
10470,2017-03-03T05:35:00,39
10471,2017-03-03T05:55:00,61.98
10472,2017-03-03T06:15:00,74
10473,2017-03-03T06:35:00,85.14
10474,2017-03-03T06:55:00,86.71
10475,2017-03-03T07:20:00,90.32
10476,2017-03-03T07:40:00,92.18
10477,2017-03-03T08:00:00,91.4
10478,2017-03-03T08:20:00,94.53
10479,2017-03-03T08:40:00,94.72
10480,2017-03-03T09:00:00,95.89
10481,2017-03-03T09:20:00,97.65
10482,2017-03-03T09:40:00,96.68
10483,2017-03-03T10:00:00,94.14
10484,2017-03-03T10:20:00,93.65
10485,2017-03-03T10:40:00,93.65
10486,2017-03-03T11:00:00,96.09
10487,2017-03-03T11:20:00,92.28
10488,2017-03-03T11:40:00,89.25
10489,2017-03-03T12:00:00,90.91
10490,2017-03-03T12:20:00,93.55
10491,2017-03-03T12:40:00,91.98
10492,2017-03-03T13:00:00,92.47
10493,2017-03-03T13:20:00,92.86
10494,2017-03-03T13:40:00,89.64
10495,2017-03-03T14:00:00,89.83
10496,2017-03-03T14:20:00,89.34
10497,2017-03-03T14:40:00,88.56
10498,2017-03-03T15:00:00,87.78
10499,2017-03-03T15:20:00,88.95
10500,2017-03-03T15:40:00,87.2
10501,2017-03-03T16:00:00,83.68
10502,2017-03-03T16:20:00,75.37
10503,2017-03-03T16:40:00,57.97
10504,2017-03-03T17:00:00,26.39
10505,2017-03-03T17:20:00,34.41
10506,2017-03-03T17:40:00,33.24
10507,2017-03-03T18:00:00,2.54
10508,2017-03-03T18:25:00,2.54
10509,2017-03-03T18:45:00,2.54
10510,2017-03-03T19:05:00,2.64
10511,2017-03-03T19:25:00,2.54
10512,2017-03-03T19:45:00,2.54
10513,2017-03-03T20:05:00,2.54
10514,2017-03-03T20:25:00,2.54
10515,2017-03-03T20:45:00,2.54
10516,2017-03-03T21:05:00,2.54
10517,2017-03-03T21:25:00,2.54
10518,2017-03-03T21:45:00,2.54
10519,2017-03-03T22:05:00,2.54
10520,2017-03-03T22:25:00,2.54
10521,2017-03-03T22:45:00,2.54
10522,2017-03-03T23:05:00,2.54
10523,2017-03-03T23:25:00,2.54
10524,2017-03-03T23:45:00,2.44
10525,2017-03-04T00:05:00,2.44
10526,2017-03-04T00:25:00,2.44
10527,2017-03-04T00:45:00,2.44
10528,2017-03-04T01:05:00,2.44
10529,2017-03-04T01:25:00,2.44
10530,2017-03-04T01:45:00,2.44
10531,2017-03-04T02:05:00,2.44
10532,2017-03-04T02:25:00,2.44
10533,2017-03-04T02:45:00,2.44
10534,2017-03-04T03:05:00,2.44
10535,2017-03-04T03:25:00,2.44
10536,2017-03-04T03:45:00,2.54
10537,2017-03-04T04:05:00,2.54
10538,2017-03-04T04:25:00,2.64
10539,2017-03-04T04:45:00,2.74
10540,2017-03-04T05:05:00,2.74
10541,2017-03-04T05:25:00,3.23
10542,2017-03-04T05:50:00,8.21
10543,2017-03-04T06:10:00,20.63
10544,2017-03-04T06:30:00,55.62
10545,2017-03-04T06:50:00,78.69
10546,2017-03-04T07:10:00,84.36
10547,2017-03-04T07:30:00,74.68
10548,2017-03-04T07:50:00,83.19
10549,2017-03-04T08:10:00,85.24
10550,2017-03-04T08:30:00,90.22
10551,2017-03-04T08:50:00,87.29
10552,2017-03-04T09:10:00,89.34
10553,2017-03-04T09:30:00,86.8
10554,2017-03-04T09:50:00,89.74
10555,2017-03-04T10:10:00,91.89
10556,2017-03-04T10:30:00,90.03
10557,2017-03-04T10:50:00,94.92
10558,2017-03-04T11:10:00,96.28
10559,2017-03-04T11:30:00,96.38
10560,2017-03-04T11:50:00,96.58
10561,2017-03-04T12:10:00,93.35
10562,2017-03-04T12:30:00,93.94
10563,2017-03-04T12:50:00,94.33
10564,2017-03-04T13:10:00,93.45
10565,2017-03-04T13:30:00,92.08
10566,2017-03-04T13:50:00,91.79
10567,2017-03-04T14:10:00,91.3
10568,2017-03-04T14:30:00,90.22
10569,2017-03-04T14:50:00,88.76
10570,2017-03-04T15:10:00,86.22
10571,2017-03-04T15:30:00,85.04
10572,2017-03-04T15:50:00,80.35
10573,2017-03-04T16:10:00,73.51
10574,2017-03-04T16:30:00,61.29
10575,2017-03-04T16:50:00,34.51
10576,2017-03-04T17:15:00,7.82
10577,2017-03-04T17:35:00,2.93
10578,2017-03-04T17:55:00,2.74
10579,2017-03-04T18:15:00,2.64
10580,2017-03-04T18:35:00,2.64
10581,2017-03-04T18:55:00,2.64
10582,2017-03-04T19:15:00,2.64
10583,2017-03-04T19:35:00,2.35
10584,2017-03-04T19:55:00,2.25
10585,2017-03-04T20:15:00,2.64
10586,2017-03-04T20:35:00,2.44
10587,2017-03-04T20:55:00,2.44
10588,2017-03-04T21:15:00,2.44
10589,2017-03-04T21:35:00,2.44
10590,2017-03-04T21:55:00,2.44
10591,2017-03-04T22:15:00,2.44
10592,2017-03-04T22:35:00,2.44
10593,2017-03-04T22:55:00,2.35
10594,2017-03-04T23:15:00,2.35
10595,2017-03-04T23:35:00,2.35
10596,2017-03-04T23:55:00,2.35
10597,2017-03-05T00:15:00,2.35
10598,2017-03-05T00:35:00,2.35
10599,2017-03-05T00:55:00,2.35
10600,2017-03-05T01:15:00,2.35
10601,2017-03-05T01:35:00,2.35
10602,2017-03-05T01:55:00,2.35
10603,2017-03-05T02:15:00,2.35
10604,2017-03-05T02:35:00,2.35
10605,2017-03-05T02:55:00,2.35
10606,2017-03-05T03:15:00,2.35
10607,2017-03-05T03:35:00,2.35
10608,2017-03-05T03:55:00,2.35
10609,2017-03-05T04:15:00,2.35
10610,2017-03-05T04:40:00,2.54
10611,2017-03-05T05:00:00,2.54
10612,2017-03-05T05:20:00,2.84
10613,2017-03-05T05:40:00,7.23
10614,2017-03-05T06:00:00,31.48
10615,2017-03-05T06:20:00,59.04
10616,2017-03-05T06:40:00,65.98
10617,2017-03-05T07:00:00,68.62
10618,2017-03-05T07:20:00,77.22
10619,2017-03-05T07:40:00,79.76
10620,2017-03-05T08:00:00,76.25
10621,2017-03-05T08:20:00,78.3
10622,2017-03-05T08:40:00,71.94
10623,2017-03-05T09:00:00,71.46
10624,2017-03-05T09:20:00,75.46
10625,2017-03-05T09:40:00,76.83
10626,2017-03-05T10:00:00,79.57
10627,2017-03-05T10:20:00,80.45
10628,2017-03-05T10:40:00,82.01
10629,2017-03-05T11:00:00,83.09
10630,2017-03-05T11:20:00,83.87
10631,2017-03-05T11:40:00,83.77
10632,2017-03-05T12:00:00,84.75
10633,2017-03-05T12:20:00,79.47
10634,2017-03-05T12:40:00,85.92
10635,2017-03-05T13:00:00,83.09
10636,2017-03-05T13:20:00,84.65
10637,2017-03-05T13:40:00,87.39
10638,2017-03-05T14:00:00,92.28
10639,2017-03-05T14:20:00,88.76
10640,2017-03-05T14:40:00,84.95
10641,2017-03-05T15:00:00,77.22
10642,2017-03-05T15:20:00,75.76
10643,2017-03-05T15:45:00,72.82
10644,2017-03-05T16:05:00,68.13
10645,2017-03-05T16:25:00,58.75
10646,2017-03-05T16:45:00,50.24
10647,2017-03-05T17:05:00,30.69
10648,2017-03-05T17:25:00,5.28
10649,2017-03-05T17:45:00,2.93
10650,2017-03-05T18:05:00,2.74
10651,2017-03-05T18:25:00,2.74
10652,2017-03-05T18:45:00,2.44
10653,2017-03-05T19:05:00,2.54
10654,2017-03-05T19:25:00,2.54
10655,2017-03-05T19:45:00,2.64
10656,2017-03-05T20:05:00,2.44
10657,2017-03-05T20:25:00,2.64
10658,2017-03-05T20:45:00,2.64
10659,2017-03-05T21:05:00,2.74
10660,2017-03-05T21:25:00,2.64
10661,2017-03-05T21:45:00,2.54
10662,2017-03-05T22:05:00,2.54
10663,2017-03-05T22:25:00,2.44
10664,2017-03-05T22:45:00,2.44
10665,2017-03-05T23:05:00,2.44
10666,2017-03-05T23:25:00,2.44
10667,2017-03-05T23:45:00,2.44
10668,2017-03-06T00:05:00,2.44
10669,2017-03-06T00:25:00,2.44
10670,2017-03-06T00:45:00,2.44
10671,2017-03-06T01:05:00,2.44
10672,2017-03-06T01:25:00,2.44
10673,2017-03-06T01:45:00,2.44
10674,2017-03-06T02:05:00,2.44
10675,2017-03-06T02:25:00,2.44
10676,2017-03-06T02:45:00,2.44
10677,2017-03-06T03:10:00,2.44
10678,2017-03-06T03:30:00,2.44
10679,2017-03-06T03:50:00,31.48
10680,2017-03-06T04:10:00,32.55
10681,2017-03-06T04:30:00,32.55
10682,2017-03-06T04:50:00,32.55
10683,2017-03-06T05:10:00,34.41
10684,2017-03-06T05:30:00,33.53
10685,2017-03-06T05:50:00,22.09
10686,2017-03-06T06:10:00,44.09
10687,2017-03-06T06:30:00,60.7
10688,2017-03-06T06:50:00,69.31
10689,2017-03-06T07:10:00,78.1
10690,2017-03-06T07:30:00,83.97
10691,2017-03-06T07:50:00,85.63
10692,2017-03-06T08:10:00,87.98
10693,2017-03-06T08:30:00,89.34
10694,2017-03-06T08:50:00,88.95
10695,2017-03-06T09:10:00,88.56
10696,2017-03-06T09:30:00,89.15
10697,2017-03-06T09:50:00,89.64
10698,2017-03-06T10:10:00,89.74
10699,2017-03-06T10:30:00,91.2
10700,2017-03-06T10:50:00,91.98
10701,2017-03-06T11:10:00,92.08
10702,2017-03-06T11:30:00,92.18
10703,2017-03-06T11:50:00,91.5
10704,2017-03-06T12:10:00,90.62
10705,2017-03-06T12:30:00,90.71
10706,2017-03-06T12:50:00,89.44
10707,2017-03-06T13:10:00,87.1
10708,2017-03-06T13:30:00,89.15
10709,2017-03-06T13:50:00,87.39
10710,2017-03-06T14:10:00,87.88
10711,2017-03-06T14:35:00,85.14
10712,2017-03-06T14:55:00,83.58
10713,2017-03-06T15:15:00,81.53
10714,2017-03-06T15:35:00,84.65
10715,2017-03-06T15:55:00,79.57
10716,2017-03-06T16:15:00,71.26
10717,2017-03-06T16:35:00,55.62
10718,2017-03-06T16:55:00,33.53
10719,2017-03-06T17:15:00,36.07
10720,2017-03-06T17:35:00,34.12
10721,2017-03-06T17:55:00,37.15
10722,2017-03-06T18:15:00,3.13
10723,2017-03-06T18:35:00,3.13
10724,2017-03-06T18:55:00,3.13
10725,2017-03-06T19:15:00,3.13
10726,2017-03-06T19:35:00,3.13
10727,2017-03-06T19:55:00,3.23
10728,2017-03-06T20:15:00,3.23
10729,2017-03-06T20:35:00,3.23
10730,2017-03-06T20:55:00,3.23
10731,2017-03-06T21:15:00,3.23
10732,2017-03-06T21:35:00,3.23
10733,2017-03-06T21:55:00,3.23
10734,2017-03-06T22:15:00,3.23
10735,2017-03-06T22:35:00,3.32
10736,2017-03-06T22:55:00,3.32
10737,2017-03-06T23:15:00,3.32
10738,2017-03-06T23:35:00,3.32
10739,2017-03-06T23:55:00,3.32
10740,2017-03-07T00:15:00,3.32
10741,2017-03-07T00:35:00,3.32
10742,2017-03-07T00:55:00,3.42
10743,2017-03-07T01:15:00,3.42
10744,2017-03-07T01:35:00,3.32
10745,2017-03-07T02:00:00,3.52
10746,2017-03-07T02:20:00,3.52
10747,2017-03-07T02:40:00,3.52
10748,2017-03-07T03:00:00,3.52
10749,2017-03-07T03:20:00,3.52
10750,2017-03-07T03:40:00,33.72
10751,2017-03-07T04:00:00,35.19
10752,2017-03-07T04:20:00,34.7
10753,2017-03-07T04:40:00,36.46
10754,2017-03-07T05:00:00,36.85
10755,2017-03-07T05:20:00,37.15
10756,2017-03-07T05:40:00,39.39
10757,2017-03-07T06:00:00,47.12
10758,2017-03-07T06:20:00,66.18
10759,2017-03-07T06:40:00,70.38
10760,2017-03-07T07:00:00,77.32
10761,2017-03-07T07:20:00,83.87
10762,2017-03-07T07:40:00,86.22
10763,2017-03-07T08:00:00,88.46
10764,2017-03-07T08:20:00,88.56
10765,2017-03-07T08:40:00,90.13
10766,2017-03-07T09:00:00,90.13
10767,2017-03-07T09:20:00,90.71
10768,2017-03-07T09:40:00,92.38
10769,2017-03-07T10:00:00,92.96
10770,2017-03-07T10:20:00,92.57
10771,2017-03-07T10:40:00,92.86
10772,2017-03-07T11:00:00,91.5
10773,2017-03-07T11:20:00,92.18
10774,2017-03-07T11:40:00,93.55
10775,2017-03-07T12:00:00,92.38
10776,2017-03-07T12:20:00,92.77
10777,2017-03-07T12:40:00,92.86
10778,2017-03-07T13:00:00,92.86
10779,2017-03-07T13:25:00,92.18
10780,2017-03-07T13:45:00,90.91
10781,2017-03-07T14:05:00,91.79
10782,2017-03-07T14:25:00,93.94
10783,2017-03-07T14:45:00,93.74
10784,2017-03-07T15:05:00,92.47
10785,2017-03-07T15:25:00,91.59
10786,2017-03-07T15:45:00,87.88
10787,2017-03-07T16:05:00,85.04
10788,2017-03-07T16:25:00,83.09
10789,2017-03-07T16:45:00,72.04
10790,2017-03-07T17:05:00,47.7
10791,2017-03-07T17:25:00,36.46
10792,2017-03-07T17:45:00,36.76
10793,2017-03-07T18:05:00,3.91
10794,2017-03-07T18:25:00,3.81
10795,2017-03-07T18:45:00,3.81
10796,2017-03-07T19:05:00,3.81
10797,2017-03-07T19:25:00,3.81
10798,2017-03-07T19:45:00,3.81
10799,2017-03-07T20:05:00,3.81
10800,2017-03-07T20:25:00,3.81
10801,2017-03-07T20:45:00,3.91
10802,2017-03-07T21:05:00,3.81
10803,2017-03-07T21:25:00,3.81
10804,2017-03-07T21:45:00,3.81
10805,2017-03-07T22:05:00,3.81
10806,2017-03-07T22:25:00,3.81
10807,2017-03-07T22:45:00,3.81
10808,2017-03-07T23:05:00,3.72
10809,2017-03-07T23:25:00,3.62
10810,2017-03-07T23:45:00,3.72
10811,2017-03-08T00:05:00,3.81
10812,2017-03-08T00:30:00,3.81
10813,2017-03-08T00:50:00,3.81
10814,2017-03-08T01:10:00,3.81
10815,2017-03-08T01:30:00,3.72
10816,2017-03-08T01:50:00,3.81
10817,2017-03-08T02:10:00,3.81
10818,2017-03-08T02:30:00,3.81
10819,2017-03-08T02:50:00,3.81
10820,2017-03-08T03:10:00,3.81
10821,2017-03-08T03:30:00,5.28
10822,2017-03-08T03:50:00,36.17
10823,2017-03-08T04:10:00,37.05
10824,2017-03-08T04:30:00,35.68
10825,2017-03-08T04:50:00,37.54
10826,2017-03-08T05:10:00,39.3
10827,2017-03-08T05:30:00,39.98
10828,2017-03-08T05:50:00,63.05
10829,2017-03-08T06:10:00,76.15
10830,2017-03-08T06:30:00,82.31
10831,2017-03-08T06:50:00,84.85
10832,2017-03-08T07:10:00,86.51
10833,2017-03-08T07:30:00,83.58
10834,2017-03-08T07:50:00,87.1
10835,2017-03-08T08:10:00,89.05
10836,2017-03-08T08:30:00,90.91
10837,2017-03-08T08:50:00,93.16
10838,2017-03-08T09:10:00,93.45
10839,2017-03-08T09:30:00,92.86
10840,2017-03-08T09:50:00,91.98
10841,2017-03-08T10:10:00,94.53
10842,2017-03-08T10:30:00,94.72
10843,2017-03-08T10:50:00,93.35
10844,2017-03-08T11:10:00,93.45
10845,2017-03-08T11:30:00,94.82
10846,2017-03-08T11:55:00,93.35
10847,2017-03-08T12:15:00,93.16
10848,2017-03-08T12:35:00,94.72
10849,2017-03-08T12:55:00,91.89
10850,2017-03-08T13:15:00,88.37
10851,2017-03-08T13:35:00,88.07
10852,2017-03-08T13:55:00,83.09
10853,2017-03-08T14:15:00,85.04
10854,2017-03-08T14:35:00,83.68
10855,2017-03-08T14:55:00,83.19
10856,2017-03-08T15:15:00,85.92
10857,2017-03-08T15:35:00,79.18
10858,2017-03-08T15:55:00,66.67
10859,2017-03-08T16:15:00,62.37
10860,2017-03-08T16:35:00,52.88
10861,2017-03-08T16:55:00,32.84
10862,2017-03-08T17:15:00,35.09
10863,2017-03-08T17:35:00,33.63
10864,2017-03-08T17:55:00,34.21
10865,2017-03-08T18:15:00,2.84
10866,2017-03-08T18:35:00,2.93
10867,2017-03-08T18:55:00,3.13
10868,2017-03-08T19:15:00,3.23
10869,2017-03-08T19:35:00,2.93
10870,2017-03-08T19:55:00,2.84
10871,2017-03-08T20:15:00,2.84
10872,2017-03-08T20:35:00,2.84
10873,2017-03-08T20:55:00,2.84
10874,2017-03-08T21:15:00,2.74
10875,2017-03-08T21:35:00,2.84
10876,2017-03-08T21:55:00,2.84
10877,2017-03-08T22:15:00,2.74
10878,2017-03-08T22:35:00,2.74
10879,2017-03-08T22:55:00,2.74
10880,2017-03-08T23:20:00,2.64
10881,2017-03-08T23:40:00,2.64
10882,2017-03-09T00:00:00,2.44
10883,2017-03-09T00:20:00,2.54
10884,2017-03-09T01:00:00,2.54
10885,2017-03-09T01:20:00,2.44
10886,2017-03-09T01:40:00,2.44
10887,2017-03-09T02:00:00,2.44
10888,2017-03-09T02:20:00,2.44
10889,2017-03-09T02:40:00,2.35
10890,2017-03-09T03:00:00,2.44
10891,2017-03-09T03:20:00,2.44
10892,2017-03-09T03:40:00,34.21
10893,2017-03-09T04:00:00,34.41
10894,2017-03-09T04:20:00,35.97
10895,2017-03-09T04:40:00,36.46
10896,2017-03-09T05:00:00,34.31
10897,2017-03-09T05:20:00,23.17
10898,2017-03-09T05:40:00,69.4
10899,2017-03-09T06:00:00,88.76
10900,2017-03-09T06:20:00,95.02
10901,2017-03-09T06:40:00,95.5
10902,2017-03-09T07:00:00,97.07
10903,2017-03-09T07:20:00,95.99
10904,2017-03-09T07:40:00,94.92
10905,2017-03-09T08:00:00,96.19
10906,2017-03-09T08:20:00,96.77
10907,2017-03-09T08:40:00,98.04
10908,2017-03-09T09:00:00,95.99
10909,2017-03-09T09:20:00,95.7
10910,2017-03-09T09:40:00,95.7
10911,2017-03-09T10:00:00,97.16
10912,2017-03-09T10:20:00,96.28
10913,2017-03-09T10:45:00,96.38
10914,2017-03-09T11:05:00,97.26
10915,2017-03-09T11:25:00,96.68
10916,2017-03-09T11:45:00,97.26
10917,2017-03-09T12:05:00,96.58
10918,2017-03-09T12:25:00,95.5
10919,2017-03-09T12:45:00,95.21
10920,2017-03-09T13:05:00,94.72
10921,2017-03-09T13:25:00,95.31
10922,2017-03-09T13:45:00,95.31
10923,2017-03-09T14:05:00,94.82
10924,2017-03-09T14:25:00,94.43
10925,2017-03-09T14:45:00,93.16
10926,2017-03-09T15:05:00,87.39
10927,2017-03-09T15:25:00,83.19
10928,2017-03-09T15:45:00,75.76
10929,2017-03-09T16:05:00,60.31
10930,2017-03-09T16:25:00,54.15
10931,2017-03-09T16:45:00,47.31
10932,2017-03-09T17:05:00,29.42
10933,2017-03-09T17:25:00,34.41
10934,2017-03-09T17:45:00,34.31
10935,2017-03-09T18:05:00,2.74
10936,2017-03-09T18:25:00,2.74
10937,2017-03-09T18:45:00,2.74
10938,2017-03-09T19:05:00,2.74
10939,2017-03-09T19:25:00,2.64
10940,2017-03-09T19:45:00,2.74
10941,2017-03-09T20:05:00,2.64
10942,2017-03-09T20:25:00,2.64
10943,2017-03-09T20:45:00,2.64
10944,2017-03-09T21:05:00,2.64
10945,2017-03-09T21:25:00,2.54
10946,2017-03-09T21:50:00,2.54
10947,2017-03-09T22:10:00,2.44
10948,2017-03-09T22:30:00,2.44
10949,2017-03-09T22:50:00,2.44
10950,2017-03-09T23:10:00,2.44
10951,2017-03-09T23:30:00,2.44
10952,2017-03-09T23:50:00,2.35
10953,2017-03-10T00:10:00,2.44
10954,2017-03-10T00:30:00,2.35
10955,2017-03-10T00:50:00,2.35
10956,2017-03-10T01:10:00,2.35
10957,2017-03-10T01:30:00,2.35
10958,2017-03-10T01:50:00,2.35
10959,2017-03-10T02:10:00,2.35
10960,2017-03-10T02:30:00,2.35
10961,2017-03-10T02:50:00,2.35
10962,2017-03-10T03:10:00,2.35
10963,2017-03-10T03:30:00,25.12
10964,2017-03-10T03:50:00,36.46
10965,2017-03-10T04:10:00,34.6
10966,2017-03-10T04:30:00,34.51
10967,2017-03-10T04:50:00,34.7
10968,2017-03-10T05:10:00,34.8
10969,2017-03-10T05:30:00,47.31
10970,2017-03-10T05:50:00,84.65
10971,2017-03-10T06:10:00,94.43
10972,2017-03-10T06:30:00,96.48
10973,2017-03-10T06:50:00,97.46
10974,2017-03-10T07:10:00,97.75
10975,2017-03-10T07:30:00,97.95
10976,2017-03-10T07:50:00,96.97
10977,2017-03-10T08:10:00,97.95
10978,2017-03-10T08:30:00,98.14
10979,2017-03-10T08:50:00,97.36
10980,2017-03-10T09:15:00,98.04
10981,2017-03-10T09:35:00,98.14
10982,2017-03-10T09:55:00,97.75
10983,2017-03-10T10:15:00,98.04
10984,2017-03-10T10:35:00,97.95
10985,2017-03-10T10:55:00,97.75
10986,2017-03-10T11:15:00,97.75
10987,2017-03-10T11:35:00,97.85
10988,2017-03-10T11:55:00,97.85
10989,2017-03-10T12:15:00,95.7
10990,2017-03-10T12:35:00,95.7
10991,2017-03-10T12:55:00,97.07
10992,2017-03-10T13:15:00,97.07
10993,2017-03-10T13:35:00,94.72
10994,2017-03-10T13:55:00,94.53
10995,2017-03-10T14:15:00,93.65
10996,2017-03-10T14:35:00,95.02
10997,2017-03-10T14:55:00,93.74
10998,2017-03-10T15:15:00,94.72
10999,2017-03-10T15:35:00,94.53
11000,2017-03-10T15:55:00,95.31
11001,2017-03-10T16:15:00,91.69
11002,2017-03-10T16:35:00,85.53
11003,2017-03-10T16:55:00,75.95
11004,2017-03-10T17:15:00,47.8
11005,2017-03-10T17:35:00,33.63
11006,2017-03-10T17:55:00,34.02
11007,2017-03-10T18:15:00,3.62
11008,2017-03-10T18:35:00,3.52
11009,2017-03-10T18:55:00,3.62
11010,2017-03-10T19:15:00,3.52
11011,2017-03-10T19:35:00,3.52
11012,2017-03-10T19:55:00,3.52
11013,2017-03-10T20:15:00,3.52
11014,2017-03-10T20:40:00,3.42
11015,2017-03-10T21:00:00,3.42
11016,2017-03-10T21:20:00,3.42
11017,2017-03-10T21:40:00,3.42
11018,2017-03-10T22:00:00,3.42
11019,2017-03-10T22:20:00,3.42
11020,2017-03-10T22:40:00,3.32
11021,2017-03-10T23:00:00,3.32
11022,2017-03-10T23:20:00,3.32
11023,2017-03-10T23:40:00,3.32
11024,2017-03-11T00:00:00,3.42
11025,2017-03-11T00:20:00,3.32
11026,2017-03-11T00:40:00,3.42
11027,2017-03-11T01:00:00,3.32
11028,2017-03-11T01:20:00,3.32
11029,2017-03-11T01:40:00,3.32
11030,2017-03-11T02:00:00,3.42
11031,2017-03-11T02:20:00,3.42
11032,2017-03-11T02:40:00,3.42
11033,2017-03-11T03:00:00,3.32
11034,2017-03-11T03:20:00,3.32
11035,2017-03-11T03:40:00,3.32
11036,2017-03-11T04:00:00,3.23
11037,2017-03-11T04:20:00,3.32
11038,2017-03-11T04:40:00,3.32
11039,2017-03-11T05:00:00,3.91
11040,2017-03-11T05:20:00,14.08
11041,2017-03-11T05:40:00,43.3
11042,2017-03-11T06:00:00,66.86
11043,2017-03-11T06:20:00,80.45
11044,2017-03-11T06:40:00,88.76
11045,2017-03-11T07:00:00,92.18
11046,2017-03-11T07:20:00,96.28
11047,2017-03-11T07:40:00,97.16
11048,2017-03-11T08:05:00,96.48
11049,2017-03-11T08:25:00,96.97
11050,2017-03-11T08:45:00,97.36
11051,2017-03-11T09:05:00,97.95
11052,2017-03-11T09:25:00,94.33
11053,2017-03-11T09:45:00,94.43
11054,2017-03-11T10:05:00,95.02
11055,2017-03-11T10:25:00,94.92
11056,2017-03-11T10:45:00,95.6
11057,2017-03-11T11:05:00,95.41
11058,2017-03-11T11:25:00,95.02
11059,2017-03-11T11:45:00,95.21
11060,2017-03-11T12:05:00,95.31
11061,2017-03-11T12:25:00,95.02
11062,2017-03-11T12:45:00,95.02
11063,2017-03-11T13:05:00,94.72
11064,2017-03-11T13:25:00,94.23
11065,2017-03-11T13:45:00,93.84
11066,2017-03-11T14:05:00,93.65
11067,2017-03-11T14:25:00,92.18
11068,2017-03-11T14:45:00,91.4
11069,2017-03-11T15:05:00,89.34
11070,2017-03-11T15:25:00,90.22
11071,2017-03-11T15:45:00,88.07
11072,2017-03-11T16:05:00,85.14
11073,2017-03-11T16:25:00,79.08
11074,2017-03-11T16:45:00,70.97
11075,2017-03-11T17:05:00,46.92
11076,2017-03-11T17:25:00,15.54
11077,2017-03-11T17:45:00,4.11
11078,2017-03-11T18:05:00,3.52
11079,2017-03-11T18:25:00,3.32
11080,2017-03-11T18:45:00,3.13
11081,2017-03-11T19:10:00,3.13
11082,2017-03-11T19:30:00,3.42
11083,2017-03-11T19:50:00,3.13
11084,2017-03-11T20:10:00,3.13
11085,2017-03-11T20:30:00,3.03
11086,2017-03-11T20:50:00,3.03
11087,2017-03-11T21:10:00,3.13
11088,2017-03-11T21:30:00,3.13
11089,2017-03-11T21:50:00,3.23
11090,2017-03-11T22:10:00,3.23
11091,2017-03-11T22:30:00,3.13
11092,2017-03-11T22:50:00,3.13
11093,2017-03-11T23:10:00,3.32
11094,2017-03-11T23:30:00,3.32
11095,2017-03-11T23:50:00,3.42
11096,2017-03-12T00:10:00,3.32
11097,2017-03-12T00:30:00,3.42
11098,2017-03-12T00:50:00,3.32
11099,2017-03-12T01:10:00,3.23
11100,2017-03-12T01:30:00,3.13
11101,2017-03-12T01:50:00,3.13
11102,2017-03-12T02:10:00,3.03
11103,2017-03-12T02:30:00,3.03
11104,2017-03-12T02:50:00,3.13
11105,2017-03-12T03:10:00,3.03
11106,2017-03-12T03:30:00,3.03
11107,2017-03-12T03:50:00,3.13
11108,2017-03-12T04:10:00,3.13
11109,2017-03-12T04:30:00,3.13
11110,2017-03-12T04:50:00,3.62
11111,2017-03-12T05:10:00,14.47
11112,2017-03-12T05:30:00,58.16
11113,2017-03-12T05:50:00,60.8
11114,2017-03-12T06:10:00,74.98
11115,2017-03-12T06:35:00,81.62
11116,2017-03-12T06:55:00,85.92
11117,2017-03-12T07:15:00,89.05
11118,2017-03-12T07:35:00,90.91
11119,2017-03-12T07:55:00,91.89
11120,2017-03-12T08:15:00,92.47
11121,2017-03-12T08:35:00,93.26
11122,2017-03-12T08:55:00,93.74
11123,2017-03-12T09:15:00,94.33
11124,2017-03-12T09:35:00,95.31
11125,2017-03-12T09:55:00,95.89
11126,2017-03-12T10:15:00,96.38
11127,2017-03-12T10:35:00,96.68
11128,2017-03-12T10:55:00,96.09
11129,2017-03-12T11:15:00,95.99
11130,2017-03-12T11:35:00,96.19
11131,2017-03-12T11:55:00,96.58
11132,2017-03-12T12:15:00,96.58
11133,2017-03-12T12:35:00,95.89
11134,2017-03-12T12:55:00,95.41
11135,2017-03-12T13:15:00,95.6
11136,2017-03-12T13:35:00,95.5
11137,2017-03-12T13:55:00,95.6
11138,2017-03-12T14:15:00,95.8
11139,2017-03-12T14:35:00,94.23
11140,2017-03-12T14:55:00,93.26
11141,2017-03-12T15:15:00,92.38
11142,2017-03-12T15:35:00,91.2
11143,2017-03-12T15:55:00,89.25
11144,2017-03-12T16:15:00,86.41
11145,2017-03-12T16:35:00,81.92
11146,2017-03-12T16:55:00,70.67
11147,2017-03-12T17:15:00,43.7
11148,2017-03-12T17:35:00,9.58
11149,2017-03-12T18:00:00,3.81
11150,2017-03-12T18:20:00,3.62
11151,2017-03-12T18:40:00,3.62
11152,2017-03-12T19:00:00,3.52
11153,2017-03-12T19:20:00,3.62
11154,2017-03-12T19:40:00,3.62
11155,2017-03-12T20:00:00,3.72
11156,2017-03-12T20:20:00,3.62
11157,2017-03-12T20:40:00,3.52
11158,2017-03-12T21:00:00,3.62
11159,2017-03-12T21:20:00,3.62
11160,2017-03-12T21:40:00,3.62
11161,2017-03-12T22:00:00,3.62
11162,2017-03-12T22:20:00,3.52
11163,2017-03-12T22:40:00,3.52
11164,2017-03-12T23:00:00,3.52
11165,2017-03-12T23:20:00,3.52
11166,2017-03-12T23:40:00,3.52
11167,2017-03-13T00:00:00,3.52
11168,2017-03-13T00:20:00,3.52
11169,2017-03-13T00:40:00,3.42
11170,2017-03-13T01:00:00,3.52
11171,2017-03-13T01:20:00,3.52
11172,2017-03-13T01:40:00,3.42
11173,2017-03-13T02:00:00,3.42
11174,2017-03-13T02:20:00,3.42
11175,2017-03-13T02:40:00,3.42
11176,2017-03-13T03:00:00,3.42
11177,2017-03-13T03:20:00,3.42
11178,2017-03-13T03:40:00,34.9
11179,2017-03-13T04:00:00,35.58
11180,2017-03-13T04:20:00,34.02
11181,2017-03-13T04:40:00,33.92
11182,2017-03-13T05:00:00,36.36
11183,2017-03-13T05:25:00,29.91
11184,2017-03-13T05:45:00,62.37
11185,2017-03-13T06:05:00,79.28
11186,2017-03-13T06:25:00,87.29
11187,2017-03-13T06:45:00,90.32
11188,2017-03-13T07:05:00,92.47
11189,2017-03-13T07:25:00,90.91
11190,2017-03-13T07:45:00,90.42
11191,2017-03-13T08:05:00,92.28
11192,2017-03-13T08:25:00,94.62
11193,2017-03-13T08:45:00,93.06
11194,2017-03-13T09:05:00,93.65
11195,2017-03-13T09:25:00,93.94
11196,2017-03-13T09:45:00,92.96
11197,2017-03-13T10:05:00,90.62
11198,2017-03-13T10:25:00,91.69
11199,2017-03-13T10:45:00,94.43
11200,2017-03-13T11:05:00,94.14
11201,2017-03-13T11:25:00,93.84
11202,2017-03-13T11:45:00,94.33
11203,2017-03-13T12:05:00,94.33
11204,2017-03-13T17:50:00,34.12
11205,2017-03-13T18:10:00,3.52
11206,2017-03-13T18:30:00,3.52
11207,2017-03-13T18:50:00,3.52
11208,2017-03-13T19:10:00,3.52
11209,2017-03-13T19:30:00,3.52
11210,2017-03-13T19:50:00,3.52
11211,2017-03-13T20:10:00,3.52
11212,2017-03-13T20:30:00,3.52
11213,2017-03-13T20:50:00,3.52
11214,2017-03-13T21:10:00,3.52
11215,2017-03-13T21:30:00,3.42
11216,2017-03-13T21:50:00,3.42
11217,2017-03-13T22:10:00,3.42
11218,2017-03-13T22:30:00,3.32
11219,2017-03-13T22:50:00,3.32
11220,2017-03-13T23:10:00,3.32
11221,2017-03-13T23:30:00,3.32
11222,2017-03-13T23:50:00,3.32
11223,2017-03-14T00:10:00,3.23
11224,2017-03-14T00:30:00,3.32
11225,2017-03-14T00:50:00,3.23
11226,2017-03-14T01:10:00,3.23
11227,2017-03-14T01:30:00,3.23
11228,2017-03-14T01:50:00,3.32
11229,2017-03-14T02:10:00,3.32
11230,2017-03-14T02:30:00,3.32
11231,2017-03-14T02:50:00,3.32
11232,2017-03-14T03:10:00,3.32
11233,2017-03-14T03:30:00,31.87
11234,2017-03-14T03:55:00,33.72
11235,2017-03-14T04:15:00,35.58
11236,2017-03-14T04:35:00,35.97
11237,2017-03-14T04:55:00,37.63
11238,2017-03-14T05:15:00,22.48
11239,2017-03-14T05:35:00,50.44
11240,2017-03-14T05:55:00,75.56
11241,2017-03-14T06:15:00,82.11
11242,2017-03-14T06:35:00,84.95
11243,2017-03-14T06:55:00,90.52
11244,2017-03-14T07:15:00,93.74
11245,2017-03-14T07:35:00,92.38
11246,2017-03-14T07:55:00,95.02
11247,2017-03-14T08:15:00,97.75
11248,2017-03-14T08:35:00,97.36
11249,2017-03-14T08:55:00,97.65
11250,2017-03-14T09:15:00,97.65
11251,2017-03-14T09:35:00,97.65
11252,2017-03-14T09:55:00,96.77
11253,2017-03-14T10:15:00,95.6
11254,2017-03-14T10:35:00,95.89
11255,2017-03-14T10:55:00,97.65
11256,2017-03-14T11:15:00,96.97
11257,2017-03-14T11:35:00,97.16
11258,2017-03-14T11:55:00,96.58
11259,2017-03-14T12:15:00,95.6
11260,2017-03-14T12:35:00,96.58
11261,2017-03-14T12:55:00,95.5
11262,2017-03-14T13:15:00,93.45
11263,2017-03-14T13:35:00,91.89
11264,2017-03-14T13:55:00,93.74
11265,2017-03-14T14:15:00,93.26
11266,2017-03-14T14:35:00,88.27
11267,2017-03-14T14:55:00,83.19
11268,2017-03-14T15:20:00,85.53
11269,2017-03-14T15:40:00,85.53
11270,2017-03-14T16:00:00,85.34
11271,2017-03-14T16:20:00,77.61
11272,2017-03-14T16:40:00,72.43
11273,2017-03-14T17:00:00,58.16
11274,2017-03-14T17:20:00,34.02
11275,2017-03-14T17:40:00,35.78
11276,2017-03-14T18:00:00,3.72
11277,2017-03-14T18:20:00,3.23
11278,2017-03-14T18:40:00,3.13
11279,2017-03-14T19:00:00,3.13
11280,2017-03-14T19:20:00,3.13
11281,2017-03-14T19:40:00,3.13
11282,2017-03-14T20:00:00,3.13
11283,2017-03-14T20:20:00,3.13
11284,2017-03-14T20:40:00,3.13
11285,2017-03-14T21:00:00,3.23
11286,2017-03-14T21:20:00,3.13
11287,2017-03-14T21:40:00,3.13
11288,2017-03-14T22:00:00,3.13
11289,2017-03-14T22:20:00,3.13
11290,2017-03-14T22:40:00,3.23
11291,2017-03-14T23:00:00,3.23
11292,2017-03-14T23:20:00,3.23
11293,2017-03-14T23:40:00,3.23
11294,2017-03-15T00:00:00,3.23
11295,2017-03-15T00:20:00,3.23
11296,2017-03-15T00:40:00,3.32
11297,2017-03-15T01:00:00,3.32
11298,2017-03-15T01:20:00,3.32
11299,2017-03-15T01:40:00,3.32
11300,2017-03-15T02:00:00,3.32
11301,2017-03-15T02:20:00,3.32
11302,2017-03-15T02:45:00,3.32
11303,2017-03-15T03:05:00,3.32
11304,2017-03-15T03:25:00,3.23
11305,2017-03-15T03:45:00,37.24
11306,2017-03-15T04:05:00,34.9
11307,2017-03-15T04:25:00,36.85
11308,2017-03-15T04:45:00,35.68
11309,2017-03-15T05:05:00,26.2
11310,2017-03-15T05:25:00,66.47
11311,2017-03-15T05:45:00,86.41
11312,2017-03-15T06:05:00,94.53
11313,2017-03-15T06:25:00,96.09
11314,2017-03-15T06:45:00,97.36
11315,2017-03-15T07:05:00,97.36
11316,2017-03-15T07:25:00,96.19
11317,2017-03-15T07:45:00,94.82
11318,2017-03-15T08:05:00,96.58
11319,2017-03-15T08:25:00,96.87
11320,2017-03-15T08:45:00,98.14
11321,2017-03-15T09:05:00,95.21
11322,2017-03-15T09:25:00,95.89
11323,2017-03-15T09:45:00,96.68
11324,2017-03-15T10:05:00,97.95
11325,2017-03-15T10:25:00,96.28
11326,2017-03-15T10:45:00,95.6
11327,2017-03-15T11:05:00,97.85
11328,2017-03-15T11:25:00,97.56
11329,2017-03-15T11:45:00,95.89
11330,2017-03-15T12:05:00,96.28
11331,2017-03-15T12:25:00,95.31
11332,2017-03-15T12:45:00,97.36
11333,2017-03-15T13:05:00,97.16
11334,2017-03-15T13:25:00,94.53
11335,2017-03-15T13:45:00,96.87
11336,2017-03-15T14:10:00,95.11
11337,2017-03-15T14:30:00,96.38
11338,2017-03-15T14:50:00,95.11
11339,2017-03-15T15:10:00,95.41
11340,2017-03-15T15:30:00,93.55
11341,2017-03-15T15:50:00,93.06
11342,2017-03-15T16:10:00,94.92
11343,2017-03-15T16:30:00,89.05
11344,2017-03-15T16:50:00,81.82
11345,2017-03-15T17:10:00,70.58
11346,2017-03-15T17:30:00,33.72
11347,2017-03-15T17:50:00,37.15
11348,2017-03-15T18:10:00,3.72
11349,2017-03-15T18:30:00,3.52
11350,2017-03-15T18:50:00,3.52
11351,2017-03-15T19:10:00,3.52
11352,2017-03-15T19:30:00,3.62
11353,2017-03-15T19:50:00,3.52
11354,2017-03-15T20:10:00,3.52
11355,2017-03-15T20:30:00,3.52
11356,2017-03-15T20:50:00,3.52
11357,2017-03-15T21:10:00,3.52
11358,2017-03-15T21:30:00,3.42
11359,2017-03-15T21:50:00,3.52
11360,2017-03-15T22:10:00,3.52
11361,2017-03-15T22:30:00,3.42
11362,2017-03-15T22:50:00,3.42
11363,2017-03-15T23:10:00,3.42
11364,2017-03-15T23:30:00,3.32
11365,2017-03-15T23:50:00,3.32
11366,2017-03-16T00:10:00,3.42
11367,2017-03-16T00:30:00,3.32
11368,2017-03-16T00:50:00,3.32
11369,2017-03-16T01:15:00,3.32
11370,2017-03-16T01:35:00,3.32
11371,2017-03-16T01:55:00,3.32
11372,2017-03-16T02:15:00,3.42
11373,2017-03-16T02:35:00,3.32
11374,2017-03-16T02:55:00,3.32
11375,2017-03-16T03:15:00,3.32
11376,2017-03-16T03:35:00,35.78
11377,2017-03-16T03:55:00,35.48
11378,2017-03-16T04:15:00,36.46
11379,2017-03-16T04:35:00,34.6
11380,2017-03-16T04:55:00,37.24
11381,2017-03-16T05:15:00,32.16
11382,2017-03-16T05:35:00,69.11
11383,2017-03-16T05:55:00,85.92
11384,2017-03-16T06:15:00,89.83
11385,2017-03-16T06:35:00,91.4
11386,2017-03-16T06:55:00,93.35
11387,2017-03-16T07:15:00,94.92
11388,2017-03-16T07:35:00,97.07
11389,2017-03-16T07:55:00,96.58
11390,2017-03-16T08:15:00,96.28
11391,2017-03-16T08:35:00,96.28
11392,2017-03-16T08:55:00,96.48
11393,2017-03-16T09:15:00,96.19
11394,2017-03-16T09:35:00,96.97
11395,2017-03-16T09:55:00,97.07
11396,2017-03-16T10:15:00,97.36
11397,2017-03-16T10:35:00,96.28
11398,2017-03-16T10:55:00,95.99
11399,2017-03-16T11:15:00,97.65
11400,2017-03-16T11:35:00,97.65
11401,2017-03-16T11:55:00,97.26
11402,2017-03-16T12:15:00,97.56
11403,2017-03-16T12:40:00,97.07
11404,2017-03-16T13:00:00,97.07
11405,2017-03-16T13:20:00,96.87
11406,2017-03-16T13:40:00,95.8
11407,2017-03-16T14:00:00,96.48
11408,2017-03-16T14:20:00,96.28
11409,2017-03-16T14:40:00,95.99
11410,2017-03-16T15:00:00,95.21
11411,2017-03-16T15:20:00,93.65
11412,2017-03-16T15:40:00,93.84
11413,2017-03-16T16:00:00,92.08
11414,2017-03-16T16:20:00,88.95
11415,2017-03-16T16:40:00,83.19
11416,2017-03-16T17:00:00,79.67
11417,2017-03-16T17:20:00,58.36
11418,2017-03-16T17:40:00,35.58
11419,2017-03-16T18:00:00,3.91
11420,2017-03-16T18:20:00,3.52
11421,2017-03-16T18:40:00,3.42
11422,2017-03-16T19:00:00,3.42
11423,2017-03-16T19:20:00,3.52
11424,2017-03-16T19:40:00,3.62
11425,2017-03-16T20:00:00,3.62
11426,2017-03-16T20:20:00,3.72
11427,2017-03-16T20:40:00,3.72
11428,2017-03-16T21:00:00,3.72
11429,2017-03-16T21:20:00,3.62
11430,2017-03-16T21:40:00,3.81
11431,2017-03-16T22:00:00,3.72
11432,2017-03-16T22:20:00,3.72
11433,2017-03-16T22:40:00,3.72
11434,2017-03-16T23:00:00,3.81
11435,2017-03-16T23:20:00,3.72
11436,2017-03-16T23:40:00,3.72
11437,2017-03-17T00:05:00,3.62
11438,2017-03-17T00:25:00,3.42
11439,2017-03-17T00:45:00,2.84
11440,2017-03-17T01:05:00,2.74
11441,2017-03-17T01:25:00,2.54
11442,2017-03-17T01:45:00,2.54
11443,2017-03-17T02:05:00,2.74
11444,2017-03-17T02:25:00,2.54
11445,2017-03-17T02:45:00,2.54
11446,2017-03-17T03:05:00,2.54
11447,2017-03-17T03:25:00,2.54
11448,2017-03-17T03:45:00,33.72
11449,2017-03-17T04:05:00,34.6
11450,2017-03-17T04:25:00,36.07
11451,2017-03-17T04:45:00,34.7
11452,2017-03-17T05:05:00,36.76
11453,2017-03-17T05:25:00,74.58
11454,2017-03-17T05:45:00,93.35
11455,2017-03-17T06:05:00,95.5
11456,2017-03-17T06:25:00,96.38
11457,2017-03-17T06:45:00,97.16
11458,2017-03-17T07:05:00,97.65
11459,2017-03-17T07:25:00,97.65
11460,2017-03-17T07:45:00,97.46
11461,2017-03-17T08:05:00,96.19
11462,2017-03-17T08:25:00,97.65
11463,2017-03-17T08:45:00,96.48
11464,2017-03-17T09:05:00,95.8
11465,2017-03-17T09:25:00,87.98
11466,2017-03-17T09:45:00,97.75
11467,2017-03-17T10:05:00,97.85
11468,2017-03-17T10:25:00,94.14
11469,2017-03-17T10:45:00,94.43
11470,2017-03-17T11:05:00,95.7
11471,2017-03-17T11:30:00,97.36
11472,2017-03-17T11:50:00,97.36
11473,2017-03-17T12:10:00,86.9
11474,2017-03-17T12:30:00,94.04
11475,2017-03-17T12:50:00,96.28
11476,2017-03-17T13:10:00,93.84
11477,2017-03-17T13:30:00,92.38
11478,2017-03-17T13:50:00,91.4
11479,2017-03-17T14:10:00,93.45
11480,2017-03-17T14:30:00,82.6
11481,2017-03-17T14:50:00,95.31
11482,2017-03-17T15:10:00,91.2
11483,2017-03-17T15:30:00,90.91
11484,2017-03-17T15:50:00,96.19
11485,2017-03-17T16:10:00,96.19
11486,2017-03-17T16:30:00,91.79
11487,2017-03-17T16:50:00,85.92
11488,2017-03-17T17:10:00,74.1
11489,2017-03-17T17:30:00,41.74
11490,2017-03-17T17:50:00,33.92
11491,2017-03-17T18:10:00,2.84
11492,2017-03-17T18:30:00,2.64
11493,2017-03-17T18:50:00,2.64
11494,2017-03-17T19:10:00,2.64
11495,2017-03-17T19:30:00,2.64
11496,2017-03-17T19:50:00,2.64
11497,2017-03-17T20:10:00,2.54
11498,2017-03-17T20:30:00,2.64
11499,2017-03-17T20:50:00,2.64
11500,2017-03-17T21:10:00,2.64
11501,2017-03-17T21:30:00,2.64
11502,2017-03-17T21:50:00,2.64
11503,2017-03-17T22:10:00,2.64
11504,2017-03-17T22:30:00,2.64
11505,2017-03-17T22:55:00,2.54
11506,2017-03-17T23:15:00,2.54
11507,2017-03-17T23:35:00,2.64
11508,2017-03-17T23:55:00,2.74
11509,2017-03-18T00:15:00,2.54
11510,2017-03-18T00:35:00,2.64
11511,2017-03-18T00:55:00,2.64
11512,2017-03-18T01:15:00,2.64
11513,2017-03-18T01:35:00,2.54
11514,2017-03-18T01:55:00,2.64
11515,2017-03-18T02:15:00,2.74
11516,2017-03-18T02:35:00,2.64
11517,2017-03-18T02:55:00,2.64
11518,2017-03-18T03:15:00,2.74
11519,2017-03-18T03:35:00,2.64
11520,2017-03-18T03:55:00,2.64
11521,2017-03-18T04:15:00,2.64
11522,2017-03-18T04:35:00,2.74
11523,2017-03-18T04:55:00,5.67
11524,2017-03-18T05:15:00,21.99
11525,2017-03-18T05:35:00,43.5
11526,2017-03-18T05:55:00,61.39
11527,2017-03-18T06:15:00,78.89
11528,2017-03-18T06:35:00,89.44
11529,2017-03-18T06:55:00,87.39
11530,2017-03-18T07:15:00,89.54
11531,2017-03-18T07:35:00,91.4
11532,2017-03-18T07:55:00,92.67
11533,2017-03-18T08:15:00,93.65
11534,2017-03-18T08:35:00,96.19
11535,2017-03-18T08:55:00,95.7
11536,2017-03-18T09:15:00,96.68
11537,2017-03-18T09:35:00,97.95
11538,2017-03-18T10:00:00,97.65
11539,2017-03-18T10:20:00,96.97
11540,2017-03-18T10:40:00,97.65
11541,2017-03-18T11:00:00,97.75
11542,2017-03-18T11:20:00,96.58
11543,2017-03-18T11:40:00,97.85
11544,2017-03-18T12:00:00,97.75
11545,2017-03-18T12:20:00,97.46
11546,2017-03-18T12:40:00,97.36
11547,2017-03-18T13:00:00,96.97
11548,2017-03-18T13:20:00,96.68
11549,2017-03-18T13:40:00,96.58
11550,2017-03-18T14:00:00,96.48
11551,2017-03-18T14:20:00,96.48
11552,2017-03-18T14:40:00,95.99
11553,2017-03-18T15:00:00,95.7
11554,2017-03-18T15:20:00,94.43
11555,2017-03-18T15:40:00,95.8
11556,2017-03-18T16:00:00,96.77
11557,2017-03-18T16:20:00,95.41
11558,2017-03-18T16:40:00,89.05
11559,2017-03-18T17:00:00,83.97
11560,2017-03-18T17:20:00,69.5
11561,2017-03-18T17:40:00,25.22
11562,2017-03-18T18:00:00,5.08
11563,2017-03-18T18:20:00,3.62
11564,2017-03-18T18:40:00,3.52
11565,2017-03-18T19:00:00,3.52
11566,2017-03-18T19:20:00,3.62
11567,2017-03-18T19:40:00,3.62
11568,2017-03-18T20:00:00,3.62
11569,2017-03-18T20:20:00,3.62
11570,2017-03-18T20:40:00,3.62
11571,2017-03-18T21:00:00,3.62
11572,2017-03-18T21:25:00,3.62
11573,2017-03-18T21:45:00,3.62
11574,2017-03-18T22:05:00,3.52
11575,2017-03-18T22:25:00,3.52
11576,2017-03-18T22:45:00,3.52
11577,2017-03-18T23:05:00,3.52
11578,2017-03-18T23:25:00,3.52
11579,2017-03-18T23:45:00,3.52
11580,2017-03-19T00:05:00,3.52
11581,2017-03-19T00:25:00,3.52
11582,2017-03-19T00:45:00,3.52
11583,2017-03-19T01:05:00,3.52
11584,2017-03-19T01:25:00,3.52
11585,2017-03-19T01:45:00,3.52
11586,2017-03-19T02:05:00,3.52
11587,2017-03-19T02:25:00,3.62
11588,2017-03-19T02:45:00,3.52
11589,2017-03-19T03:05:00,3.62
11590,2017-03-19T03:25:00,3.52
11591,2017-03-19T03:45:00,3.52
11592,2017-03-19T04:05:00,3.62
11593,2017-03-19T04:25:00,4.2
11594,2017-03-19T04:45:00,10.95
11595,2017-03-19T05:05:00,56.01
11596,2017-03-19T05:25:00,86.02
11597,2017-03-19T05:45:00,79.47
11598,2017-03-19T06:05:00,84.46
11599,2017-03-19T06:25:00,85.73
11600,2017-03-19T06:45:00,87
11601,2017-03-19T07:05:00,90.62
11602,2017-03-19T07:25:00,91.69
11603,2017-03-19T07:45:00,92.86
11604,2017-03-19T08:05:00,92.38
11605,2017-03-19T08:25:00,92.96
11606,2017-03-19T08:50:00,92.77
11607,2017-03-19T09:10:00,92.38
11608,2017-03-19T09:30:00,92.18
11609,2017-03-19T09:50:00,93.45
11610,2017-03-19T10:10:00,93.35
11611,2017-03-19T10:30:00,91.59
11612,2017-03-19T10:50:00,93.35
11613,2017-03-19T11:10:00,92.28
11614,2017-03-19T11:30:00,88.95
11615,2017-03-19T11:50:00,91.5
11616,2017-03-19T12:10:00,91.5
11617,2017-03-19T12:30:00,90.22
11618,2017-03-19T12:50:00,91.2
11619,2017-03-19T13:10:00,89.74
11620,2017-03-19T13:30:00,89.83
11621,2017-03-19T13:50:00,90.32
11622,2017-03-19T14:10:00,89.44
11623,2017-03-19T14:30:00,88.27
11624,2017-03-19T14:50:00,83.97
11625,2017-03-19T15:10:00,85.24
11626,2017-03-19T15:30:00,82.01
11627,2017-03-19T15:50:00,77.13
11628,2017-03-19T16:10:00,71.55
11629,2017-03-19T16:30:00,64.42
11630,2017-03-19T16:50:00,58.46
11631,2017-03-19T17:10:00,35.39
11632,2017-03-19T17:30:00,13.98
11633,2017-03-19T17:50:00,4.01
11634,2017-03-19T18:10:00,2.84
11635,2017-03-19T18:30:00,2.74
11636,2017-03-19T18:50:00,2.74
11637,2017-03-19T19:10:00,3.03
11638,2017-03-19T19:30:00,2.74
11639,2017-03-19T19:50:00,2.84
11640,2017-03-19T20:15:00,2.84
11641,2017-03-19T20:35:00,2.84
11642,2017-03-19T20:55:00,2.84
11643,2017-03-19T21:15:00,2.74
11644,2017-03-19T21:35:00,2.74
11645,2017-03-19T21:55:00,2.84
11646,2017-03-19T22:15:00,2.44
11647,2017-03-19T22:35:00,2.44
11648,2017-03-19T22:55:00,2.44
11649,2017-03-19T23:15:00,2.35
11650,2017-03-19T23:35:00,2.44
11651,2017-03-19T23:55:00,2.35
11652,2017-03-20T00:15:00,2.25
11653,2017-03-20T00:35:00,2.25
11654,2017-03-20T00:55:00,2.25
11655,2017-03-20T01:15:00,2.25
11656,2017-03-20T01:35:00,2.25
11657,2017-03-20T01:55:00,2.25
11658,2017-03-20T02:15:00,2.25
11659,2017-03-20T02:35:00,2.25
11660,2017-03-20T02:55:00,2.25
11661,2017-03-20T03:15:00,2.35
11662,2017-03-20T03:35:00,34.12
11663,2017-03-20T03:55:00,34.51
11664,2017-03-20T04:15:00,33.04
11665,2017-03-20T04:35:00,32.75
11666,2017-03-20T04:55:00,35.88
11667,2017-03-20T05:15:00,46.82
11668,2017-03-20T05:35:00,69.01
11669,2017-03-20T05:55:00,89.64
11670,2017-03-20T06:15:00,90.81
11671,2017-03-20T06:35:00,94.82
11672,2017-03-20T06:55:00,95.99
11673,2017-03-20T07:20:00,95.5
11674,2017-03-20T07:40:00,96.48
11675,2017-03-20T08:00:00,97.46
11676,2017-03-20T08:20:00,97.07
11677,2017-03-20T08:40:00,94.04
11678,2017-03-20T09:00:00,94.53
11679,2017-03-20T09:20:00,93.74
11680,2017-03-20T09:40:00,93.65
11681,2017-03-20T10:00:00,95.41
11682,2017-03-20T10:20:00,96.28
11683,2017-03-20T10:40:00,95.5
11684,2017-03-20T11:00:00,93.35
11685,2017-03-20T11:20:00,95.7
11686,2017-03-20T11:40:00,96.97
11687,2017-03-20T12:00:00,96.48
11688,2017-03-20T12:20:00,95.89
11689,2017-03-20T12:40:00,94.53
11690,2017-03-20T13:00:00,92.77
11691,2017-03-20T13:20:00,89.83
11692,2017-03-20T13:40:00,90.42
11693,2017-03-20T14:00:00,90.62
11694,2017-03-20T14:20:00,86.12
11695,2017-03-20T14:40:00,85.24
11696,2017-03-20T15:00:00,84.26
11697,2017-03-20T15:20:00,80.06
11698,2017-03-20T15:40:00,79.47
11699,2017-03-20T16:00:00,73.7
11700,2017-03-20T16:20:00,71.06
11701,2017-03-20T16:40:00,61.49
11702,2017-03-20T17:00:00,45.16
11703,2017-03-20T17:20:00,28.25
11704,2017-03-20T17:40:00,33.14
11705,2017-03-20T18:00:00,3.42
11706,2017-03-20T18:20:00,2.64
11707,2017-03-20T18:45:00,2.74
11708,2017-03-20T19:05:00,2.64
11709,2017-03-20T19:25:00,2.74
11710,2017-03-20T19:45:00,2.64
11711,2017-03-20T20:05:00,2.54
11712,2017-03-20T20:25:00,2.44
11713,2017-03-20T20:45:00,2.44
11714,2017-03-20T21:05:00,2.54
11715,2017-03-20T21:25:00,2.35
11716,2017-03-20T21:45:00,2.25
11717,2017-03-20T22:05:00,2.25
11718,2017-03-20T22:25:00,2.25
11719,2017-03-20T22:45:00,2.25
11720,2017-03-20T23:05:00,2.25
11721,2017-03-20T23:25:00,2.25
11722,2017-03-20T23:45:00,2.25
11723,2017-03-21T00:05:00,2.25
11724,2017-03-21T00:25:00,2.25
11725,2017-03-21T00:45:00,2.35
11726,2017-03-21T01:05:00,2.25
11727,2017-03-21T01:25:00,2.35
11728,2017-03-21T01:45:00,2.25
11729,2017-03-21T02:05:00,2.35
11730,2017-03-21T02:25:00,2.35
11731,2017-03-21T02:45:00,2.35
11732,2017-03-21T03:05:00,2.35
11733,2017-03-21T03:25:00,2.35
11734,2017-03-21T03:45:00,34.41
11735,2017-03-21T04:05:00,35.97
11736,2017-03-21T04:25:00,34.12
11737,2017-03-21T04:45:00,27.18
11738,2017-03-21T05:05:00,67.45
11739,2017-03-21T05:25:00,88.95
11740,2017-03-21T05:45:00,95.31
11741,2017-03-21T06:10:00,96.19
11742,2017-03-21T06:30:00,97.36
11743,2017-03-21T06:50:00,97.75
11744,2017-03-21T07:10:00,98.04
11745,2017-03-21T07:30:00,97.26
11746,2017-03-21T07:50:00,97.95
11747,2017-03-21T08:10:00,98.04
11748,2017-03-21T08:30:00,97.36
11749,2017-03-21T08:50:00,97.95
11750,2017-03-21T09:10:00,96.48
11751,2017-03-21T09:30:00,96.58
11752,2017-03-21T09:50:00,97.95
11753,2017-03-21T10:10:00,93.74
11754,2017-03-21T10:30:00,97.65
11755,2017-03-21T10:50:00,95.6
11756,2017-03-21T11:10:00,97.75
11757,2017-03-21T11:30:00,95.5
11758,2017-03-21T11:50:00,95.31
11759,2017-03-21T12:10:00,97.56
11760,2017-03-21T12:30:00,95.89
11761,2017-03-21T12:50:00,92.18
11762,2017-03-21T13:10:00,96.48
11763,2017-03-21T13:30:00,95.21
11764,2017-03-21T13:50:00,96.48
11765,2017-03-21T14:10:00,96.19
11766,2017-03-21T14:30:00,96.09
11767,2017-03-21T14:50:00,95.5
11768,2017-03-21T15:10:00,95.31
11769,2017-03-21T15:30:00,93.74
11770,2017-03-21T15:50:00,96.68
11771,2017-03-21T16:10:00,91.69
11772,2017-03-21T16:30:00,95.7
11773,2017-03-21T16:50:00,88.95
11774,2017-03-21T17:10:00,75.56
11775,2017-03-21T17:35:00,53.67
11776,2017-03-21T17:55:00,36.76
11777,2017-03-21T18:15:00,3.81
11778,2017-03-21T18:35:00,3.32
11779,2017-03-21T18:55:00,2.54
11780,2017-03-21T19:15:00,2.64
11781,2017-03-21T19:35:00,2.93
11782,2017-03-21T19:55:00,3.03
11783,2017-03-21T20:15:00,3.23
11784,2017-03-21T20:35:00,2.64
11785,2017-03-21T20:55:00,2.44
11786,2017-03-21T21:15:00,2.44
11787,2017-03-21T21:35:00,2.64
11788,2017-03-21T21:55:00,2.74
11789,2017-03-21T22:15:00,2.54
11790,2017-03-21T22:35:00,2.44
11791,2017-03-21T22:55:00,2.44
11792,2017-03-21T23:15:00,2.25
11793,2017-03-21T23:35:00,2.25
11794,2017-03-21T23:55:00,2.35
11795,2017-03-22T00:15:00,2.25
11796,2017-03-22T00:35:00,2.35
11797,2017-03-22T00:55:00,2.35
11798,2017-03-22T01:15:00,2.35
11799,2017-03-22T01:35:00,2.35
11800,2017-03-22T01:55:00,2.35
11801,2017-03-22T02:15:00,2.35
11802,2017-03-22T02:35:00,2.35
11803,2017-03-22T02:55:00,2.35
11804,2017-03-22T03:15:00,2.35
11805,2017-03-22T03:35:00,36.27
11806,2017-03-22T03:55:00,36.07
11807,2017-03-22T04:15:00,35.68
11808,2017-03-22T04:40:00,37.34
11809,2017-03-22T05:00:00,55.82
11810,2017-03-22T05:20:00,84.16
11811,2017-03-22T05:40:00,94.82
11812,2017-03-22T06:00:00,96.68
11813,2017-03-22T06:20:00,97.26
11814,2017-03-22T06:40:00,97.75
11815,2017-03-22T07:00:00,97.95
11816,2017-03-22T07:20:00,97.85
11817,2017-03-22T07:40:00,97.56
11818,2017-03-22T08:00:00,97.46
11819,2017-03-22T08:20:00,97.07
11820,2017-03-22T08:40:00,96.48
11821,2017-03-22T09:00:00,97.46
11822,2017-03-22T09:20:00,97.65
11823,2017-03-22T09:40:00,97.85
11824,2017-03-22T10:00:00,97.85
11825,2017-03-22T10:20:00,97.16
11826,2017-03-22T10:40:00,97.85
11827,2017-03-22T11:00:00,95.99
11828,2017-03-22T11:20:00,96.77
11829,2017-03-22T11:40:00,96.09
11830,2017-03-22T12:00:00,96.58
11831,2017-03-22T12:20:00,95.6
11832,2017-03-22T12:40:00,95.31
11833,2017-03-22T13:00:00,94.43
11834,2017-03-22T13:20:00,91.79
11835,2017-03-22T13:40:00,96.77
11836,2017-03-22T14:00:00,94.62
11837,2017-03-22T14:20:00,93.55
11838,2017-03-22T14:40:00,95.41
11839,2017-03-22T15:00:00,95.89
11840,2017-03-22T15:20:00,95.41
11841,2017-03-22T15:40:00,96.48
11842,2017-03-22T16:05:00,95.31
11843,2017-03-22T16:25:00,96.68
11844,2017-03-22T16:45:00,90.03
11845,2017-03-22T17:05:00,86.02
11846,2017-03-22T17:25:00,71.85
11847,2017-03-22T17:45:00,36.07
11848,2017-03-22T18:05:00,6.55
11849,2017-03-22T18:25:00,3.62
11850,2017-03-22T18:45:00,3.42
11851,2017-03-22T19:05:00,3.52
11852,2017-03-22T19:25:00,3.52
11853,2017-03-22T19:45:00,3.52
11854,2017-03-22T20:05:00,3.52
11855,2017-03-22T20:25:00,3.52
11856,2017-03-22T20:45:00,3.52
11857,2017-03-22T21:05:00,3.42
11858,2017-03-22T21:25:00,3.42
11859,2017-03-22T21:45:00,3.42
11860,2017-03-22T22:05:00,3.42
11861,2017-03-22T22:25:00,3.42
11862,2017-03-22T22:45:00,3.42
11863,2017-03-22T23:05:00,3.42
11864,2017-03-22T23:25:00,3.32
11865,2017-03-22T23:45:00,3.42
11866,2017-03-23T00:05:00,3.42
11867,2017-03-23T00:25:00,3.32
11868,2017-03-23T00:45:00,3.42
11869,2017-03-23T01:05:00,3.32
11870,2017-03-23T01:25:00,3.32
11871,2017-03-23T01:45:00,3.32
11872,2017-03-23T02:05:00,3.32
11873,2017-03-23T02:25:00,3.32
11874,2017-03-23T02:45:00,3.32
11875,2017-03-23T03:05:00,3.52
11876,2017-03-23T03:30:00,19.45
11877,2017-03-23T03:50:00,39.2
11878,2017-03-23T04:10:00,38.51
11879,2017-03-23T04:30:00,40.76
11880,2017-03-23T04:50:00,38.22
11881,2017-03-23T05:10:00,73.7
11882,2017-03-23T05:30:00,90.71
11883,2017-03-23T05:50:00,95.7
11884,2017-03-23T06:10:00,97.16
11885,2017-03-23T06:30:00,97.56
11886,2017-03-23T06:50:00,97.85
11887,2017-03-23T07:10:00,97.75
11888,2017-03-23T07:30:00,97.95
11889,2017-03-23T07:50:00,97.95
11890,2017-03-23T08:10:00,98.04
11891,2017-03-23T08:30:00,97.65
11892,2017-03-23T08:50:00,97.75
11893,2017-03-23T09:10:00,97.65
11894,2017-03-23T09:30:00,97.56
11895,2017-03-23T09:50:00,97.85
11896,2017-03-23T10:10:00,97.56
11897,2017-03-23T10:30:00,97.75
11898,2017-03-23T10:50:00,97.65
11899,2017-03-23T11:10:00,97.85
11900,2017-03-23T11:30:00,97.85
11901,2017-03-23T11:50:00,97.75
11902,2017-03-23T12:10:00,97.65
11903,2017-03-23T12:30:00,97.46
11904,2017-03-23T12:50:00,97.16
11905,2017-03-23T13:10:00,96.68
11906,2017-03-23T13:30:00,96.38
11907,2017-03-23T13:50:00,96.38
11908,2017-03-23T14:10:00,96.28
11909,2017-03-23T14:30:00,95.99
11910,2017-03-23T14:55:00,95.6
11911,2017-03-23T15:15:00,95.21
11912,2017-03-23T15:35:00,96.09
11913,2017-03-23T15:55:00,96.97
11914,2017-03-23T16:15:00,96.97
11915,2017-03-23T16:35:00,96.38
11916,2017-03-23T16:55:00,88.27
11917,2017-03-23T17:15:00,82.7
11918,2017-03-23T17:35:00,63.34
11919,2017-03-23T17:55:00,23.75
11920,2017-03-23T18:15:00,4.59
11921,2017-03-23T18:35:00,3.62
11922,2017-03-23T18:55:00,3.62
11923,2017-03-23T19:15:00,3.62
11924,2017-03-23T19:35:00,3.62
11925,2017-03-23T19:55:00,3.62
11926,2017-03-23T20:15:00,3.52
11927,2017-03-23T20:35:00,3.62
11928,2017-03-23T20:55:00,3.52
11929,2017-03-23T21:15:00,3.52
11930,2017-03-23T21:35:00,3.62
11931,2017-03-23T21:55:00,3.62
11932,2017-03-23T22:15:00,3.52
11933,2017-03-23T22:35:00,3.52
11934,2017-03-23T22:55:00,3.52
11935,2017-03-23T23:15:00,3.52
11936,2017-03-23T23:35:00,3.62
11937,2017-03-23T23:55:00,3.62
11938,2017-03-24T00:15:00,3.52
11939,2017-03-24T00:35:00,3.52
11940,2017-03-24T00:55:00,3.62
11941,2017-03-24T01:15:00,3.62
11942,2017-03-24T01:35:00,3.62
11943,2017-03-24T01:55:00,3.62
11944,2017-03-24T02:20:00,3.62
11945,2017-03-24T02:40:00,3.62
11946,2017-03-24T03:00:00,3.62
11947,2017-03-24T03:20:00,3.72
11948,2017-03-24T03:40:00,34.31
11949,2017-03-24T04:00:00,35.88
11950,2017-03-24T04:20:00,34.41
11951,2017-03-24T04:40:00,27.96
11952,2017-03-24T05:00:00,67.74
11953,2017-03-24T05:20:00,84.75
11954,2017-03-24T05:40:00,94.92
11955,2017-03-24T06:00:00,93.94
11956,2017-03-24T06:20:00,97.46
11957,2017-03-24T06:40:00,97.56
11958,2017-03-24T07:00:00,98.04
11959,2017-03-24T07:20:00,98.04
11960,2017-03-24T07:40:00,97.95
11961,2017-03-24T08:00:00,96.09
11962,2017-03-24T08:20:00,97.16
11963,2017-03-24T08:40:00,97.65
11964,2017-03-24T09:00:00,97.56
11965,2017-03-24T09:20:00,97.65
11966,2017-03-24T09:40:00,97.46
11967,2017-03-24T10:00:00,97.85
11968,2017-03-24T10:20:00,97.85
11969,2017-03-24T10:40:00,97.85
11970,2017-03-24T11:00:00,97.75
11971,2017-03-24T11:20:00,97.75
11972,2017-03-24T11:40:00,97.75
11973,2017-03-24T12:00:00,97.75
11974,2017-03-24T12:20:00,97.46
11975,2017-03-24T12:40:00,97.36
11976,2017-03-24T13:00:00,96.97
11977,2017-03-24T13:25:00,96.68
11978,2017-03-24T13:45:00,96.68
11979,2017-03-24T14:05:00,96.48
11980,2017-03-24T14:25:00,95.99
11981,2017-03-24T14:45:00,95.6
11982,2017-03-24T15:05:00,95.02
11983,2017-03-24T15:25:00,94.23
11984,2017-03-24T15:45:00,93.55
11985,2017-03-24T16:05:00,92.38
11986,2017-03-24T16:25:00,90.42
11987,2017-03-24T16:45:00,87.2
11988,2017-03-24T17:05:00,80.45
11989,2017-03-24T17:25:00,63.15
11990,2017-03-24T17:45:00,33.04
11991,2017-03-24T18:05:00,6.65
11992,2017-03-24T18:25:00,4.01
11993,2017-03-24T18:45:00,3.91
11994,2017-03-24T19:05:00,3.91
11995,2017-03-24T19:25:00,3.91
11996,2017-03-24T19:45:00,3.91
11997,2017-03-24T20:05:00,3.91
11998,2017-03-24T20:25:00,3.91
11999,2017-03-24T20:45:00,4.01
12000,2017-03-24T21:05:00,4.01
12001,2017-03-24T21:25:00,4.01
12002,2017-03-24T21:45:00,4.01
12003,2017-03-24T22:05:00,4.01
12004,2017-03-24T22:25:00,3.91
12005,2017-03-24T22:45:00,3.91
12006,2017-03-24T23:05:00,3.91
12007,2017-03-24T23:25:00,3.81
12008,2017-03-24T23:45:00,3.81
12009,2017-03-25T00:05:00,3.81
12010,2017-03-25T00:25:00,3.81
12011,2017-03-25T00:50:00,3.81
12012,2017-03-25T01:10:00,3.81
12013,2017-03-25T01:30:00,3.81
12014,2017-03-25T01:50:00,3.72
12015,2017-03-25T02:10:00,3.81
12016,2017-03-25T02:30:00,3.81
12017,2017-03-25T02:50:00,3.72
12018,2017-03-25T03:10:00,3.81
12019,2017-03-25T03:30:00,3.81
12020,2017-03-25T03:50:00,3.91
12021,2017-03-25T04:10:00,4.01
12022,2017-03-25T04:30:00,5.28
12023,2017-03-25T04:50:00,25.61
12024,2017-03-25T05:10:00,50.24
12025,2017-03-25T05:30:00,76.44
12026,2017-03-25T05:50:00,86.51
12027,2017-03-25T06:10:00,94.33
12028,2017-03-25T06:30:00,95.89
12029,2017-03-25T06:50:00,97.07
12030,2017-03-25T07:10:00,97.56
12031,2017-03-25T07:30:00,97.56
12032,2017-03-25T07:50:00,97.26
12033,2017-03-25T08:10:00,97.16
12034,2017-03-25T08:30:00,97.75
12035,2017-03-25T08:50:00,97.75
12036,2017-03-25T09:10:00,97.75
12037,2017-03-25T09:30:00,97.75
12038,2017-03-25T09:50:00,97.65
12039,2017-03-25T10:10:00,97.85
12040,2017-03-25T10:30:00,97.75
12041,2017-03-25T10:50:00,97.75
12042,2017-03-25T11:10:00,97.75
12043,2017-03-25T11:30:00,97.75
12044,2017-03-25T11:50:00,97.75
12045,2017-03-25T12:15:00,97.75
12046,2017-03-25T12:35:00,97.46
12047,2017-03-25T12:55:00,97.16
12048,2017-03-25T13:15:00,96.87
12049,2017-03-25T13:35:00,96.87
12050,2017-03-25T13:55:00,96.58
12051,2017-03-25T14:15:00,96.19
12052,2017-03-25T14:35:00,95.7
12053,2017-03-25T14:55:00,95.6
12054,2017-03-25T15:15:00,94.92
12055,2017-03-25T15:35:00,95.5
12056,2017-03-25T15:55:00,93.16
12057,2017-03-25T16:15:00,91.98
12058,2017-03-25T16:35:00,90.91
12059,2017-03-25T16:55:00,84.46
12060,2017-03-25T17:15:00,79.96
12061,2017-03-25T17:35:00,60.22
12062,2017-03-25T17:55:00,30.01
12063,2017-03-25T18:15:00,5.38
12064,2017-03-25T18:35:00,4.01
12065,2017-03-25T18:55:00,4.01
12066,2017-03-25T19:15:00,3.91
12067,2017-03-25T19:35:00,4.01
12068,2017-03-25T19:55:00,3.91
12069,2017-03-25T20:15:00,3.91
12070,2017-03-25T20:35:00,4.01
12071,2017-03-25T20:55:00,4.01
12072,2017-03-25T21:15:00,4.11
12073,2017-03-25T21:35:00,4.2
12074,2017-03-25T21:55:00,4.2
12075,2017-03-25T22:15:00,4.11
12076,2017-03-25T22:35:00,4.11
12077,2017-03-25T22:55:00,4.11
12078,2017-03-25T23:15:00,4.11
12079,2017-03-25T23:40:00,4.11
12080,2017-03-26T00:00:00,4.11
12081,2017-03-26T00:20:00,4.11
12082,2017-03-26T00:40:00,4.11
12083,2017-03-26T01:00:00,4.11
12084,2017-03-26T01:20:00,4.01
12085,2017-03-26T01:40:00,4.01
12086,2017-03-26T03:00:00,3.81
12087,2017-03-26T03:20:00,3.81
12088,2017-03-26T03:40:00,3.81
12089,2017-03-26T04:00:00,3.91
12090,2017-03-26T04:20:00,6.65
12091,2017-03-26T04:40:00,32.75
12092,2017-03-26T05:00:00,68.43
12093,2017-03-26T05:20:00,85.14
12094,2017-03-26T05:40:00,91.89
12095,2017-03-26T06:00:00,97.16
12096,2017-03-26T06:20:00,95.11
12097,2017-03-26T06:40:00,96.09
12098,2017-03-26T07:00:00,96.97
12099,2017-03-26T07:20:00,97.16
12100,2017-03-26T07:40:00,98.14
12101,2017-03-26T08:00:00,97.95
12102,2017-03-26T08:20:00,97.85
12103,2017-03-26T08:40:00,97.95
12104,2017-03-26T09:00:00,98.04
12105,2017-03-26T09:20:00,97.95
12106,2017-03-26T09:40:00,97.95
12107,2017-03-26T10:00:00,97.85
12108,2017-03-26T10:20:00,97.85
12109,2017-03-26T10:45:00,97.85
12110,2017-03-26T11:05:00,97.85
12111,2017-03-26T11:25:00,97.85
12112,2017-03-26T11:45:00,97.85
12113,2017-03-26T12:05:00,97.75
12114,2017-03-26T12:25:00,97.65
12115,2017-03-26T12:45:00,97.16
12116,2017-03-26T13:05:00,96.97
12117,2017-03-26T13:25:00,96.87
12118,2017-03-26T13:45:00,96.77
12119,2017-03-26T14:05:00,96.68
12120,2017-03-26T14:25:00,96.38
12121,2017-03-26T14:45:00,96.09
12122,2017-03-26T15:05:00,95.8
12123,2017-03-26T15:25:00,95.89
12124,2017-03-26T15:45:00,97.07
12125,2017-03-26T16:05:00,97.36
12126,2017-03-26T16:25:00,97.07
12127,2017-03-26T16:45:00,90.13
12128,2017-03-26T17:05:00,87.49
12129,2017-03-26T17:25:00,80.25
12130,2017-03-26T17:45:00,50.73
12131,2017-03-26T18:05:00,10.95
12132,2017-03-26T18:25:00,4.3
12133,2017-03-26T18:45:00,3.81
12134,2017-03-26T19:05:00,3.81
12135,2017-03-26T19:25:00,3.81
12136,2017-03-26T19:45:00,3.81
12137,2017-03-26T20:05:00,3.81
12138,2017-03-26T20:25:00,3.81
12139,2017-03-26T20:45:00,3.91
12140,2017-03-26T21:05:00,3.91
12141,2017-03-26T21:25:00,4.01
12142,2017-03-26T21:45:00,4.01
12143,2017-03-26T22:10:00,4.11
12144,2017-03-26T22:30:00,4.11
12145,2017-03-26T22:50:00,4.2
12146,2017-03-26T23:10:00,4.11
12147,2017-03-26T23:30:00,4.11
12148,2017-03-26T23:50:00,4.11
12149,2017-03-27T00:10:00,4.11
12150,2017-03-27T00:30:00,4.11
12151,2017-03-27T00:50:00,4.11
12152,2017-03-27T01:10:00,4.11
12153,2017-03-27T01:30:00,4.2
12154,2017-03-27T01:50:00,4.2
12155,2017-03-27T02:10:00,4.2
12156,2017-03-27T02:30:00,31.57
12157,2017-03-27T02:50:00,35.09
12158,2017-03-27T03:10:00,35.78
12159,2017-03-27T03:30:00,36.07
12160,2017-03-27T03:50:00,35.97
12161,2017-03-27T04:10:00,38.02
12162,2017-03-27T04:30:00,39.2
12163,2017-03-27T04:50:00,52.49
12164,2017-03-27T05:10:00,78.3
12165,2017-03-27T05:30:00,84.36
12166,2017-03-27T05:50:00,87.2
12167,2017-03-27T06:10:00,89.83
12168,2017-03-27T06:30:00,90.13
12169,2017-03-27T06:50:00,91.89
12170,2017-03-27T07:10:00,93.65
12171,2017-03-27T07:30:00,93.94
12172,2017-03-27T07:50:00,95.11
12173,2017-03-27T08:10:00,96.28
12174,2017-03-27T08:30:00,97.07
12175,2017-03-27T08:50:00,96.97
12176,2017-03-27T09:10:00,97.95
12177,2017-03-27T09:35:00,97.95
12178,2017-03-27T09:55:00,97.85
12179,2017-03-27T10:15:00,97.75
12180,2017-03-27T10:35:00,97.85
12181,2017-03-27T10:55:00,97.85
12182,2017-03-27T11:15:00,97.85
12183,2017-03-27T11:35:00,97.85
12184,2017-03-27T11:55:00,97.85
12185,2017-03-27T12:15:00,97.65
12186,2017-03-27T12:35:00,97.46
12187,2017-03-27T12:55:00,97.07
12188,2017-03-27T13:15:00,96.87
12189,2017-03-27T13:35:00,96.77
12190,2017-03-27T13:55:00,96.68
12191,2017-03-27T14:15:00,96.48
12192,2017-03-27T14:35:00,96.09
12193,2017-03-27T14:55:00,95.99
12194,2017-03-27T15:15:00,95.6
12195,2017-03-27T15:35:00,95.89
12196,2017-03-27T15:55:00,97.26
12197,2017-03-27T16:15:00,97.26
12198,2017-03-27T16:35:00,91.2
12199,2017-03-27T16:55:00,89.05
12200,2017-03-27T17:15:00,84.46
12201,2017-03-27T17:35:00,71.06
12202,2017-03-27T17:55:00,33.92
12203,2017-03-27T18:15:00,6.16
12204,2017-03-27T18:35:00,3.62
12205,2017-03-27T18:55:00,3.52
12206,2017-03-27T19:15:00,3.52
12207,2017-03-27T19:35:00,3.52
12208,2017-03-27T19:55:00,3.72
12209,2017-03-27T20:15:00,3.72
12210,2017-03-27T20:35:00,3.72
12211,2017-03-27T21:00:00,3.62
12212,2017-03-27T21:20:00,3.72
12213,2017-03-27T21:40:00,3.72
12214,2017-03-27T22:00:00,3.72
12215,2017-03-27T22:20:00,3.72
12216,2017-03-27T22:40:00,3.72
12217,2017-03-27T23:00:00,3.72
12218,2017-03-27T23:20:00,3.81
12219,2017-03-27T23:40:00,3.81
12220,2017-03-28T00:00:00,3.81
12221,2017-03-28T00:20:00,3.81
12222,2017-03-28T00:40:00,3.81
12223,2017-03-28T01:00:00,3.81
12224,2017-03-28T01:20:00,3.81
12225,2017-03-28T01:40:00,3.81
12226,2017-03-28T02:00:00,3.81
12227,2017-03-28T02:20:00,3.91
12228,2017-03-28T02:40:00,34.21
12229,2017-03-28T03:00:00,36.27
12230,2017-03-28T03:20:00,34.12
12231,2017-03-28T03:40:00,36.36
12232,2017-03-28T04:00:00,37.34
12233,2017-03-28T04:20:00,36.76
12234,2017-03-28T04:40:00,42.62
12235,2017-03-28T05:00:00,70.67
12236,2017-03-28T05:20:00,82.7
12237,2017-03-28T05:40:00,86.9
12238,2017-03-28T06:00:00,89.64
12239,2017-03-28T06:20:00,91.59
12240,2017-03-28T06:40:00,93.16
12241,2017-03-28T07:00:00,93.26
12242,2017-03-28T07:20:00,92.18
12243,2017-03-28T07:40:00,94.82
12244,2017-03-28T08:05:00,94.43
12245,2017-03-28T08:25:00,95.31
12246,2017-03-28T08:45:00,95.89
12247,2017-03-28T09:05:00,96.19
12248,2017-03-28T09:25:00,95.7
12249,2017-03-28T09:45:00,95.7
12250,2017-03-28T10:05:00,95.89
12251,2017-03-28T10:25:00,95.99
12252,2017-03-28T10:45:00,96.19
12253,2017-03-28T11:05:00,97.07
12254,2017-03-28T11:25:00,97.85
12255,2017-03-28T11:45:00,97.56
12256,2017-03-28T12:05:00,97.75
12257,2017-03-28T12:25:00,96.68
12258,2017-03-28T12:45:00,96.97
12259,2017-03-28T13:05:00,97.07
12260,2017-03-28T13:25:00,96.68
12261,2017-03-28T13:45:00,96.58
12262,2017-03-28T14:05:00,95.02
12263,2017-03-28T14:25:00,96.68
12264,2017-03-28T14:45:00,96.28
12265,2017-03-28T15:05:00,96.09
12266,2017-03-28T15:25:00,96.28
12267,2017-03-28T15:45:00,94.62
12268,2017-03-28T16:05:00,95.5
12269,2017-03-28T16:25:00,93.06
12270,2017-03-28T16:45:00,91.1
12271,2017-03-28T17:05:00,87.1
12272,2017-03-28T17:25:00,77.91
12273,2017-03-28T17:45:00,51.22
12274,2017-03-28T18:05:00,11.54
12275,2017-03-28T18:25:00,4.11
12276,2017-03-28T18:45:00,3.62
12277,2017-03-28T19:05:00,3.62
12278,2017-03-28T19:30:00,3.62
12279,2017-03-28T19:50:00,3.62
12280,2017-03-28T20:10:00,3.52
12281,2017-03-28T20:30:00,3.52
12282,2017-03-28T20:50:00,3.52
12283,2017-03-28T21:10:00,3.52
12284,2017-03-28T21:30:00,3.52
12285,2017-03-28T21:50:00,3.52
12286,2017-03-28T22:10:00,3.52
12287,2017-03-28T22:30:00,3.52
12288,2017-03-28T22:50:00,3.52
12289,2017-03-28T23:10:00,3.72
12290,2017-03-28T23:30:00,3.62
12291,2017-03-28T23:50:00,3.81
12292,2017-03-29T00:10:00,3.91
12293,2017-03-29T00:30:00,3.91
12294,2017-03-29T00:50:00,4.01
12295,2017-03-29T01:10:00,4.5
12296,2017-03-29T01:30:00,4.11
12297,2017-03-29T01:50:00,4.01
12298,2017-03-29T02:10:00,4.01
12299,2017-03-29T02:30:00,31.96
12300,2017-03-29T02:50:00,35.58
12301,2017-03-29T03:10:00,33.33
12302,2017-03-29T03:30:00,36.27
12303,2017-03-29T03:50:00,35.97
12304,2017-03-29T04:10:00,34.99
12305,2017-03-29T04:30:00,35.39
12306,2017-03-29T04:50:00,30.79
12307,2017-03-29T05:10:00,43.89
12308,2017-03-29T05:30:00,55.23
12309,2017-03-29T05:50:00,65.98
12310,2017-03-29T06:10:00,76.25
12311,2017-03-29T06:30:00,80.84
12312,2017-03-29T06:55:00,82.99
12313,2017-03-29T07:15:00,83.97
12314,2017-03-29T07:35:00,87.49
12315,2017-03-29T07:55:00,87.39
12316,2017-03-29T08:15:00,90.42
12317,2017-03-29T08:35:00,91.59
12318,2017-03-29T08:55:00,89.34
12319,2017-03-29T09:15:00,90.81
12320,2017-03-29T09:35:00,92.96
12321,2017-03-29T09:55:00,92.57
12322,2017-03-29T10:15:00,94.14
12323,2017-03-29T10:35:00,92.57
12324,2017-03-29T10:55:00,91.3
12325,2017-03-29T11:15:00,90.22
12326,2017-03-29T11:35:00,90.32
12327,2017-03-29T11:55:00,91.98
12328,2017-03-29T12:15:00,89.74
12329,2017-03-29T12:35:00,87.68
12330,2017-03-29T12:55:00,91.89
12331,2017-03-29T13:15:00,94.43
12332,2017-03-29T13:35:00,94.33
12333,2017-03-29T13:55:00,94.04
12334,2017-03-29T14:15:00,93.16
12335,2017-03-29T14:35:00,93.16
12336,2017-03-29T14:55:00,90.13
12337,2017-03-29T15:15:00,89.83
12338,2017-03-29T15:35:00,86.32
12339,2017-03-29T15:55:00,85.44
12340,2017-03-29T16:15:00,86.02
12341,2017-03-29T16:35:00,82.5
12342,2017-03-29T16:55:00,82.99
12343,2017-03-29T17:15:00,78.1
12344,2017-03-29T17:35:00,62.95
12345,2017-03-29T17:55:00,30.89
12346,2017-03-29T18:20:00,4.99
12347,2017-03-29T18:40:00,3.13
12348,2017-03-29T19:00:00,0.49
12349,2017-03-29T19:20:00,2.93
12350,2017-03-29T19:40:00,2.93
12351,2017-03-29T20:00:00,3.03
12352,2017-03-29T20:20:00,3.03
12353,2017-03-29T20:40:00,3.03
12354,2017-03-29T21:00:00,3.03
12355,2017-03-29T21:20:00,3.03
12356,2017-03-29T21:40:00,3.03
12357,2017-03-29T22:00:00,3.03
12358,2017-03-29T22:20:00,3.03
12359,2017-03-29T22:40:00,3.03
12360,2017-03-29T23:00:00,3.03
12361,2017-03-29T23:20:00,3.03
12362,2017-03-29T23:40:00,3.03
12363,2017-03-30T00:00:00,3.03
12364,2017-03-30T00:20:00,3.03
12365,2017-03-30T00:40:00,3.13
12366,2017-03-30T01:00:00,3.03
12367,2017-03-30T01:20:00,3.03
12368,2017-03-30T01:40:00,3.03
12369,2017-03-30T02:00:00,3.13
12370,2017-03-30T02:20:00,3.13
12371,2017-03-30T02:40:00,34.6
12372,2017-03-30T03:00:00,36.27
12373,2017-03-30T03:20:00,35.58
12374,2017-03-30T03:40:00,35.68
12375,2017-03-30T04:00:00,32.36
12376,2017-03-30T04:20:00,33.43
12377,2017-03-30T04:40:00,21.99
12378,2017-03-30T05:00:00,39
12379,2017-03-30T05:20:00,57.58
12380,2017-03-30T05:45:00,71.26
12381,2017-03-30T06:05:00,72.73
12382,2017-03-30T06:25:00,79.18
12383,2017-03-30T06:45:00,75.76
12384,2017-03-30T07:05:00,81.33
12385,2017-03-30T07:25:00,82.7
12386,2017-03-30T07:45:00,86.02
12387,2017-03-30T08:05:00,83.19
12388,2017-03-30T08:25:00,84.65
12389,2017-03-30T08:45:00,83.09
12390,2017-03-30T09:05:00,88.07
12391,2017-03-30T09:25:00,92.47
12392,2017-03-30T09:45:00,93.84
12393,2017-03-30T10:05:00,90.03
12394,2017-03-30T10:25:00,92.77
12395,2017-03-30T10:45:00,93.35
12396,2017-03-30T11:05:00,91.5
12397,2017-03-30T11:25:00,93.06
12398,2017-03-30T11:45:00,90.71
12399,2017-03-30T12:05:00,90.71
12400,2017-03-30T12:25:00,91.3
12401,2017-03-30T12:45:00,94.23
12402,2017-03-30T13:45:00,91.59
12403,2017-03-30T14:05:00,92.77
12404,2017-03-30T14:25:00,90.71
12405,2017-03-30T14:45:00,89.54
12406,2017-03-30T15:05:00,87.88
12407,2017-03-30T15:25:00,84.46
12408,2017-03-30T15:45:00,91.2
12409,2017-03-30T16:05:00,86.8
12410,2017-03-30T16:25:00,85.24
12411,2017-03-30T16:50:00,82.01
12412,2017-03-30T17:10:00,81.62
12413,2017-03-30T17:30:00,54.35
12414,2017-03-30T17:50:00,31.18
12415,2017-03-30T18:10:00,6.16
12416,2017-03-30T18:30:00,2.74
12417,2017-03-30T18:50:00,2.44
12418,2017-03-30T19:10:00,2.54
12419,2017-03-30T19:30:00,2.54
12420,2017-03-30T19:50:00,2.54
12421,2017-03-30T20:10:00,2.54
12422,2017-03-30T20:30:00,2.54
12423,2017-03-30T20:50:00,2.54
12424,2017-03-30T21:10:00,2.44
12425,2017-03-30T21:30:00,2.54
12426,2017-03-30T21:50:00,2.44
12427,2017-03-30T22:10:00,2.44
12428,2017-03-30T22:30:00,2.44
12429,2017-03-30T22:50:00,2.44
12430,2017-03-30T23:10:00,2.44
12431,2017-03-30T23:30:00,2.35
12432,2017-03-30T23:50:00,2.35
12433,2017-03-31T00:10:00,2.35
12434,2017-03-31T00:30:00,2.35
12435,2017-03-31T00:50:00,2.35
12436,2017-03-31T01:10:00,2.35
12437,2017-03-31T01:30:00,2.35
12438,2017-03-31T01:50:00,2.25
12439,2017-03-31T02:10:00,2.35
12440,2017-03-31T02:30:00,34.12
12441,2017-03-31T02:50:00,35.48
12442,2017-03-31T03:10:00,34.51
12443,2017-03-31T03:30:00,35.68
12444,2017-03-31T03:50:00,36.17
12445,2017-03-31T04:15:00,36.27
12446,2017-03-31T04:35:00,25.42
12447,2017-03-31T04:55:00,54.94
12448,2017-03-31T05:15:00,74.1
12449,2017-03-31T05:35:00,83.28
12450,2017-03-31T05:55:00,87.2
12451,2017-03-31T06:15:00,89.74
12452,2017-03-31T06:35:00,91.98
12453,2017-03-31T06:55:00,92.67
12454,2017-03-31T07:15:00,94.53
12455,2017-03-31T07:35:00,95.8
12456,2017-03-31T07:55:00,95.21
12457,2017-03-31T08:15:00,94.92
12458,2017-03-31T08:35:00,95.31
12459,2017-03-31T08:55:00,95.02
12460,2017-03-31T09:15:00,96.19
12461,2017-03-31T09:35:00,96.28
12462,2017-03-31T09:55:00,96.48
12463,2017-03-31T10:15:00,96.87
12464,2017-03-31T10:35:00,97.07
12465,2017-03-31T10:55:00,97.16
12466,2017-03-31T11:15:00,97.26
12467,2017-03-31T11:35:00,97.36
12468,2017-04-03T00:45:00,3.42
12469,2017-03-31T11:55:00,97.26
12470,2017-03-31T12:15:00,96.87
12471,2017-03-31T12:35:00,96.77
12472,2017-03-31T12:55:00,96.48
12473,2017-03-31T13:15:00,96.58
12474,2017-03-31T13:35:00,96.87
12475,2017-03-31T13:55:00,96.09
12476,2017-03-31T14:15:00,95.99
12477,2017-03-31T14:35:00,95.6
12478,2017-03-31T14:55:00,95.11
12479,2017-03-31T15:15:00,94.53
12480,2017-03-31T15:40:00,95.02
12481,2017-03-31T16:00:00,94.53
12482,2017-03-31T16:20:00,91.4
12483,2017-03-31T16:40:00,90.32
12484,2017-03-31T17:00:00,87.2
12485,2017-03-31T17:20:00,81.23
12486,2017-03-31T17:40:00,61.78
12487,2017-03-31T18:00:00,25.12
12488,2017-03-31T18:20:00,5.28
12489,2017-03-31T18:40:00,3.13
12490,2017-03-31T19:00:00,3.13
12491,2017-03-31T19:20:00,3.03
12492,2017-03-31T19:40:00,3.03
12493,2017-03-31T20:00:00,3.03
12494,2017-03-31T20:20:00,3.03
12495,2017-03-31T20:40:00,3.03
12496,2017-03-31T21:00:00,3.03
12497,2017-03-31T21:20:00,3.13
12498,2017-03-31T21:40:00,3.13
12499,2017-03-31T22:00:00,3.03
12500,2017-03-31T22:20:00,3.03
12501,2017-03-31T22:40:00,3.03
12502,2017-03-31T23:00:00,3.03
12503,2017-03-31T23:20:00,3.03
12504,2017-03-31T23:40:00,2.74
12505,2017-04-01T00:00:00,2.25
12506,2017-04-01T00:20:00,2.15
12507,2017-04-01T00:40:00,2.15
12508,2017-04-01T01:00:00,2.15
12509,2017-04-01T01:20:00,2.25
12510,2017-04-01T01:40:00,2.25
12511,2017-04-01T02:00:00,2.25
12512,2017-04-01T02:20:00,2.35
12513,2017-04-01T02:40:00,2.35
12514,2017-04-01T03:05:00,2.35
12515,2017-04-01T03:25:00,2.35
12516,2017-04-01T03:45:00,2.44
12517,2017-04-01T04:05:00,4.11
12518,2017-04-01T04:25:00,21.11
12519,2017-04-01T04:45:00,57.18
12520,2017-04-01T05:05:00,66.67
12521,2017-04-01T05:25:00,79.67
12522,2017-04-01T05:45:00,81.72
12523,2017-04-01T06:05:00,87.88
12524,2017-04-01T06:25:00,92.57
12525,2017-04-01T06:45:00,91.59
12526,2017-04-01T07:05:00,92.96
12527,2017-04-01T07:25:00,93.55
12528,2017-04-01T07:45:00,95.8
12529,2017-04-01T08:05:00,97.16
12530,2017-04-01T08:25:00,96.87
12531,2017-04-01T08:45:00,97.75
12532,2017-04-01T09:05:00,97.75
12533,2017-04-01T09:25:00,97.85
12534,2017-04-01T09:45:00,97.85
12535,2017-04-01T10:05:00,97.75
12536,2017-04-01T10:25:00,97.75
12537,2017-04-01T10:45:00,97.46
12538,2017-04-01T11:05:00,97.16
12539,2017-04-01T11:25:00,96.97
12540,2017-04-01T11:45:00,97.07
12541,2017-04-01T12:05:00,96.97
12542,2017-04-01T12:25:00,97.36
12543,2017-04-01T12:45:00,97.26
12544,2017-04-01T13:05:00,97.16
12545,2017-04-01T13:25:00,95.8
12546,2017-04-01T13:45:00,97.07
12547,2017-04-01T14:05:00,95.11
12548,2017-04-01T14:30:00,95.6
12549,2017-04-01T14:50:00,96.19
12550,2017-04-01T15:10:00,94.92
12551,2017-04-01T15:30:00,93.55
12552,2017-04-01T15:50:00,94.62
12553,2017-04-01T16:10:00,92.86
12554,2017-04-01T16:30:00,92.18
12555,2017-04-01T16:50:00,88.56
12556,2017-04-01T17:10:00,84.16
12557,2017-04-01T17:30:00,74.29
12558,2017-04-01T17:50:00,53.18
12559,2017-04-01T18:10:00,16.52
12560,2017-04-01T18:30:00,4.01
12561,2017-04-01T18:50:00,3.32
12562,2017-04-01T19:10:00,3.32
12563,2017-04-01T19:30:00,3.23
12564,2017-04-01T19:50:00,3.23
12565,2017-04-01T20:10:00,3.23
12566,2017-04-01T20:30:00,3.32
12567,2017-04-01T20:50:00,3.32
12568,2017-04-01T21:10:00,3.32
12569,2017-04-01T21:30:00,3.32
12570,2017-04-01T21:50:00,3.32
12571,2017-04-01T22:10:00,3.32
12572,2017-04-01T22:30:00,3.32
12573,2017-04-01T22:50:00,3.32
12574,2017-04-01T23:10:00,3.32
12575,2017-04-01T23:30:00,3.32
12576,2017-04-01T23:50:00,3.32
12577,2017-04-02T00:10:00,3.32
12578,2017-04-02T00:30:00,3.32
12579,2017-04-02T00:50:00,3.32
12580,2017-04-02T01:10:00,3.32
12581,2017-04-02T01:35:00,3.32
12582,2017-04-02T01:55:00,3.32
12583,2017-04-02T02:15:00,3.23
12584,2017-04-02T02:35:00,3.32
12585,2017-04-02T02:55:00,3.32
12586,2017-04-02T03:15:00,3.32
12587,2017-04-02T03:35:00,3.32
12588,2017-04-02T03:55:00,3.52
12589,2017-04-02T04:15:00,7.14
12590,2017-04-02T04:35:00,34.21
12591,2017-04-02T04:55:00,67.55
12592,2017-04-02T05:15:00,80.06
12593,2017-04-02T05:35:00,91.1
12594,2017-04-02T05:55:00,97.07
12595,2017-04-02T06:15:00,93.45
12596,2017-04-02T06:35:00,94.82
12597,2017-04-02T06:55:00,95.31
12598,2017-04-02T07:15:00,97.95
12599,2017-04-02T07:35:00,97.95
12600,2017-04-02T07:55:00,98.14
12601,2017-04-02T08:15:00,97.36
12602,2017-04-02T08:35:00,97.07
12603,2017-04-02T08:55:00,98.14
12604,2017-04-02T09:15:00,97.95
12605,2017-04-02T09:35:00,97.56
12606,2017-04-02T09:55:00,97.85
12607,2017-04-02T10:15:00,98.04
12608,2017-04-02T10:35:00,97.95
12609,2017-04-02T10:55:00,95.6
12610,2017-04-02T11:15:00,95.7
12611,2017-04-02T11:35:00,95.31
12612,2017-04-02T11:55:00,96.38
12613,2017-04-02T12:15:00,95.99
12614,2017-04-02T12:35:00,97.56
12615,2017-04-02T13:00:00,97.26
12616,2017-04-02T13:20:00,96.87
12617,2017-04-02T13:40:00,94.33
12618,2017-04-02T14:00:00,93.26
12619,2017-04-02T14:20:00,92.18
12620,2017-04-02T14:40:00,91.79
12621,2017-04-02T15:00:00,92.67
12622,2017-04-02T15:20:00,92.28
12623,2017-04-02T15:40:00,88.46
12624,2017-04-02T16:00:00,90.81
12625,2017-04-02T16:20:00,91.01
12626,2017-04-02T16:40:00,89.25
12627,2017-04-02T17:00:00,91.79
12628,2017-04-02T17:20:00,88.76
12629,2017-04-02T17:40:00,77.03
12630,2017-04-02T18:00:00,50.93
12631,2017-04-02T18:20:00,8.31
12632,2017-04-02T18:40:00,3.72
12633,2017-04-02T19:00:00,3.72
12634,2017-04-02T19:20:00,3.72
12635,2017-04-02T19:40:00,3.72
12636,2017-04-02T20:00:00,3.62
12637,2017-04-02T20:20:00,3.72
12638,2017-04-02T20:40:00,3.72
12639,2017-04-02T21:00:00,3.72
12640,2017-04-02T21:20:00,3.72
12641,2017-04-02T21:40:00,3.62
12642,2017-04-02T22:00:00,3.42
12643,2017-04-02T22:20:00,3.42
12644,2017-04-02T22:40:00,3.42
12645,2017-04-02T23:00:00,3.42
12646,2017-04-02T23:20:00,3.42
12647,2017-04-02T23:40:00,3.42
12648,2017-04-03T00:00:00,3.42
12649,2017-04-03T00:25:00,3.42
12650,2017-04-03T01:05:00,3.42
12651,2017-04-03T01:25:00,3.42
12652,2017-04-03T01:45:00,3.42
12653,2017-04-03T02:05:00,3.42
12654,2017-04-03T02:25:00,3.42
12655,2017-04-03T02:45:00,38.22
12656,2017-04-03T03:05:00,38.12
12657,2017-04-03T03:25:00,37.93
12658,2017-04-03T03:45:00,37.83
12659,2017-04-03T04:05:00,18.48
12660,2017-04-03T04:25:00,60.22
12661,2017-04-03T04:45:00,86.41
12662,2017-04-03T05:05:00,95.21
12663,2017-04-03T05:25:00,96.87
12664,2017-04-03T05:45:00,97.46
12665,2017-04-03T06:10:00,97.75
12666,2017-04-03T06:30:00,96.28
12667,2017-04-03T06:50:00,96.68
12668,2017-04-03T07:10:00,97.07
12669,2017-04-03T07:30:00,97.16
12670,2017-04-03T07:50:00,97.75
12671,2017-04-03T08:15:00,98.04
12672,2017-04-03T08:35:00,97.85
12673,2017-04-03T08:55:00,96.28
12674,2017-04-03T09:15:00,97.95
12675,2017-04-03T09:35:00,97.16
12676,2017-04-03T09:55:00,97.36
12677,2017-04-03T10:15:00,97.75
12678,2017-04-03T10:35:00,96.58
12679,2017-04-03T10:55:00,96.97
12680,2017-04-03T11:15:00,97.85
12681,2017-04-03T11:35:00,97.85
12682,2017-04-03T11:55:00,96.28
12683,2017-04-03T12:15:00,97.75
12684,2017-04-03T12:35:00,97.36
12685,2017-04-03T12:55:00,97.16
12686,2017-04-03T13:15:00,97.07
12687,2017-04-03T13:35:00,96.87
12688,2017-04-03T13:55:00,96.77
12689,2017-04-03T14:15:00,96.58
12690,2017-04-03T14:35:00,96.38
12691,2017-04-03T14:55:00,96.19
12692,2017-04-03T15:15:00,95.99
12693,2017-04-03T15:35:00,96.97
12694,2017-04-03T15:55:00,97.36
12695,2017-04-03T16:15:00,97.26
12696,2017-04-03T16:35:00,93.06
12697,2017-04-03T16:55:00,94.72
12698,2017-04-03T17:15:00,89.34
12699,2017-04-03T17:35:00,84.75
12700,2017-04-03T17:55:00,69.5
12701,2017-04-03T18:15:00,28.06
12702,2017-04-03T18:35:00,5.86
12703,2017-04-03T18:55:00,3.91
12704,2017-04-03T19:15:00,3.72
12705,2017-04-03T19:40:00,3.72
12706,2017-04-03T20:00:00,3.72
12707,2017-04-03T20:20:00,3.72
12708,2017-04-03T20:40:00,3.72
12709,2017-04-03T21:00:00,3.72
12710,2017-04-03T21:20:00,3.81
12711,2017-04-03T21:40:00,3.81
12712,2017-04-03T22:00:00,3.81
12713,2017-04-03T22:20:00,3.81
12714,2017-04-03T22:40:00,3.72
12715,2017-04-03T23:00:00,3.81
12716,2017-04-03T23:20:00,3.91
12717,2017-04-03T23:40:00,3.81
12718,2017-04-04T00:00:00,3.72
12719,2017-04-04T01:00:00,3.81
12720,2017-04-04T01:20:00,3.81
12721,2017-04-04T01:40:00,3.81
12722,2017-04-04T02:00:00,3.81
12723,2017-04-04T02:20:00,3.81
12724,2017-04-04T02:40:00,37.05
12725,2017-04-04T03:00:00,38.32
12726,2017-04-04T03:20:00,41.45
12727,2017-04-04T03:40:00,36.95
12728,2017-04-04T04:00:00,38.22
12729,2017-04-04T04:20:00,46.63
12730,2017-04-04T04:40:00,77.13
12731,2017-04-04T05:00:00,92.86
12732,2017-04-04T05:20:00,96.58
12733,2017-04-04T05:40:00,97.26
12734,2017-04-04T06:00:00,97.65
12735,2017-04-04T06:20:00,97.85
12736,2017-04-04T06:40:00,97.95
12737,2017-04-04T07:05:00,98.04
12738,2017-04-04T07:25:00,97.95
12739,2017-04-04T07:45:00,97.46
12740,2017-04-04T08:05:00,98.04
12741,2017-04-04T08:25:00,98.04
12742,2017-04-04T08:45:00,97.95
12743,2017-04-04T09:05:00,97.95
12744,2017-04-04T09:25:00,98.04
12745,2017-04-04T09:45:00,97.85
12746,2017-04-04T10:05:00,97.95
12747,2017-04-04T10:25:00,97.85
12748,2017-04-04T10:45:00,97.95
12749,2017-04-04T11:05:00,97.85
12750,2017-04-04T11:25:00,97.75
12751,2017-04-04T11:45:00,96.38
12752,2017-04-04T12:05:00,96.77
12753,2017-04-04T12:25:00,97.65
12754,2017-04-04T12:45:00,96.38
12755,2017-04-04T13:05:00,97.26
12756,2017-04-04T13:25:00,95.5
12757,2017-04-04T13:45:00,96.97
12758,2017-04-04T14:05:00,95.31
12759,2017-04-04T14:25:00,96.97
12760,2017-04-04T14:45:00,96.58
12761,2017-04-04T15:05:00,95.21
12762,2017-04-04T15:25:00,94.92
12763,2017-04-04T15:45:00,96.68
12764,2017-04-04T16:05:00,94.43
12765,2017-04-04T16:25:00,95.8
12766,2017-04-04T16:45:00,95.11
12767,2017-04-04T17:05:00,89.34
12768,2017-04-04T17:25:00,83.97
12769,2017-04-04T17:45:00,75.46
12770,2017-04-04T18:10:00,48.68
12771,2017-04-04T18:30:00,11.93
12772,2017-04-04T18:50:00,4.2
12773,2017-04-04T19:10:00,3.81
12774,2017-04-04T19:30:00,3.81
12775,2017-04-04T19:50:00,3.81
12776,2017-04-04T20:10:00,3.81
12777,2017-04-04T20:30:00,3.81
12778,2017-04-04T20:50:00,3.81
12779,2017-04-04T21:10:00,3.81
12780,2017-04-04T21:30:00,3.81
12781,2017-04-04T21:50:00,3.81
12782,2017-04-04T22:10:00,3.91
12783,2017-04-04T22:30:00,4.01
12784,2017-04-04T22:50:00,3.81
12785,2017-04-04T23:10:00,3.81
12786,2017-04-04T23:30:00,3.91
12787,2017-04-04T23:50:00,3.81
12788,2017-04-05T00:10:00,3.72
12789,2017-04-05T00:30:00,3.62
12790,2017-04-05T00:50:00,3.62
12791,2017-04-05T01:10:00,3.62
12792,2017-04-05T01:30:00,3.62
12793,2017-04-05T01:50:00,3.62
12794,2017-04-05T02:10:00,3.62
12795,2017-04-05T02:30:00,3.62
12796,2017-04-05T02:50:00,37.15
12797,2017-04-05T03:10:00,36.56
12798,2017-04-05T03:30:00,38.42
12799,2017-04-05T03:50:00,36.76
12800,2017-04-05T04:10:00,40.37
12801,2017-04-05T04:30:00,45.94
12802,2017-04-05T04:50:00,68.23
12803,2017-04-05T05:10:00,80.94
12804,2017-04-05T05:35:00,85.92
12805,2017-04-05T05:55:00,86.22
12806,2017-04-05T06:15:00,88.86
12807,2017-04-05T06:35:00,91.4
12808,2017-04-05T06:55:00,92.28
12809,2017-04-05T07:15:00,94.14
12810,2017-04-05T07:35:00,96.97
12811,2017-04-05T07:55:00,97.65
12812,2017-04-05T08:15:00,95.6
12813,2017-04-05T08:35:00,97.16
12814,2017-04-05T08:55:00,96.09
12815,2017-04-05T09:15:00,95.41
12816,2017-04-05T09:35:00,97.95
12817,2017-04-05T09:55:00,97.85
12818,2017-04-05T10:15:00,97.85
12819,2017-04-05T10:35:00,95.7
12820,2017-04-05T10:55:00,97.85
12821,2017-04-05T11:15:00,96.38
12822,2017-04-05T11:35:00,95.8
12823,2017-04-05T11:55:00,96.19
12824,2017-04-05T12:15:00,97.36
12825,2017-04-05T12:35:00,95.5
12826,2017-04-05T12:55:00,93.84
12827,2017-04-05T13:15:00,95.89
12828,2017-04-05T13:35:00,93.65
12829,2017-04-05T13:55:00,94.23
12830,2017-04-05T14:15:00,95.31
12831,2017-04-05T14:35:00,91.98
12832,2017-04-05T14:55:00,94.82
12833,2017-04-05T15:15:00,94.43
12834,2017-04-05T15:35:00,92.57
12835,2017-04-05T15:55:00,93.65
12836,2017-04-05T16:15:00,91.69
12837,2017-04-05T16:35:00,94.72
12838,2017-04-05T17:00:00,86.02
12839,2017-04-05T17:20:00,82.31
12840,2017-04-05T17:40:00,77.71
12841,2017-04-05T18:00:00,68.23
12842,2017-04-05T18:20:00,34.8
12843,2017-04-05T18:40:00,6.84
12844,2017-04-05T19:00:00,3.91
12845,2017-04-05T19:20:00,3.72
12846,2017-04-05T19:40:00,3.72
12847,2017-04-05T20:00:00,3.72
12848,2017-04-05T20:20:00,3.72
12849,2017-04-05T21:00:00,3.72
12850,2017-04-05T21:20:00,3.72
12851,2017-04-05T21:40:00,3.72
12852,2017-04-05T22:00:00,3.62
12853,2017-04-05T22:20:00,3.72
12854,2017-04-05T22:40:00,3.72
12855,2017-04-05T23:00:00,3.72
12856,2017-04-05T23:20:00,3.72
12857,2017-04-05T23:40:00,3.72
12858,2017-04-06T00:00:00,3.81
12859,2017-04-06T00:20:00,3.72
12860,2017-04-06T00:40:00,3.72
12861,2017-04-06T01:00:00,3.72
12862,2017-04-06T01:20:00,3.72
12863,2017-04-06T01:40:00,3.72
12864,2017-04-06T02:00:00,3.72
12865,2017-04-06T02:20:00,3.81
12866,2017-04-06T02:40:00,35.19
12867,2017-04-06T03:00:00,36.46
12868,2017-04-06T03:20:00,38.42
12869,2017-04-06T03:40:00,36.56
12870,2017-04-06T04:00:00,19.55
12871,2017-04-06T04:25:00,60.12
12872,2017-04-06T04:45:00,82.11
12873,2017-04-06T05:05:00,94.53
12874,2017-04-06T05:25:00,96.68
12875,2017-04-06T05:45:00,97.26
12876,2017-04-06T06:05:00,97.75
12877,2017-04-06T06:25:00,97.85
12878,2017-04-06T06:45:00,98.04
12879,2017-04-06T07:05:00,96.68
12880,2017-04-06T07:25:00,95.41
12881,2017-04-06T07:45:00,95.02
12882,2017-04-06T08:05:00,95.21
12883,2017-04-06T08:25:00,96.09
12884,2017-04-06T08:45:00,96.68
12885,2017-04-06T09:05:00,97.85
12886,2017-04-06T09:25:00,98.04
12887,2017-04-06T09:45:00,96.48
12888,2017-04-06T10:05:00,96.58
12889,2017-04-06T10:25:00,97.16
12890,2017-04-06T10:45:00,95.8
12891,2017-04-06T11:05:00,94.72
12892,2017-04-06T11:25:00,96.09
12893,2017-04-06T11:45:00,97.07
12894,2017-04-06T12:05:00,97.07
12895,2017-04-06T12:25:00,96.19
12896,2017-04-06T12:45:00,95.41
12897,2017-04-06T13:05:00,95.02
12898,2017-04-06T13:25:00,94.92
12899,2017-04-06T13:45:00,94.43
12900,2017-04-06T14:05:00,94.04
12901,2017-04-06T14:25:00,91.4
12902,2017-04-06T14:45:00,92.96
12903,2017-04-06T15:05:00,92.57
12904,2017-04-06T15:30:00,93.16
12905,2017-04-06T15:50:00,92.38
12906,2017-04-06T16:10:00,87.78
12907,2017-04-06T16:30:00,87.1
12908,2017-04-06T16:50:00,81.04
12909,2017-04-06T17:10:00,71.55
12910,2017-04-06T17:30:00,62.85
12911,2017-04-06T17:50:00,54.54
12912,2017-04-06T18:10:00,25.81
12913,2017-04-06T18:30:00,7.14
12914,2017-04-06T18:50:00,4.01
12915,2017-04-06T19:10:00,3.91
12916,2017-04-06T19:30:00,3.81
12917,2017-04-06T19:50:00,3.81
12918,2017-04-06T20:10:00,3.81
12919,2017-04-06T20:30:00,3.72
12920,2017-04-06T20:50:00,3.72
12921,2017-04-06T21:10:00,3.62
12922,2017-04-06T21:30:00,3.62
12923,2017-04-06T21:50:00,3.72
12924,2017-04-06T22:10:00,3.72
12925,2017-04-06T22:30:00,3.72
12926,2017-04-06T22:50:00,3.81
12927,2017-04-06T23:10:00,3.72
12928,2017-04-06T23:30:00,3.72
12929,2017-04-06T23:50:00,4.2
12930,2017-04-07T00:10:00,3.81
12931,2017-04-07T00:30:00,3.81
12932,2017-04-07T00:50:00,3.81
12933,2017-04-07T01:10:00,3.81
12934,2017-04-07T01:30:00,3.81
12935,2017-04-07T01:50:00,3.81
12936,2017-04-07T02:10:00,3.81
12937,2017-04-07T02:30:00,26.3
12938,2017-04-07T02:55:00,36.46
12939,2017-04-07T03:15:00,36.27
12940,2017-04-07T03:35:00,36.07
12941,2017-04-07T03:55:00,36.46
12942,2017-04-07T04:15:00,37.24
12943,2017-04-07T04:35:00,35.68
12944,2017-04-07T04:55:00,58.65
12945,2017-04-07T05:15:00,72.63
12946,2017-04-07T05:35:00,79.76
12947,2017-04-07T05:55:00,84.36
12948,2017-04-07T06:15:00,87
12949,2017-04-07T06:35:00,88.56
12950,2017-04-07T06:55:00,90.52
12951,2017-04-07T07:15:00,92.28
12952,2017-04-07T07:35:00,94.33
12953,2017-04-07T07:55:00,94.53
12954,2017-04-07T08:15:00,96.19
12955,2017-04-07T08:35:00,96.38
12956,2017-04-07T08:55:00,96.97
12957,2017-04-07T09:15:00,97.85
12958,2017-04-07T09:35:00,97.46
12959,2017-04-07T09:55:00,98.04
12960,2017-04-07T10:15:00,97.95
12961,2017-04-07T10:35:00,97.95
12962,2017-04-07T10:55:00,97.75
12963,2017-04-07T11:15:00,97.65
12964,2017-04-07T11:35:00,97.07
12965,2017-04-07T11:55:00,97.85
12966,2017-04-07T12:15:00,97.65
12967,2017-04-07T12:35:00,97.46
12968,2017-04-07T12:55:00,97.16
12969,2017-04-07T13:15:00,97.07
12970,2017-04-07T13:35:00,96.97
12971,2017-04-07T13:55:00,96.97
12972,2017-04-07T14:20:00,96.58
12973,2017-04-07T14:40:00,95.99
12974,2017-04-07T15:00:00,96.48
12975,2017-04-07T15:20:00,96.38
12976,2017-04-07T15:40:00,97.26
12977,2017-04-07T16:00:00,97.07
12978,2017-04-07T16:20:00,94.04
12979,2017-04-07T16:40:00,93.26
12980,2017-04-07T17:00:00,94.62
12981,2017-04-07T17:20:00,90.62
12982,2017-04-07T17:40:00,87.1
12983,2017-04-07T18:00:00,75.66
12984,2017-04-07T18:20:00,39.2
12985,2017-04-07T18:40:00,7.62
12986,2017-04-07T19:00:00,3.91
12987,2017-04-07T19:20:00,3.72
12988,2017-04-07T19:40:00,3.72
12989,2017-04-07T20:00:00,3.81
12990,2017-04-07T20:20:00,3.81
12991,2017-04-07T20:40:00,3.81
12992,2017-04-07T21:00:00,3.81
12993,2017-04-07T21:20:00,3.81
12994,2017-04-07T21:40:00,3.81
12995,2017-04-07T22:00:00,3.81
12996,2017-04-07T22:20:00,3.72
12997,2017-04-07T22:40:00,3.72
12998,2017-04-07T23:00:00,3.62
12999,2017-04-07T23:20:00,3.32
13000,2017-04-07T23:40:00,3.32
13001,2017-04-08T00:00:00,3.52
13002,2017-04-08T00:20:00,3.52
13003,2017-04-08T00:40:00,3.42
13004,2017-04-08T01:00:00,3.52
13005,2017-04-08T01:20:00,3.52
13006,2017-04-08T01:45:00,3.52
13007,2017-04-08T02:05:00,3.23
13008,2017-04-08T02:25:00,3.32
13009,2017-04-08T02:45:00,3.03
13010,2017-04-08T03:05:00,2.64
13011,2017-04-08T03:25:00,2.64
13012,2017-04-08T03:45:00,2.84
13013,2017-04-08T04:05:00,6.65
13014,2017-04-08T04:25:00,27.76
13015,2017-04-08T04:45:00,56.99
13016,2017-04-08T05:05:00,72.43
13017,2017-04-08T05:25:00,80.55
13018,2017-04-08T05:45:00,85.44
13019,2017-04-08T06:05:00,88.95
13020,2017-04-08T06:25:00,90.81
13021,2017-04-08T06:45:00,91.4
13022,2017-04-08T07:05:00,92.38
13023,2017-04-08T07:25:00,92.57
13024,2017-04-08T07:45:00,93.16
13025,2017-04-08T08:05:00,93.94
13026,2017-04-08T08:25:00,94.62
13027,2017-04-08T09:25:00,95.7
13028,2017-04-08T09:45:00,96.77
13029,2017-04-08T10:05:00,96.09
13030,2017-04-08T10:25:00,95.99
13031,2017-04-08T10:45:00,95.7
13032,2017-04-08T11:05:00,95.6
13033,2017-04-08T11:25:00,95.6
13034,2017-04-08T11:45:00,96.19
13035,2017-04-08T12:05:00,95.21
13036,2017-04-08T12:25:00,95.5
13037,2017-04-08T12:50:00,95.99
13038,2017-04-08T13:10:00,95.6
13039,2017-04-08T13:30:00,94.92
13040,2017-04-08T13:50:00,94.53
13041,2017-04-08T14:10:00,95.02
13042,2017-04-08T14:30:00,94.82
13043,2017-04-08T14:50:00,93.94
13044,2017-04-08T15:10:00,92.77
13045,2017-04-08T15:30:00,93.35
13046,2017-04-08T15:50:00,92.77
13047,2017-04-08T16:10:00,91.3
13048,2017-04-08T16:30:00,89.44
13049,2017-04-08T16:50:00,86.51
13050,2017-04-08T17:10:00,85.04
13051,2017-04-08T17:30:00,80.84
13052,2017-04-08T17:50:00,71.85
13053,2017-04-08T18:10:00,48.29
13054,2017-04-08T18:30:00,18.08
13055,2017-04-08T18:50:00,4.99
13056,2017-04-08T19:10:00,3.72
13057,2017-04-08T19:30:00,3.62
13058,2017-04-08T19:50:00,3.62
13059,2017-04-08T20:10:00,3.62
13060,2017-04-08T20:30:00,3.72
13061,2017-04-08T20:50:00,3.72
13062,2017-04-08T21:10:00,3.72
13063,2017-04-08T21:30:00,3.72
13064,2017-04-08T21:50:00,3.72
13065,2017-04-08T22:10:00,3.72
13066,2017-04-08T22:30:00,3.72
13067,2017-04-08T22:50:00,3.72
13068,2017-04-08T23:10:00,3.62
13069,2017-04-08T23:30:00,3.62
13070,2017-04-08T23:50:00,3.62
13071,2017-04-09T00:15:00,3.62
13072,2017-04-09T00:35:00,3.62
13073,2017-04-09T00:55:00,3.62
13074,2017-04-09T01:15:00,3.62
13075,2017-04-09T01:35:00,3.62
13076,2017-04-09T01:55:00,3.62
13077,2017-04-09T02:15:00,3.62
13078,2017-04-09T02:35:00,3.62
13079,2017-04-09T02:55:00,3.62
13080,2017-04-09T03:15:00,3.62
13081,2017-04-09T03:35:00,3.81
13082,2017-04-09T03:55:00,5.67
13083,2017-04-09T04:15:00,24.14
13084,2017-04-09T04:35:00,53.67
13085,2017-04-09T04:55:00,69.5
13086,2017-04-09T05:15:00,77.52
13087,2017-04-09T05:35:00,84.65
13088,2017-04-09T05:55:00,86.51
13089,2017-04-09T06:15:00,89.25
13090,2017-04-09T06:35:00,91.89
13091,2017-04-09T06:55:00,91.79
13092,2017-04-09T07:15:00,93.74
13093,2017-04-09T07:35:00,95.89
13094,2017-04-09T07:55:00,97.26
13095,2017-04-09T08:15:00,98.04
13096,2017-04-09T08:35:00,97.95
13097,2017-04-09T08:55:00,97.85
13098,2017-04-09T09:15:00,97.95
13099,2017-04-09T09:35:00,97.95
13100,2017-04-09T09:55:00,97.95
13101,2017-04-09T10:15:00,97.95
13102,2017-04-09T10:35:00,97.85
13103,2017-04-09T10:55:00,97.75
13104,2017-04-09T11:15:00,97.75
13105,2017-04-09T11:40:00,97.75
13106,2017-04-09T12:00:00,97.75
13107,2017-04-09T12:20:00,97.65
13108,2017-04-09T12:40:00,97.46
13109,2017-04-09T13:00:00,97.16
13110,2017-04-09T13:20:00,97.07
13111,2017-04-09T13:40:00,96.97
13112,2017-04-09T14:00:00,96.87
13113,2017-04-09T14:20:00,96.68
13114,2017-04-09T14:40:00,96.38
13115,2017-04-09T15:00:00,96.19
13116,2017-04-09T15:20:00,96.58
13117,2017-04-09T15:40:00,97.26
13118,2017-04-09T16:00:00,97.36
13119,2017-04-09T16:20:00,97.16
13120,2017-04-09T16:40:00,96.19
13121,2017-04-09T17:00:00,93.45
13122,2017-04-09T17:20:00,90.32
13123,2017-04-09T17:40:00,86.8
13124,2017-04-09T18:00:00,77.22
13125,2017-04-09T18:20:00,45.55
13126,2017-04-09T18:40:00,10.36
13127,2017-04-09T19:00:00,4.11
13128,2017-04-09T19:20:00,3.72
13129,2017-04-09T19:40:00,3.72
13130,2017-04-09T20:00:00,3.72
13131,2017-04-09T20:20:00,3.72
13132,2017-04-09T20:40:00,3.72
13133,2017-04-09T21:00:00,3.72
13134,2017-04-09T21:20:00,3.72
13135,2017-04-09T21:40:00,3.72
13136,2017-04-09T22:00:00,3.72
13137,2017-04-09T22:20:00,3.72
13138,2017-04-09T22:40:00,3.72
13139,2017-04-09T23:05:00,3.72
13140,2017-04-09T23:25:00,3.62
13141,2017-04-09T23:45:00,3.62
13142,2017-04-10T00:05:00,3.62
13143,2017-04-10T00:25:00,3.62
13144,2017-04-10T00:45:00,3.52
13145,2017-04-10T01:05:00,3.52
13146,2017-04-10T01:25:00,3.52
13147,2017-04-10T01:45:00,3.52
13148,2017-04-10T02:05:00,3.42
13149,2017-04-10T02:25:00,3.42
13150,2017-04-10T02:45:00,36.17
13151,2017-04-10T03:05:00,36.56
13152,2017-04-10T03:25:00,36.36
13153,2017-04-10T03:45:00,37.73
13154,2017-04-10T04:05:00,25.02
13155,2017-04-10T04:25:00,56.21
13156,2017-04-10T04:45:00,71.75
13157,2017-04-10T05:05:00,65.69
13158,2017-04-10T05:25:00,68.92
13159,2017-04-10T05:45:00,90.91
13160,2017-04-10T06:05:00,88.66
13161,2017-04-10T06:25:00,98.04
13162,2017-04-10T06:45:00,96.19
13163,2017-04-10T07:05:00,98.14
13164,2017-04-10T07:25:00,96.77
13165,2017-04-10T07:45:00,97.16
13166,2017-04-10T08:05:00,96.68
13167,2017-04-10T08:25:00,97.85
13168,2017-04-10T08:45:00,97.16
13169,2017-04-10T09:05:00,97.65
13170,2017-04-10T09:25:00,96.38
13171,2017-04-10T09:45:00,96.09
13172,2017-04-10T10:05:00,96.58
13173,2017-04-10T10:30:00,96.09
13174,2017-04-10T10:50:00,95.7
13175,2017-04-10T11:10:00,96.09
13176,2017-04-10T11:30:00,95.8
13177,2017-04-10T11:50:00,95.41
13178,2017-04-10T12:10:00,96.38
13179,2017-04-10T12:30:00,95.99
13180,2017-04-10T12:50:00,95.6
13181,2017-04-10T13:10:00,96.68
13182,2017-04-10T13:30:00,94.92
13183,2017-04-10T13:50:00,95.7
13184,2017-04-10T14:10:00,94.43
13185,2017-04-10T14:30:00,94.53
13186,2017-04-10T14:50:00,96.38
13187,2017-04-10T15:10:00,94.62
13188,2017-04-10T15:30:00,93.35
13189,2017-04-10T15:50:00,97.56
13190,2017-04-10T16:10:00,95.7
13191,2017-04-10T16:30:00,90.91
13192,2017-04-10T16:50:00,92.08
13193,2017-04-10T17:10:00,90.03
13194,2017-04-10T17:30:00,86.71
13195,2017-04-10T17:50:00,82.31
13196,2017-04-10T18:10:00,67.45
13197,2017-04-10T18:30:00,30.01
13198,2017-04-10T18:50:00,6.16
13199,2017-04-10T19:10:00,3.91
13200,2017-04-10T19:30:00,3.81
13201,2017-04-10T19:50:00,3.81
13202,2017-04-10T20:10:00,3.81
13203,2017-04-10T20:30:00,3.81
13204,2017-04-10T20:50:00,3.81
13205,2017-04-10T21:10:00,3.81
13206,2017-04-10T21:35:00,3.81
13207,2017-04-10T21:55:00,3.81
13208,2017-04-10T22:15:00,3.72
13209,2017-04-10T22:35:00,3.81
13210,2017-04-10T22:55:00,3.72
13211,2017-04-10T23:15:00,3.72
13212,2017-04-10T23:35:00,3.72
13213,2017-04-10T23:55:00,3.81
13214,2017-04-11T00:15:00,3.81
13215,2017-04-11T00:35:00,3.81
13216,2017-04-11T00:55:00,3.72
13217,2017-04-11T01:15:00,3.72
13218,2017-04-11T01:35:00,3.72
13219,2017-04-11T01:55:00,3.72
13220,2017-04-11T02:15:00,3.72
13221,2017-04-11T02:35:00,33.63
13222,2017-04-11T02:55:00,36.66
13223,2017-04-11T03:15:00,35.48
13224,2017-04-11T03:35:00,37.05
13225,2017-04-11T03:55:00,28.15
13226,2017-04-11T04:15:00,67.25
13227,2017-04-11T04:35:00,86.9
13228,2017-04-11T04:55:00,94.53
13229,2017-04-11T05:15:00,96.38
13230,2017-04-11T05:35:00,97.16
13231,2017-04-11T05:55:00,97.56
13232,2017-04-11T06:15:00,97.75
13233,2017-04-11T06:35:00,97.95
13234,2017-04-11T06:55:00,97.95
13235,2017-04-11T07:15:00,98.04
13236,2017-04-11T07:35:00,97.07
13237,2017-04-11T07:55:00,98.14
13238,2017-04-11T08:15:00,96.38
13239,2017-04-11T08:35:00,97.85
13240,2017-04-11T09:00:00,97.07
13241,2017-04-11T09:20:00,97.46
13242,2017-04-11T09:40:00,97.95
13243,2017-04-11T10:00:00,97.95
13244,2017-04-11T10:20:00,97.85
13245,2017-04-11T10:40:00,97.85
13246,2017-04-11T11:00:00,97.85
13247,2017-04-11T11:20:00,97.85
13248,2017-04-11T11:40:00,97.85
13249,2017-04-11T12:00:00,95.6
13250,2017-04-11T12:20:00,97.65
13251,2017-04-11T12:40:00,97.46
13252,2017-04-11T13:00:00,97.07
13253,2017-04-11T13:20:00,95.41
13254,2017-04-11T13:40:00,97.26
13255,2017-04-11T14:00:00,97.07
13256,2017-04-11T14:20:00,95.8
13257,2017-04-11T14:40:00,95.11
13258,2017-04-11T15:00:00,92.47
13259,2017-04-11T15:20:00,93.06
13260,2017-04-11T15:40:00,88.56
13261,2017-04-11T16:00:00,87.59
13262,2017-04-11T16:20:00,87.98
13263,2017-04-11T16:40:00,87.88
13264,2017-04-11T17:00:00,80.74
13265,2017-04-11T17:20:00,71.36
13266,2017-04-11T17:40:00,57.58
13267,2017-04-11T18:00:00,42.42
13268,2017-04-11T18:20:00,19.26
13269,2017-04-11T18:40:00,5.28
13270,2017-04-11T19:00:00,2.74
13271,2017-04-11T19:20:00,2.64
13272,2017-04-11T19:40:00,2.74
13273,2017-04-11T20:00:00,2.64
13274,2017-04-11T20:25:00,2.54
13275,2017-04-11T20:45:00,2.54
13276,2017-04-11T21:05:00,2.54
13277,2017-04-11T21:25:00,2.44
13278,2017-04-11T21:45:00,2.35
13279,2017-04-11T22:05:00,2.35
13280,2017-04-11T22:25:00,2.35
13281,2017-04-11T22:45:00,2.35
13282,2017-04-11T23:05:00,2.35
13283,2017-04-11T23:25:00,2.35
13284,2017-04-11T23:45:00,2.35
13285,2017-04-12T00:05:00,2.35
13286,2017-04-12T00:25:00,2.25
13287,2017-04-12T00:45:00,2.25
13288,2017-04-12T01:05:00,2.35
13289,2017-04-12T01:25:00,2.35
13290,2017-04-12T01:45:00,2.25
13291,2017-04-12T02:05:00,2.25
13292,2017-04-12T02:25:00,2.25
13293,2017-04-12T02:45:00,35.39
13294,2017-04-12T03:05:00,34.51
13295,2017-04-12T03:25:00,36.66
13296,2017-04-12T03:45:00,35.58
13297,2017-04-12T04:05:00,40.86
13298,2017-04-12T04:25:00,51.71
13299,2017-04-12T04:45:00,73.22
13300,2017-04-12T05:05:00,83.48
13301,2017-04-12T05:25:00,85.92
13302,2017-04-12T05:45:00,81.82
13303,2017-04-12T06:05:00,85.63
13304,2017-04-12T06:25:00,91.79
13305,2017-04-12T06:45:00,91.01
13306,2017-04-12T07:05:00,88.95
13307,2017-04-12T07:25:00,91.5
13308,2017-04-12T07:50:00,90.71
13309,2017-04-12T08:10:00,93.06
13310,2017-04-12T08:30:00,91.4
13311,2017-04-12T08:50:00,92.47
13312,2017-04-12T09:10:00,95.02
13313,2017-04-12T09:30:00,95.31
13314,2017-04-12T09:50:00,95.31
13315,2017-04-12T10:10:00,94.82
13316,2017-04-12T10:30:00,97.26
13317,2017-04-12T10:50:00,97.07
13318,2017-04-12T11:10:00,97.46
13319,2017-04-12T11:30:00,96.28
13320,2017-04-12T11:50:00,95.89
13321,2017-04-12T12:10:00,97.16
13322,2017-04-12T12:30:00,96.58
13323,2017-04-12T12:50:00,95.99
13324,2017-04-12T13:10:00,95.41
13325,2017-04-12T13:30:00,95.31
13326,2017-04-12T13:50:00,95.6
13327,2017-04-12T14:10:00,96.87
13328,2017-04-12T14:30:00,96.38
13329,2017-04-12T14:50:00,95.8
13330,2017-04-12T15:10:00,94.04
13331,2017-04-12T15:30:00,93.84
13332,2017-04-12T15:50:00,94.23
13333,2017-04-12T16:10:00,92.77
13334,2017-04-12T16:30:00,89.34
13335,2017-04-12T16:50:00,89.83
13336,2017-04-12T17:50:00,74.88
13337,2017-04-12T18:10:00,59.73
13338,2017-04-12T18:30:00,25.32
13339,2017-04-12T18:50:00,3.81
13340,2017-04-12T19:15:00,2.54
13341,2017-04-12T19:35:00,2.54
13342,2017-04-12T19:55:00,2.54
13343,2017-04-12T20:15:00,2.64
13344,2017-04-12T20:35:00,2.64
13345,2017-04-12T20:55:00,2.64
13346,2017-04-12T21:15:00,2.74
13347,2017-04-12T21:35:00,2.84
13348,2017-04-12T21:55:00,2.64
13349,2017-04-12T22:15:00,2.74
13350,2017-04-12T22:35:00,2.35
13351,2017-04-12T22:55:00,2.54
13352,2017-04-12T23:15:00,2.64
13353,2017-04-12T23:35:00,2.64
13354,2017-04-12T23:55:00,2.25
13355,2017-04-13T00:15:00,2.25
13356,2017-04-13T00:35:00,2.25
13357,2017-04-13T00:55:00,2.25
13358,2017-04-13T01:15:00,2.35
13359,2017-04-13T01:35:00,2.44
13360,2017-04-13T01:55:00,2.25
13361,2017-04-13T02:15:00,2.35
13362,2017-04-13T02:35:00,33.24
13363,2017-04-13T02:55:00,33.63
13364,2017-04-13T03:15:00,34.99
13365,2017-04-13T03:35:00,35.09
13366,2017-04-13T03:55:00,36.36
13367,2017-04-13T04:15:00,68.72
13368,2017-04-13T04:35:00,81.92
13369,2017-04-13T04:55:00,82.89
13370,2017-04-13T05:15:00,92.96
13371,2017-04-13T05:35:00,90.81
13372,2017-04-13T05:55:00,95.41
13373,2017-04-13T06:20:00,91.2
13374,2017-04-13T06:40:00,93.35
13375,2017-04-13T07:00:00,94.43
13376,2017-04-13T07:20:00,97.56
13377,2017-04-13T07:40:00,95.31
13378,2017-04-13T08:00:00,93.84
13379,2017-04-13T08:20:00,93.16
13380,2017-04-13T08:40:00,94.92
13381,2017-04-13T09:00:00,93.45
13382,2017-04-13T09:20:00,94.14
13383,2017-04-13T09:40:00,93.26
13384,2017-04-13T10:00:00,95.8
13385,2017-04-13T10:20:00,95.7
13386,2017-04-13T10:40:00,95.11
13387,2017-04-13T11:00:00,96.58
13388,2017-04-13T11:20:00,96.87
13389,2017-04-13T11:40:00,96.28
13390,2017-04-13T12:00:00,96.38
13391,2017-04-13T12:20:00,94.62
13392,2017-04-13T12:40:00,95.11
13393,2017-04-13T13:00:00,94.92
13394,2017-04-13T13:20:00,94.43
13395,2017-04-13T13:40:00,96.48
13396,2017-04-13T14:00:00,96.48
13397,2017-04-13T14:20:00,95.5
13398,2017-04-13T14:40:00,93.45
13399,2017-04-13T15:00:00,96.48
13400,2017-04-13T15:20:00,96.77
13401,2017-04-13T15:40:00,93.06
13402,2017-04-13T16:00:00,92.28
13403,2017-04-13T16:20:00,92.77
13404,2017-04-13T16:40:00,88.07
13405,2017-04-13T17:00:00,87.68
13406,2017-04-13T17:20:00,87.88
13407,2017-04-13T17:45:00,82.89
13408,2017-04-13T18:05:00,66.28
13409,2017-04-13T18:25:00,37.24
13410,2017-04-13T18:45:00,11.54
13411,2017-04-13T19:05:00,3.03
13412,2017-04-13T19:25:00,2.44
13413,2017-04-13T19:45:00,2.44
13414,2017-04-13T20:05:00,2.25
13415,2017-04-13T20:25:00,2.25
13416,2017-04-13T20:45:00,2.35
13417,2017-04-13T21:05:00,2.25
13418,2017-04-13T21:25:00,2.25
13419,2017-04-13T21:45:00,2.25
13420,2017-04-13T22:05:00,2.25
13421,2017-04-13T22:25:00,2.25
13422,2017-04-13T22:45:00,2.25
13423,2017-04-13T23:05:00,2.25
13424,2017-04-13T23:25:00,2.35
13425,2017-04-13T23:45:00,2.25
13426,2017-04-14T00:05:00,2.35
13427,2017-04-14T00:25:00,2.35
13428,2017-04-14T00:45:00,2.35
13429,2017-04-14T01:05:00,2.35
13430,2017-04-14T01:25:00,2.35
13431,2017-04-14T01:45:00,2.35
13432,2017-04-14T02:05:00,2.44
13433,2017-04-14T02:25:00,2.44
13434,2017-04-14T02:45:00,35.09
13435,2017-04-14T03:05:00,36.76
13436,2017-04-14T03:25:00,35.78
13437,2017-04-14T03:45:00,24.34
13438,2017-04-14T04:05:00,65.98
13439,2017-04-14T04:25:00,89.44
13440,2017-04-14T04:45:00,95.41
13441,2017-04-14T05:10:00,96.77
13442,2017-04-14T05:30:00,97.36
13443,2017-04-14T05:50:00,97.65
13444,2017-04-14T06:10:00,97.85
13445,2017-04-14T06:30:00,97.95
13446,2017-04-14T06:50:00,98.04
13447,2017-04-14T07:10:00,98.04
13448,2017-04-14T07:30:00,96.77
13449,2017-04-14T07:50:00,98.14
13450,2017-04-14T08:10:00,96.19
13451,2017-04-14T08:30:00,96.77
13452,2017-04-14T08:50:00,95.8
13453,2017-04-14T09:10:00,96.09
13454,2017-04-14T09:30:00,95.8
13455,2017-04-14T09:50:00,96.48
13456,2017-04-14T10:10:00,97.46
13457,2017-04-14T10:30:00,97.07
13458,2017-04-14T10:50:00,97.85
13459,2017-04-14T11:10:00,96.28
13460,2017-04-14T11:30:00,96.77
13461,2017-04-14T11:50:00,96.19
13462,2017-04-14T12:10:00,96.48
13463,2017-04-14T12:30:00,95.11
13464,2017-04-14T12:50:00,93.35
13465,2017-04-14T13:10:00,95.02
13466,2017-04-14T13:30:00,93.06
13467,2017-04-14T13:50:00,94.72
13468,2017-04-14T14:10:00,94.53
13469,2017-04-14T14:30:00,95.7
13470,2017-04-14T14:50:00,95.99
13471,2017-04-14T15:10:00,94.33
13472,2017-04-14T15:30:00,96.58
13473,2017-04-14T15:50:00,89.54
13474,2017-04-14T16:10:00,87.59
13475,2017-04-14T16:35:00,93.74
13476,2017-04-14T16:55:00,90.81
13477,2017-04-14T17:15:00,85.14
13478,2017-04-14T17:35:00,83.38
13479,2017-04-14T17:55:00,62.76
13480,2017-04-14T18:15:00,38.51
13481,2017-04-14T18:35:00,22.68
13482,2017-04-14T18:55:00,4.59
13483,2017-04-14T19:15:00,2.54
13484,2017-04-14T19:35:00,2.44
13485,2017-04-14T19:55:00,2.35
13486,2017-04-14T20:15:00,2.35
13487,2017-04-14T20:35:00,2.35
13488,2017-04-14T20:55:00,2.35
13489,2017-04-14T21:15:00,2.35
13490,2017-04-14T21:35:00,2.35
13491,2017-04-14T21:55:00,2.44
13492,2017-04-14T22:15:00,2.44
13493,2017-04-14T22:35:00,2.35
13494,2017-04-14T22:55:00,2.35
13495,2017-04-14T23:15:00,2.25
13496,2017-04-14T23:35:00,2.25
13497,2017-04-14T23:55:00,2.25
13498,2017-04-15T00:15:00,2.25
13499,2017-04-15T00:35:00,2.35
13500,2017-04-15T00:55:00,2.25
13501,2017-04-15T01:15:00,2.25
13502,2017-04-15T01:35:00,2.35
13503,2017-04-15T01:55:00,2.35
13504,2017-04-15T02:15:00,2.44
13505,2017-04-15T02:35:00,2.35
13506,2017-04-15T02:55:00,2.25
13507,2017-04-15T03:15:00,2.35
13508,2017-04-15T03:40:00,3.52
13509,2017-04-15T04:00:00,10.85
13510,2017-04-15T04:20:00,30.69
13511,2017-04-15T04:40:00,58.75
13512,2017-04-15T05:00:00,68.82
13513,2017-04-15T05:20:00,79.18
13514,2017-04-15T05:40:00,81.72
13515,2017-04-15T06:00:00,87.1
13516,2017-04-15T06:20:00,87.29
13517,2017-04-15T06:40:00,89.64
13518,2017-04-15T07:00:00,90.32
13519,2017-04-15T07:20:00,91.3
13520,2017-04-15T07:40:00,88.07
13521,2017-04-15T08:00:00,91.01
13522,2017-04-15T08:20:00,94.72
13523,2017-04-15T08:40:00,92.57
13524,2017-04-15T09:00:00,91.01
13525,2017-04-15T09:20:00,89.25
13526,2017-04-15T09:40:00,90.71
13527,2017-04-15T10:00:00,91.69
13528,2017-04-15T10:20:00,88.95
13529,2017-04-15T10:40:00,88.66
13530,2017-04-15T11:00:00,92.77
13531,2017-04-15T11:20:00,93.65
13532,2017-04-15T11:40:00,94.23
13533,2017-04-15T12:00:00,94.04
13534,2017-04-15T12:20:00,91.98
13535,2017-04-15T12:40:00,93.26
13536,2017-04-15T13:00:00,93.65
13537,2017-04-15T13:20:00,93.84
13538,2017-04-15T13:40:00,93.94
13539,2017-04-15T14:00:00,93.84
13540,2017-04-15T14:20:00,93.84
13541,2017-04-15T14:40:00,94.14
13542,2017-04-15T15:05:00,92.86
13543,2017-04-15T15:25:00,93.35
13544,2017-04-15T15:45:00,90.91
13545,2017-04-15T16:05:00,89.54
13546,2017-04-15T16:25:00,88.17
13547,2017-04-15T16:45:00,84.26
13548,2017-04-15T17:05:00,82.99
13549,2017-04-15T17:25:00,74.98
13550,2017-04-15T17:45:00,69.11
13551,2017-04-15T18:05:00,51.22
13552,2017-04-15T18:25:00,25.61
13553,2017-04-15T18:45:00,7.14
13554,2017-04-15T19:05:00,2.93
13555,2017-04-15T19:25:00,2.44
13556,2017-04-15T19:45:00,2.64
13557,2017-04-15T20:05:00,2.44
13558,2017-04-15T20:25:00,2.54
13559,2017-04-15T20:45:00,2.54
13560,2017-04-15T21:05:00,2.54
13561,2017-04-15T21:25:00,2.54
13562,2017-04-15T21:45:00,2.44
13563,2017-04-15T22:05:00,2.44
13564,2017-04-15T22:25:00,2.35
13565,2017-04-15T22:45:00,2.44
13566,2017-04-15T23:05:00,2.35
13567,2017-04-15T23:25:00,2.35
13568,2017-04-15T23:45:00,2.35
13569,2017-04-16T00:05:00,2.35
13570,2017-04-16T00:25:00,2.35
13571,2017-04-16T00:45:00,2.25
13572,2017-04-16T01:05:00,2.25
13573,2017-04-16T01:25:00,2.25
13574,2017-04-16T01:45:00,2.25
13575,2017-04-16T02:05:00,2.25
13576,2017-04-16T02:30:00,2.25
13577,2017-04-16T02:50:00,2.25
13578,2017-04-16T03:10:00,2.35
13579,2017-04-16T03:30:00,3.81
13580,2017-04-16T03:50:00,17.6
13581,2017-04-16T04:10:00,58.46
13582,2017-04-16T04:30:00,75.86
13583,2017-04-16T04:50:00,84.26
13584,2017-04-16T05:10:00,87.78
13585,2017-04-16T05:30:00,89.34
13586,2017-04-16T05:50:00,91.2
13587,2017-04-16T06:10:00,90.91
13588,2017-04-16T06:30:00,91.69
13589,2017-04-16T06:50:00,91.59
13590,2017-04-16T07:10:00,92.67
13591,2017-04-16T07:30:00,92.86
13592,2017-04-16T07:50:00,93.26
13593,2017-04-16T08:10:00,92.96
13594,2017-04-16T08:30:00,93.06
13595,2017-04-16T08:50:00,92.77
13596,2017-04-16T09:10:00,94.23
13597,2017-04-16T09:30:00,94.43
13598,2017-04-16T09:50:00,95.5
13599,2017-04-16T10:10:00,95.7
13600,2017-04-16T10:30:00,95.21
13601,2017-04-16T10:50:00,96.38
13602,2017-04-16T11:10:00,96.09
13603,2017-04-16T11:30:00,94.14
13604,2017-04-16T11:50:00,95.31
13605,2017-04-16T12:10:00,97.07
13606,2017-04-16T12:30:00,96.77
13607,2017-04-16T12:50:00,96.68
13608,2017-04-16T13:10:00,96.09
13609,2017-04-16T13:30:00,95.99
13610,2017-04-16T13:55:00,96.28
13611,2017-04-16T14:15:00,94.92
13612,2017-04-16T14:35:00,94.23
13613,2017-04-16T14:55:00,92.77
13614,2017-04-16T15:15:00,93.45
13615,2017-04-16T15:35:00,94.62
13616,2017-04-16T15:55:00,93.55
13617,2017-04-16T16:15:00,92.47
13618,2017-04-16T16:35:00,91.59
13619,2017-04-16T16:55:00,90.52
13620,2017-04-16T17:15:00,81.04
13621,2017-04-16T17:35:00,72.24
13622,2017-04-16T17:55:00,43.6
13623,2017-04-16T18:15:00,29.23
13624,2017-04-16T18:35:00,7.72
13625,2017-04-16T18:55:00,3.81
13626,2017-04-16T19:15:00,2.54
13627,2017-04-16T19:35:00,2.35
13628,2017-04-16T19:55:00,2.35
13629,2017-04-16T20:15:00,2.35
13630,2017-04-16T20:35:00,2.35
13631,2017-04-16T20:55:00,2.25
13632,2017-04-16T21:15:00,2.35
13633,2017-04-16T21:35:00,2.25
13634,2017-04-16T21:55:00,2.35
13635,2017-04-16T22:15:00,2.25
13636,2017-04-16T22:35:00,2.15
13637,2017-04-16T22:55:00,2.15
13638,2017-04-16T23:15:00,2.15
13639,2017-04-16T23:35:00,2.15
13640,2017-04-16T23:55:00,2.15
13641,2017-04-17T00:15:00,2.15
13642,2017-04-17T00:55:00,2.15
13643,2017-04-17T01:20:00,2.15
13644,2017-04-17T01:40:00,2.25
13645,2017-04-17T02:00:00,2.25
13646,2017-04-17T02:20:00,2.25
13647,2017-04-17T02:40:00,33.63
13648,2017-04-17T03:00:00,33.43
13649,2017-04-17T03:20:00,35.78
13650,2017-04-17T03:40:00,35.39
13651,2017-04-17T04:00:00,36.85
13652,2017-04-17T04:20:00,59.14
13653,2017-04-17T04:40:00,75.95
13654,2017-04-17T05:00:00,83.58
13655,2017-04-17T05:20:00,88.07
13656,2017-04-17T05:40:00,87.49
13657,2017-04-17T06:00:00,90.22
13658,2017-04-17T06:20:00,89.15
13659,2017-04-17T06:40:00,92.28
13660,2017-04-17T07:00:00,95.5
13661,2017-04-17T07:20:00,94.14
13662,2017-04-17T07:40:00,94.72
13663,2017-04-17T08:00:00,94.14
13664,2017-04-17T08:20:00,92.67
13665,2017-04-17T08:40:00,92.96
13666,2017-04-17T09:00:00,92.96
13667,2017-04-17T09:20:00,91.89
13668,2017-04-17T09:40:00,94.14
13669,2017-04-17T10:00:00,93.16
13670,2017-04-17T10:20:00,93.65
13671,2017-04-17T10:40:00,94.23
13672,2017-04-17T11:00:00,95.21
13673,2017-04-17T11:20:00,93.26
13674,2017-04-17T11:40:00,92.96
13675,2017-04-17T12:00:00,95.21
13676,2017-04-17T12:25:00,95.31
13677,2017-04-17T12:45:00,95.99
13678,2017-04-17T13:05:00,96.68
13679,2017-04-17T13:25:00,95.8
13680,2017-04-17T13:45:00,93.65
13681,2017-04-17T14:05:00,94.62
13682,2017-04-17T14:25:00,93.35
13683,2017-04-17T14:45:00,94.82
13684,2017-04-17T15:05:00,94.43
13685,2017-04-17T15:25:00,95.41
13686,2017-04-17T15:45:00,96.58
13687,2017-04-17T16:05:00,93.06
13688,2017-04-17T16:25:00,91.4
13689,2017-04-17T16:45:00,92.18
13690,2017-04-17T17:05:00,88.37
13691,2017-04-17T17:25:00,82.01
13692,2017-04-17T17:45:00,75.27
13693,2017-04-17T18:05:00,51.81
13694,2017-04-17T18:25:00,35.68
13695,2017-04-17T18:45:00,8.99
13696,2017-04-17T19:05:00,3.13
13697,2017-04-17T19:25:00,2.44
13698,2017-04-17T19:45:00,2.35
13699,2017-04-17T20:05:00,2.35
13700,2017-04-17T20:25:00,2.35
13701,2017-04-17T20:45:00,2.35
13702,2017-04-17T21:05:00,2.44
13703,2017-04-17T21:25:00,2.35
13704,2017-04-17T21:45:00,2.54
13705,2017-04-17T22:05:00,2.54
13706,2017-04-17T22:25:00,2.64
13707,2017-04-17T22:45:00,2.64
13708,2017-04-17T23:05:00,2.74
13709,2017-04-17T23:25:00,2.74
13710,2017-04-17T23:50:00,2.84
13711,2017-04-18T00:10:00,2.84
13712,2017-04-18T00:30:00,2.93
13713,2017-04-18T00:50:00,2.93
13714,2017-04-18T01:10:00,3.03
13715,2017-04-18T01:30:00,3.03
13716,2017-04-18T01:50:00,3.03
13717,2017-04-18T02:10:00,3.13
13718,2017-04-18T02:30:00,3.13
13719,2017-04-18T02:50:00,34.9
13720,2017-04-18T03:10:00,35.97
13721,2017-04-18T03:30:00,37.93
13722,2017-04-18T03:50:00,36.76
13723,2017-04-18T04:10:00,62.56
13724,2017-04-18T04:30:00,85.24
13725,2017-04-18T04:50:00,88.46
13726,2017-04-18T05:10:00,92.28
13727,2017-04-18T05:30:00,96.68
13728,2017-04-18T05:50:00,95.02
13729,2017-04-18T06:10:00,97.56
13730,2017-04-18T06:30:00,97.65
13731,2017-04-18T06:50:00,95.89
13732,2017-04-18T07:10:00,96.58
13733,2017-04-18T07:30:00,97.85
13734,2017-04-18T07:50:00,98.14
13735,2017-04-18T08:10:00,98.04
13736,2017-04-18T08:30:00,97.95
13737,2017-04-18T08:50:00,95.89
13738,2017-04-18T09:10:00,97.95
13739,2017-04-18T09:30:00,97.85
13740,2017-04-18T09:50:00,95.7
13741,2017-04-18T10:10:00,96.28
13742,2017-04-18T10:30:00,97.75
13743,2017-04-18T10:50:00,97.56
13744,2017-04-18T11:15:00,97.85
13745,2017-04-18T11:35:00,97.85
13746,2017-04-18T11:55:00,95.89
13747,2017-04-18T12:15:00,96.28
13748,2017-04-18T12:35:00,95.8
13749,2017-04-18T12:55:00,97.36
13750,2017-04-18T13:15:00,97.46
13751,2017-04-18T13:35:00,96.97
13752,2017-04-18T13:55:00,97.07
13753,2017-04-18T14:15:00,96.87
13754,2017-04-18T14:35:00,95.41
13755,2017-04-18T14:55:00,96.48
13756,2017-04-18T15:15:00,94.33
13757,2017-04-18T15:35:00,97.65
13758,2017-04-18T15:55:00,93.84
13759,2017-04-18T16:15:00,97.26
13760,2017-04-18T16:35:00,94.04
13761,2017-04-18T16:55:00,94.14
13762,2017-04-18T17:15:00,91.89
13763,2017-04-18T17:35:00,89.05
13764,2017-04-18T17:55:00,86.12
13765,2017-04-18T18:15:00,78.69
13766,2017-04-18T18:35:00,55.42
13767,2017-04-18T18:55:00,15.64
13768,2017-04-18T19:15:00,4.79
13769,2017-04-18T19:35:00,3.91
13770,2017-04-18T19:55:00,3.81
13771,2017-04-18T20:15:00,3.81
13772,2017-04-18T20:35:00,3.81
13773,2017-04-18T20:55:00,3.81
13774,2017-04-18T21:15:00,3.81
13775,2017-04-18T21:35:00,3.81
13776,2017-04-18T21:55:00,3.81
13777,2017-04-18T22:15:00,3.81
13778,2017-04-18T22:40:00,3.81
13779,2017-04-18T23:00:00,3.81
13780,2017-04-18T23:20:00,3.81
13781,2017-04-18T23:40:00,3.81
13782,2017-04-19T00:00:00,3.81
13783,2017-04-19T00:20:00,3.81
13784,2017-04-19T00:40:00,3.91
13785,2017-04-19T01:00:00,3.81
13786,2017-04-19T01:20:00,3.81
13787,2017-04-19T01:40:00,3.81
13788,2017-04-19T02:00:00,3.81
13789,2017-04-19T02:20:00,3.81
13790,2017-04-19T02:40:00,35.97
13791,2017-04-19T03:00:00,37.73
13792,2017-04-19T03:20:00,37.34
13793,2017-04-19T03:40:00,28.15
13794,2017-04-19T04:00:00,62.56
13795,2017-04-19T04:20:00,79.28
13796,2017-04-19T04:40:00,95.02
13797,2017-04-19T05:00:00,96.97
13798,2017-04-19T05:20:00,97.46
13799,2017-04-19T05:40:00,97.65
13800,2017-04-19T06:00:00,97.95
13801,2017-04-19T06:20:00,97.65
13802,2017-04-19T06:40:00,96.48
13803,2017-04-19T07:00:00,96.68
13804,2017-04-19T07:20:00,96.87
13805,2017-04-19T07:40:00,96.58
13806,2017-04-19T08:00:00,95.5
13807,2017-04-19T08:20:00,97.95
13808,2017-04-19T08:40:00,97.85
13809,2017-04-19T09:00:00,97.85
13810,2017-04-19T09:20:00,97.85
13811,2017-04-19T09:45:00,97.85
13812,2017-04-19T10:05:00,97.85
13813,2017-04-19T10:25:00,97.65
13814,2017-04-19T10:45:00,97.75
13815,2017-04-19T11:05:00,97.56
13816,2017-04-19T11:25:00,97.56
13817,2017-04-19T11:45:00,97.65
13818,2017-04-19T12:05:00,97.65
13819,2017-04-19T12:25:00,97.56
13820,2017-04-19T12:45:00,97.07
13821,2017-04-19T13:05:00,95.8
13822,2017-04-19T13:25:00,96.09
13823,2017-04-19T13:45:00,97.16
13824,2017-04-19T14:05:00,94.82
13825,2017-04-19T14:25:00,95.21
13826,2017-04-19T14:45:00,96.58
13827,2017-04-19T15:05:00,96.77
13828,2017-04-19T15:25:00,95.99
13829,2017-04-19T15:45:00,93.16
13830,2017-04-19T16:05:00,93.84
13831,2017-04-19T16:25:00,94.33
13832,2017-04-19T16:45:00,90.52
13833,2017-04-19T17:05:00,88.95
13834,2017-04-19T17:25:00,85.83
13835,2017-04-19T17:45:00,77.91
13836,2017-04-19T18:05:00,65.98
13837,2017-04-19T18:25:00,51.91
13838,2017-04-19T18:45:00,24.83
13839,2017-04-19T19:05:00,6.45
13840,2017-04-19T19:25:00,3.91
13841,2017-04-19T19:45:00,3.81
13842,2017-04-19T20:05:00,3.72
13843,2017-04-19T20:25:00,3.72
13844,2017-04-19T20:45:00,3.81
13845,2017-04-19T21:10:00,3.72
13846,2017-04-19T21:30:00,3.72
13847,2017-04-19T21:50:00,3.72
13848,2017-04-19T22:10:00,3.81
13849,2017-04-19T22:30:00,3.81
13850,2017-04-19T22:50:00,3.81
13851,2017-04-19T23:10:00,3.81
13852,2017-04-19T23:30:00,3.81
13853,2017-04-19T23:50:00,3.81
13854,2017-04-20T00:10:00,3.81
13855,2017-04-20T00:30:00,3.81
13856,2017-04-20T00:50:00,3.81
13857,2017-04-20T01:10:00,3.81
13858,2017-04-20T01:30:00,3.81
13859,2017-04-20T01:50:00,3.81
13860,2017-04-20T02:10:00,3.81
13861,2017-04-20T02:30:00,15.44
13862,2017-04-20T02:50:00,38.51
13863,2017-04-20T03:10:00,37.15
13864,2017-04-20T03:30:00,25.02
13865,2017-04-20T03:50:00,64.12
13866,2017-04-20T04:10:00,89.05
13867,2017-04-20T04:30:00,94.82
13868,2017-04-20T04:50:00,96.48
13869,2017-04-20T05:10:00,94.23
13870,2017-04-20T05:30:00,95.8
13871,2017-04-20T05:50:00,95.11
13872,2017-04-20T06:10:00,94.23
13873,2017-04-20T06:30:00,93.55
13874,2017-04-20T06:50:00,93.94
13875,2017-04-20T07:10:00,93.94
13876,2017-04-20T07:30:00,94.53
13877,2017-04-20T07:50:00,93.94
13878,2017-04-20T08:10:00,94.33
13879,2017-04-20T08:35:00,94.23
13880,2017-04-20T08:55:00,95.11
13881,2017-04-20T09:15:00,94.82
13882,2017-04-20T09:35:00,95.6
13883,2017-04-20T09:55:00,95.6
13884,2017-04-20T10:15:00,94.72
13885,2017-04-20T10:35:00,96.87
13886,2017-04-20T10:55:00,96.58
13887,2017-04-20T11:15:00,95.41
13888,2017-04-20T11:35:00,95.89
13889,2017-04-20T11:55:00,96.77
13890,2017-04-20T12:15:00,96.68
13891,2017-04-20T12:35:00,96.28
13892,2017-04-20T12:55:00,96.48
13893,2017-04-20T13:15:00,96.77
13894,2017-04-20T13:35:00,96.87
13895,2017-04-20T13:55:00,96.38
13896,2017-04-20T14:15:00,96.09
13897,2017-04-20T14:35:00,96.09
13898,2017-04-20T14:55:00,96.58
13899,2017-04-20T15:15:00,95.8
13900,2017-04-20T15:35:00,96.19
13901,2017-04-20T15:55:00,93.74
13902,2017-04-20T16:15:00,93.06
13903,2017-04-20T16:35:00,91.59
13904,2017-04-20T16:55:00,91.69
13905,2017-04-20T17:15:00,89.25
13906,2017-04-20T17:35:00,87.1
13907,2017-04-20T17:55:00,78.98
13908,2017-04-20T18:15:00,61.88
13909,2017-04-20T18:35:00,41.15
13910,2017-04-20T18:55:00,9.97
13911,2017-04-20T19:15:00,4.2
13912,2017-04-20T19:35:00,3.81
13913,2017-04-20T20:00:00,3.81
13914,2017-04-20T20:20:00,3.81
13915,2017-04-20T20:40:00,3.81
13916,2017-04-20T21:00:00,3.81
13917,2017-04-20T21:20:00,3.72
13918,2017-04-20T21:40:00,3.72
13919,2017-04-20T22:00:00,3.62
13920,2017-04-20T22:20:00,3.72
13921,2017-04-20T22:40:00,3.62
13922,2017-04-20T23:00:00,3.52
13923,2017-04-20T23:20:00,3.62
13924,2017-04-20T23:40:00,3.72
13925,2017-04-21T00:00:00,3.62
13926,2017-04-21T00:20:00,3.52
13927,2017-04-21T00:40:00,3.62
13928,2017-04-21T01:00:00,3.72
13929,2017-04-21T01:20:00,3.72
13930,2017-04-21T01:40:00,3.62
13931,2017-04-21T02:00:00,3.72
13932,2017-04-21T02:20:00,3.42
13933,2017-04-21T02:40:00,35.19
13934,2017-04-21T03:00:00,35.78
13935,2017-04-21T03:20:00,36.95
13936,2017-04-21T03:40:00,27.76
13937,2017-04-21T04:00:00,45.55
13938,2017-04-21T04:20:00,71.06
13939,2017-04-21T04:40:00,79.67
13940,2017-04-21T05:00:00,89.74
13941,2017-04-21T05:20:00,94.04
13942,2017-04-21T05:40:00,92.47
13943,2017-04-21T06:00:00,95.41
13944,2017-04-21T06:20:00,90.42
13945,2017-04-21T06:40:00,90.71
13946,2017-04-21T07:45:00,93.45
13947,2017-04-21T08:05:00,94.14
13948,2017-04-21T08:25:00,93.45
13949,2017-04-21T08:45:00,93.94
13950,2017-04-21T09:05:00,95.31
13951,2017-04-21T09:25:00,94.53
13952,2017-04-21T09:45:00,95.11
13953,2017-04-21T10:05:00,96.19
13954,2017-04-21T10:25:00,95.5
13955,2017-04-21T10:45:00,95.31
13956,2017-04-21T11:05:00,95.89
13957,2017-04-21T11:25:00,95.7
13958,2017-04-21T11:45:00,95.41
13959,2017-04-21T12:05:00,93.65
13960,2017-04-21T12:25:00,94.82
13961,2017-04-21T12:45:00,94.04
13962,2017-04-21T13:05:00,93.45
13963,2017-04-21T13:25:00,93.35
13964,2017-04-21T13:45:00,94.43
13965,2017-04-21T14:05:00,93.84
13966,2017-04-21T14:25:00,90.22
13967,2017-04-21T14:45:00,90.52
13968,2017-04-21T15:05:00,94.53
13969,2017-04-21T15:25:00,88.17
13970,2017-04-21T15:45:00,92.08
13971,2017-04-21T16:05:00,92.38
13972,2017-04-21T16:25:00,91.89
13973,2017-04-21T16:45:00,91.4
13974,2017-04-21T17:05:00,88.27
13975,2017-04-21T17:25:00,90.62
13976,2017-04-21T17:45:00,87.29
13977,2017-04-21T18:05:00,82.01
13978,2017-04-21T18:30:00,69.8
13979,2017-04-21T18:50:00,37.34
13980,2017-04-21T19:10:00,7.72
13981,2017-04-21T19:30:00,3.23
13982,2017-04-21T19:50:00,2.93
13983,2017-04-21T20:10:00,3.03
13984,2017-04-21T20:30:00,3.13
13985,2017-04-21T20:50:00,3.13
13986,2017-04-21T21:10:00,3.23
13987,2017-04-21T21:30:00,3.32
13988,2017-04-21T21:50:00,3.32
13989,2017-04-21T22:10:00,3.32
13990,2017-04-21T22:30:00,3.32
13991,2017-04-21T22:50:00,3.42
13992,2017-04-21T23:10:00,3.42
13993,2017-04-21T23:30:00,3.42
13994,2017-04-21T23:50:00,3.42
13995,2017-04-22T00:10:00,3.52
13996,2017-04-22T00:30:00,3.52
13997,2017-04-22T00:50:00,3.52
13998,2017-04-22T01:10:00,3.52
13999,2017-04-22T01:30:00,3.52
14000,2017-04-22T01:50:00,3.52
14001,2017-04-22T02:10:00,3.52
14002,2017-04-22T02:30:00,3.52
14003,2017-04-22T02:50:00,3.72
14004,2017-04-22T03:10:00,5.67
14005,2017-04-22T03:30:00,31.28
14006,2017-04-22T03:50:00,66.28
14007,2017-04-22T04:10:00,83.28
14008,2017-04-22T04:30:00,93.94
14009,2017-04-22T04:50:00,96.97
14010,2017-04-22T05:10:00,96.68
14011,2017-04-22T05:30:00,97.85
14012,2017-04-22T05:55:00,96.48
14013,2017-04-22T06:15:00,97.65
14014,2017-04-22T06:35:00,97.65
14015,2017-04-22T06:55:00,98.14
14016,2017-04-22T07:15:00,96.58
14017,2017-04-22T07:35:00,96.68
14018,2017-04-22T07:55:00,97.95
14019,2017-04-22T08:15:00,97.46
14020,2017-04-22T08:35:00,96.97
14021,2017-04-22T08:55:00,97.26
14022,2017-04-22T09:15:00,96.87
14023,2017-04-22T09:35:00,96.58
14024,2017-04-22T09:55:00,95.89
14025,2017-04-22T10:15:00,96.28
14026,2017-04-22T10:35:00,96.19
14027,2017-04-22T10:55:00,96.68
14028,2017-04-22T11:15:00,97.75
14029,2017-04-22T11:35:00,96.09
14030,2017-04-22T11:55:00,98.04
14031,2017-04-22T12:15:00,97.56
14032,2017-04-22T12:35:00,97.26
14033,2017-04-22T12:55:00,97.26
14034,2017-04-22T13:15:00,97.36
14035,2017-04-22T13:35:00,97.26
14036,2017-04-22T13:55:00,95.21
14037,2017-04-22T14:15:00,97.07
14038,2017-04-22T14:35:00,96.77
14039,2017-04-22T14:55:00,96.87
14040,2017-04-22T15:15:00,97.46
14041,2017-04-22T15:35:00,97.65
14042,2017-04-22T15:55:00,97.65
14043,2017-04-22T16:15:00,97.16
14044,2017-04-22T16:35:00,91.1
14045,2017-04-22T16:55:00,93.45
14046,2017-04-22T17:20:00,92.28
14047,2017-04-22T17:40:00,90.32
14048,2017-04-22T18:00:00,89.25
14049,2017-04-22T18:20:00,81.82
14050,2017-04-22T18:40:00,63.05
14051,2017-04-22T19:00:00,22.97
14052,2017-04-22T19:20:00,5.86
14053,2017-04-22T19:40:00,4.3
14054,2017-04-22T20:00:00,4.11
14055,2017-04-22T20:20:00,4.11
14056,2017-04-22T20:40:00,4.11
14057,2017-04-22T21:00:00,4.11
14058,2017-04-22T21:20:00,4.11
14059,2017-04-22T21:40:00,4.11
14060,2017-04-22T22:00:00,4.11
14061,2017-04-22T22:20:00,4.01
14062,2017-04-22T22:40:00,4.01
14063,2017-04-22T23:00:00,4.01
14064,2017-04-22T23:20:00,4.01
14065,2017-04-22T23:40:00,4.01
14066,2017-04-23T00:00:00,4.01
14067,2017-04-23T00:20:00,4.01
14068,2017-04-23T00:40:00,4.01
14069,2017-04-23T01:00:00,4.01
14070,2017-04-23T01:20:00,3.91
14071,2017-04-23T01:40:00,3.91
14072,2017-04-23T02:00:00,3.91
14073,2017-04-23T02:20:00,3.91
14074,2017-04-23T02:40:00,4.2
14075,2017-04-23T03:00:00,5.96
14076,2017-04-23T03:20:00,26.1
14077,2017-04-23T03:40:00,63.83
14078,2017-04-23T04:00:00,87
14079,2017-04-23T04:20:00,94.82
14080,2017-04-23T04:45:00,95.8
14081,2017-04-23T05:05:00,97.26
14082,2017-04-23T05:25:00,97.75
14083,2017-04-23T05:45:00,97.85
14084,2017-04-23T06:05:00,97.95
14085,2017-04-23T06:25:00,98.04
14086,2017-04-23T06:45:00,98.04
14087,2017-04-23T07:05:00,98.14
14088,2017-04-23T07:25:00,98.04
14089,2017-04-23T07:45:00,98.14
14090,2017-04-23T08:05:00,98.14
14091,2017-04-23T08:25:00,98.14
14092,2017-04-23T08:45:00,95.99
14093,2017-04-23T09:05:00,97.95
14094,2017-04-23T09:25:00,97.56
14095,2017-04-23T09:45:00,97.85
14096,2017-04-23T10:05:00,97.95
14097,2017-04-23T10:25:00,96.97
14098,2017-04-23T10:45:00,97.26
14099,2017-04-23T11:05:00,96.28
14100,2017-04-23T11:25:00,97.65
14101,2017-04-23T11:45:00,97.75
14102,2017-04-23T12:05:00,97.65
14103,2017-04-23T12:25:00,97.75
14104,2017-04-23T12:45:00,95.6
14105,2017-04-23T13:05:00,97.36
14106,2017-04-23T13:25:00,95.21
14107,2017-04-23T13:45:00,97.26
14108,2017-04-23T14:05:00,95.6
14109,2017-04-23T14:25:00,96.77
14110,2017-04-23T14:45:00,96.87
14111,2017-04-23T15:05:00,97.46
14112,2017-04-23T15:25:00,93.65
14113,2017-04-23T15:50:00,94.14
14114,2017-04-23T16:10:00,96.77
14115,2017-04-23T16:30:00,95.41
14116,2017-04-23T16:50:00,94.23
14117,2017-04-23T17:10:00,93.26
14118,2017-04-23T17:30:00,91.5
14119,2017-04-23T17:50:00,88.46
14120,2017-04-23T18:10:00,84.65
14121,2017-04-23T18:30:00,71.06
14122,2017-04-23T18:50:00,41.84
14123,2017-04-23T19:10:00,10.95
14124,2017-04-23T19:30:00,4.69
14125,2017-04-23T19:50:00,4.3
14126,2017-04-23T20:10:00,4.2
14127,2017-04-23T20:30:00,4.3
14128,2017-04-23T20:50:00,4.2
14129,2017-04-23T21:10:00,4.2
14130,2017-04-23T21:30:00,4.2
14131,2017-04-23T21:50:00,4.01
14132,2017-04-23T22:10:00,2.84
14133,2017-04-23T22:30:00,2.74
14134,2017-04-23T22:50:00,2.84
14135,2017-04-23T23:10:00,2.84
14136,2017-04-23T23:30:00,2.84
14137,2017-04-23T23:50:00,2.84
14138,2017-04-24T00:10:00,2.84
14139,2017-04-24T00:30:00,2.74
14140,2017-04-24T00:50:00,2.74
14141,2017-04-24T01:10:00,2.74
14142,2017-04-24T01:30:00,2.74
14143,2017-04-24T01:50:00,2.64
14144,2017-04-24T02:10:00,2.64
14145,2017-04-24T02:30:00,31.96
14146,2017-04-24T02:50:00,35.19
14147,2017-04-24T03:15:00,37.63
14148,2017-04-24T03:35:00,41.45
14149,2017-04-24T03:55:00,44.38
14150,2017-04-24T04:15:00,56.3
14151,2017-04-24T04:35:00,68.92
14152,2017-04-24T04:55:00,75.56
14153,2017-04-24T05:15:00,79.86
14154,2017-04-24T05:35:00,83.77
14155,2017-04-24T05:55:00,84.36
14156,2017-04-24T06:15:00,88.17
14157,2017-04-24T06:35:00,88.86
14158,2017-04-24T06:55:00,94.92
14159,2017-04-24T07:15:00,91.3
14160,2017-04-24T07:35:00,94.14
14161,2017-04-24T07:55:00,92.47
14162,2017-04-24T08:15:00,92.77
14163,2017-04-24T08:35:00,93.26
14164,2017-04-24T08:55:00,93.84
14165,2017-04-24T09:15:00,95.7
14166,2017-04-24T09:35:00,93.45
14167,2017-04-24T09:55:00,96.19
14168,2017-04-24T10:15:00,95.11
14169,2017-04-24T10:35:00,97.56
14170,2017-04-24T10:55:00,93.94
14171,2017-04-24T11:15:00,95.31
14172,2017-04-24T11:35:00,97.85
14173,2017-04-24T11:55:00,95.89
14174,2017-04-24T12:15:00,95.99
14175,2017-04-24T12:35:00,96.19
14176,2017-04-24T12:55:00,96.38
14177,2017-04-24T13:15:00,96.97
14178,2017-04-24T13:35:00,96.97
14179,2017-04-24T13:55:00,96.77
14180,2017-04-24T14:15:00,96.58
14181,2017-04-24T14:40:00,95.99
14182,2017-04-24T15:00:00,96.68
14183,2017-04-24T15:20:00,97.36
14184,2017-04-24T15:40:00,97.56
14185,2017-04-24T16:00:00,97.46
14186,2017-04-24T16:20:00,96.97
14187,2017-04-24T16:40:00,95.31
14188,2017-04-24T17:00:00,93.55
14189,2017-04-24T17:20:00,92.18
14190,2017-04-24T17:40:00,90.32
14191,2017-04-24T18:00:00,89.93
14192,2017-04-24T18:20:00,82.5
14193,2017-04-24T18:40:00,65.98
14194,2017-04-24T19:00:00,28.94
14195,2017-04-24T19:20:00,7.04
14196,2017-04-24T19:40:00,4.2
14197,2017-04-24T20:00:00,4.11
14198,2017-04-24T20:20:00,4.11
14199,2017-04-24T20:40:00,4.11
14200,2017-04-24T21:00:00,4.01
14201,2017-04-24T21:20:00,4.11
14202,2017-04-24T21:40:00,4.11
14203,2017-04-24T22:00:00,4.01
14204,2017-04-24T22:20:00,4.11
14205,2017-04-24T22:40:00,4.11
14206,2017-04-24T23:00:00,4.11
14207,2017-04-24T23:20:00,4.11
14208,2017-04-24T23:40:00,4.11
14209,2017-04-25T00:00:00,4.11
14210,2017-04-25T00:20:00,4.11
14211,2017-04-25T00:40:00,4.11
14212,2017-04-25T01:00:00,4.11
14213,2017-04-25T01:20:00,4.11
14214,2017-04-25T01:40:00,4.11
14215,2017-04-25T02:05:00,4.11
14216,2017-04-25T02:25:00,4.2
14217,2017-04-25T02:45:00,36.17
14218,2017-04-25T03:05:00,38.12
14219,2017-04-25T03:25:00,40.47
14220,2017-04-25T03:45:00,72.34
14221,2017-04-25T04:05:00,92.38
14222,2017-04-25T04:25:00,95.5
14223,2017-04-25T04:45:00,96.87
14224,2017-04-25T05:05:00,97.56
14225,2017-04-25T05:25:00,97.75
14226,2017-04-25T05:45:00,97.85
14227,2017-04-25T06:05:00,97.95
14228,2017-04-25T06:25:00,97.95
14229,2017-04-25T06:45:00,98.04
14230,2017-04-25T07:05:00,97.95
14231,2017-04-25T07:25:00,98.04
14232,2017-04-25T07:45:00,98.04
14233,2017-04-25T08:05:00,96.28
14234,2017-04-25T08:25:00,97.95
14235,2017-04-25T08:45:00,97.85
14236,2017-04-25T09:05:00,96.48
14237,2017-04-25T09:25:00,95.11
14238,2017-04-25T09:45:00,93.45
14239,2017-04-25T10:05:00,97.56
14240,2017-04-25T10:25:00,97.26
14241,2017-04-25T10:45:00,95.99
14242,2017-04-25T11:05:00,97.85
14243,2017-04-25T11:25:00,93.06
14244,2017-04-25T11:45:00,95.21
14245,2017-04-25T12:05:00,91.98
14246,2017-04-25T12:25:00,94.62
14247,2017-04-25T12:45:00,88.56
14248,2017-04-25T13:50:00,91.1
14249,2017-04-25T14:10:00,93.94
14250,2017-04-25T14:30:00,95.7
14251,2017-04-25T14:50:00,95.5
14252,2017-04-25T15:10:00,96.68
14253,2017-04-25T15:30:00,92.96
14254,2017-04-25T15:50:00,82.7
14255,2017-04-25T16:10:00,93.84
14256,2017-04-25T16:30:00,92.57
14257,2017-04-25T16:50:00,93.65
14258,2017-04-25T17:10:00,92.08
14259,2017-04-25T17:30:00,89.34
14260,2017-04-25T17:50:00,88.17
14261,2017-04-25T18:10:00,83.68
14262,2017-04-25T18:30:00,67.35
14263,2017-04-25T18:50:00,42.82
14264,2017-04-25T19:10:00,12.22
14265,2017-04-25T19:30:00,3.52
14266,2017-04-25T19:50:00,2.74
14267,2017-04-25T20:10:00,2.64
14268,2017-04-25T20:30:00,2.64
14269,2017-04-25T20:50:00,2.64
14270,2017-04-25T21:10:00,2.74
14271,2017-04-25T21:30:00,2.74
14272,2017-04-25T21:50:00,2.74
14273,2017-04-25T22:10:00,2.74
14274,2017-04-25T22:30:00,2.74
14275,2017-04-25T22:50:00,2.74
14276,2017-04-25T23:10:00,2.74
14277,2017-04-25T23:30:00,2.84
14278,2017-04-25T23:50:00,2.84
14279,2017-04-26T00:10:00,2.84
14280,2017-04-26T00:35:00,2.84
14281,2017-04-26T00:55:00,2.84
14282,2017-04-26T01:15:00,2.84
14283,2017-04-26T01:35:00,2.84
14284,2017-04-26T01:55:00,2.84
14285,2017-04-26T02:15:00,2.84
14286,2017-04-26T02:35:00,34.21
14287,2017-04-26T02:55:00,35.68
14288,2017-04-26T03:15:00,24.63
14289,2017-04-26T03:35:00,61.88
14290,2017-04-26T03:55:00,81.62
14291,2017-04-26T04:15:00,94.92
14292,2017-04-26T04:35:00,96.58
14293,2017-04-26T04:55:00,97.26
14294,2017-04-26T05:15:00,97.65
14295,2017-04-26T05:35:00,97.95
14296,2017-04-26T05:55:00,98.14
14297,2017-04-26T06:15:00,97.85
14298,2017-04-26T06:35:00,97.85
14299,2017-04-26T06:55:00,97.95
14300,2017-04-26T07:15:00,97.95
14301,2017-04-26T07:35:00,96.58
14302,2017-04-26T07:55:00,96.19
14303,2017-04-26T08:15:00,97.95
14304,2017-04-26T08:35:00,97.95
14305,2017-04-26T08:55:00,95.31
14306,2017-04-26T09:15:00,95.5
14307,2017-04-26T09:35:00,97.16
14308,2017-04-26T09:55:00,93.16
14309,2017-04-26T10:15:00,94.14
14310,2017-04-26T10:35:00,95.21
14311,2017-04-26T10:55:00,95.8
14312,2017-04-26T11:15:00,95.8
14313,2017-04-26T11:35:00,95.8
14314,2017-04-26T12:00:00,96.19
14315,2017-04-26T12:20:00,97.07
14316,2017-04-26T12:40:00,97.36
14317,2017-04-26T13:00:00,95.21
14318,2017-04-26T13:20:00,97.07
14319,2017-04-26T13:40:00,96.19
14320,2017-04-26T14:00:00,96.28
14321,2017-04-26T14:20:00,93.45
14322,2017-04-26T14:40:00,83.48
14323,2017-04-26T15:00:00,86.8
14324,2017-04-26T15:20:00,90.62
14325,2017-04-26T15:40:00,95.8
14326,2017-04-26T16:00:00,95.11
14327,2017-04-26T16:20:00,92.77
14328,2017-04-26T16:40:00,91.4
14329,2017-04-26T17:00:00,90.81
14330,2017-04-26T17:20:00,89.05
14331,2017-04-26T17:40:00,81.33
14332,2017-04-26T18:00:00,59.04
14333,2017-04-26T18:20:00,74
14334,2017-04-26T18:40:00,62.56
14335,2017-04-26T19:00:00,26.2
14336,2017-04-26T19:20:00,6.16
14337,2017-04-26T19:40:00,2.84
14338,2017-04-26T20:00:00,2.54
14339,2017-04-26T20:20:00,2.44
14340,2017-04-26T20:40:00,2.44
14341,2017-04-26T21:00:00,2.44
14342,2017-04-26T21:20:00,2.44
14343,2017-04-26T21:40:00,2.44
14344,2017-04-26T22:00:00,2.44
14345,2017-04-26T22:20:00,2.44
14346,2017-04-26T22:40:00,2.44
14347,2017-04-26T23:00:00,2.44
14348,2017-04-26T23:25:00,2.44
14349,2017-04-26T23:45:00,2.44
14350,2017-04-27T00:05:00,2.44
14351,2017-04-27T00:25:00,2.44
14352,2017-04-27T00:45:00,2.44
14353,2017-04-27T01:05:00,2.54
14354,2017-04-27T01:25:00,2.44
14355,2017-04-27T01:45:00,2.54
14356,2017-04-27T02:05:00,2.54
14357,2017-04-27T02:25:00,2.74
14358,2017-04-27T02:45:00,34.9
14359,2017-04-27T03:05:00,14.27
14360,2017-04-27T03:25:00,49.17
14361,2017-04-27T03:45:00,77.81
14362,2017-04-27T04:05:00,92.57
14363,2017-04-27T04:25:00,95.89
14364,2017-04-27T04:45:00,97.07
14365,2017-04-27T05:05:00,97.46
14366,2017-04-27T05:25:00,97.65
14367,2017-04-27T05:45:00,97.85
14368,2017-04-27T06:05:00,97.95
14369,2017-04-27T06:25:00,97.85
14370,2017-04-27T06:45:00,97.95
14371,2017-04-27T07:05:00,97.95
14372,2017-04-27T07:25:00,97.85
14373,2017-04-27T07:45:00,96.38
14374,2017-04-27T08:05:00,96.68
14375,2017-04-27T08:25:00,96.77
14376,2017-04-27T08:45:00,97.95
14377,2017-04-27T09:05:00,95.31
14378,2017-04-27T09:25:00,96.87
14379,2017-04-27T09:45:00,95.99
14380,2017-04-27T10:05:00,97.16
14381,2017-04-27T10:30:00,97.46
14382,2017-04-27T10:50:00,96.28
14383,2017-04-27T11:10:00,94.82
14384,2017-04-27T11:30:00,97.85
14385,2017-04-27T11:50:00,97.56
14386,2017-04-27T12:10:00,97.36
14387,2017-04-27T12:30:00,96.48
14388,2017-04-27T12:50:00,96.48
14389,2017-04-27T13:10:00,95.21
14390,2017-04-27T13:30:00,97.36
14391,2017-04-27T13:50:00,92.77
14392,2017-04-27T14:10:00,92.57
14393,2017-04-27T14:30:00,88.07
14394,2017-04-27T14:50:00,93.84
14395,2017-04-27T15:10:00,92.96
14396,2017-04-27T15:30:00,87.39
14397,2017-04-27T15:50:00,89.34
14398,2017-04-27T16:10:00,92.28
14399,2017-04-27T16:30:00,92.18
14400,2017-04-27T16:50:00,88.95
14401,2017-04-27T17:10:00,92.38
14402,2017-04-27T17:30:00,87.29
14403,2017-04-27T17:50:00,76.05
14404,2017-04-27T18:10:00,77.71
14405,2017-04-27T18:30:00,57.38
14406,2017-04-27T18:50:00,28.15
14407,2017-04-27T19:10:00,7.62
14408,2017-04-27T19:30:00,3.13
14409,2017-04-27T19:50:00,2.64
14410,2017-04-27T20:10:00,2.64
14411,2017-04-27T20:30:00,2.64
14412,2017-04-27T20:50:00,2.64
14413,2017-04-27T21:10:00,2.64
14414,2017-04-27T21:30:00,2.54
14415,2017-04-27T21:55:00,2.64
14416,2017-04-27T22:15:00,2.64
14417,2017-04-27T22:35:00,2.64
14418,2017-04-27T22:55:00,2.64
14419,2017-04-27T23:15:00,2.64
14420,2017-04-27T23:35:00,2.64
14421,2017-04-27T23:55:00,2.44
14422,2017-04-28T00:15:00,2.54
14423,2017-04-28T00:35:00,2.54
14424,2017-04-28T00:55:00,2.44
14425,2017-04-28T01:15:00,2.44
14426,2017-04-28T01:35:00,2.44
14427,2017-04-28T01:55:00,2.54
14428,2017-04-28T02:15:00,2.54
14429,2017-04-28T02:35:00,33.82
14430,2017-04-28T02:55:00,34.9
14431,2017-04-28T03:15:00,40.66
14432,2017-04-28T03:35:00,43.5
14433,2017-04-28T03:55:00,62.07
14434,2017-04-28T04:15:00,78.2
14435,2017-04-28T04:35:00,87.29
14436,2017-04-28T04:55:00,87.78
14437,2017-04-28T05:15:00,87.88
14438,2017-04-28T05:35:00,90.52
14439,2017-04-28T05:55:00,95.89
14440,2017-04-28T06:15:00,97.85
14441,2017-04-28T06:35:00,95.99
14442,2017-04-28T06:55:00,95.89
14443,2017-04-28T07:15:00,95.02
14444,2017-04-28T07:35:00,97.46
14445,2017-04-28T07:55:00,97.65
14446,2017-04-28T08:15:00,95.21
14447,2017-04-28T08:35:00,97.85
14448,2017-04-28T08:55:00,97.95
14449,2017-04-28T09:20:00,97.16
14450,2017-04-28T09:40:00,95.41
14451,2017-04-28T10:00:00,93.94
14452,2017-04-28T10:20:00,95.31
14453,2017-04-28T10:40:00,96.77
14454,2017-04-28T11:00:00,97.65
14455,2017-04-28T11:20:00,93.16
14456,2017-04-28T11:40:00,92.38
14457,2017-04-28T12:00:00,95.89
14458,2017-04-28T12:20:00,92.77
14459,2017-04-28T12:40:00,94.14
14460,2017-04-28T13:00:00,96.38
14461,2017-04-28T13:20:00,95.99
14462,2017-04-28T13:40:00,95.11
14463,2017-04-28T14:00:00,95.21
14464,2017-04-28T14:20:00,95.11
14465,2017-04-28T14:40:00,95.99
14466,2017-04-28T15:00:00,92.18
14467,2017-04-28T15:20:00,91.01
14468,2017-04-28T15:40:00,92.18
14469,2017-04-28T16:00:00,92.18
14470,2017-04-28T16:20:00,86.8
14471,2017-04-28T16:40:00,83.48
14472,2017-04-28T17:00:00,70.67
14473,2017-04-28T17:20:00,63.64
14474,2017-04-28T17:40:00,84.56
14475,2017-04-28T18:00:00,73.22
14476,2017-04-28T18:20:00,64.32
14477,2017-04-28T18:40:00,56.7
14478,2017-04-28T19:00:00,21.41
14479,2017-04-28T19:20:00,3.72
14480,2017-04-28T19:40:00,2.74
14481,2017-04-28T20:00:00,2.54
14482,2017-04-28T20:20:00,2.54
14483,2017-04-28T20:45:00,2.54
14484,2017-04-28T21:05:00,2.54
14485,2017-04-28T21:25:00,2.54
14486,2017-04-28T21:45:00,2.44
14487,2017-04-28T22:05:00,2.44
14488,2017-04-28T22:25:00,2.44
14489,2017-04-28T22:45:00,2.44
14490,2017-04-28T23:05:00,2.44
14491,2017-04-28T23:25:00,2.35
14492,2017-04-28T23:45:00,2.44
14493,2017-04-29T00:05:00,2.44
14494,2017-04-29T00:25:00,2.44
14495,2017-04-29T00:45:00,2.64
14496,2017-04-29T01:05:00,2.64
14497,2017-04-29T01:25:00,2.64
14498,2017-04-29T01:45:00,2.64
14499,2017-04-29T02:05:00,2.54
14500,2017-04-29T02:25:00,2.64
14501,2017-04-29T02:45:00,2.74
14502,2017-04-29T03:05:00,4.79
14503,2017-04-29T03:25:00,20.43
14504,2017-04-29T03:45:00,42.52
14505,2017-04-29T04:05:00,65.4
14506,2017-04-29T04:25:00,70.28
14507,2017-04-29T04:45:00,71.65
14508,2017-04-29T05:05:00,81.13
14509,2017-04-29T05:25:00,88.27
14510,2017-04-29T05:45:00,83.38
14511,2017-04-29T06:05:00,84.65
14512,2017-04-29T06:25:00,86.22
14513,2017-04-29T06:45:00,84.56
14514,2017-04-29T07:05:00,89.05
14515,2017-04-29T07:25:00,87.29
14516,2017-04-29T07:45:00,91.2
14517,2017-04-29T08:10:00,93.45
14518,2017-04-29T08:30:00,94.62
14519,2017-04-29T08:50:00,95.31
14520,2017-04-29T09:10:00,93.74
14521,2017-04-29T09:30:00,96.28
14522,2017-04-29T09:50:00,94.04
14523,2017-04-29T10:10:00,94.92
14524,2017-04-29T10:30:00,95.89
14525,2017-04-29T10:50:00,96.38
14526,2017-04-29T11:10:00,96.48
14527,2017-04-29T11:30:00,95.6
14528,2017-04-29T11:50:00,96.87
14529,2017-04-29T12:10:00,95.8
14530,2017-04-29T12:30:00,95.6
14531,2017-04-29T12:50:00,95.7
14532,2017-04-29T13:10:00,96.19
14533,2017-04-29T13:30:00,96.77
14534,2017-04-29T13:50:00,97.07
14535,2017-04-29T14:10:00,96.97
14536,2017-04-29T14:30:00,97.07
14537,2017-04-29T14:50:00,97.07
14538,2017-04-29T15:10:00,97.36
14539,2017-04-29T15:30:00,97.56
14540,2017-04-29T15:50:00,97.46
14541,2017-04-29T16:10:00,97.16
14542,2017-04-29T16:30:00,95.5
14543,2017-04-29T16:50:00,93.06
14544,2017-04-29T17:10:00,92.96
14545,2017-04-29T17:30:00,91.69
14546,2017-04-29T17:50:00,89.25
14547,2017-04-29T18:10:00,87.1
14548,2017-04-29T18:30:00,79.76
14549,2017-04-29T18:50:00,60.7
14550,2017-04-29T19:15:00,23.66
14551,2017-04-29T19:35:00,5.96
14552,2017-04-29T19:55:00,3.81
14553,2017-04-29T20:15:00,3.62
14554,2017-04-29T20:35:00,3.62
14555,2017-04-29T21:35:00,3.62
14556,2017-04-29T21:55:00,3.52
14557,2017-04-29T22:15:00,3.52
14558,2017-04-29T22:35:00,3.52
14559,2017-04-29T22:55:00,3.52
14560,2017-04-29T23:15:00,3.52
14561,2017-04-29T23:35:00,3.42
14562,2017-04-29T23:55:00,3.42
14563,2017-04-30T00:15:00,3.42
14564,2017-04-30T00:35:00,3.42
14565,2017-04-30T00:55:00,3.52
14566,2017-04-30T01:15:00,3.52
14567,2017-04-30T01:35:00,3.52
14568,2017-04-30T01:55:00,3.52
14569,2017-04-30T02:15:00,3.62
14570,2017-04-30T02:35:00,3.91
14571,2017-04-30T02:55:00,9.68
14572,2017-04-30T03:15:00,43.79
14573,2017-04-30T03:35:00,71.06
14574,2017-04-30T03:55:00,85.73
14575,2017-04-30T04:15:00,91.01
14576,2017-04-30T04:35:00,96.48
14577,2017-04-30T04:55:00,96.97
14578,2017-04-30T05:15:00,97.65
14579,2017-04-30T05:35:00,97.75
14580,2017-04-30T05:55:00,97.85
14581,2017-04-30T06:15:00,97.95
14582,2017-04-30T06:40:00,97.95
14583,2017-04-30T07:00:00,97.85
14584,2017-04-30T07:20:00,98.04
14585,2017-04-30T07:40:00,98.14
14586,2017-04-30T08:00:00,97.95
14587,2017-04-30T08:20:00,97.75
14588,2017-04-30T08:40:00,97.95
14589,2017-04-30T09:00:00,97.85
14590,2017-04-30T09:20:00,97.85
14591,2017-04-30T09:40:00,97.75
14592,2017-04-30T10:00:00,97.75
14593,2017-04-30T10:20:00,97.75
14594,2017-04-30T10:40:00,97.75
14595,2017-04-30T11:00:00,97.75
14596,2017-04-30T11:20:00,97.65
14597,2017-04-30T11:40:00,97.65
14598,2017-04-30T12:00:00,97.56
14599,2017-04-30T12:20:00,97.46
14600,2017-04-30T12:40:00,97.16
14601,2017-04-30T13:00:00,97.07
14602,2017-04-30T13:20:00,97.07
14603,2017-04-30T13:40:00,97.07
14604,2017-04-30T14:00:00,96.87
14605,2017-04-30T14:20:00,96.68
14606,2017-04-30T14:40:00,96.48
14607,2017-04-30T15:00:00,97.26
14608,2017-04-30T15:20:00,97.65
14609,2017-04-30T15:40:00,97.65
14610,2017-04-30T16:00:00,97.46
14611,2017-04-30T16:20:00,96.58
14612,2017-04-30T16:40:00,94.92
14613,2017-04-30T17:00:00,93.74
14614,2017-04-30T17:20:00,92.38
14615,2017-04-30T17:40:00,90.91
14616,2017-04-30T18:05:00,92.38
14617,2017-04-30T18:25:00,85.83
14618,2017-04-30T18:45:00,75.17
14619,2017-04-30T19:05:00,48.88
14620,2017-04-30T19:25:00,13.39
14621,2017-04-30T19:45:00,4.69
14622,2017-04-30T20:05:00,3.91
14623,2017-04-30T20:25:00,3.81
14624,2017-04-30T20:45:00,3.81
14625,2017-04-30T21:05:00,3.81
14626,2017-04-30T21:25:00,3.72
14627,2017-04-30T21:45:00,3.72
14628,2017-04-30T22:05:00,3.72
14629,2017-04-30T22:25:00,3.72
14630,2017-04-30T22:45:00,3.72
14631,2017-04-30T23:05:00,3.72
14632,2017-04-30T23:25:00,3.72
14633,2017-04-30T23:45:00,3.72
14634,2017-05-01T00:05:00,3.72
14635,2017-05-01T00:25:00,3.72
14636,2017-05-01T00:45:00,3.72
14637,2017-05-01T01:05:00,3.72
14638,2017-05-01T01:25:00,3.72
14639,2017-05-01T01:45:00,3.72
14640,2017-05-01T02:05:00,3.81
14641,2017-05-01T02:25:00,4.5
14642,2017-05-01T02:45:00,38.61
14643,2017-05-01T03:05:00,38.22
14644,2017-05-01T03:25:00,71.26
14645,2017-05-01T03:45:00,90.52
14646,2017-05-01T04:05:00,95.11
14647,2017-05-01T04:25:00,96.58
14648,2017-05-01T04:45:00,97.26
14649,2017-05-01T05:05:00,97.26
14650,2017-05-01T05:30:00,97.26
14651,2017-05-01T05:50:00,97.65
14652,2017-05-01T06:10:00,97.65
14653,2017-05-01T06:30:00,97.85
14654,2017-05-01T06:50:00,97.95
14655,2017-05-01T07:10:00,97.85
14656,2017-05-01T07:30:00,97.95
14657,2017-05-01T07:50:00,97.95
14658,2017-05-01T08:10:00,97.85
14659,2017-05-01T08:30:00,97.85
14660,2017-05-01T08:50:00,97.85
14661,2017-05-01T09:10:00,97.85
14662,2017-05-01T09:30:00,97.85
14663,2017-05-01T09:50:00,97.75
14664,2017-05-01T10:10:00,97.75
14665,2017-05-01T10:30:00,97.75
14666,2017-05-01T10:50:00,97.75
14667,2017-05-01T11:10:00,97.65
14668,2017-05-01T11:30:00,97.65
14669,2017-05-01T11:50:00,97.65
14670,2017-05-01T12:10:00,97.36
14671,2017-05-01T12:30:00,97.36
14672,2017-05-01T12:50:00,97.07
14673,2017-05-01T13:10:00,96.97
14674,2017-05-01T13:30:00,96.97
14675,2017-05-01T13:50:00,96.97
14676,2017-05-01T14:10:00,96.87
14677,2017-05-01T14:30:00,96.77
14678,2017-05-01T14:50:00,96.87
14679,2017-05-01T15:10:00,97.26
14680,2017-05-01T15:30:00,97.36
14681,2017-05-01T15:50:00,97.56
14682,2017-05-01T16:10:00,96.87
14683,2017-05-01T16:35:00,95.8
14684,2017-05-01T16:55:00,94.53
14685,2017-05-01T17:15:00,92.86
14686,2017-05-01T17:35:00,91.3
14687,2017-05-01T17:55:00,89.44
14688,2017-05-01T18:15:00,86.22
14689,2017-05-01T18:35:00,78.1
14690,2017-05-01T18:55:00,57.09
14691,2017-05-01T19:15:00,24.14
14692,2017-05-01T19:35:00,6.45
14693,2017-05-01T19:55:00,4.2
14694,2017-05-01T20:15:00,4.01
14695,2017-05-01T20:35:00,3.91
14696,2017-05-01T20:55:00,3.91
14697,2017-05-01T21:15:00,3.91
14698,2017-05-01T21:35:00,3.91
14699,2017-05-01T21:55:00,4.01
14700,2017-05-01T22:15:00,4.01
14701,2017-05-01T22:35:00,4.01
14702,2017-05-01T22:55:00,4.01
14703,2017-05-01T23:15:00,4.01
14704,2017-05-01T23:35:00,4.01
14705,2017-05-01T23:55:00,4.01
14706,2017-05-02T00:15:00,4.01
14707,2017-05-02T00:35:00,4.01
14708,2017-05-02T00:55:00,4.01
14709,2017-05-02T01:15:00,4.01
14710,2017-05-02T01:35:00,4.01
14711,2017-05-02T01:55:00,4.01
14712,2017-05-02T02:15:00,4.4
14713,2017-05-02T02:35:00,37.54
14714,2017-05-02T02:55:00,27.18
14715,2017-05-02T03:15:00,66.37
14716,2017-05-02T03:35:00,86.61
14717,2017-05-02T04:00:00,94.23
14718,2017-05-02T04:40:00,97.07
14719,2017-05-02T05:00:00,97.46
14720,2017-05-02T05:20:00,97.65
14721,2017-05-02T05:40:00,97.75
14722,2017-05-02T06:00:00,97.85
14723,2017-05-02T06:20:00,97.85
14724,2017-05-02T06:40:00,97.85
14725,2017-05-02T07:00:00,97.85
14726,2017-05-02T07:20:00,97.85
14727,2017-05-02T07:40:00,97.95
14728,2017-05-02T08:00:00,97.95
14729,2017-05-02T08:20:00,97.85
14730,2017-05-02T08:40:00,97.85
14731,2017-05-02T09:00:00,97.85
14732,2017-05-02T09:20:00,97.85
14733,2017-05-02T09:40:00,97.75
14734,2017-05-02T10:00:00,97.65
14735,2017-05-02T10:20:00,97.75
14736,2017-05-02T10:40:00,97.65
14737,2017-05-02T11:00:00,97.65
14738,2017-05-02T11:20:00,97.65
14739,2017-05-02T11:40:00,97.65
14740,2017-05-02T12:00:00,97.56
14741,2017-05-02T12:20:00,97.36
14742,2017-05-02T12:40:00,97.16
14743,2017-05-02T13:00:00,97.07
14744,2017-05-02T13:20:00,97.16
14745,2017-05-02T13:40:00,96.97
14746,2017-05-02T14:00:00,96.87
14747,2017-05-02T14:20:00,96.77
14748,2017-05-02T14:40:00,96.68
14749,2017-05-02T15:00:00,97.26
14750,2017-05-02T15:25:00,97.65
14751,2017-05-02T15:45:00,97.65
14752,2017-05-02T16:05:00,97.26
14753,2017-05-02T16:25:00,96.48
14754,2017-05-02T16:45:00,95.41
14755,2017-05-02T17:05:00,94.72
14756,2017-05-02T17:25:00,93.84
14757,2017-05-02T17:45:00,92.77
14758,2017-05-02T18:05:00,92.77
14759,2017-05-02T18:25:00,87.39
14760,2017-05-02T18:45:00,77.42
14761,2017-05-02T19:05:00,53.08
14762,2017-05-02T19:25:00,16.03
14763,2017-05-02T19:45:00,5.47
14764,2017-05-02T20:05:00,4.2
14765,2017-05-02T20:25:00,4.01
14766,2017-05-02T20:45:00,4.11
14767,2017-05-02T21:05:00,4.01
14768,2017-05-02T21:25:00,4.01
14769,2017-05-02T21:45:00,4.01
14770,2017-05-02T22:05:00,4.01
14771,2017-05-02T22:25:00,3.91
14772,2017-05-02T22:45:00,4.01
14773,2017-05-02T23:05:00,4.01
14774,2017-05-02T23:25:00,4.01
14775,2017-05-02T23:45:00,4.01
14776,2017-05-03T00:05:00,4.01
14777,2017-05-03T00:25:00,4.01
14778,2017-05-03T00:45:00,3.91
14779,2017-05-03T01:05:00,4.01
14780,2017-05-03T01:25:00,4.01
14781,2017-05-03T01:45:00,4.01
14782,2017-05-03T02:05:00,4.11
14783,2017-05-03T02:30:00,6.06
14784,2017-05-03T02:50:00,37.83
14785,2017-05-03T03:10:00,39.88
14786,2017-05-03T03:30:00,64.22
14787,2017-05-03T03:50:00,77.81
14788,2017-05-03T04:10:00,85.73
14789,2017-05-03T04:30:00,89.05
14790,2017-05-03T04:50:00,90.42
14791,2017-05-03T05:10:00,91.98
14792,2017-05-03T05:30:00,92.96
14793,2017-05-03T05:50:00,93.84
14794,2017-05-03T06:10:00,94.53
14795,2017-05-03T06:30:00,95.02
14796,2017-05-03T06:50:00,95.99
14797,2017-05-03T07:10:00,95.8
14798,2017-05-03T07:30:00,96.28
14799,2017-05-03T07:50:00,96.58
14800,2017-05-03T08:10:00,96.68
14801,2017-05-03T08:30:00,97.16
14802,2017-05-03T08:50:00,97.65
14803,2017-05-03T09:10:00,97.75
14804,2017-05-03T09:30:00,98.04
14805,2017-05-03T09:50:00,97.95
14806,2017-05-03T10:10:00,97.85
14807,2017-05-03T10:30:00,97.75
14808,2017-05-03T10:50:00,97.75
14809,2017-05-03T11:10:00,97.65
14810,2017-05-03T11:30:00,97.65
14811,2017-05-03T11:50:00,97.65
14812,2017-05-03T12:10:00,97.56
14813,2017-05-03T12:30:00,97.46
14814,2017-05-03T12:50:00,97.26
14815,2017-05-03T13:10:00,97.36
14816,2017-05-03T13:30:00,97.16
14817,2017-05-03T13:55:00,96.97
14818,2017-05-03T14:15:00,96.77
14819,2017-05-03T14:35:00,96.68
14820,2017-05-03T14:55:00,96.97
14821,2017-05-03T15:15:00,97.65
14822,2017-05-03T15:35:00,97.75
14823,2017-05-03T15:55:00,97.56
14824,2017-05-03T16:15:00,97.07
14825,2017-05-03T16:35:00,95.7
14826,2017-05-03T16:55:00,94.62
14827,2017-05-03T17:15:00,93.16
14828,2017-05-03T17:35:00,92.08
14829,2017-05-03T17:55:00,90.71
14830,2017-05-03T18:15:00,91.2
14831,2017-05-03T18:35:00,81.53
14832,2017-05-03T18:55:00,64.81
14833,2017-05-03T19:15:00,33.14
14834,2017-05-03T19:35:00,9.09
14835,2017-05-03T19:55:00,4.79
14836,2017-05-03T20:15:00,4.4
14837,2017-05-03T20:35:00,4.4
14838,2017-05-03T20:55:00,4.3
14839,2017-05-03T21:15:00,4.3
14840,2017-05-03T21:35:00,4.4
14841,2017-05-03T21:55:00,4.3
14842,2017-05-03T22:15:00,4.3
14843,2017-05-03T22:35:00,4.3
14844,2017-05-03T22:55:00,4.2
14845,2017-05-03T23:15:00,4.3
14846,2017-05-03T23:35:00,4.3
14847,2017-05-03T23:55:00,4.3
14848,2017-05-04T00:15:00,4.2
14849,2017-05-04T00:35:00,4.2
14850,2017-05-04T00:55:00,4.2
14851,2017-05-04T01:20:00,4.2
14852,2017-05-04T01:40:00,4.3
14853,2017-05-04T02:00:00,4.3
14854,2017-05-04T02:20:00,5.08
14855,2017-05-04T02:40:00,39.39
14856,2017-05-04T03:00:00,39.1
14857,2017-05-04T03:20:00,73.31
14858,2017-05-04T03:40:00,92.18
14859,2017-05-04T04:00:00,95.6
14860,2017-05-04T04:20:00,96.48
14861,2017-05-04T04:40:00,97.16
14862,2017-05-04T05:00:00,97.56
14863,2017-05-04T05:20:00,97.75
14864,2017-05-04T06:20:00,96.68
14865,2017-05-04T06:40:00,96.68
14866,2017-05-04T07:00:00,97.16
14867,2017-05-04T07:20:00,97.07
14868,2017-05-04T07:40:00,97.07
14869,2017-05-04T08:00:00,96.77
14870,2017-05-04T08:20:00,97.16
14871,2017-05-04T08:40:00,97.07
14872,2017-05-04T09:00:00,97.75
14873,2017-05-04T09:20:00,97.56
14874,2017-05-04T09:40:00,97.85
14875,2017-05-04T10:00:00,97.85
14876,2017-05-04T10:20:00,97.65
14877,2017-05-04T10:40:00,97.65
14878,2017-05-04T11:00:00,97.75
14879,2017-05-04T11:20:00,97.75
14880,2017-05-04T11:40:00,97.85
14881,2017-05-04T12:00:00,97.75
14882,2017-05-04T12:20:00,97.65
14883,2017-05-04T12:45:00,96.77
14884,2017-05-04T13:05:00,96.77
14885,2017-05-04T13:25:00,96.28
14886,2017-05-04T13:45:00,97.07
14887,2017-05-04T14:05:00,96.97
14888,2017-05-04T14:25:00,96.68
14889,2017-05-04T14:45:00,96.28
14890,2017-05-04T15:05:00,96.97
14891,2017-05-04T15:25:00,97.65
14892,2017-05-04T15:45:00,97.56
14893,2017-05-04T16:05:00,97.26
14894,2017-05-04T16:25:00,96.28
14895,2017-05-04T16:45:00,95.41
14896,2017-05-04T17:05:00,94.23
14897,2017-05-04T17:25:00,93.26
14898,2017-05-04T17:45:00,91.2
14899,2017-05-04T18:05:00,92.57
14900,2017-05-04T18:25:00,87.59
14901,2017-05-04T18:45:00,78.89
14902,2017-05-04T19:05:00,58.94
14903,2017-05-04T19:25:00,20.72
14904,2017-05-04T19:45:00,6.16
14905,2017-05-04T20:05:00,4.5
14906,2017-05-04T20:25:00,4.3
14907,2017-05-04T20:45:00,4.3
14908,2017-05-04T21:05:00,4.2
14909,2017-05-04T21:25:00,4.2
14910,2017-05-04T21:45:00,4.2
14911,2017-05-04T22:05:00,4.2
14912,2017-05-04T22:25:00,4.11
14913,2017-05-04T22:45:00,4.11
14914,2017-05-04T23:05:00,4.2
14915,2017-05-04T23:25:00,4.2
14916,2017-05-04T23:45:00,4.2
14917,2017-05-05T00:10:00,4.2
14918,2017-05-05T00:30:00,4.2
14919,2017-05-05T00:50:00,4.2
14920,2017-05-05T01:10:00,4.2
14921,2017-05-05T01:30:00,4.3
14922,2017-05-05T02:10:00,4.5
14923,2017-05-05T02:30:00,27.76
14924,2017-05-05T02:50:00,17.11
14925,2017-05-05T03:10:00,52.79
14926,2017-05-05T03:30:00,74.58
14927,2017-05-05T03:50:00,87.29
14928,2017-05-05T04:10:00,88.95
14929,2017-05-05T04:30:00,92.96
14930,2017-05-05T04:50:00,94.04
14931,2017-05-05T05:10:00,94.92
14932,2017-05-05T05:30:00,97.85
14933,2017-05-05T05:50:00,97.95
14934,2017-05-05T06:10:00,97.56
14935,2017-05-05T06:30:00,94.92
14936,2017-05-05T06:50:00,96.68
14937,2017-05-05T07:10:00,96.87
14938,2017-05-05T07:30:00,96.58
14939,2017-05-05T07:50:00,97.95
14940,2017-05-05T08:10:00,97.65
14941,2017-05-05T08:30:00,97.36
14942,2017-05-05T08:50:00,97.36
14943,2017-05-05T09:10:00,97.85
14944,2017-05-05T09:30:00,97.75
14945,2017-05-05T09:50:00,97.85
14946,2017-05-05T10:10:00,97.85
14947,2017-05-05T10:30:00,97.85
14948,2017-05-05T10:50:00,97.56
14949,2017-05-05T11:15:00,97.75
14950,2017-05-05T11:35:00,97.75
14951,2017-05-05T11:55:00,97.26
14952,2017-05-05T12:15:00,97.07
14953,2017-05-05T12:35:00,97.36
14954,2017-05-05T12:55:00,96.19
14955,2017-05-05T13:15:00,94.82
14956,2017-05-05T13:35:00,94.82
14957,2017-05-05T13:55:00,95.31
14958,2017-05-05T14:15:00,95.8
14959,2017-05-05T14:35:00,94.72
14960,2017-05-05T14:55:00,92.47
14961,2017-05-05T15:15:00,91.69
14962,2017-05-05T15:35:00,89.93
14963,2017-05-05T15:55:00,87.68
14964,2017-05-05T16:15:00,90.52
14965,2017-05-05T16:35:00,91.5
14966,2017-05-05T16:55:00,91.4
14967,2017-05-05T17:15:00,88.46
14968,2017-05-05T17:35:00,88.27
14969,2017-05-05T17:55:00,86.22
14970,2017-05-05T18:15:00,79.28
14971,2017-05-05T18:35:00,64.52
14972,2017-05-05T18:55:00,49.46
14973,2017-05-05T19:15:00,26
14974,2017-05-05T19:35:00,7.82
14975,2017-05-05T19:55:00,4.5
14976,2017-05-05T20:15:00,4.2
14977,2017-05-05T20:35:00,4.11
14978,2017-05-05T20:55:00,4.11
14979,2017-05-05T21:15:00,4.11
14980,2017-05-05T21:35:00,4.11
14981,2017-05-05T21:55:00,4.11
14982,2017-05-05T22:15:00,4.11
14983,2017-05-05T22:40:00,4.11
14984,2017-05-05T23:00:00,4.11
14985,2017-05-05T23:20:00,4.11
14986,2017-05-05T23:40:00,4.01
14987,2017-05-06T00:00:00,4.01
14988,2017-05-06T00:20:00,4.01
14989,2017-05-06T00:40:00,4.01
14990,2017-05-06T01:00:00,4.01
14991,2017-05-06T01:20:00,4.01
14992,2017-05-06T01:40:00,4.01
14993,2017-05-06T02:00:00,4.11
14994,2017-05-06T02:20:00,4.4
14995,2017-05-06T02:40:00,7.14
14996,2017-05-06T03:00:00,26.78
14997,2017-05-06T03:20:00,72.82
14998,2017-05-06T03:40:00,91.69
14999,2017-05-06T04:00:00,90.42
15000,2017-05-06T04:20:00,96.87
15001,2017-05-06T04:40:00,97.46
15002,2017-05-06T05:00:00,97.56
15003,2017-05-06T05:20:00,97.46
15004,2017-05-06T05:40:00,97.85
15005,2017-05-06T06:00:00,97.85
15006,2017-05-06T06:20:00,97.85
15007,2017-05-06T06:40:00,97.26
15008,2017-05-06T07:00:00,96.38
15009,2017-05-06T07:20:00,97.95
15010,2017-05-06T07:40:00,97.95
15011,2017-05-06T08:00:00,97.85
15012,2017-05-06T08:20:00,97.85
15013,2017-05-06T08:40:00,97.95
15014,2017-05-06T09:00:00,97.85
15015,2017-05-06T09:20:00,97.95
15016,2017-05-06T09:40:00,97.46
15017,2017-05-06T10:05:00,97.85
15018,2017-05-06T10:25:00,97.75
15019,2017-05-06T10:45:00,97.75
15020,2017-05-06T11:05:00,97.46
15021,2017-05-06T11:25:00,97.65
15022,2017-05-06T11:45:00,97.65
15023,2017-05-06T12:05:00,97.56
15024,2017-05-06T12:25:00,97.26
15025,2017-05-06T12:45:00,97.16
15026,2017-05-06T13:05:00,97.26
15027,2017-05-06T13:25:00,97.26
15028,2017-05-06T13:45:00,97.16
15029,2017-05-06T14:05:00,96.97
15030,2017-05-06T14:25:00,96.38
15031,2017-05-06T14:45:00,96.09
15032,2017-05-06T15:05:00,96.87
15033,2017-05-06T15:25:00,97.65
15034,2017-05-06T15:45:00,97.65
15035,2017-05-06T16:05:00,97.26
15036,2017-05-06T16:25:00,96.19
15037,2017-05-06T16:45:00,94.92
15038,2017-05-06T17:05:00,94.33
15039,2017-05-06T17:25:00,93.06
15040,2017-05-06T17:45:00,92.08
15041,2017-05-06T18:05:00,92.77
15042,2017-05-06T18:25:00,92.08
15043,2017-05-06T18:45:00,81.13
15044,2017-05-06T19:05:00,63.05
15045,2017-05-06T19:25:00,26.3
15046,2017-05-06T19:45:00,7.62
15047,2017-05-06T20:05:00,4.69
15048,2017-05-06T20:25:00,4.4
15049,2017-05-06T20:45:00,4.3
15050,2017-05-06T21:05:00,4.3
15051,2017-05-06T21:30:00,4.3
15052,2017-05-06T21:50:00,4.2
15053,2017-05-06T22:10:00,4.2
15054,2017-05-06T22:30:00,4.3
15055,2017-05-06T22:50:00,4.3
15056,2017-05-06T23:10:00,4.3
15057,2017-05-06T23:30:00,4.2
15058,2017-05-06T23:50:00,4.3
15059,2017-05-07T00:10:00,4.2
15060,2017-05-07T00:30:00,4.3
15061,2017-05-07T00:50:00,4.3
15062,2017-05-07T01:10:00,4.3
15063,2017-05-07T01:30:00,4.3
15064,2017-05-07T01:50:00,4.4
15065,2017-05-07T02:10:00,5.08
15066,2017-05-07T02:30:00,9.87
15067,2017-05-07T02:50:00,34.41
15068,2017-05-07T03:10:00,67.35
15069,2017-05-07T03:30:00,87.98
15070,2017-05-07T03:50:00,94.62
15071,2017-05-07T04:10:00,96.77
15072,2017-05-07T04:30:00,97.36
15073,2017-05-07T04:50:00,97.65
15074,2017-05-07T05:10:00,97.85
15075,2017-05-07T05:50:00,97.85
15076,2017-05-07T06:10:00,97.85
15077,2017-05-07T06:30:00,97.95
15078,2017-05-07T06:50:00,97.95
15079,2017-05-07T07:10:00,97.85
15080,2017-05-07T07:30:00,97.85
15081,2017-05-07T07:50:00,97.95
15082,2017-05-07T08:10:00,97.95
15083,2017-05-07T08:30:00,97.85
15084,2017-05-07T08:55:00,97.85
15085,2017-05-07T09:15:00,97.75
15086,2017-05-07T09:35:00,97.75
15087,2017-05-07T09:55:00,97.75
15088,2017-05-07T10:15:00,97.75
15089,2017-05-07T10:35:00,97.75
15090,2017-05-07T10:55:00,97.75
15091,2017-05-07T11:15:00,97.75
15092,2017-05-07T11:35:00,97.75
15093,2017-05-07T11:55:00,97.65
15094,2017-05-07T12:15:00,96.19
15095,2017-05-07T12:35:00,96.38
15096,2017-05-07T12:55:00,95.8
15097,2017-05-07T13:15:00,96.77
15098,2017-05-07T13:35:00,95.7
15099,2017-05-07T13:55:00,95.02
15100,2017-05-07T14:15:00,95.11
15101,2017-05-07T14:35:00,94.72
15102,2017-05-07T14:55:00,95.21
15103,2017-05-07T15:15:00,95.11
15104,2017-05-07T15:35:00,93.94
15105,2017-05-07T15:55:00,91.79
15106,2017-05-07T16:15:00,90.22
15107,2017-05-07T16:35:00,89.83
15108,2017-05-07T16:55:00,89.44
15109,2017-05-07T17:15:00,86.61
15110,2017-05-07T17:35:00,83.97
15111,2017-05-07T17:55:00,84.56
15112,2017-05-07T18:15:00,79.86
15113,2017-05-07T18:35:00,76.15
15114,2017-05-07T18:55:00,62.56
15115,2017-05-07T19:15:00,30.5
15116,2017-05-07T19:35:00,10.26
15117,2017-05-07T20:00:00,4.79
15118,2017-05-07T20:20:00,4.01
15119,2017-05-07T20:40:00,4.01
15120,2017-05-07T21:00:00,3.91
15121,2017-05-07T21:20:00,4.01
15122,2017-05-07T21:40:00,3.91
15123,2017-05-07T22:00:00,3.91
15124,2017-05-07T22:20:00,3.91
15125,2017-05-07T22:40:00,3.91
15126,2017-05-07T23:00:00,3.91
15127,2017-05-07T23:20:00,3.91
15128,2017-05-07T23:40:00,3.91
15129,2017-05-08T00:00:00,3.91
15130,2017-05-08T00:20:00,3.91
15131,2017-05-08T00:40:00,4.01
15132,2017-05-08T01:00:00,4.01
15133,2017-05-08T01:20:00,4.01
15134,2017-05-08T01:40:00,4.01
15135,2017-05-08T02:00:00,4.2
15136,2017-05-08T02:20:00,6.26
15137,2017-05-08T02:40:00,16.23
15138,2017-05-08T03:00:00,55.42
15139,2017-05-08T03:20:00,81.62
15140,2017-05-08T03:40:00,92.28
15141,2017-05-08T04:00:00,96.19
15142,2017-05-08T04:20:00,97.07
15143,2017-05-08T04:40:00,95.31
15144,2017-05-08T05:00:00,96.58
15145,2017-05-08T05:20:00,96.77
15146,2017-05-08T05:40:00,96.48
15147,2017-05-08T06:00:00,97.56
15148,2017-05-08T06:20:00,97.56
15149,2017-05-08T06:40:00,97.65
15150,2017-05-08T07:00:00,96.19
15151,2017-05-08T07:25:00,97.07
15152,2017-05-08T07:45:00,97.75
15153,2017-05-08T08:05:00,98.04
15154,2017-05-08T08:25:00,98.04
15155,2017-05-08T08:45:00,97.85
15156,2017-05-08T09:05:00,97.85
15157,2017-05-08T09:25:00,97.95
15158,2017-05-08T09:45:00,96.77
15159,2017-05-08T10:05:00,97.95
15160,2017-05-08T10:25:00,97.07
15161,2017-05-08T10:45:00,95.21
15162,2017-05-08T11:05:00,97.75
15163,2017-05-08T11:25:00,97.75
15164,2017-05-08T11:45:00,97.95
15165,2017-05-08T12:05:00,96.58
15166,2017-05-08T12:25:00,96.38
15167,2017-05-08T12:45:00,96.97
15168,2017-05-08T13:05:00,96.48
15169,2017-05-08T13:25:00,96.38
15170,2017-05-08T13:45:00,96.68
15171,2017-05-08T14:05:00,95.6
15172,2017-05-08T14:25:00,95.8
15173,2017-05-08T14:45:00,97.36
15174,2017-05-08T15:05:00,97.56
15175,2017-05-08T15:25:00,97.85
15176,2017-05-08T15:45:00,97.75
15177,2017-05-08T16:05:00,97.16
15178,2017-05-08T16:25:00,95.89
15179,2017-05-08T17:25:00,92.57
15180,2017-05-08T17:45:00,91.5
15181,2017-05-08T18:05:00,92.47
15182,2017-05-08T18:25:00,94.23
15183,2017-05-08T18:50:00,82.31
15184,2017-05-08T19:10:00,64.91
15185,2017-05-08T19:30:00,31.18
15186,2017-05-08T19:50:00,8.7
15187,2017-05-08T20:10:00,5.08
15188,2017-05-08T20:30:00,4.69
15189,2017-05-08T20:50:00,4.69
15190,2017-05-08T21:10:00,4.59
15191,2017-05-08T21:30:00,4.69
15192,2017-05-08T21:50:00,4.69
15193,2017-05-08T22:10:00,4.59
15194,2017-05-08T22:30:00,4.69
15195,2017-05-08T22:50:00,4.59
15196,2017-05-08T23:10:00,4.59
15197,2017-05-08T23:30:00,4.59
15198,2017-05-08T23:50:00,4.59
15199,2017-05-09T00:10:00,4.59
15200,2017-05-09T00:30:00,4.69
15201,2017-05-09T00:50:00,4.59
15202,2017-05-09T01:10:00,4.59
15203,2017-05-09T01:30:00,4.59
15204,2017-05-09T01:50:00,4.79
15205,2017-05-09T02:10:00,5.77
15206,2017-05-09T02:30:00,12.51
15207,2017-05-09T02:50:00,41.35
15208,2017-05-09T03:10:00,72.82
15209,2017-05-09T03:30:00,89.15
15210,2017-05-09T03:50:00,87.59
15211,2017-05-09T04:10:00,91.79
15212,2017-05-09T04:30:00,94.04
15213,2017-05-09T04:50:00,93.94
15214,2017-05-09T05:10:00,94.82
15215,2017-05-09T05:30:00,94.53
15216,2017-05-09T05:50:00,95.41
15217,2017-05-09T06:15:00,96.58
15218,2017-05-09T06:35:00,95.7
15219,2017-05-09T06:55:00,95.99
15220,2017-05-09T07:15:00,96.77
15221,2017-05-09T07:35:00,97.07
15222,2017-05-09T07:55:00,96.87
15223,2017-05-09T08:15:00,96.48
15224,2017-05-09T08:35:00,97.26
15225,2017-05-09T08:55:00,97.46
15226,2017-05-09T09:15:00,96.58
15227,2017-05-09T09:35:00,96.58
15228,2017-05-09T09:55:00,93.74
15229,2017-05-09T10:15:00,90.62
15230,2017-05-09T10:35:00,90.71
15231,2017-05-09T10:55:00,93.16
15232,2017-05-09T11:15:00,95.7
15233,2017-05-09T11:35:00,94.62
15234,2017-05-09T11:55:00,91.4
15235,2017-05-09T12:15:00,92.47
15236,2017-05-09T12:35:00,92.77
15237,2017-05-09T12:55:00,91.98
15238,2017-05-09T13:15:00,92.28
15239,2017-05-09T13:35:00,92.77
15240,2017-05-09T13:55:00,90.13
15241,2017-05-09T14:15:00,88.66
15242,2017-05-09T14:35:00,86.8
15243,2017-05-09T14:55:00,87.98
15244,2017-05-09T15:15:00,88.95
15245,2017-05-09T15:35:00,94.62
15246,2017-05-09T15:55:00,96.48
15247,2017-05-09T16:15:00,95.21
15248,2017-05-09T16:35:00,93.35
15249,2017-05-09T16:55:00,90.42
15250,2017-05-09T17:15:00,87.39
15251,2017-05-09T17:40:00,80.64
15252,2017-05-09T18:00:00,85.83
15253,2017-05-09T18:20:00,82.11
15254,2017-05-09T18:40:00,76.83
15255,2017-05-09T19:00:00,56.99
15256,2017-05-09T19:20:00,28.84
15257,2017-05-09T19:40:00,6.26
15258,2017-05-09T20:00:00,2.93
15259,2017-05-09T20:20:00,2.54
15260,2017-05-09T20:40:00,2.54
15261,2017-05-09T21:00:00,2.54
15262,2017-05-09T21:20:00,2.44
15263,2017-05-09T21:40:00,2.44
15264,2017-05-09T22:00:00,2.44
15265,2017-05-09T22:20:00,2.44
15266,2017-05-09T22:40:00,2.44
15267,2017-05-09T23:00:00,2.44
15268,2017-05-09T23:20:00,2.44
15269,2017-05-09T23:40:00,2.44
15270,2017-05-10T00:00:00,2.44
15271,2017-05-10T00:20:00,2.44
15272,2017-05-10T00:40:00,2.44
15273,2017-05-10T01:00:00,2.44
15274,2017-05-10T01:20:00,2.44
15275,2017-05-10T01:40:00,2.44
15276,2017-05-10T02:00:00,2.64
15277,2017-05-10T02:20:00,4.5
15278,2017-05-10T02:40:00,10.85
15279,2017-05-10T03:00:00,41.35
15280,2017-05-10T03:20:00,56.99
15281,2017-05-10T03:40:00,72.53
15282,2017-05-10T04:00:00,79.57
15283,2017-05-10T04:20:00,86.41
15284,2017-05-10T04:45:00,88.86
15285,2017-05-10T05:05:00,89.44
15286,2017-05-10T05:25:00,91.3
15287,2017-05-10T05:45:00,93.26
15288,2017-05-10T06:05:00,93.74
15289,2017-05-10T06:25:00,94.53
15290,2017-05-10T06:45:00,94.04
15291,2017-05-10T07:05:00,96.38
15292,2017-05-10T07:25:00,97.07
15293,2017-05-10T07:45:00,95.6
15294,2017-05-10T08:05:00,96.38
15295,2017-05-10T08:25:00,95.21
15296,2017-05-10T08:45:00,96.38
15297,2017-05-10T09:05:00,93.26
15298,2017-05-10T09:25:00,91.4
15299,2017-05-10T09:45:00,92.08
15300,2017-05-10T10:05:00,95.02
15301,2017-05-10T10:25:00,92.38
15302,2017-05-10T10:45:00,92.38
15303,2017-05-10T11:05:00,92.67
15304,2017-05-10T11:25:00,93.55
15305,2017-05-10T11:45:00,94.62
15306,2017-05-10T12:05:00,94.92
15307,2017-05-10T12:25:00,95.5
15308,2017-05-10T12:45:00,95.11
15309,2017-05-10T13:05:00,95.5
15310,2017-05-10T13:25:00,93.26
15311,2017-05-10T13:45:00,93.65
15312,2017-05-10T14:05:00,95.41
15313,2017-05-10T14:25:00,95.11
15314,2017-05-10T14:45:00,91.98
15315,2017-05-10T15:05:00,94.04
15316,2017-05-10T15:25:00,94.23
15317,2017-05-10T15:45:00,88.46
15318,2017-05-10T16:10:00,91.01
15319,2017-05-10T16:30:00,90.22
15320,2017-05-10T16:50:00,72.34
15321,2017-05-10T17:10:00,84.85
15322,2017-05-10T17:30:00,90.03
15323,2017-05-10T17:50:00,90.13
15324,2017-05-10T18:10:00,84.95
15325,2017-05-10T18:30:00,76.64
15326,2017-05-10T18:50:00,55.42
15327,2017-05-10T19:10:00,42.33
15328,2017-05-10T19:30:00,19.75
15329,2017-05-10T19:50:00,5.57
15330,2017-05-10T20:10:00,2.74
15331,2017-05-10T20:30:00,2.44
15332,2017-05-10T20:50:00,2.44
15333,2017-05-10T21:10:00,2.35
15334,2017-05-10T21:30:00,2.35
15335,2017-05-10T21:50:00,2.35
15336,2017-05-10T22:10:00,2.35
15337,2017-05-10T22:30:00,2.35
15338,2017-05-10T22:50:00,2.35
15339,2017-05-10T23:10:00,2.35
15340,2017-05-10T23:30:00,2.25
15341,2017-05-10T23:50:00,2.35
15342,2017-05-11T00:10:00,2.35
15343,2017-05-11T00:30:00,2.35
15344,2017-05-11T00:50:00,2.35
15345,2017-05-11T01:10:00,2.35
15346,2017-05-11T01:30:00,2.35
15347,2017-05-11T01:50:00,2.44
15348,2017-05-11T02:10:00,2.84
15349,2017-05-11T02:30:00,6.06
15350,2017-05-11T02:50:00,19.55
15351,2017-05-11T03:10:00,45.26
15352,2017-05-11T03:35:00,63.64
15353,2017-05-11T03:55:00,81.62
15354,2017-05-11T04:15:00,85.34
15355,2017-05-11T04:35:00,91.79
15356,2017-05-11T04:55:00,94.23
15357,2017-05-11T05:15:00,96.87
15358,2017-05-11T05:35:00,95.21
15359,2017-05-11T05:55:00,94.82
15360,2017-05-11T06:15:00,94.72
15361,2017-05-11T06:35:00,96.58
15362,2017-05-11T06:55:00,97.16
15363,2017-05-11T07:15:00,96.58
15364,2017-05-11T07:35:00,96.68
15365,2017-05-11T07:55:00,96.19
15366,2017-05-11T08:15:00,96.87
15367,2017-05-11T08:35:00,97.26
15368,2017-05-11T08:55:00,97.07
15369,2017-05-11T09:15:00,96.77
15370,2017-05-11T09:35:00,95.6
15371,2017-05-11T09:55:00,95.5
15372,2017-05-11T10:15:00,95.5
15373,2017-05-11T10:35:00,93.55
15374,2017-05-11T10:55:00,94.23
15375,2017-05-11T11:15:00,94.92
15376,2017-05-11T11:35:00,95.8
15377,2017-05-11T11:55:00,96.09
15378,2017-05-11T12:15:00,94.92
15379,2017-05-11T12:35:00,93.55
15380,2017-05-11T12:55:00,93.74
15381,2017-05-11T13:15:00,94.14
15382,2017-05-11T13:35:00,94.14
15383,2017-05-11T13:55:00,93.45
15384,2017-05-11T14:15:00,81.04
15385,2017-05-15T04:55:00,2.44
15386,2017-05-15T05:15:00,7.53
15387,2017-05-15T05:35:00,4.59
15388,2017-05-15T05:55:00,9.19
15389,2017-05-15T06:15:00,74.19
15390,2017-05-15T06:35:00,79.86
15391,2017-05-15T06:55:00,83.19
15392,2017-05-15T07:15:00,83.09
15393,2017-05-15T07:35:00,83.68
15394,2017-05-15T07:55:00,86.41
15395,2017-05-15T08:15:00,85.24
15396,2017-05-15T08:35:00,86.12
15397,2017-05-15T08:55:00,82.11
15398,2017-05-15T09:15:00,80.74
15399,2017-05-15T09:40:00,81.23
15400,2017-05-15T10:00:00,86.8
15401,2017-05-15T10:20:00,81.23
15402,2017-05-15T10:40:00,88.46
15403,2017-05-15T11:00:00,88.86
15404,2017-05-15T11:20:00,85.44
15405,2017-05-15T11:40:00,88.95
15406,2017-05-15T12:00:00,88.76
15407,2017-05-15T12:20:00,82.21
15408,2017-05-15T12:40:00,88.27
15409,2017-05-15T13:00:00,76.83
15410,2017-05-15T13:40:00,82.31
15411,2017-05-15T14:00:00,79.18
15412,2017-05-15T14:20:00,78.4
15413,2017-05-15T14:40:00,82.8
15414,2017-05-15T15:00:00,72.34
15415,2017-05-15T15:20:00,72.53
15416,2017-05-15T15:40:00,72.82
15417,2017-05-15T16:00:00,68.43
15418,2017-05-15T16:20:00,68.92
15419,2017-05-15T16:40:00,64.03
15420,2017-05-15T17:00:00,51.81
15421,2017-05-15T17:20:00,43.5
15422,2017-05-15T17:40:00,36.36
15423,2017-05-15T18:00:00,29.52
15424,2017-05-15T18:20:00,21.11
15425,2017-05-15T18:40:00,11.05
15426,2017-05-15T19:00:00,5.08
15427,2017-05-15T19:20:00,1.56
15428,2017-05-15T19:40:00,0.1
15429,2017-05-15T20:00:00,0
15430,2017-05-15T20:20:00,0
15431,2017-05-15T20:40:00,0
15432,2017-05-15T21:05:00,0
15433,2017-05-15T21:25:00,0
15434,2017-05-15T21:45:00,0
15435,2017-05-15T22:05:00,0
15436,2017-05-15T22:25:00,0
15437,2017-05-15T22:45:00,0
15438,2017-05-15T23:05:00,0
15439,2017-05-15T23:25:00,0
15440,2017-05-15T23:45:00,0
15441,2017-05-16T00:05:00,0
15442,2017-05-16T00:25:00,0
15443,2017-05-16T00:45:00,0
15444,2017-05-16T01:05:00,0
15445,2017-05-16T01:25:00,0
15446,2017-05-16T01:45:00,0
15447,2017-05-16T02:05:00,0
15448,2017-05-16T02:25:00,0
15449,2017-05-16T02:45:00,0.29
15450,2017-05-16T03:05:00,1.96
15451,2017-05-16T03:25:00,4.79
15452,2017-05-16T03:45:00,10.46
15453,2017-05-16T04:05:00,73.8
15454,2017-05-16T04:25:00,73.51
15455,2017-05-16T04:45:00,73.41
15456,2017-05-16T05:05:00,73.61
15457,2017-05-16T05:25:00,73.51
15458,2017-05-16T05:45:00,74.1
15459,2017-05-16T06:05:00,74
15460,2017-05-16T06:25:00,73.8
15461,2017-05-16T06:45:00,73.7
15462,2017-05-16T07:05:00,73.7
15463,2017-05-16T07:25:00,73.22
15464,2017-05-16T07:45:00,73.51
15465,2017-05-16T08:05:00,73.31
15466,2017-05-16T08:30:00,74
15467,2017-05-16T08:50:00,73.31
15468,2017-05-16T09:10:00,73.41
15469,2017-05-16T09:30:00,73.31
15470,2017-05-16T09:50:00,73.9
15471,2017-05-16T10:10:00,73.41
15472,2017-05-16T10:30:00,73.12
15473,2017-05-16T10:50:00,73.02
15474,2017-05-16T11:10:00,72.43
15475,2017-05-16T11:30:00,73.41
15476,2017-05-16T11:50:00,72.63
15477,2017-05-16T12:10:00,74
15478,2017-05-16T12:30:00,74.1
15479,2017-05-16T12:50:00,73.7
15480,2017-05-16T13:10:00,74
15481,2017-05-16T13:30:00,73.9
15482,2017-05-16T13:50:00,73.51
15483,2017-05-16T14:10:00,73.9
15484,2017-05-16T14:30:00,73.31
15485,2017-05-16T14:50:00,73.8
15486,2017-05-16T15:10:00,73.8
15487,2017-05-16T15:30:00,73.61
15488,2017-05-16T15:50:00,73.7
15489,2017-05-16T16:10:00,72.82
15490,2017-05-16T16:30:00,25.32
15491,2017-05-16T16:50:00,19.94
15492,2017-05-16T17:10:00,14.47
15493,2017-05-16T17:30:00,13.98
15494,2017-05-16T17:50:00,7.23
15495,2017-05-16T18:10:00,4.69
15496,2017-05-16T18:30:00,2.35
15497,2017-05-16T18:50:00,1.96
15498,2017-05-16T19:10:00,0.68
15499,2017-05-16T19:35:00,0.2
15500,2017-05-16T19:55:00,0
15501,2017-05-16T20:15:00,0
15502,2017-05-16T20:35:00,0
15503,2017-05-16T20:55:00,0
15504,2017-05-16T21:15:00,0
15505,2017-05-16T21:35:00,0
15506,2017-05-16T21:55:00,0
15507,2017-05-16T22:15:00,0
15508,2017-05-16T22:35:00,0
15509,2017-05-16T22:55:00,0
15510,2017-05-16T23:15:00,0
15511,2017-05-16T23:35:00,0
15512,2017-05-16T23:55:00,0
15513,2017-05-17T00:15:00,0
15514,2017-05-17T00:35:00,0
15515,2017-05-17T00:55:00,0
15516,2017-05-17T01:15:00,0
15517,2017-05-17T01:35:00,0
15518,2017-05-17T01:55:00,0
15519,2017-05-17T02:15:00,0
15520,2017-05-17T02:35:00,0.1
15521,2017-05-17T02:55:00,1.08
15522,2017-05-17T03:15:00,4.2
15523,2017-05-17T03:35:00,9.19
15524,2017-05-17T03:55:00,73.9
15525,2017-05-17T04:15:00,73.31
15526,2017-05-17T04:35:00,73.22
15527,2017-05-17T04:55:00,73.31
15528,2017-05-17T05:15:00,73.8
15529,2017-05-17T05:35:00,74.1
15530,2017-05-17T05:55:00,74.19
15531,2017-05-17T06:15:00,74.78
15532,2017-05-17T06:35:00,76.25
15533,2017-05-17T07:00:00,74.88
15534,2017-05-17T07:20:00,75.27
15535,2017-05-17T07:40:00,75.37
15536,2017-05-17T08:00:00,74.98
15537,2017-05-17T08:20:00,74.68
15538,2017-05-17T08:40:00,74.19
15539,2017-05-17T09:00:00,74.1
15540,2017-05-17T09:20:00,74.88
15541,2017-05-17T09:40:00,74.68
15542,2017-05-17T10:55:00,43.5
15543,2017-05-17T11:15:00,0
15544,2017-05-17T12:55:00,0
15545,2017-05-17T13:15:00,0
15546,2017-05-17T14:00:00,0
15547,2017-05-17T14:40:00,0
15548,2017-05-17T15:00:00,0
15549,2017-05-17T15:20:00,0
15550,2017-05-17T16:00:00,0
15551,2017-05-17T16:20:00,0
15552,2017-05-17T17:00:00,0
15553,2017-05-17T17:20:00,0
15554,2017-05-17T17:40:00,0
15555,2017-05-17T18:40:00,0
15556,2017-05-17T19:20:00,0
15557,2017-05-17T20:00:00,0
15558,2017-05-17T21:40:00,0
15559,2017-05-17T22:00:00,0
15560,2017-05-17T22:20:00,0
15561,2017-05-17T22:40:00,0
15562,2017-05-17T23:00:00,0
15563,2017-05-17T23:20:00,0
15564,2017-05-17T23:40:00,0
15565,2017-05-18T00:00:00,0
15566,2017-05-18T00:20:00,0
15567,2017-05-18T00:40:00,0
15568,2017-05-18T01:05:00,0
15569,2017-05-18T01:25:00,0
15570,2017-05-18T01:45:00,0
15571,2017-05-18T02:05:00,0
15572,2017-05-18T02:25:00,0
15573,2017-05-18T02:45:00,0
15574,2017-05-18T04:25:00,0
15575,2017-05-18T04:45:00,0
15576,2017-05-18T05:05:00,0
15577,2017-05-18T06:05:00,0
15578,2017-05-18T07:05:00,0
15579,2017-05-18T07:25:00,0
15580,2017-05-18T07:45:00,0
15581,2017-05-18T08:05:00,45.06
15582,2017-05-18T08:25:00,0
15583,2017-05-18T10:05:00,43.21
15584,2017-05-18T10:25:00,45.94
15585,2017-05-18T10:45:00,77.52
15586,2017-05-18T11:05:00,75.46
15587,2017-05-18T11:25:00,73.31
15588,2017-05-18T11:45:00,0.2
15589,2017-05-18T12:10:00,76.54
15590,2017-05-18T12:30:00,74.39
15591,2017-05-18T12:50:00,78.01
15592,2017-05-18T13:10:00,74
15593,2017-05-18T13:30:00,73.8
15594,2017-05-18T13:50:00,0.88
15595,2017-05-18T14:10:00,0.88
15596,2017-05-18T14:30:00,0.88
15597,2017-05-18T14:50:00,0.88
15598,2017-05-18T15:10:00,0.88
15599,2017-05-18T15:30:00,0.88
15600,2017-05-18T15:50:00,0.88
15601,2017-05-18T16:10:00,0.88
15602,2017-05-18T16:30:00,0.88
15603,2017-05-18T16:50:00,0.88
15604,2017-05-18T17:10:00,0.88
15605,2017-05-18T17:30:00,0.88
15606,2017-05-18T17:50:00,0.88
15607,2017-05-18T18:10:00,0.88
15608,2017-05-18T18:30:00,0.88
15609,2017-05-18T18:50:00,0.88
15610,2017-05-18T19:10:00,0.88
15611,2017-05-18T19:30:00,0.88
15612,2017-05-18T19:50:00,0.88
15613,2017-05-18T20:10:00,0.88
15614,2017-05-18T20:30:00,0.88
15615,2017-05-18T20:50:00,0.98
15616,2017-05-18T21:10:00,0.88
15617,2017-05-18T21:30:00,0.88
15618,2017-05-18T21:50:00,0.88
15619,2017-05-18T23:35:00,0.29
15620,2017-05-18T23:55:00,0.29
15621,2017-05-19T00:15:00,0.29
15622,2017-05-19T00:35:00,0.29
15623,2017-05-19T00:55:00,0.29
15624,2017-05-19T01:15:00,0.29
15625,2017-05-19T01:35:00,0.29
15626,2017-05-19T01:55:00,0.29
15627,2017-05-19T02:15:00,0.29
15628,2017-05-19T02:35:00,0.29
15629,2017-05-19T02:55:00,0.29
15630,2017-05-19T03:15:00,0.29
15631,2017-05-19T03:35:00,0.29
15632,2017-05-19T03:55:00,0.29
15633,2017-05-19T04:15:00,0.29
15634,2017-05-19T04:35:00,0.39
15635,2017-05-19T04:55:00,0.29
15636,2017-05-19T05:15:00,0.29
15637,2017-05-19T05:35:00,0.39
15638,2017-05-19T05:55:00,0.29
15639,2017-05-19T06:15:00,0.39
15640,2017-05-19T06:55:00,77.03
15641,2017-05-19T07:15:00,0.88
15642,2017-05-19T07:35:00,75.27
15643,2017-05-19T07:55:00,75.86
15644,2017-05-19T08:15:00,78.2
15645,2017-05-19T08:35:00,0.39
15646,2017-05-19T08:55:00,0.39
15647,2017-05-19T09:15:00,0.49
15648,2017-05-19T09:55:00,0.49
15649,2017-05-19T10:15:00,78.4
15650,2017-05-19T10:40:00,75.86
15651,2017-05-19T11:00:00,75.27
15652,2017-05-19T11:20:00,0.78
15653,2017-05-19T11:40:00,74.88
15654,2017-05-19T12:00:00,76.25
15655,2017-05-19T12:20:00,78.01
15656,2017-05-19T13:20:00,0.88
15657,2017-05-19T13:40:00,0.88
15658,2017-05-19T14:20:00,0.88
15659,2017-05-19T14:40:00,0.88
15660,2017-05-19T15:00:00,0.88
15661,2017-05-19T15:20:00,0.88
15662,2017-05-19T15:40:00,0.88
15663,2017-05-19T16:00:00,0.88
15664,2017-05-19T16:20:00,0.88
15665,2017-05-19T17:00:00,0.98
15666,2017-05-19T17:20:00,0.98
15667,2017-05-19T17:40:00,0.98
15668,2017-05-19T18:00:00,0.98
15669,2017-05-19T18:20:00,0.98
15670,2017-05-19T18:40:00,0.98
15671,2017-05-19T19:00:00,0.98
15672,2017-05-19T19:20:00,0.98
15673,2017-05-19T19:40:00,0.88
15674,2017-05-19T20:00:00,0.98
15675,2017-05-19T20:20:00,0.88
15676,2017-05-19T20:40:00,0.98
15677,2017-05-19T21:00:00,0.88
15678,2017-05-19T21:20:00,0.98
15679,2017-05-19T21:45:00,0.98
15680,2017-05-19T22:05:00,0.98
15681,2017-05-19T22:50:00,0
15682,2017-05-19T23:10:00,0
15683,2017-05-19T23:30:00,0
15684,2017-05-19T23:50:00,0
15685,2017-05-20T00:10:00,0
15686,2017-05-20T00:30:00,0
15687,2017-05-20T00:50:00,0
15688,2017-05-20T01:10:00,0
15689,2017-05-20T01:30:00,0
15690,2017-05-20T02:10:00,0
15691,2017-05-20T02:30:00,0
15692,2017-05-20T02:50:00,0
15693,2017-05-20T03:10:00,0
15694,2017-05-20T03:30:00,0
15695,2017-05-20T03:50:00,0
15696,2017-05-20T04:10:00,0
15697,2017-05-20T04:30:00,0
15698,2017-05-20T04:50:00,0
15699,2017-05-20T05:10:00,0
15700,2017-05-20T05:35:00,0
15701,2017-05-20T05:55:00,0
15702,2017-05-20T06:15:00,0
15703,2017-05-20T06:35:00,0
15704,2017-05-20T06:55:00,0
15705,2017-05-20T07:15:00,0
15706,2017-05-20T07:35:00,0
15707,2017-05-20T07:55:00,0
15708,2017-05-20T08:15:00,0
15709,2017-05-20T08:35:00,0
15710,2017-05-20T08:55:00,0
15711,2017-05-20T09:15:00,0
15712,2017-05-20T09:35:00,0
15713,2017-05-20T10:15:00,0
15714,2017-05-20T10:55:00,0
15715,2017-05-20T11:35:00,0
15716,2017-05-20T11:55:00,0
15717,2017-05-20T12:15:00,0
15718,2017-05-20T12:35:00,0
15719,2017-05-20T12:55:00,0
15720,2017-05-20T13:35:00,0
15721,2017-05-20T13:55:00,0
15722,2017-05-20T14:15:00,0
15723,2017-05-20T14:35:00,0
15724,2017-05-20T14:55:00,0
15725,2017-05-20T15:35:00,0
15726,2017-05-20T15:55:00,0
15727,2017-05-20T16:15:00,0
15728,2017-05-20T16:35:00,0
15729,2017-05-20T17:00:00,0
15730,2017-05-20T17:20:00,0
15731,2017-05-20T17:40:00,0
15732,2017-05-20T18:20:00,0
15733,2017-05-20T18:40:00,0
15734,2017-05-20T19:00:00,0
15735,2017-05-20T19:40:00,0
15736,2017-05-20T20:00:00,0
15737,2017-05-20T20:20:00,0
15738,2017-05-20T20:40:00,0
15739,2017-05-20T21:00:00,0
15740,2017-05-20T21:20:00,0
15741,2017-05-20T21:40:00,0
15742,2017-05-20T22:00:00,0
15743,2017-05-20T22:20:00,0
15744,2017-05-20T22:40:00,0
15745,2017-05-20T23:00:00,0
15746,2017-05-20T23:20:00,0
15747,2017-05-20T23:40:00,0
15748,2017-05-21T00:00:00,0
15749,2017-05-21T00:20:00,0
15750,2017-05-21T00:40:00,0
15751,2017-05-21T01:00:00,0
15752,2017-05-21T01:20:00,0
15753,2017-05-21T01:40:00,0
15754,2017-05-21T02:00:00,0
15755,2017-05-21T02:20:00,0
15756,2017-05-21T02:40:00,0
15757,2017-05-21T03:00:00,0
15758,2017-05-21T03:20:00,0
15759,2017-05-21T03:40:00,0
15760,2017-05-21T04:05:00,0
15761,2017-05-21T04:25:00,0
15762,2017-05-21T04:45:00,0
15763,2017-05-21T05:05:00,0
15764,2017-05-21T07:05:00,0
15765,2017-05-21T07:25:00,0
15766,2017-05-21T08:05:00,0
15767,2017-05-21T08:25:00,0
15768,2017-05-21T08:45:00,0
15769,2017-05-21T09:05:00,0
15770,2017-05-21T09:25:00,0
15771,2017-05-21T09:45:00,0
15772,2017-05-21T10:05:00,0
15773,2017-05-21T10:45:00,0
15774,2017-05-21T11:25:00,0
15775,2017-05-21T11:45:00,0
15776,2017-05-21T12:05:00,0
15777,2017-05-21T12:25:00,0
15778,2017-05-21T12:45:00,0
15779,2017-05-21T13:25:00,0
15780,2017-05-21T13:45:00,0
15781,2017-05-21T14:45:00,0
15782,2017-05-21T15:10:00,0
15783,2017-05-21T15:30:00,0
15784,2017-05-21T15:50:00,0
15785,2017-05-21T16:10:00,0
15786,2017-05-21T16:30:00,0
15787,2017-05-21T16:50:00,0
15788,2017-05-21T17:30:00,0
15789,2017-05-21T18:10:00,0
15790,2017-05-21T18:30:00,0
15791,2017-05-21T18:50:00,0
15792,2017-05-21T19:30:00,0
15793,2017-05-21T20:10:00,0
15794,2017-05-21T21:50:00,0
15795,2017-05-21T23:30:00,0
15796,2017-05-21T23:50:00,0
15797,2017-05-22T00:10:00,0
15798,2017-05-22T00:30:00,0
15799,2017-05-22T00:50:00,0
15800,2017-05-22T01:10:00,0
15801,2017-05-22T01:30:00,0
15802,2017-05-22T01:50:00,0
15803,2017-05-22T02:35:00,0
15804,2017-05-22T03:15:00,0
15805,2017-05-22T03:35:00,0
15806,2017-05-22T03:55:00,0
15807,2017-05-22T04:15:00,0
15808,2017-05-22T04:55:00,0
15809,2017-05-22T05:15:00,77.52
15810,2017-05-22T05:35:00,76.83
15811,2017-05-22T05:55:00,74.68
15812,2017-05-22T06:15:00,76.34
15813,2017-05-22T06:55:00,74.29
15814,2017-05-22T07:35:00,76.83
15815,2017-05-22T07:55:00,78.01
15816,2017-05-22T08:15:00,0.98
15817,2017-05-22T08:35:00,75.46
15818,2017-05-22T09:35:00,0.39
15819,2017-05-22T09:55:00,0.39
15820,2017-05-22T11:55:00,73.8
15821,2017-05-22T12:15:00,0.29
15822,2017-05-22T12:55:00,74.68
15823,2017-05-22T13:15:00,78.3
15824,2017-05-22T15:40:00,0.59
15825,2017-05-22T16:00:00,0.59
15826,2017-05-22T16:20:00,0.59
15827,2017-05-22T16:40:00,0.59
15828,2017-05-22T17:00:00,0.59
15829,2017-05-22T17:20:00,0.59
15830,2017-05-22T17:40:00,0.59
15831,2017-05-22T18:00:00,0.59
15832,2017-05-22T18:20:00,0.59
15833,2017-05-22T19:00:00,0.59
15834,2017-05-22T19:20:00,0.59
15835,2017-05-22T19:40:00,0.59
15836,2017-05-22T20:20:00,0.59
15837,2017-05-22T20:40:00,0.59
15838,2017-05-22T21:00:00,0.59
15839,2017-05-22T21:20:00,0.59
15840,2017-05-22T21:40:00,0.59
15841,2017-05-22T22:00:00,0.59
15842,2017-05-22T22:20:00,0.59
15843,2017-05-22T22:40:00,0
15844,2017-05-22T23:00:00,0
15845,2017-05-22T23:20:00,0
15846,2017-05-22T23:40:00,0
15847,2017-05-23T00:00:00,0
15848,2017-05-23T00:20:00,0
15849,2017-05-23T00:40:00,0
15850,2017-05-23T01:05:00,0
15851,2017-05-23T01:25:00,0
15852,2017-05-23T01:45:00,0
15853,2017-05-23T02:05:00,0
15854,2017-05-23T02:25:00,0
15855,2017-05-23T02:45:00,0
15856,2017-05-23T03:25:00,0
15857,2017-05-23T03:45:00,0
15858,2017-05-23T04:25:00,0
15859,2017-05-23T04:45:00,0
15860,2017-05-23T05:05:00,0
15861,2017-05-23T05:25:00,0
15862,2017-05-23T05:45:00,78.89
15863,2017-05-23T06:45:00,73.61
15864,2017-05-23T07:05:00,75.27
15865,2017-05-23T07:25:00,75.76
15866,2017-05-23T08:05:00,77.81
15867,2017-05-23T10:05:00,75.66
15868,2017-05-23T10:45:00,73.7
15869,2017-05-23T11:05:00,0.2
15870,2017-05-23T11:25:00,78.4
15871,2017-05-23T11:45:00,0.2
15872,2017-05-23T12:10:00,0.2
15873,2017-05-23T12:30:00,76.93
15874,2017-05-23T12:50:00,0.2
15875,2017-05-23T13:10:00,78.59
15876,2017-05-23T15:10:00,0.2
15877,2017-05-23T15:30:00,0.2
15878,2017-05-23T17:50:00,0.2
15879,2017-05-23T18:10:00,0.2
15880,2017-05-23T18:30:00,0.2
15881,2017-05-23T19:10:00,0.2
15882,2017-05-23T19:30:00,0.2
15883,2017-05-23T21:30:00,0.2
15884,2017-05-23T21:50:00,0.2
15885,2017-05-23T22:10:00,0.2
15886,2017-05-23T22:30:00,0
15887,2017-05-23T22:50:00,0.1
15888,2017-05-23T23:15:00,0.1
15889,2017-05-23T23:35:00,0.1
15890,2017-05-23T23:55:00,0.1
15891,2017-05-24T00:15:00,0.1
15892,2017-05-24T00:35:00,0.1
15893,2017-05-24T00:55:00,0.1
15894,2017-05-24T01:15:00,0.1
15895,2017-05-24T01:35:00,0.1
15896,2017-05-24T01:55:00,0
15897,2017-05-24T02:15:00,0
15898,2017-05-24T02:35:00,0
15899,2017-05-24T02:55:00,0
15900,2017-05-24T03:15:00,0
15901,2017-05-24T03:35:00,0
15902,2017-05-24T03:55:00,0
15903,2017-05-24T04:15:00,0
15904,2017-05-24T05:55:00,0
15905,2017-05-24T07:15:00,77.91
15906,2017-05-24T08:55:00,78.3
15907,2017-05-24T09:15:00,0
15908,2017-05-24T10:15:00,0
15909,2017-05-24T10:40:00,0
15910,2017-05-24T11:00:00,78.59
15911,2017-05-24T11:40:00,0
15912,2017-05-24T12:20:00,0
15913,2017-05-24T12:40:00,75.17
15914,2017-05-24T13:00:00,0
15915,2017-05-24T14:00:00,0
15916,2017-05-24T14:20:00,74.49
15917,2017-05-24T14:40:00,0.2
15918,2017-05-24T15:00:00,0.2
15919,2017-05-24T15:40:00,0.2
15920,2017-05-24T16:20:00,0.2
15921,2017-05-24T16:40:00,0.2
15922,2017-05-24T17:00:00,0.2
15923,2017-05-24T17:40:00,0.2
15924,2017-05-24T18:00:00,0.2
15925,2017-05-24T18:20:00,0.2
15926,2017-05-24T19:00:00,0.2
15927,2017-05-24T19:20:00,0.2
15928,2017-05-24T19:40:00,0.2
15929,2017-05-24T20:00:00,0.2
15930,2017-05-24T20:20:00,0.2
15931,2017-05-24T20:40:00,0.2
15932,2017-05-24T21:00:00,0.2
15933,2017-05-24T21:20:00,0.2
15934,2017-05-24T21:45:00,0.2
15935,2017-05-24T22:05:00,0.2
15936,2017-05-24T22:25:00,0.2
15937,2017-05-24T22:45:00,0
15938,2017-05-24T23:05:00,0
15939,2017-05-24T23:25:00,0
15940,2017-05-24T23:45:00,0
15941,2017-05-25T00:05:00,0
15942,2017-05-25T00:25:00,0
15943,2017-05-25T00:45:00,0
15944,2017-05-25T01:05:00,0
15945,2017-05-25T01:25:00,0
15946,2017-05-25T01:45:00,0
15947,2017-05-25T02:05:00,0
15948,2017-05-25T02:25:00,0
15949,2017-05-25T02:45:00,0
15950,2017-05-25T03:05:00,0
15951,2017-05-25T03:25:00,0
15952,2017-05-25T03:45:00,0
15953,2017-05-25T04:05:00,0
15954,2017-05-25T04:25:00,0
15955,2017-05-25T04:45:00,0
15956,2017-05-25T05:05:00,0
15957,2017-05-25T05:25:00,0
15958,2017-05-25T05:45:00,0
15959,2017-05-25T06:05:00,0
15960,2017-05-25T06:25:00,0
15961,2017-05-25T06:45:00,0
15962,2017-05-25T07:05:00,0
15963,2017-05-25T07:25:00,0
15964,2017-05-25T07:45:00,0
15965,2017-05-25T09:10:00,0
15966,2017-05-25T10:10:00,0
15967,2017-05-25T16:50:00,0
15968,2017-05-25T17:10:00,0
15969,2017-05-25T19:10:00,0
15970,2017-05-25T19:30:00,0
15971,2017-05-25T19:50:00,0
15972,2017-05-25T20:10:00,0
15973,2017-05-25T20:35:00,0
15974,2017-05-25T20:55:00,0
15975,2017-05-25T21:15:00,0
15976,2017-05-25T21:35:00,0
15977,2017-05-25T21:55:00,0
15978,2017-05-25T22:15:00,0
15979,2017-05-25T22:35:00,0
15980,2017-05-25T22:55:00,0
15981,2017-05-25T23:15:00,0
15982,2017-05-25T23:35:00,0
15983,2017-05-25T23:55:00,0
15984,2017-05-26T00:15:00,0
15985,2017-05-26T00:35:00,0
15986,2017-05-26T00:55:00,0
15987,2017-05-26T01:15:00,0
15988,2017-05-26T01:35:00,0
15989,2017-05-26T01:55:00,0
15990,2017-05-26T02:15:00,0
15991,2017-05-26T02:35:00,0
15992,2017-05-26T02:55:00,0
15993,2017-05-26T03:15:00,0
15994,2017-05-26T03:35:00,0
15995,2017-05-26T03:55:00,0
15996,2017-05-26T04:15:00,0
15997,2017-05-26T04:35:00,0
15998,2017-05-26T04:55:00,0
15999,2017-05-26T05:35:00,0
16000,2017-05-26T05:55:00,0
16001,2017-05-26T06:15:00,0
16002,2017-05-26T06:35:00,0
16003,2017-05-26T07:15:00,0
16004,2017-05-26T07:35:00,0
16005,2017-05-26T08:00:00,0
16006,2017-05-26T08:20:00,0
16007,2017-05-26T09:00:00,0
16008,2017-05-26T09:40:00,0
16009,2017-05-26T10:00:00,0
16010,2017-05-26T10:20:00,78.79
16011,2017-05-26T10:40:00,0
16012,2017-05-26T11:00:00,0
16013,2017-05-26T11:40:00,78.89
16014,2017-05-26T13:20:00,0
16015,2017-05-26T13:40:00,0
16016,2017-05-26T14:00:00,0
16017,2017-05-26T14:20:00,0
16018,2017-05-26T14:40:00,0
16019,2017-05-26T15:00:00,0
16020,2017-05-26T15:40:00,0
16021,2017-05-26T16:40:00,0
16022,2017-05-26T17:00:00,0
16023,2017-05-26T17:20:00,0
16024,2017-05-26T17:40:00,0
16025,2017-05-26T18:00:00,0
16026,2017-05-26T18:20:00,0
16027,2017-05-26T18:40:00,0
16028,2017-05-26T19:00:00,0
16029,2017-05-26T19:25:00,0
16030,2017-05-26T19:45:00,0
16031,2017-05-26T20:05:00,0
16032,2017-05-26T20:25:00,0
16033,2017-05-26T20:45:00,0
16034,2017-05-26T21:05:00,0
16035,2017-05-26T21:25:00,0
16036,2017-05-26T21:45:00,0
16037,2017-05-26T22:05:00,0
16038,2017-05-26T22:25:00,0
16039,2017-05-26T22:45:00,0
16040,2017-05-26T23:05:00,0
16041,2017-05-26T23:25:00,0
16042,2017-05-26T23:45:00,0
16043,2017-05-27T00:05:00,0
16044,2017-05-27T00:25:00,0
16045,2017-05-27T00:45:00,0
16046,2017-05-27T01:05:00,0
16047,2017-05-27T01:25:00,0
16048,2017-05-27T01:45:00,0
16049,2017-05-27T02:05:00,0
16050,2017-05-27T02:25:00,0
16051,2017-05-27T02:45:00,0
16052,2017-05-27T03:05:00,0
16053,2017-05-27T03:25:00,0
16054,2017-05-27T03:45:00,0
16055,2017-05-27T04:05:00,0
16056,2017-05-27T04:25:00,0
16057,2017-05-27T04:45:00,0
16058,2017-05-27T05:05:00,0
16059,2017-05-27T05:25:00,0
16060,2017-05-27T05:45:00,0
16061,2017-05-27T06:05:00,0
16062,2017-05-27T06:30:00,0
16063,2017-05-27T07:10:00,0
16064,2017-05-27T07:30:00,0
16065,2017-05-27T07:50:00,0
16066,2017-05-27T08:10:00,0
16067,2017-05-27T08:30:00,0
16068,2017-05-27T08:50:00,0
16069,2017-05-27T09:30:00,0
16070,2017-05-27T10:50:00,0
16071,2017-05-27T11:30:00,0
16072,2017-05-27T11:50:00,0
16073,2017-05-27T12:10:00,0
16074,2017-05-27T13:10:00,0
16075,2017-05-27T13:30:00,0
16076,2017-05-27T14:10:00,0
16077,2017-05-27T14:50:00,0
16078,2017-05-27T15:10:00,0
16079,2017-05-27T15:30:00,0
16080,2017-05-27T15:50:00,0
16081,2017-05-27T16:10:00,0
16082,2017-05-27T16:30:00,0
16083,2017-05-27T16:50:00,0
16084,2017-05-27T17:10:00,0
16085,2017-05-27T17:30:00,0
16086,2017-05-27T17:55:00,0
16087,2017-05-27T18:15:00,0
16088,2017-05-27T18:35:00,0
16089,2017-05-27T18:55:00,0
16090,2017-05-27T19:15:00,0
16091,2017-05-27T19:35:00,0
16092,2017-05-27T19:55:00,0
16093,2017-05-27T20:15:00,0
16094,2017-05-27T20:35:00,0
16095,2017-05-27T20:55:00,0
16096,2017-05-27T21:15:00,0
16097,2017-05-27T21:35:00,0
16098,2017-05-27T21:55:00,0
16099,2017-05-27T23:55:00,0
16100,2017-05-28T00:15:00,0
16101,2017-05-28T00:35:00,0
16102,2017-05-28T00:55:00,0
16103,2017-05-28T01:15:00,0
16104,2017-05-28T01:35:00,0
16105,2017-05-28T01:55:00,0
16106,2017-05-28T02:15:00,0
16107,2017-05-28T02:35:00,0
16108,2017-05-28T02:55:00,0
16109,2017-05-28T03:15:00,0
16110,2017-05-28T03:35:00,0
16111,2017-05-28T03:55:00,0
16112,2017-05-28T04:15:00,0
16113,2017-05-28T04:35:00,0
16114,2017-05-28T04:55:00,0
16115,2017-05-28T05:20:00,0
16116,2017-05-28T05:40:00,0
16117,2017-05-28T06:00:00,0
16118,2017-05-28T06:20:00,0
16119,2017-05-28T06:40:00,0
16120,2017-05-28T07:00:00,0
16121,2017-05-28T07:20:00,0
16122,2017-05-28T08:00:00,0
16123,2017-05-28T08:20:00,0
16124,2017-05-28T08:40:00,0
16125,2017-05-28T09:40:00,0
16126,2017-05-28T10:20:00,0
16127,2017-05-28T10:40:00,0
16128,2017-05-28T11:00:00,0
16129,2017-05-28T11:40:00,0
16130,2017-05-28T12:00:00,0
16131,2017-05-28T12:20:00,0
16132,2017-05-28T12:40:00,0
16133,2017-05-28T13:00:00,0
16134,2017-05-28T13:40:00,0
16135,2017-05-28T14:00:00,0
16136,2017-05-28T14:20:00,0
16137,2017-05-28T15:20:00,0
16138,2017-05-28T16:00:00,0
16139,2017-05-28T16:20:00,0
16140,2017-05-28T16:45:00,0
16141,2017-05-28T17:45:00,0
16142,2017-05-28T18:05:00,0
16143,2017-05-28T18:25:00,0
16144,2017-05-28T18:45:00,0
16145,2017-05-28T19:25:00,0
16146,2017-05-28T21:05:00,0
16147,2017-05-28T21:25:00,0
16148,2017-05-28T21:45:00,0
16149,2017-05-28T22:25:00,0
16150,2017-05-28T22:45:00,0
16151,2017-05-28T23:05:00,0
16152,2017-05-28T23:25:00,0
16153,2017-05-28T23:45:00,0
16154,2017-05-29T00:05:00,0
16155,2017-05-29T00:25:00,0
16156,2017-05-29T00:45:00,0
16157,2017-05-29T01:05:00,0
16158,2017-05-29T01:25:00,0
16159,2017-05-29T01:45:00,0
16160,2017-05-29T02:05:00,0
16161,2017-05-29T02:25:00,0
16162,2017-05-29T02:45:00,0
16163,2017-05-29T03:05:00,0
16164,2017-05-29T03:25:00,0
16165,2017-05-29T03:45:00,0
16166,2017-05-29T04:10:00,0
16167,2017-05-29T04:30:00,0
16168,2017-05-29T05:30:00,0
16169,2017-05-29T05:50:00,0
16170,2017-05-29T08:30:00,0
16171,2017-05-29T09:10:00,77.42
16172,2017-05-29T09:30:00,74.88
16173,2017-05-29T12:10:00,75.66
16174,2017-05-29T13:10:00,0
16175,2017-05-29T13:30:00,0
16176,2017-05-29T14:30:00,0
16177,2017-05-29T14:50:00,0
16178,2017-05-29T15:15:00,0
16179,2017-05-29T15:55:00,0
16180,2017-05-29T16:15:00,0
16181,2017-05-29T16:35:00,0
16182,2017-05-29T17:15:00,0
16183,2017-05-29T17:35:00,0
16184,2017-05-29T17:55:00,0
16185,2017-05-29T18:15:00,0
16186,2017-05-29T18:35:00,0
16187,2017-05-29T18:55:00,0
16188,2017-05-29T19:15:00,0
16189,2017-05-29T19:35:00,0
16190,2017-05-29T20:15:00,0
16191,2017-05-29T20:35:00,0
16192,2017-05-29T20:55:00,0
16193,2017-05-29T21:15:00,0
16194,2017-05-29T21:35:00,0
16195,2017-05-29T21:55:00,0
16196,2017-05-29T22:15:00,0
16197,2017-05-29T22:35:00,0
16198,2017-05-29T22:55:00,0
16199,2017-05-29T23:15:00,0
16200,2017-05-29T23:35:00,0
16201,2017-05-29T23:55:00,0
16202,2017-05-30T00:15:00,0
16203,2017-05-30T00:35:00,0
16204,2017-05-30T00:55:00,0
16205,2017-05-30T01:15:00,0
16206,2017-05-30T01:35:00,0
16207,2017-05-30T01:55:00,0
16208,2017-05-30T02:15:00,0
16209,2017-05-30T02:40:00,0
16210,2017-05-30T03:00:00,0
16211,2017-05-30T03:20:00,0
16212,2017-05-30T03:40:00,0
16213,2017-05-30T04:00:00,0
16214,2017-05-30T04:20:00,0
16215,2017-05-30T05:00:00,0
16216,2017-05-30T05:20:00,0
16217,2017-05-30T05:40:00,0
16218,2017-05-30T06:40:00,0
16219,2017-05-30T07:20:00,79.08
16220,2017-05-30T07:40:00,0
16221,2017-05-30T08:00:00,0
16222,2017-05-30T08:20:00,0
16223,2017-05-30T09:20:00,0
16224,2017-05-30T10:20:00,0
16225,2017-05-30T10:40:00,0
16226,2017-05-30T11:00:00,0
16227,2017-05-30T11:20:00,0
16228,2017-05-30T11:40:00,77.42
16229,2017-05-30T12:20:00,0
16230,2017-05-30T14:45:00,0
16231,2017-05-30T15:25:00,0
16232,2017-05-30T16:05:00,0
16233,2017-05-30T17:05:00,0
16234,2017-05-30T18:25:00,0
16235,2017-05-30T19:25:00,0
16236,2017-05-30T20:45:00,0
16237,2017-05-30T21:45:00,0
16238,2017-05-30T22:05:00,0
16239,2017-05-30T22:25:00,0
16240,2017-05-30T23:05:00,0
16241,2017-05-30T23:25:00,0
16242,2017-05-30T23:45:00,0
16243,2017-05-31T00:05:00,0
16244,2017-05-31T00:25:00,0
16245,2017-05-31T00:45:00,0
16246,2017-05-31T01:05:00,0
16247,2017-05-31T01:30:00,0
16248,2017-05-31T01:50:00,0
16249,2017-05-31T02:10:00,0
16250,2017-05-31T02:30:00,0
16251,2017-05-31T02:50:00,0
16252,2017-05-31T03:10:00,0
16253,2017-05-31T03:30:00,0
16254,2017-05-31T03:50:00,0
16255,2017-05-31T04:10:00,0
16256,2017-05-31T04:30:00,0
16257,2017-05-31T06:50:00,74.98
16258,2017-05-31T07:10:00,0
16259,2017-05-31T08:10:00,0
16260,2017-05-31T08:30:00,0
16261,2017-05-31T09:30:00,78.69
16262,2017-05-31T10:10:00,78.01
16263,2017-05-31T10:50:00,78.5
16264,2017-05-31T12:30:00,0
16265,2017-05-31T12:55:00,0
16266,2017-05-31T13:15:00,0
16267,2017-05-31T14:15:00,0
16268,2017-05-31T14:35:00,73.8
16269,2017-05-31T15:15:00,0
16270,2017-05-31T15:55:00,0
16271,2017-05-31T16:35:00,0
16272,2017-05-31T18:15:00,0
16273,2017-05-31T18:35:00,0
16274,2017-05-31T18:55:00,0
16275,2017-05-31T21:55:00,0
16276,2017-05-31T22:15:00,0
16277,2017-05-31T22:35:00,0
16278,2017-05-31T22:55:00,0
16279,2017-05-31T23:15:00,0
16280,2017-05-31T23:35:00,0
16281,2017-06-01T00:00:00,0
16282,2017-06-01T00:20:00,0
16283,2017-06-01T00:40:00,0
16284,2017-06-01T01:00:00,0
16285,2017-06-01T01:20:00,0
16286,2017-06-01T01:40:00,0
16287,2017-06-01T02:00:00,0
16288,2017-06-01T02:20:00,0
16289,2017-06-01T02:40:00,0
16290,2017-06-01T03:00:00,0
16291,2017-06-01T03:20:00,0
16292,2017-06-01T03:40:00,0
16293,2017-06-01T04:00:00,0
16294,2017-06-01T04:20:00,0
16295,2017-06-01T05:20:00,0
16296,2017-06-01T05:40:00,77.03
16297,2017-06-01T07:00:00,0
16298,2017-06-01T07:40:00,0
16299,2017-06-01T10:20:00,75.86
16300,2017-06-01T11:00:00,0
16301,2017-06-01T11:45:00,78.69
16302,2017-06-01T14:25:00,0
16303,2017-06-01T17:05:00,0
16304,2017-06-01T18:25:00,0
16305,2017-06-01T18:45:00,0
16306,2017-06-01T21:45:00,0
16307,2017-06-01T22:05:00,0
16308,2017-06-01T22:50:00,0
16309,2017-06-01T23:10:00,0
16310,2017-06-01T23:30:00,0
16311,2017-06-02T00:10:00,0
16312,2017-06-02T03:50:00,0
16313,2017-06-02T04:10:00,0
16314,2017-06-02T08:10:00,0
16315,2017-06-02T09:10:00,0
16316,2017-06-02T09:50:00,0
16317,2017-06-02T11:15:00,77.81
16318,2017-06-02T13:35:00,0
16319,2017-06-02T13:55:00,0
16320,2017-06-02T14:55:00,0
16321,2017-06-02T17:55:00,0
16322,2017-06-02T19:15:00,0
16323,2017-06-02T19:35:00,0
16324,2017-06-02T21:40:00,0
16325,2017-06-02T23:00:00,0
16326,2017-06-02T23:40:00,0
16327,2017-06-03T00:00:00,0
16328,2017-06-03T01:00:00,0
16329,2017-06-03T01:20:00,0
16330,2017-06-03T01:40:00,0
16331,2017-06-03T02:00:00,0
16332,2017-06-03T02:20:00,0
16333,2017-06-03T02:40:00,0
16334,2017-06-03T03:00:00,0
16335,2017-06-03T03:20:00,0
16336,2017-06-03T04:00:00,0
16337,2017-06-03T04:20:00,0
16338,2017-06-03T04:40:00,0
16339,2017-06-03T05:00:00,0
16340,2017-06-03T05:20:00,0
16341,2017-06-03T05:40:00,0
16342,2017-06-03T06:00:00,0
16343,2017-06-03T06:20:00,0
16344,2017-06-03T06:40:00,0
16345,2017-06-03T07:00:00,0
16346,2017-06-03T07:20:00,0
16347,2017-06-03T07:40:00,0
16348,2017-06-03T08:00:00,0
16349,2017-06-03T08:20:00,0
16350,2017-06-03T08:45:00,0
16351,2017-06-03T09:25:00,0
16352,2017-06-03T13:05:00,0
16353,2017-06-03T13:25:00,0
16354,2017-06-03T14:25:00,0
16355,2017-06-03T14:45:00,0
16356,2017-06-03T15:05:00,0
16357,2017-06-03T15:45:00,0
16358,2017-06-03T16:05:00,0
16359,2017-06-03T16:25:00,0
16360,2017-06-03T16:45:00,0
16361,2017-06-03T17:05:00,0
16362,2017-06-03T17:25:00,0
16363,2017-06-03T17:45:00,0
16364,2017-06-03T18:05:00,0
16365,2017-06-03T18:25:00,0
16366,2017-06-03T18:45:00,0
16367,2017-06-03T19:05:00,0
16368,2017-06-03T19:25:00,0
16369,2017-06-03T19:45:00,0
16370,2017-06-03T20:10:00,0
16371,2017-06-03T20:30:00,0
16372,2017-06-03T20:50:00,0
16373,2017-06-03T21:50:00,0
16374,2017-06-03T22:10:00,0
16375,2017-06-03T22:30:00,0
16376,2017-06-03T22:50:00,0
16377,2017-06-03T23:10:00,0
16378,2017-06-03T23:50:00,0
16379,2017-06-04T00:10:00,0
16380,2017-06-04T00:30:00,0
16381,2017-06-04T00:50:00,0
16382,2017-06-04T01:10:00,0
16383,2017-06-04T01:30:00,0
16384,2017-06-04T01:50:00,0
16385,2017-06-04T02:10:00,0
16386,2017-06-04T02:30:00,0
16387,2017-06-04T02:50:00,0
16388,2017-06-04T03:10:00,0
16389,2017-06-04T03:30:00,0
16390,2017-06-04T03:50:00,0
16391,2017-06-04T04:10:00,0
16392,2017-06-04T04:30:00,0
16393,2017-06-04T04:50:00,0
16394,2017-06-04T05:10:00,0
16395,2017-06-04T05:30:00,0
16396,2017-06-04T06:10:00,0
16397,2017-06-04T06:30:00,0
16398,2017-06-04T06:50:00,0
16399,2017-06-04T07:10:00,0
16400,2017-06-04T07:35:00,0
16401,2017-06-04T07:55:00,0
16402,2017-06-04T11:35:00,0
16403,2017-06-04T11:55:00,0
16404,2017-06-04T12:15:00,0
16405,2017-06-04T12:35:00,0
16406,2017-06-04T13:15:00,0
16407,2017-06-04T13:55:00,0
16408,2017-06-04T14:15:00,0
16409,2017-06-04T14:35:00,0
16410,2017-06-04T15:15:00,0
16411,2017-06-04T15:35:00,0
16412,2017-06-04T15:55:00,0
16413,2017-06-04T16:15:00,0
16414,2017-06-04T16:35:00,0
16415,2017-06-04T16:55:00,0
16416,2017-06-04T17:15:00,0
16417,2017-06-04T17:35:00,0
16418,2017-06-04T18:15:00,0
16419,2017-06-04T18:35:00,0
16420,2017-06-04T19:40:00,0
16421,2017-06-04T20:20:00,0
16422,2017-06-04T21:20:00,0
16423,2017-06-04T22:20:00,0
16424,2017-06-04T23:00:00,0
16425,2017-06-04T23:20:00,0
16426,2017-06-04T23:40:00,0
16427,2017-06-05T00:00:00,0
16428,2017-06-05T00:20:00,0
16429,2017-06-05T00:40:00,0
16430,2017-06-05T01:00:00,0
16431,2017-06-05T01:20:00,0
16432,2017-06-05T01:40:00,0
16433,2017-06-05T02:00:00,0
16434,2017-06-05T02:20:00,0
16435,2017-06-05T02:40:00,0
16436,2017-06-05T03:00:00,0
16437,2017-06-05T03:20:00,0
16438,2017-06-05T03:40:00,0
16439,2017-06-05T04:00:00,0
16440,2017-06-05T04:20:00,0
16441,2017-06-05T04:40:00,0
16442,2017-06-05T05:00:00,0
16443,2017-06-05T05:20:00,0
16444,2017-06-05T05:40:00,0
16445,2017-06-05T06:00:00,0
16446,2017-06-05T06:45:00,0
16447,2017-06-05T07:05:00,0
16448,2017-06-05T07:25:00,0
16449,2017-06-05T07:45:00,0
16450,2017-06-05T08:25:00,0
16451,2017-06-05T09:25:00,0
16452,2017-06-05T11:25:00,0
16453,2017-06-05T14:45:00,0
16454,2017-06-05T15:45:00,0
16455,2017-06-05T16:25:00,0
16456,2017-06-05T19:10:00,0
16457,2017-06-05T20:10:00,0
16458,2017-06-05T20:50:00,0
16459,2017-06-05T21:50:00,0
16460,2017-06-05T22:10:00,0
16461,2017-06-05T22:30:00,0
16462,2017-06-05T22:50:00,0
16463,2017-06-05T23:30:00,0
16464,2017-06-05T23:50:00,0
16465,2017-06-06T00:10:00,0
16466,2017-06-06T00:30:00,0
16467,2017-06-06T00:50:00,0
16468,2017-06-06T01:10:00,0
16469,2017-06-06T01:30:00,0
16470,2017-06-06T01:50:00,0
16471,2017-06-06T02:10:00,0
16472,2017-06-06T04:55:00,0
16473,2017-06-06T05:15:00,0
16474,2017-06-06T06:55:00,0
16475,2017-06-06T08:15:00,0
16476,2017-06-06T08:55:00,77.71
16477,2017-06-06T09:35:00,78.69
16478,2017-06-06T10:15:00,0
16479,2017-06-06T12:35:00,0
16480,2017-06-06T22:20:00,0
16481,2017-06-07T00:00:00,0
16482,2017-06-07T00:20:00,0
16483,2017-06-07T02:00:00,0
16484,2017-06-07T03:00:00,0
16485,2017-06-07T03:20:00,0
16486,2017-06-07T03:45:00,0
16487,2017-06-07T04:05:00,0
16488,2017-06-07T04:45:00,0
16489,2017-06-07T05:05:00,0
16490,2017-06-07T06:05:00,0
16491,2017-06-07T09:05:00,76.93
16492,2017-06-07T09:25:00,76.64
16493,2017-06-07T12:45:00,0
16494,2017-06-07T13:05:00,0
16495,2017-06-07T13:25:00,78.69
16496,2017-06-07T13:45:00,0
16497,2017-06-07T14:25:00,0
16498,2017-06-07T14:45:00,0
16499,2017-06-07T15:10:00,0
16500,2017-06-07T15:30:00,0
16501,2017-06-07T15:50:00,0
16502,2017-06-07T16:10:00,0
16503,2017-06-07T16:50:00,0
16504,2017-06-07T17:10:00,0
16505,2017-06-07T17:50:00,0
16506,2017-06-07T18:10:00,0
16507,2017-06-07T18:30:00,0
16508,2017-06-07T18:50:00,0
16509,2017-06-07T19:10:00,0
16510,2017-06-07T19:30:00,0
16511,2017-06-07T19:50:00,0
16512,2017-06-07T20:10:00,0
16513,2017-06-07T20:30:00,0
16514,2017-06-07T20:50:00,0
16515,2017-06-07T21:10:00,0
16516,2017-06-07T21:30:00,0
16517,2017-06-07T21:50:00,0
16518,2017-06-07T22:10:00,0
16519,2017-06-07T22:30:00,0
16520,2017-06-07T22:50:00,0
16521,2017-06-07T23:30:00,0
16522,2017-06-07T23:50:00,0
16523,2017-06-08T00:10:00,0
16524,2017-06-08T00:30:00,0
16525,2017-06-08T00:50:00,0
16526,2017-06-08T01:10:00,0
16527,2017-06-08T01:30:00,0
16528,2017-06-08T01:50:00,0
16529,2017-06-08T02:15:00,0
16530,2017-06-08T02:35:00,0
16531,2017-06-08T02:55:00,0
16532,2017-06-08T03:15:00,0
16533,2017-06-08T03:35:00,0
16534,2017-06-08T03:55:00,0
16535,2017-06-08T04:15:00,0
16536,2017-06-08T04:35:00,0
16537,2017-06-08T04:55:00,0
16538,2017-06-08T05:15:00,0
16539,2017-06-08T06:15:00,0
16540,2017-06-08T06:35:00,0
16541,2017-06-08T06:55:00,75.17
16542,2017-06-08T07:15:00,75.07
16543,2017-06-08T13:40:00,0
16544,2017-06-08T16:00:00,0
16545,2017-06-08T16:20:00,0
16546,2017-06-08T16:40:00,0
16547,2017-06-08T17:20:00,0
16548,2017-06-08T17:40:00,0
16549,2017-06-08T18:00:00,0
16550,2017-06-08T18:20:00,0
16551,2017-06-08T19:00:00,0
16552,2017-06-08T19:20:00,0
16553,2017-06-08T20:20:00,0
16554,2017-06-08T20:40:00,0
16555,2017-06-08T21:00:00,0
16556,2017-06-08T21:20:00,0
16557,2017-06-08T21:40:00,0
16558,2017-06-08T22:00:00,0
16559,2017-06-08T22:20:00,0
16560,2017-06-08T22:40:00,0
16561,2017-06-08T23:00:00,0
16562,2017-06-08T23:20:00,0
16563,2017-06-08T23:40:00,0
16564,2017-06-09T00:00:00,0
16565,2017-06-09T00:40:00,0
16566,2017-06-09T01:05:00,0
16567,2017-06-09T01:25:00,0
16568,2017-06-09T02:05:00,0
16569,2017-06-09T02:25:00,0
16570,2017-06-09T02:45:00,0
16571,2017-06-09T03:05:00,0
16572,2017-06-09T03:25:00,0
16573,2017-06-09T03:45:00,0
16574,2017-06-09T04:05:00,0
16575,2017-06-09T04:45:00,0
16576,2017-06-09T05:05:00,0
16577,2017-06-09T05:25:00,0
16578,2017-06-09T06:05:00,76.05
16579,2017-06-09T07:05:00,76.93
16580,2017-06-09T07:25:00,0
16581,2017-06-09T08:25:00,76.83
16582,2017-06-09T09:05:00,78.2
16583,2017-06-09T10:05:00,0
16584,2017-06-09T11:25:00,0
16585,2017-06-09T11:45:00,76.93
16586,2017-06-09T12:30:00,0
16587,2017-06-09T13:30:00,0
16588,2017-06-09T13:50:00,0
16589,2017-06-09T15:30:00,0
16590,2017-06-09T15:50:00,0
16591,2017-06-09T16:10:00,0
16592,2017-06-09T16:30:00,0
16593,2017-06-09T17:10:00,0
16594,2017-06-09T17:30:00,0
16595,2017-06-09T17:50:00,0
16596,2017-06-09T18:10:00,77.32
16597,2017-06-09T18:30:00,0
16598,2017-06-09T18:50:00,0
16599,2017-06-09T19:10:00,0
16600,2017-06-09T19:30:00,0
16601,2017-06-09T19:50:00,0
16602,2017-06-09T20:10:00,0
16603,2017-06-09T20:30:00,0
16604,2017-06-09T21:10:00,0
16605,2017-06-09T21:30:00,0
16606,2017-06-09T21:50:00,0
16607,2017-06-09T22:30:00,0
16608,2017-06-09T22:50:00,0
16609,2017-06-09T23:10:00,0
16610,2017-06-09T23:30:00,0
16611,2017-06-09T23:55:00,0
16612,2017-06-10T00:15:00,0
16613,2017-06-10T00:35:00,0
16614,2017-06-10T00:55:00,0
16615,2017-06-10T01:15:00,0
16616,2017-06-10T04:15:00,0
16617,2017-06-10T04:35:00,0
16618,2017-06-10T05:35:00,0
16619,2017-06-10T05:55:00,0
16620,2017-06-10T06:35:00,0
16621,2017-06-10T07:15:00,0
16622,2017-06-10T07:35:00,0
16623,2017-06-10T09:35:00,0
16624,2017-06-10T09:55:00,0
16625,2017-06-10T10:15:00,0
16626,2017-06-10T11:00:00,0
16627,2017-06-10T12:00:00,0
16628,2017-06-10T12:20:00,0
16629,2017-06-10T14:20:00,0
16630,2017-06-10T15:00:00,0
16631,2017-06-10T15:20:00,0
16632,2017-06-10T16:00:00,0
16633,2017-06-10T16:20:00,0
16634,2017-06-10T16:40:00,0
16635,2017-06-18T17:50:00,0.29
16636,2017-06-18T18:10:00,0.29
16637,2017-06-18T18:30:00,0.29
16638,2017-06-18T18:50:00,0.29
16639,2017-06-18T19:10:00,0.29
16640,2017-06-18T19:30:00,0.29
16641,2017-06-18T19:50:00,0.29
16642,2017-06-18T20:10:00,0.29
16643,2017-06-18T20:30:00,0.29
16644,2017-06-18T20:50:00,0.29
16645,2017-06-18T21:10:00,0.29
16646,2017-06-18T21:30:00,0.29
16647,2017-06-18T21:50:00,0.39
16648,2017-06-18T22:10:00,0.29
16649,2017-06-18T22:30:00,0.29
16650,2017-06-18T22:50:00,0.29
16651,2017-06-18T23:10:00,0.39
16652,2017-06-18T23:30:00,0.29
16653,2017-06-18T23:50:00,0.29
16654,2017-06-19T00:10:00,0.39
16655,2017-06-19T00:30:00,0.29
16656,2017-06-19T00:50:00,0.29
16657,2017-06-19T01:15:00,0.29
16658,2017-06-19T01:35:00,0.29
16659,2017-06-19T01:55:00,0.39
16660,2017-06-19T02:15:00,0.39
16661,2017-06-19T02:35:00,0.39
16662,2017-06-19T02:55:00,0.29
16663,2017-06-19T03:15:00,0.29
16664,2017-06-19T03:35:00,0.39
16665,2017-06-19T03:55:00,0.39
16666,2017-06-19T05:55:00,78.2
16667,2017-06-19T06:55:00,77.03
16668,2017-06-19T07:15:00,76.64
16669,2017-06-19T07:55:00,76.05
16670,2017-06-19T08:15:00,74
16671,2017-06-19T08:35:00,73.8
16672,2017-06-19T08:55:00,78.2
16673,2017-06-19T09:15:00,75.95
16674,2017-06-19T09:55:00,0.29
16675,2017-06-19T10:15:00,0.2
16676,2017-06-19T10:35:00,0.29
16677,2017-06-19T11:15:00,0.29
16678,2017-06-19T11:35:00,0.29
16679,2017-06-19T12:15:00,0.29
16680,2017-06-19T12:40:00,0.29
16681,2017-06-19T13:40:00,0.29
16682,2017-06-19T14:00:00,0.29
16683,2017-06-19T14:20:00,0.29
16684,2017-06-19T16:20:00,0.29
16685,2017-06-19T16:40:00,0.29
16686,2017-06-19T17:00:00,0.29
16687,2017-06-19T17:20:00,0.29
16688,2017-06-19T17:40:00,0.29
16689,2017-06-19T18:20:00,0.29
16690,2017-06-19T18:40:00,0.29
16691,2017-06-19T19:00:00,0.29
16692,2017-06-19T19:20:00,0.29
16693,2017-06-19T19:40:00,0.29
16694,2017-06-19T20:00:00,0.29
16695,2017-06-19T20:20:00,0.29
16696,2017-06-19T20:40:00,0.29
16697,2017-06-19T22:00:00,0.29
16698,2017-06-19T22:20:00,0.29
16699,2017-06-19T22:40:00,0.29
16700,2017-06-19T23:20:00,0.29
16701,2017-06-20T00:05:00,0.29
16702,2017-06-20T02:05:00,0.29
16703,2017-06-20T02:25:00,0.29
16704,2017-06-20T02:45:00,0.29
16705,2017-06-20T03:05:00,0.29
16706,2017-06-20T03:25:00,0.29
16707,2017-06-20T04:45:00,0.29
16708,2017-06-20T05:05:00,76.64
16709,2017-06-20T05:25:00,74.58
16710,2017-06-20T06:25:00,0.29
16711,2017-06-20T07:05:00,0.29
16712,2017-06-20T07:45:00,0.29
16713,2017-06-20T08:45:00,0.29
16714,2017-06-20T09:25:00,0.29
16715,2017-06-20T09:45:00,0.29
16716,2017-06-20T10:05:00,0.29
16717,2017-06-20T10:25:00,0.29
16718,2017-06-20T11:30:00,0.29
16719,2017-06-20T11:50:00,0.29
16720,2017-06-20T12:10:00,76.93
16721,2017-06-20T12:30:00,73.8
16722,2017-06-20T12:50:00,0.29
16723,2017-06-20T14:10:00,0.29
16724,2017-06-20T14:30:00,0.29
16725,2017-06-20T15:10:00,0.29
16726,2017-06-20T15:30:00,0.29
16727,2017-06-20T15:50:00,0.29
16728,2017-06-20T16:30:00,0.29
16729,2017-06-20T17:10:00,0.29
16730,2017-06-20T17:30:00,0.29
16731,2017-06-20T18:10:00,0.29
16732,2017-06-20T18:30:00,0.29
16733,2017-06-20T18:50:00,0.29
16734,2017-06-20T19:10:00,0.29
16735,2017-06-20T19:30:00,0.29
16736,2017-06-20T22:35:00,0.29
16737,2017-06-20T23:55:00,0.29
16738,2017-06-21T00:15:00,0.29
16739,2017-06-21T00:55:00,0.29
16740,2017-06-21T01:15:00,0.29
16741,2017-06-21T01:35:00,0.29
16742,2017-06-21T01:55:00,0.29
16743,2017-06-21T02:15:00,0.39
16744,2017-06-21T02:35:00,0.39
16745,2017-06-21T02:55:00,0.39
16746,2017-06-21T03:15:00,0.39
16747,2017-06-21T03:35:00,0.39
16748,2017-06-21T03:55:00,0.39
16749,2017-06-21T04:55:00,0.39
16750,2017-06-21T06:15:00,0.39
16751,2017-06-21T06:35:00,0.39
16752,2017-06-21T07:55:00,0.29
16753,2017-06-21T08:15:00,0.39
16754,2017-06-21T08:35:00,0.39
16755,2017-06-21T09:35:00,78.4
16756,2017-06-21T10:20:00,0.29
16757,2017-06-21T11:00:00,0.29
16758,2017-06-21T11:20:00,0.29
16759,2017-06-21T12:00:00,0.39
16760,2017-06-21T12:40:00,0.29
16761,2017-06-21T13:40:00,0.39
16762,2017-06-21T14:00:00,0.39
16763,2017-06-21T15:00:00,0.39
16764,2017-06-21T15:20:00,0.39
16765,2017-06-21T15:40:00,0.39
16766,2017-06-21T16:00:00,0.39
16767,2017-06-21T16:40:00,0.39
16768,2017-06-21T17:20:00,0.39
16769,2017-06-21T18:00:00,0.39
16770,2017-06-21T20:00:00,0.39
16771,2017-06-21T20:40:00,0.39
16772,2017-06-21T21:00:00,0.39
16773,2017-06-21T21:45:00,0.39
16774,2017-06-21T22:25:00,0.39
16775,2017-06-21T22:45:00,0.39
16776,2017-06-21T23:05:00,0.39
16777,2017-06-21T23:25:00,0.39
16778,2017-06-22T00:05:00,0.39
16779,2017-06-22T00:25:00,0.39
16780,2017-06-22T00:45:00,0.39
16781,2017-06-22T01:05:00,0.39
16782,2017-06-22T01:25:00,0.39
16783,2017-06-22T01:45:00,0.39
16784,2017-06-22T02:05:00,0.39
16785,2017-06-22T02:25:00,0.39
16786,2017-06-22T02:45:00,0.39
16787,2017-06-22T03:05:00,0.39
16788,2017-06-22T03:25:00,78.5
16789,2017-06-22T03:45:00,78.69
16790,2017-06-22T04:05:00,0.29
16791,2017-06-22T04:25:00,0.29
16792,2017-06-22T05:05:00,0.39
16793,2017-06-22T05:45:00,0.39
16794,2017-06-22T06:05:00,0.39
16795,2017-06-22T06:25:00,0.39
16796,2017-06-22T07:05:00,0.39
16797,2017-06-22T07:45:00,0.39
16798,2017-06-22T08:05:00,0.29
16799,2017-06-22T08:25:00,0.39
16800,2017-06-22T08:50:00,0.39
16801,2017-06-22T09:10:00,0.39
16802,2017-06-22T09:30:00,0.39
16803,2017-06-22T10:10:00,0.39
16804,2017-06-22T10:30:00,0.39
16805,2017-06-22T11:10:00,0.39
16806,2017-06-22T11:30:00,73.9
16807,2017-06-22T11:50:00,0.29
16808,2017-06-22T12:30:00,86.8
16809,2017-06-22T12:50:00,96.77
16810,2017-06-22T13:10:00,96.68
16811,2017-06-22T13:30:00,96.58
16812,2017-06-22T13:50:00,96.48
16813,2017-06-22T14:10:00,95.41
16814,2017-06-22T14:30:00,94.72
16815,2017-06-22T14:50:00,94.04
16816,2017-06-22T15:10:00,93.94
16817,2017-06-22T15:30:00,94.92
16818,2017-06-22T15:50:00,93.74
16819,2017-06-22T16:10:00,93.65
16820,2017-06-22T16:30:00,93.26
16821,2017-06-22T16:50:00,93.74
16822,2017-06-22T17:10:00,93.35
16823,2017-06-22T17:30:00,89.25
16824,2017-06-22T17:50:00,89.15
16825,2017-06-22T18:15:00,84.36
16826,2017-06-22T18:35:00,81.53
16827,2017-06-22T18:55:00,72.73
16828,2017-06-22T19:15:00,73.8
16829,2017-06-22T19:35:00,43.5
16830,2017-06-22T19:55:00,19.36
16831,2017-06-22T20:15:00,9.68
16832,2017-06-22T20:35:00,1.66
16833,2017-06-22T20:55:00,0.59
16834,2017-06-22T21:15:00,0.2
16835,2017-06-22T21:35:00,0
16836,2017-06-22T21:55:00,0
16837,2017-06-22T22:15:00,0
16838,2017-06-22T22:35:00,0
16839,2017-06-22T22:55:00,0
16840,2017-06-22T23:15:00,0
16841,2017-06-22T23:35:00,0.2
16842,2017-06-22T23:55:00,0.2
16843,2017-06-23T00:15:00,0.1
16844,2017-06-23T00:35:00,0.2
16845,2017-06-23T00:55:00,0.2
16846,2017-06-23T01:15:00,0.29
16847,2017-06-23T01:35:00,1.27
16848,2017-06-23T01:55:00,3.42
16849,2017-06-23T02:15:00,16.03
16850,2017-06-23T02:35:00,38.51
16851,2017-06-23T02:55:00,44.48
16852,2017-06-23T03:15:00,65
16853,2017-06-23T03:35:00,65.2
16854,2017-06-23T03:55:00,70.19
16855,2017-06-23T04:15:00,78.5
16856,2017-06-23T04:35:00,88.07
16857,2017-06-23T04:55:00,90.91
16858,2017-06-23T05:15:00,93.16
16859,2017-06-23T05:40:00,91.79
16860,2017-06-23T06:00:00,93.35
16861,2017-06-23T06:20:00,91.89
16862,2017-06-23T06:40:00,92.77
16863,2017-06-23T07:00:00,91.89
16864,2017-06-23T07:20:00,92.47
16865,2017-06-23T07:40:00,94.23
16866,2017-06-23T08:00:00,94.53
16867,2017-06-23T08:20:00,95.41
16868,2017-06-23T08:40:00,92.96
16869,2017-06-23T09:00:00,90.22
16870,2017-06-23T09:20:00,97.36
16871,2017-06-23T09:40:00,93.26
16872,2017-06-23T10:00:00,92.28
16873,2017-06-23T10:20:00,92.67
16874,2017-06-23T10:40:00,93.35
16875,2017-06-23T11:00:00,90.71
16876,2017-06-23T11:20:00,91.3
16877,2017-06-23T11:40:00,93.74
16878,2017-06-23T12:00:00,94.43
16879,2017-06-23T12:20:00,89.15
16880,2017-06-23T12:40:00,92.57
16881,2017-06-23T13:00:00,92.08
16882,2017-06-23T13:20:00,91.69
16883,2017-06-23T13:40:00,95.41
16884,2017-06-23T14:00:00,95.21
16885,2017-06-23T14:20:00,94.33
16886,2017-06-23T14:40:00,93.65
16887,2017-06-23T15:00:00,91.59
16888,2017-06-23T15:20:00,93.84
16889,2017-06-23T15:40:00,94.53
16890,2017-06-23T16:00:00,94.14
16891,2017-06-23T16:20:00,92.86
16892,2017-06-23T16:40:00,93.55
16893,2017-06-23T17:05:00,90.22
16894,2017-06-23T17:25:00,87.68
16895,2017-06-23T17:45:00,84.36
16896,2017-06-23T18:05:00,86.9
16897,2017-06-23T18:25:00,85.92
16898,2017-06-23T18:45:00,83.87
16899,2017-06-23T19:05:00,76.83
16900,2017-06-23T19:25:00,65.69
16901,2017-06-23T19:45:00,66.67
16902,2017-06-23T20:05:00,50.44
16903,2017-06-23T20:25:00,19.65
16904,2017-06-23T20:45:00,4.59
16905,2017-06-23T21:05:00,1.27
16906,2017-06-23T21:25:00,0.2
16907,2017-06-23T21:45:00,0.1
16908,2017-06-23T22:05:00,0.2
16909,2017-06-23T22:25:00,0.1
16910,2017-06-23T22:45:00,0.1
16911,2017-06-23T23:05:00,0.1
16912,2017-06-23T23:25:00,0.1
16913,2017-06-23T23:45:00,0.1
16914,2017-06-24T00:05:00,0.1
16915,2017-06-24T00:25:00,0.2
16916,2017-06-24T00:45:00,0.1
16917,2017-06-24T01:05:00,0.2
16918,2017-06-24T01:25:00,0.68
16919,2017-06-24T01:45:00,3.23
16920,2017-06-24T02:05:00,12.22
16921,2017-06-24T02:25:00,34.41
16922,2017-06-24T02:45:00,48.48
16923,2017-06-24T03:05:00,56.6
16924,2017-06-24T03:25:00,57.18
16925,2017-06-24T03:45:00,68.62
16926,2017-06-24T04:05:00,82.7
16927,2017-06-24T04:30:00,87.98
16928,2017-06-24T04:50:00,89.44
16929,2017-06-24T05:10:00,87.98
16930,2017-06-24T05:30:00,89.64
16931,2017-06-24T05:50:00,90.71
16932,2017-06-24T06:10:00,91.5
16933,2017-06-24T06:30:00,91.89
16934,2017-06-24T06:50:00,94.04
16935,2017-06-24T07:50:00,93.84
16936,2017-06-24T08:10:00,92.67
16937,2017-06-24T08:30:00,94.43
16938,2017-06-24T08:50:00,94.92
16939,2017-06-24T09:10:00,94.53
16940,2017-06-24T09:30:00,94.82
16941,2017-06-24T09:50:00,94.53
16942,2017-06-24T10:10:00,97.75
16943,2017-06-24T10:30:00,96.48
16944,2017-06-24T10:50:00,94.82
16945,2017-06-24T11:10:00,95.99
16946,2017-06-24T11:30:00,94.92
16947,2017-06-24T11:50:00,93.94
16948,2017-06-24T12:10:00,90.42
16949,2017-06-24T12:30:00,96.97
16950,2017-06-24T12:50:00,94.92
16951,2017-06-24T13:10:00,95.5
16952,2017-06-24T13:30:00,96.48
16953,2017-06-24T13:50:00,96.48
16954,2017-06-24T14:10:00,97.16
16955,2017-06-24T14:30:00,95.6
16956,2017-06-24T14:50:00,94.92
16957,2017-06-24T15:10:00,94.82
16958,2017-06-24T15:35:00,94.43
16959,2017-06-24T15:55:00,94.14
16960,2017-06-24T16:15:00,92.96
16961,2017-06-24T16:35:00,91.5
16962,2017-06-24T16:55:00,92.77
16963,2017-06-24T17:15:00,92.67
16964,2017-06-24T17:35:00,90.52
16965,2017-06-24T17:55:00,90.13
16966,2017-06-24T18:15:00,92.18
16967,2017-06-24T18:35:00,90.42
16968,2017-06-24T18:55:00,87.1
16969,2017-06-24T19:15:00,78.1
16970,2017-06-24T19:35:00,75.95
16971,2017-06-24T19:55:00,67.35
16972,2017-06-24T20:15:00,50.44
16973,2017-06-24T20:35:00,22.78
16974,2017-06-24T20:55:00,5.67
16975,2017-06-24T21:15:00,0.88
16976,2017-06-24T21:35:00,0.1
16977,2017-06-24T21:55:00,0
16978,2017-06-24T22:15:00,0
16979,2017-06-24T22:35:00,0
16980,2017-06-24T22:55:00,0
16981,2017-06-24T23:15:00,0
16982,2017-06-24T23:35:00,0
16983,2017-06-24T23:55:00,0
16984,2017-06-25T00:15:00,0
16985,2017-06-25T00:35:00,0
16986,2017-06-25T00:55:00,0.2
16987,2017-06-25T01:15:00,0.68
16988,2017-06-25T01:35:00,3.13
16989,2017-06-25T01:55:00,15.54
16990,2017-06-25T02:15:00,38.32
16991,2017-06-25T02:35:00,61
16992,2017-06-25T03:00:00,69.99
16993,2017-06-25T03:20:00,73.8
16994,2017-06-25T03:40:00,80.35
16995,2017-06-25T04:00:00,84.75
16996,2017-06-25T04:20:00,78.98
16997,2017-06-25T04:40:00,81.23
16998,2017-06-25T05:00:00,81.53
16999,2017-06-25T05:20:00,88.66
17000,2017-06-25T05:40:00,86.8
17001,2017-06-25T06:00:00,90.62
17002,2017-06-25T06:20:00,92.47
17003,2017-06-25T06:40:00,94.04
17004,2017-06-25T07:00:00,97.16
17005,2017-06-25T07:20:00,97.85
17006,2017-06-25T07:40:00,96.48
17007,2017-06-25T08:00:00,97.95
17008,2017-06-25T08:20:00,96.77
17009,2017-06-25T08:40:00,97.75
17010,2017-06-25T09:00:00,97.85
17011,2017-06-25T09:20:00,97.65
17012,2017-06-25T09:40:00,97.65
17013,2017-06-25T10:00:00,95.89
17014,2017-06-25T10:20:00,97.56
17015,2017-06-25T10:40:00,97.36
17016,2017-06-25T11:00:00,95.99
17017,2017-06-25T11:20:00,95.99
17018,2017-06-25T11:40:00,97.36
17019,2017-06-25T12:00:00,96.09
17020,2017-06-25T12:20:00,95.02
17021,2017-06-25T12:40:00,96.97
17022,2017-06-25T13:00:00,95.99
17023,2017-06-25T13:20:00,96.77
17024,2017-06-25T13:40:00,95.31
17025,2017-06-25T14:00:00,96.48
17026,2017-06-25T14:25:00,97.36
17027,2017-06-25T14:45:00,97.56
17028,2017-06-25T15:05:00,94.62
17029,2017-06-25T15:25:00,93.74
17030,2017-06-25T15:45:00,93.84
17031,2017-06-25T16:05:00,92.86
17032,2017-06-25T16:25:00,93.06
17033,2017-06-25T16:45:00,92.57
17034,2017-06-25T17:05:00,91.98
17035,2017-06-25T17:25:00,90.42
17036,2017-06-25T17:45:00,90.52
17037,2017-06-25T18:05:00,91.4
17038,2017-06-25T18:25:00,91.98
17039,2017-06-25T18:45:00,87.2
17040,2017-06-25T19:05:00,86.22
17041,2017-06-25T19:25:00,81.23
17042,2017-06-25T19:45:00,75.37
17043,2017-06-25T20:05:00,60.7
17044,2017-06-25T20:25:00,33.92
17045,2017-06-25T20:45:00,8.8
17046,2017-06-25T21:05:00,2.15
17047,2017-06-25T21:25:00,0.39
17048,2017-06-25T21:45:00,0
17049,2017-06-25T22:05:00,0
17050,2017-06-25T22:25:00,0
17051,2017-06-25T22:45:00,0
17052,2017-06-25T23:05:00,0
17053,2017-06-25T23:25:00,0
17054,2017-06-25T23:45:00,0
17055,2017-06-26T00:05:00,0
17056,2017-06-26T00:25:00,0
17057,2017-06-26T00:45:00,0.1
17058,2017-06-26T01:05:00,0.49
17059,2017-06-26T01:25:00,2.64
17060,2017-06-26T01:50:00,9.97
17061,2017-06-26T02:10:00,30.69
17062,2017-06-26T02:30:00,58.36
17063,2017-06-26T02:50:00,74.88
17064,2017-06-26T03:10:00,81.33
17065,2017-06-26T03:30:00,85.63
17066,2017-06-26T03:50:00,90.91
17067,2017-06-26T04:10:00,91.79
17068,2017-06-26T04:30:00,93.06
17069,2017-06-26T04:50:00,93.94
17070,2017-06-26T05:10:00,97.46
17071,2017-06-26T05:30:00,97.56
17072,2017-06-26T05:50:00,95.6
17073,2017-06-26T06:10:00,97.85
17074,2017-06-26T06:30:00,94.82
17075,2017-06-26T06:50:00,97.85
17076,2017-06-26T07:10:00,96.77
17077,2017-06-26T07:30:00,97.95
17078,2017-06-26T07:50:00,97.16
17079,2017-06-26T08:10:00,95.31
17080,2017-06-26T08:30:00,97.85
17081,2017-06-26T08:50:00,97.75
17082,2017-06-26T09:10:00,93.84
17083,2017-06-26T09:30:00,97.65
17084,2017-06-26T09:50:00,97.07
17085,2017-06-26T10:10:00,93.94
17086,2017-06-26T10:30:00,97.56
17087,2017-06-26T10:50:00,96.09
17088,2017-06-26T11:10:00,94.33
17089,2017-06-26T11:30:00,95.89
17090,2017-06-26T11:50:00,95.7
17091,2017-06-26T12:10:00,95.8
17092,2017-06-26T12:30:00,94.23
17093,2017-06-26T12:50:00,94.53
17094,2017-06-26T13:15:00,95.21
17095,2017-06-26T13:35:00,96.58
17096,2017-06-26T13:55:00,95.11
17097,2017-06-26T14:15:00,97.26
17098,2017-06-26T14:35:00,97.36
17099,2017-06-26T14:55:00,94.04
17100,2017-06-26T15:15:00,95.21
17101,2017-06-26T15:35:00,94.62
17102,2017-06-26T15:55:00,93.84
17103,2017-06-26T16:15:00,94.33
17104,2017-06-26T16:35:00,93.35
17105,2017-06-26T16:55:00,92.47
17106,2017-06-26T17:15:00,92.47
17107,2017-06-26T17:35:00,91.69
17108,2017-06-26T17:55:00,90.32
17109,2017-06-26T18:15:00,92.08
17110,2017-06-26T18:35:00,88.66
17111,2017-06-26T18:55:00,87.59
17112,2017-06-26T19:15:00,83.58
17113,2017-06-26T19:35:00,77.91
17114,2017-06-26T19:55:00,66.96
17115,2017-06-26T20:15:00,37.83
17116,2017-06-26T20:35:00,19.45
17117,2017-06-26T20:55:00,5.86
17118,2017-06-26T21:15:00,0.78
17119,2017-06-26T21:35:00,0.2
17120,2017-06-26T21:55:00,0
17121,2017-06-26T22:15:00,0
17122,2017-06-26T22:35:00,0
17123,2017-06-26T22:55:00,0
17124,2017-06-26T23:15:00,0
17125,2017-06-26T23:35:00,0
17126,2017-06-26T23:55:00,0
17127,2017-06-27T00:20:00,0
17128,2017-06-27T00:40:00,0.1
17129,2017-06-27T01:00:00,0.39
17130,2017-06-27T01:20:00,1.56
17131,2017-06-27T01:40:00,6.35
17132,2017-06-27T02:00:00,23.17
17133,2017-06-27T02:20:00,50.64
17134,2017-06-27T02:40:00,73.02
17135,2017-06-27T03:00:00,89.05
17136,2017-06-27T03:20:00,87.2
17137,2017-06-27T03:40:00,89.64
17138,2017-06-27T04:00:00,91.01
17139,2017-06-27T04:20:00,92.18
17140,2017-06-27T04:40:00,93.06
17141,2017-06-27T05:00:00,97.26
17142,2017-06-27T05:20:00,97.56
17143,2017-06-27T05:40:00,97.65
17144,2017-06-27T06:00:00,97.75
17145,2017-06-27T06:20:00,97.75
17146,2017-06-27T06:40:00,97.85
17147,2017-06-27T07:00:00,97.85
17148,2017-06-27T07:20:00,97.75
17149,2017-06-27T07:40:00,97.75
17150,2017-06-27T08:00:00,97.46
17151,2017-06-27T08:20:00,97.75
17152,2017-06-27T08:40:00,97.75
17153,2017-06-27T09:00:00,97.65
17154,2017-06-27T09:20:00,97.65
17155,2017-06-27T09:40:00,97.46
17156,2017-06-27T10:00:00,97.46
17157,2017-06-27T10:20:00,97.36
17158,2017-06-27T10:40:00,97.36
17159,2017-06-27T11:00:00,97.46
17160,2017-06-27T11:20:00,96.19
17161,2017-06-27T11:45:00,96.68
17162,2017-06-27T12:05:00,96.48
17163,2017-06-27T12:25:00,96.19
17164,2017-06-27T12:45:00,96.77
17165,2017-06-27T13:05:00,96.77
17166,2017-06-27T13:25:00,96.48
17167,2017-06-27T13:45:00,95.99
17168,2017-06-27T14:05:00,96.38
17169,2017-06-27T14:25:00,95.89
17170,2017-06-27T14:45:00,97.65
17171,2017-06-27T15:05:00,95.99
17172,2017-06-27T15:25:00,94.82
17173,2017-06-27T15:45:00,92.96
17174,2017-06-27T16:05:00,93.65
17175,2017-06-27T16:25:00,93.16
17176,2017-06-27T16:45:00,91.1
17177,2017-06-27T17:05:00,90.32
17178,2017-06-27T17:25:00,91.89
17179,2017-06-27T17:45:00,91.5
17180,2017-06-27T18:05:00,89.74
17181,2017-06-27T18:25:00,88.95
17182,2017-06-27T18:45:00,86.12
17183,2017-06-27T19:05:00,78.59
17184,2017-06-27T19:25:00,70.28
17185,2017-06-27T19:45:00,59.82
17186,2017-06-27T20:05:00,40.96
17187,2017-06-27T20:25:00,18.38
17188,2017-06-27T20:45:00,6.16
17189,2017-06-27T21:05:00,1.27
17190,2017-06-27T21:25:00,0.2
17191,2017-06-27T21:45:00,0
17192,2017-06-27T22:05:00,0
17193,2017-06-27T22:25:00,0
17194,2017-06-27T22:50:00,0
17195,2017-06-27T23:10:00,0
17196,2017-06-27T23:30:00,0
17197,2017-06-27T23:50:00,0
17198,2017-06-28T00:10:00,0
17199,2017-06-28T00:30:00,0
17200,2017-06-28T00:50:00,0
17201,2017-06-28T01:10:00,0.2
17202,2017-06-28T01:30:00,1.08
17203,2017-06-28T01:50:00,7.33
17204,2017-06-28T02:10:00,27.57
17205,2017-06-28T02:30:00,52.49
17206,2017-06-28T02:50:00,74.88
17207,2017-06-28T03:10:00,86.51
17208,2017-06-28T03:30:00,90.03
17209,2017-06-28T03:50:00,91.79
17210,2017-06-28T04:10:00,92.38
17211,2017-06-28T04:30:00,92.96
17212,2017-06-28T04:50:00,94.53
17213,2017-06-28T05:10:00,93.35
17214,2017-06-28T05:30:00,93.84
17215,2017-06-28T05:50:00,94.04
17216,2017-06-28T06:10:00,92.67
17217,2017-06-28T06:30:00,92.86
17218,2017-06-28T06:50:00,92.08
17219,2017-06-28T07:10:00,93.06
17220,2017-06-28T07:30:00,93.55
17221,2017-06-28T07:50:00,94.23
17222,2017-06-28T08:10:00,95.41
17223,2017-06-28T08:30:00,96.58
17224,2017-06-28T08:50:00,96.28
17225,2017-06-28T09:10:00,95.7
17226,2017-06-28T09:30:00,95.99
17227,2017-06-28T09:55:00,94.53
17228,2017-06-28T10:15:00,94.43
17229,2017-06-28T10:35:00,95.02
17230,2017-06-28T10:55:00,95.99
17231,2017-06-28T11:15:00,95.5
17232,2017-06-28T11:35:00,94.62
17233,2017-06-28T11:55:00,95.21
17234,2017-06-28T12:15:00,96.19
17235,2017-06-28T12:35:00,96.68
17236,2017-06-28T12:55:00,96.58
17237,2017-06-28T13:15:00,96.97
17238,2017-06-28T13:35:00,96.68
17239,2017-06-28T13:55:00,96.28
17240,2017-06-28T14:15:00,95.89
17241,2017-06-28T14:35:00,95.8
17242,2017-06-28T14:55:00,96.28
17243,2017-06-28T15:15:00,94.92
17244,2017-06-28T15:35:00,94.72
17245,2017-06-28T16:35:00,91.2
17246,2017-06-28T16:55:00,91.79
17247,2017-06-28T17:15:00,91.69
17248,2017-06-28T17:35:00,91.3
17249,2017-06-28T17:55:00,90.71
17250,2017-06-28T18:15:00,89.15
17251,2017-06-28T18:35:00,84.95
17252,2017-06-28T18:55:00,82.01
17253,2017-06-28T19:15:00,77.61
17254,2017-06-28T19:35:00,68.13
17255,2017-06-28T19:55:00,48.39
17256,2017-06-28T20:15:00,22.38
17257,2017-06-28T20:40:00,5.67
17258,2017-06-28T21:00:00,1.76
17259,2017-06-28T21:20:00,0.29
17260,2017-06-28T21:40:00,0
17261,2017-06-28T22:00:00,0
17262,2017-06-28T22:20:00,0
17263,2017-06-28T22:40:00,0
17264,2017-06-28T23:00:00,0
17265,2017-06-28T23:20:00,0
17266,2017-06-28T23:40:00,0
17267,2017-06-29T00:00:00,0
17268,2017-06-29T00:20:00,0
17269,2017-06-29T00:40:00,0
17270,2017-06-29T01:00:00,0
17271,2017-06-29T01:20:00,0.1
17272,2017-06-29T01:40:00,0.39
17273,2017-06-29T02:00:00,1.47
17274,2017-06-29T02:20:00,6.16
17275,2017-06-29T02:40:00,18.18
17276,2017-06-29T03:00:00,24.63
17277,2017-06-29T03:20:00,38.42
17278,2017-06-29T03:40:00,41.15
17279,2017-06-29T04:00:00,58.26
17280,2017-06-29T04:20:00,66.47
17281,2017-06-29T04:40:00,47.6
17282,2017-06-29T05:00:00,65.98
17283,2017-06-29T05:20:00,78.1
17284,2017-06-29T05:40:00,73.9
17285,2017-06-29T06:00:00,81.23
17286,2017-06-29T06:20:00,83.28
17287,2017-06-29T06:40:00,82.4
17288,2017-06-29T07:00:00,81.82
17289,2017-06-29T07:20:00,81.53
17290,2017-06-29T07:40:00,85.14
17291,2017-06-29T08:05:00,86.02
17292,2017-06-29T08:25:00,87.2
17293,2017-06-29T08:45:00,89.54
17294,2017-06-29T09:05:00,87.88
17295,2017-06-29T09:25:00,90.03
17296,2017-06-29T09:45:00,88.46
17297,2017-06-29T10:05:00,89.15
17298,2017-06-29T10:25:00,87.2
17299,2017-06-29T10:45:00,85.24
17300,2017-06-29T11:05:00,85.53
17301,2017-06-29T11:25:00,88.46
17302,2017-06-29T11:45:00,88.95
17303,2017-06-29T12:05:00,90.42
17304,2017-06-29T12:25:00,90.52
17305,2017-06-29T12:45:00,91.59
17306,2017-06-29T13:05:00,91.5
17307,2017-06-29T13:25:00,90.32
17308,2017-06-29T13:45:00,91.4
17309,2017-06-29T14:05:00,91.1
17310,2017-06-29T14:25:00,90.42
17311,2017-06-29T14:45:00,89.74
17312,2017-06-29T15:05:00,91.79
17313,2017-06-29T15:25:00,88.07
17314,2017-06-29T15:45:00,87.68
17315,2017-06-29T16:05:00,87.68
17316,2017-06-29T16:25:00,85.73
17317,2017-06-29T16:45:00,84.26
17318,2017-06-29T17:05:00,82.6
17319,2017-06-29T17:25:00,83.48
17320,2017-06-29T17:45:00,80.45
17321,2017-06-29T18:05:00,75.86
17322,2017-06-29T18:25:00,66.96
17323,2017-06-29T18:45:00,63.34
17324,2017-06-29T19:10:00,57.38
17325,2017-06-29T19:30:00,40.76
17326,2017-06-29T19:50:00,21.21
17327,2017-06-29T20:10:00,12.9
17328,2017-06-29T20:30:00,3.23
17329,2017-06-29T20:50:00,0.78
17330,2017-06-29T21:10:00,0.29
17331,2017-06-29T21:30:00,0.2
17332,2017-06-29T21:50:00,0.2
17333,2017-06-29T22:10:00,0.1
17334,2017-06-29T22:30:00,0.2
17335,2017-06-29T22:50:00,0.1
17336,2017-06-29T23:10:00,0.2
17337,2017-06-29T23:30:00,0.2
17338,2017-06-29T23:50:00,0.1
17339,2017-06-30T00:10:00,0.1
17340,2017-06-30T00:30:00,0.1
17341,2017-06-30T00:50:00,0.1
17342,2017-06-30T01:10:00,0.2
17343,2017-06-30T01:30:00,0.39
17344,2017-06-30T01:50:00,1.37
17345,2017-06-30T02:10:00,6.16
17346,2017-06-30T02:30:00,17.3
17347,2017-06-30T02:50:00,33.04
17348,2017-06-30T03:10:00,45.36
17349,2017-06-30T03:30:00,58.65
17350,2017-06-30T03:50:00,67.55
17351,2017-06-30T04:10:00,75.56
17352,2017-06-30T04:30:00,79.37
17353,2017-06-30T04:50:00,76.34
17354,2017-06-30T05:10:00,78.98
17355,2017-06-30T05:30:00,79.18
17356,2017-06-30T05:50:00,85.44
17357,2017-06-30T06:10:00,83.97
17358,2017-06-30T06:35:00,87.39
17359,2017-06-30T06:55:00,86.41
17360,2017-06-30T07:15:00,85.73
17361,2017-06-30T07:35:00,85.63
17362,2017-06-30T07:55:00,87.68
17363,2017-06-30T08:15:00,87.98
17364,2017-06-30T08:35:00,93.65
17365,2017-06-30T08:55:00,92.86
17366,2017-06-30T09:15:00,90.52
17367,2017-06-30T09:35:00,89.25
17368,2017-06-30T09:55:00,91.01
17369,2017-06-30T10:15:00,91.69
17370,2017-06-30T10:35:00,91.59
17371,2017-06-30T10:55:00,91.4
17372,2017-06-30T11:15:00,91.5
17373,2017-06-30T11:35:00,92.18
17374,2017-06-30T11:55:00,92.18
17375,2017-06-30T12:15:00,91.3
17376,2017-06-30T12:35:00,90.22
17377,2017-06-30T12:55:00,91.89
17378,2017-06-30T13:15:00,90.52
17379,2017-06-30T13:35:00,89.83
17380,2017-06-30T13:55:00,90.42
17381,2017-06-30T14:15:00,90.81
17382,2017-06-30T14:35:00,86.71
17383,2017-06-30T14:55:00,91.01
17384,2017-06-30T15:15:00,92.18
17385,2017-06-30T15:35:00,88.37
17386,2017-06-30T15:55:00,87.29
17387,2017-06-30T16:15:00,87.2
17388,2017-06-30T16:35:00,86.9
17389,2017-06-30T16:55:00,84.36
17390,2017-06-30T17:15:00,80.06
17391,2017-06-30T17:35:00,79.28
17392,2017-06-30T18:00:00,69.7
17393,2017-06-30T18:20:00,70.67
17394,2017-06-30T18:40:00,64.32
17395,2017-06-30T19:00:00,55.23
17396,2017-06-30T19:20:00,49.27
17397,2017-06-30T19:40:00,37.83
17398,2017-06-30T20:00:00,20.33
17399,2017-06-30T20:20:00,11.34
17400,2017-06-30T20:40:00,3.13
17401,2017-06-30T21:00:00,0.78
17402,2017-06-30T21:20:00,0.29
17403,2017-06-30T21:40:00,0.2
17404,2017-06-30T22:00:00,0.1
17405,2017-06-30T22:20:00,0.1
17406,2017-06-30T22:40:00,0.2
17407,2017-06-30T23:00:00,0.2
17408,2017-06-30T23:20:00,0.2
17409,2017-06-30T23:40:00,0.1
17410,2017-07-01T00:00:00,0.1
17411,2017-07-01T00:20:00,0
17412,2017-07-01T00:40:00,0
17413,2017-07-01T01:00:00,0
17414,2017-07-01T01:20:00,0.1
17415,2017-07-01T01:40:00,1.27
17416,2017-07-01T02:00:00,7.14
17417,2017-07-01T02:20:00,22.58
17418,2017-07-01T02:40:00,51.22
17419,2017-07-01T03:00:00,60.61
17420,2017-07-01T03:20:00,73.02
17421,2017-07-01T03:40:00,82.21
17422,2017-07-01T04:00:00,88.86
17423,2017-07-01T04:20:00,91.98
17424,2017-07-01T04:40:00,91.4
17425,2017-07-01T05:00:00,94.14
17426,2017-07-01T05:25:00,97.56
17427,2017-07-01T05:45:00,97.75
17428,2017-07-01T06:05:00,97.85
17429,2017-07-01T06:25:00,97.85
17430,2017-07-01T06:45:00,97.85
17431,2017-07-01T07:05:00,97.85
17432,2017-07-01T07:25:00,97.26
17433,2017-07-01T07:45:00,97.85
17434,2017-07-01T08:05:00,97.65
17435,2017-07-01T08:25:00,97.75
17436,2017-07-01T08:45:00,97.75
17437,2017-07-01T09:05:00,97.75
17438,2017-07-01T09:25:00,97.75
17439,2017-07-01T09:45:00,97.65
17440,2017-07-01T10:05:00,97.56
17441,2017-07-01T10:25:00,97.46
17442,2017-07-01T10:45:00,97.46
17443,2017-07-01T11:05:00,97.36
17444,2017-07-01T11:25:00,97.46
17445,2017-07-01T11:45:00,97.56
17446,2017-07-01T12:05:00,95.11
17447,2017-07-01T12:25:00,96.97
17448,2017-07-01T12:45:00,95.11
17449,2017-07-01T13:05:00,96.77
17450,2017-07-01T13:25:00,96.48
17451,2017-07-01T13:45:00,96.28
17452,2017-07-01T14:05:00,95.11
17453,2017-07-01T14:25:00,94.82
17454,2017-07-01T14:45:00,97.26
17455,2017-07-01T15:05:00,94.04
17456,2017-07-01T15:25:00,94.62
17457,2017-07-01T15:45:00,94.33
17458,2017-07-01T16:05:00,93.65
17459,2017-07-01T16:30:00,92.96
17460,2017-07-01T16:50:00,92.47
17461,2017-07-01T17:10:00,92.38
17462,2017-07-01T17:30:00,91.89
17463,2017-07-01T17:50:00,91.69
17464,2017-07-01T18:10:00,91.98
17465,2017-07-01T18:30:00,91.3
17466,2017-07-01T18:50:00,88.95
17467,2017-07-01T19:10:00,86.71
17468,2017-07-01T19:30:00,83.19
17469,2017-07-01T19:50:00,76.74
17470,2017-07-01T20:10:00,58.55
17471,2017-07-01T20:30:00,28.15
17472,2017-07-01T20:50:00,7.23
17473,2017-07-01T21:10:00,1.66
17474,2017-07-01T21:30:00,0.29
17475,2017-07-01T21:50:00,0.1
17476,2017-07-01T22:10:00,0
17477,2017-07-01T22:30:00,0
17478,2017-07-01T22:50:00,0
17479,2017-07-01T23:10:00,0
17480,2017-07-01T23:30:00,0
17481,2017-07-01T23:50:00,0
17482,2017-07-02T00:10:00,0
17483,2017-07-02T00:30:00,0
17484,2017-07-02T00:50:00,0.2
17485,2017-07-02T01:10:00,0.88
17486,2017-07-02T01:30:00,3.52
17487,2017-07-02T01:50:00,14.08
17488,2017-07-02T02:10:00,39
17489,2017-07-02T02:30:00,64.32
17490,2017-07-02T02:50:00,84.26
17491,2017-07-02T03:15:00,85.63
17492,2017-07-02T03:35:00,90.42
17493,2017-07-02T03:55:00,89.05
17494,2017-07-02T04:15:00,89.44
17495,2017-07-02T04:35:00,82.4
17496,2017-07-02T04:55:00,86.71
17497,2017-07-02T05:15:00,91.01
17498,2017-07-02T05:35:00,91.98
17499,2017-07-02T05:55:00,93.65
17500,2017-07-02T06:15:00,92.47
17501,2017-07-02T06:35:00,90.13
17502,2017-07-02T06:55:00,95.02
17503,2017-07-02T07:15:00,94.23
17504,2017-07-02T07:35:00,95.6
17505,2017-07-02T07:55:00,93.55
17506,2017-07-02T08:15:00,98.04
17507,2017-07-02T08:35:00,97.46
17508,2017-07-02T08:55:00,95.89
17509,2017-07-02T09:15:00,97.75
17510,2017-07-02T09:35:00,96.87
17511,2017-07-02T09:55:00,95.5
17512,2017-07-02T10:15:00,94.82
17513,2017-07-02T10:35:00,96.58
17514,2017-07-02T10:55:00,94.53
17515,2017-07-02T11:15:00,95.7
17516,2017-07-02T11:35:00,96.97
17517,2017-07-02T11:55:00,96.58
17518,2017-07-02T12:15:00,96.19
17519,2017-07-02T12:35:00,95.41
17520,2017-07-02T12:55:00,96.19
17521,2017-07-02T13:15:00,95.11
17522,2017-07-02T13:35:00,95.8
17523,2017-07-02T13:55:00,95.02
17524,2017-07-02T14:20:00,94.33
17525,2017-07-02T14:40:00,94.53
17526,2017-07-02T15:00:00,96.87
17527,2017-07-02T15:20:00,94.62
17528,2017-07-02T15:40:00,94.82
17529,2017-07-02T16:00:00,92.86
17530,2017-07-02T16:20:00,93.16
17531,2017-07-02T16:40:00,90.71
17532,2017-07-02T17:00:00,91.59
17533,2017-07-02T17:20:00,90.13
17534,2017-07-02T17:40:00,91.89
17535,2017-07-02T18:00:00,89.83
17536,2017-07-02T18:20:00,86.41
17537,2017-07-02T18:40:00,86.61
17538,2017-07-02T19:00:00,81.62
17539,2017-07-02T19:20:00,71.16
17540,2017-07-02T19:40:00,77.32
17541,2017-07-02T20:00:00,64.91
17542,2017-07-02T20:20:00,39.2
17543,2017-07-02T20:40:00,13.49
17544,2017-07-02T21:00:00,2.93
17545,2017-07-02T22:00:00,0
17546,2017-07-02T22:20:00,0
17547,2017-07-02T22:40:00,0
17548,2017-07-02T23:00:00,0
17549,2017-07-02T23:20:00,0
17550,2017-07-02T23:40:00,0
17551,2017-07-03T00:00:00,0
17552,2017-07-03T00:20:00,0
17553,2017-07-03T00:40:00,0.1
17554,2017-07-03T01:00:00,0.29
17555,2017-07-03T01:25:00,1.37
17556,2017-07-03T01:45:00,5.96
17557,2017-07-03T02:05:00,23.17
17558,2017-07-03T02:25:00,51.22
17559,2017-07-03T02:45:00,70.97
17560,2017-07-03T03:05:00,81.13
17561,2017-07-03T03:25:00,87.78
17562,2017-07-03T03:45:00,90.03
17563,2017-07-03T04:05:00,91.3
17564,2017-07-03T04:25:00,92.28
17565,2017-07-03T04:45:00,93.06
17566,2017-07-03T05:05:00,97.46
17567,2017-07-03T05:25:00,97.46
17568,2017-07-03T05:45:00,97.75
17569,2017-07-03T06:05:00,96.97
17570,2017-07-03T06:25:00,95.02
17571,2017-07-03T06:45:00,93.55
17572,2017-07-03T07:05:00,93.74
17573,2017-07-03T07:25:00,94.43
17574,2017-07-03T07:45:00,97.85
17575,2017-07-03T08:05:00,93.06
17576,2017-07-03T08:25:00,96.09
17577,2017-07-03T08:45:00,93.55
17578,2017-07-03T09:05:00,93.84
17579,2017-07-03T09:25:00,94.04
17580,2017-07-03T09:45:00,97.75
17581,2017-07-03T10:05:00,95.5
17582,2017-07-03T10:25:00,97.56
17583,2017-07-03T10:45:00,96.87
17584,2017-07-03T11:05:00,97.46
17585,2017-07-03T11:25:00,97.26
17586,2017-07-03T11:45:00,95.7
17587,2017-07-03T12:05:00,94.53
17588,2017-07-03T12:30:00,95.02
17589,2017-07-03T12:50:00,94.82
17590,2017-07-03T13:10:00,93.06
17591,2017-07-03T13:30:00,95.89
17592,2017-07-03T13:50:00,95.41
17593,2017-07-03T14:10:00,95.5
17594,2017-07-03T14:30:00,95.11
17595,2017-07-03T14:50:00,97.26
17596,2017-07-03T15:10:00,95.31
17597,2017-07-03T15:30:00,93.06
17598,2017-07-03T15:50:00,90.81
17599,2017-07-03T16:10:00,93.94
17600,2017-07-03T16:30:00,93.65
17601,2017-07-03T16:50:00,91.98
17602,2017-07-03T17:10:00,91.3
17603,2017-07-03T17:30:00,91.01
17604,2017-07-03T17:50:00,92.38
17605,2017-07-03T18:10:00,89.64
17606,2017-07-03T18:30:00,90.81
17607,2017-07-03T18:50:00,88.37
17608,2017-07-03T19:10:00,86.12
17609,2017-07-03T19:30:00,81.82
17610,2017-07-03T19:50:00,69.8
17611,2017-07-03T20:10:00,48.97
17612,2017-07-03T20:30:00,22.19
17613,2017-07-03T20:50:00,5.67
17614,2017-07-03T21:10:00,1.17
17615,2017-07-03T21:30:00,0.29
17616,2017-07-03T21:50:00,0
17617,2017-07-03T22:10:00,0
17618,2017-07-03T22:30:00,0
17619,2017-07-03T22:50:00,0
17620,2017-07-03T23:10:00,0
17621,2017-07-03T23:30:00,0
17622,2017-07-03T23:55:00,0
17623,2017-07-04T00:15:00,0
17624,2017-07-04T00:35:00,0
17625,2017-07-04T00:55:00,0
17626,2017-07-04T01:15:00,0.2
17627,2017-07-04T01:35:00,1.27
17628,2017-07-04T01:55:00,5.38
17629,2017-07-04T02:15:00,14.86
17630,2017-07-04T02:35:00,29.03
17631,2017-07-04T02:55:00,51.12
17632,2017-07-04T03:15:00,77.61
17633,2017-07-04T03:35:00,80.16
17634,2017-07-04T03:55:00,87
17635,2017-07-04T04:15:00,92.28
17636,2017-07-04T04:35:00,93.16
17637,2017-07-04T04:55:00,95.6
17638,2017-07-04T05:15:00,97.56
17639,2017-07-04T05:35:00,97.75
17640,2017-07-04T05:55:00,97.07
17641,2017-07-04T06:15:00,97.95
17642,2017-07-04T06:35:00,97.85
17643,2017-07-04T06:55:00,97.95
17644,2017-07-04T07:15:00,95.02
17645,2017-07-04T07:35:00,95.5
17646,2017-07-04T07:55:00,97.85
17647,2017-07-04T08:15:00,97.85
17648,2017-07-04T08:35:00,95.8
17649,2017-07-04T08:55:00,97.75
17650,2017-07-04T09:15:00,96.19
17651,2017-07-04T09:35:00,97.75
17652,2017-07-04T09:55:00,97.65
17653,2017-07-04T10:15:00,97.75
17654,2017-07-04T10:35:00,97.16
17655,2017-07-04T10:55:00,95.5
17656,2017-07-04T11:20:00,95.7
17657,2017-07-04T11:40:00,95.5
17658,2017-07-04T12:00:00,97.16
17659,2017-07-04T12:20:00,95.21
17660,2017-07-04T12:40:00,96.77
17661,2017-07-04T13:00:00,94.72
17662,2017-07-04T13:20:00,96.58
17663,2017-07-04T13:40:00,96.58
17664,2017-07-04T14:00:00,96.28
17665,2017-07-04T14:20:00,96.28
17666,2017-07-04T14:40:00,96.87
17667,2017-07-04T15:00:00,97.36
17668,2017-07-04T15:20:00,94.53
17669,2017-07-04T15:40:00,94.14
17670,2017-07-04T16:00:00,94.23
17671,2017-07-04T16:20:00,92.86
17672,2017-07-04T16:40:00,93.16
17673,2017-07-04T17:00:00,92.77
17674,2017-07-04T17:20:00,92.47
17675,2017-07-04T17:40:00,91.69
17676,2017-07-04T18:00:00,91.01
17677,2017-07-04T18:20:00,89.93
17678,2017-07-04T18:40:00,87.39
17679,2017-07-04T19:00:00,83.09
17680,2017-07-04T19:20:00,80.06
17681,2017-07-04T19:40:00,68.52
17682,2017-07-04T20:00:00,49.27
17683,2017-07-04T20:20:00,28.15
17684,2017-07-04T20:40:00,7.23
17685,2017-07-04T21:00:00,1.56
17686,2017-07-04T21:20:00,0.29
17687,2017-07-04T21:40:00,0
17688,2017-07-04T22:00:00,0
17689,2017-07-04T22:25:00,0
17690,2017-07-04T22:45:00,0
17691,2017-07-04T23:05:00,0
17692,2017-07-04T23:25:00,0
17693,2017-07-04T23:45:00,0
17694,2017-07-05T00:05:00,0
17695,2017-07-05T00:25:00,0
17696,2017-07-05T00:45:00,0
17697,2017-07-05T01:05:00,0
17698,2017-07-05T01:25:00,0.59
17699,2017-07-05T01:45:00,3.32
17700,2017-07-05T02:05:00,13.39
17701,2017-07-05T02:25:00,39.59
17702,2017-07-05T02:45:00,57.28
17703,2017-07-05T03:05:00,67.35
17704,2017-07-05T03:25:00,78.89
17705,2017-07-05T03:45:00,85.83
17706,2017-07-05T04:05:00,88.86
17707,2017-07-05T04:25:00,91.98
17708,2017-07-05T04:45:00,93.06
17709,2017-07-05T05:05:00,97.26
17710,2017-07-05T05:25:00,97.56
17711,2017-07-05T05:45:00,97.75
17712,2017-07-05T06:05:00,97.85
17713,2017-07-05T06:25:00,97.85
17714,2017-07-05T06:45:00,97.85
17715,2017-07-05T07:05:00,97.95
17716,2017-07-05T07:25:00,97.85
17717,2017-07-05T07:45:00,97.75
17718,2017-07-05T08:05:00,97.85
17719,2017-07-05T08:25:00,97.75
17720,2017-07-05T08:45:00,97.75
17721,2017-07-05T09:10:00,97.75
17722,2017-07-05T09:30:00,97.75
17723,2017-07-05T09:50:00,97.65
17724,2017-07-05T10:10:00,97.56
17725,2017-07-05T10:30:00,97.46
17726,2017-07-05T10:50:00,97.46
17727,2017-07-05T11:10:00,97.36
17728,2017-07-05T11:30:00,97.26
17729,2017-07-05T11:50:00,97.16
17730,2017-07-05T12:10:00,96.97
17731,2017-07-05T12:30:00,96.87
17732,2017-07-05T12:50:00,96.87
17733,2017-07-05T13:10:00,96.77
17734,2017-07-05T13:30:00,96.48
17735,2017-07-05T13:50:00,96.19
17736,2017-07-05T14:10:00,96.09
17737,2017-07-05T14:30:00,96.38
17738,2017-07-05T14:50:00,96.48
17739,2017-07-05T15:10:00,94.82
17740,2017-07-05T15:30:00,94.72
17741,2017-07-05T15:50:00,94.33
17742,2017-07-05T16:10:00,93.84
17743,2017-07-05T16:30:00,93.35
17744,2017-07-05T16:50:00,92.57
17745,2017-07-05T17:10:00,91.98
17746,2017-07-05T17:30:00,91.4
17747,2017-07-05T17:50:00,91.98
17748,2017-07-05T18:10:00,92.57
17749,2017-07-05T18:30:00,90.22
17750,2017-07-05T18:50:00,87.59
17751,2017-07-05T19:10:00,85.92
17752,2017-07-05T19:35:00,81.43
17753,2017-07-05T19:55:00,71.65
17754,2017-07-05T20:15:00,49.07
17755,2017-07-05T20:55:00,4.69
17756,2017-07-05T21:15:00,1.17
17757,2017-07-05T21:35:00,0.29
17758,2017-07-05T21:55:00,0.1
17759,2017-07-05T22:15:00,0
17760,2017-07-05T22:35:00,0
17761,2017-07-05T22:55:00,0
17762,2017-07-05T23:15:00,0
17763,2017-07-05T23:35:00,0
17764,2017-07-05T23:55:00,0
17765,2017-07-06T00:15:00,0
17766,2017-07-06T00:35:00,0
17767,2017-07-06T00:55:00,0.1
17768,2017-07-06T01:15:00,0.68
17769,2017-07-06T01:35:00,3.23
17770,2017-07-06T01:55:00,13.1
17771,2017-07-06T02:15:00,37.73
17772,2017-07-06T02:35:00,63.73
17773,2017-07-06T02:55:00,85.63
17774,2017-07-06T03:15:00,86.61
17775,2017-07-06T03:35:00,89.44
17776,2017-07-06T03:55:00,90.91
17777,2017-07-06T04:15:00,91.79
17778,2017-07-06T04:35:00,92.86
17779,2017-07-06T04:55:00,97.16
17780,2017-07-06T05:15:00,97.56
17781,2017-07-06T05:35:00,97.75
17782,2017-07-06T05:55:00,97.85
17783,2017-07-06T06:15:00,97.65
17784,2017-07-06T06:35:00,97.75
17785,2017-07-06T07:00:00,97.65
17786,2017-07-06T07:20:00,96.68
17787,2017-07-06T07:40:00,97.75
17788,2017-07-06T08:00:00,97.75
17789,2017-07-06T08:20:00,97.85
17790,2017-07-06T08:40:00,97.65
17791,2017-07-06T09:00:00,97.36
17792,2017-07-06T09:20:00,97.75
17793,2017-07-06T09:40:00,97.65
17794,2017-07-06T10:00:00,97.16
17795,2017-07-06T10:20:00,97.56
17796,2017-07-06T10:40:00,97.26
17797,2017-07-06T11:00:00,97.26
17798,2017-07-06T11:20:00,97.56
17799,2017-07-06T11:40:00,96.97
17800,2017-07-06T12:00:00,97.26
17801,2017-07-06T12:20:00,96.97
17802,2017-07-06T12:40:00,96.68
17803,2017-07-06T13:00:00,96.58
17804,2017-07-06T13:20:00,96.48
17805,2017-07-06T13:40:00,96.28
17806,2017-07-06T14:00:00,95.89
17807,2017-07-06T14:20:00,95.89
17808,2017-07-06T14:40:00,96.97
17809,2017-07-06T15:00:00,97.46
17810,2017-07-06T15:20:00,93.84
17811,2017-07-06T15:40:00,94.72
17812,2017-07-06T16:00:00,93.94
17813,2017-07-06T16:20:00,93.74
17814,2017-07-06T16:40:00,92.96
17815,2017-07-06T17:05:00,91.59
17816,2017-07-06T17:25:00,91.89
17817,2017-07-06T17:45:00,92.38
17818,2017-07-06T18:05:00,91.01
17819,2017-07-06T18:25:00,91.59
17820,2017-07-06T18:45:00,88.56
17821,2017-07-06T19:05:00,78.4
17822,2017-07-06T19:25:00,74.49
17823,2017-07-06T19:45:00,64.12
17824,2017-07-06T20:05:00,42.33
17825,2017-07-06T21:05:00,0.49
17826,2017-07-06T21:25:00,0
17827,2017-07-06T21:45:00,0
17828,2017-07-06T22:05:00,0
17829,2017-07-06T22:25:00,0
17830,2017-07-06T22:45:00,0
17831,2017-07-06T23:05:00,0
17832,2017-07-06T23:25:00,0
17833,2017-07-06T23:45:00,0
17834,2017-07-07T00:05:00,0
17835,2017-07-07T00:25:00,0
17836,2017-07-07T00:45:00,0
17837,2017-07-07T01:05:00,0
17838,2017-07-07T01:25:00,0.39
17839,2017-07-07T01:45:00,1.76
17840,2017-07-07T02:05:00,5.47
17841,2017-07-07T02:25:00,18.87
17842,2017-07-07T02:45:00,45.94
17843,2017-07-07T03:05:00,68.82
17844,2017-07-07T03:25:00,83.68
17845,2017-07-07T03:45:00,89.64
17846,2017-07-07T04:10:00,87.1
17847,2017-07-07T04:30:00,89.54
17848,2017-07-07T04:50:00,91.59
17849,2017-07-07T05:10:00,95.6
17850,2017-07-07T05:30:00,93.94
17851,2017-07-07T05:50:00,93.94
17852,2017-07-07T06:10:00,93.74
17853,2017-07-07T06:30:00,97.65
17854,2017-07-07T06:50:00,97.85
17855,2017-07-07T07:10:00,96.28
17856,2017-07-07T07:30:00,97.65
17857,2017-07-07T07:50:00,97.95
17858,2017-07-07T08:10:00,97.85
17859,2017-07-07T08:30:00,96.87
17860,2017-07-07T08:50:00,96.97
17861,2017-07-07T09:10:00,97.56
17862,2017-07-07T09:30:00,97.46
17863,2017-07-07T09:50:00,96.38
17864,2017-07-07T10:10:00,96.19
17865,2017-07-07T10:30:00,96.97
17866,2017-07-07T10:50:00,97.07
17867,2017-07-07T11:10:00,96.87
17868,2017-07-07T11:30:00,95.02
17869,2017-07-07T11:50:00,94.62
17870,2017-07-07T12:10:00,94.33
17871,2017-07-07T12:30:00,95.5
17872,2017-07-07T12:50:00,93.74
17873,2017-07-07T13:10:00,93.84
17874,2017-07-07T13:30:00,94.43
17875,2017-07-07T13:50:00,95.31
17876,2017-07-07T14:10:00,95.41
17877,2017-07-07T14:30:00,95.41
17878,2017-07-07T14:50:00,96.68
17879,2017-07-07T15:10:00,95.31
17880,2017-07-07T15:35:00,95.11
17881,2017-07-07T15:55:00,94.82
17882,2017-07-07T16:15:00,94.33
17883,2017-07-07T16:35:00,93.65
17884,2017-07-07T16:55:00,92.77
17885,2017-07-07T17:15:00,91.89
17886,2017-07-07T17:35:00,91.4
17887,2017-07-07T17:55:00,86.22
17888,2017-07-07T18:15:00,83.68
17889,2017-07-07T18:35:00,85.63
17890,2017-07-07T18:55:00,86.71
17891,2017-07-07T19:15:00,70.38
17892,2017-07-07T19:35:00,56.99
17893,2017-07-07T19:55:00,46.04
17894,2017-07-07T20:15:00,28.64
17895,2017-07-07T20:35:00,8.99
17896,2017-07-07T20:55:00,1.76
17897,2017-07-07T21:15:00,0.29
17898,2017-07-07T21:35:00,0
17899,2017-07-07T21:55:00,0
17900,2017-07-07T22:15:00,0
17901,2017-07-07T22:35:00,0
17902,2017-07-07T22:55:00,0
17903,2017-07-07T23:15:00,0
17904,2017-07-07T23:35:00,0
17905,2017-07-07T23:55:00,0
17906,2017-07-08T00:15:00,0
17907,2017-07-08T00:35:00,0
17908,2017-07-08T00:55:00,0
17909,2017-07-08T01:15:00,0
17910,2017-07-08T01:35:00,0.29
17911,2017-07-08T01:55:00,1.66
17912,2017-07-08T02:15:00,9.19
17913,2017-07-08T02:35:00,33.33
17914,2017-07-08T03:00:00,55.62
17915,2017-07-08T03:20:00,70.38
17916,2017-07-08T03:40:00,85.14
17917,2017-07-08T04:00:00,88.66
17918,2017-07-08T04:20:00,91.01
17919,2017-07-08T04:40:00,89.64
17920,2017-07-08T05:00:00,84.65
17921,2017-07-08T05:20:00,87.39
17922,2017-07-08T05:40:00,93.26
17923,2017-07-08T06:00:00,92.86
17924,2017-07-08T06:20:00,94.33
17925,2017-07-08T06:40:00,97.16
17926,2017-07-08T07:00:00,93.26
17927,2017-07-08T07:20:00,93.06
17928,2017-07-08T07:40:00,94.53
17929,2017-07-08T08:00:00,92.38
17930,2017-07-08T08:20:00,95.41
17931,2017-07-08T08:40:00,91.5
17932,2017-07-08T09:00:00,95.31
17933,2017-07-08T09:20:00,91.98
17934,2017-07-08T09:40:00,93.35
17935,2017-07-08T10:00:00,94.53
17936,2017-07-08T10:20:00,95.02
17937,2017-07-08T10:40:00,96.77
17938,2017-07-08T11:00:00,97.75
17939,2017-07-08T11:20:00,97.16
17940,2017-07-08T11:40:00,96.38
17941,2017-07-08T12:00:00,96.77
17942,2017-07-08T12:20:00,97.46
17943,2017-07-08T12:40:00,96.28
17944,2017-07-08T13:00:00,95.41
17945,2017-07-08T13:20:00,94.43
17946,2017-07-08T13:40:00,95.6
17947,2017-07-08T14:05:00,95.41
17948,2017-07-08T14:25:00,94.72
17949,2017-07-08T14:45:00,94.62
17950,2017-07-08T15:05:00,97.46
17951,2017-07-08T15:25:00,94.33
17952,2017-07-08T15:45:00,94.43
17953,2017-07-08T16:05:00,93.94
17954,2017-07-08T16:25:00,94.14
17955,2017-07-08T16:45:00,92.86
17956,2017-07-08T17:05:00,93.65
17957,2017-07-08T17:25:00,93.16
17958,2017-07-08T17:45:00,89.64
17959,2017-07-08T18:05:00,87.98
17960,2017-07-08T18:25:00,87.68
17961,2017-07-08T18:45:00,86.32
17962,2017-07-08T19:05:00,84.16
17963,2017-07-08T19:25:00,70.09
17964,2017-07-08T19:45:00,53.57
17965,2017-07-08T20:05:00,35.29
17966,2017-07-08T20:25:00,13.29
17967,2017-07-08T20:45:00,3.13
17968,2017-07-08T21:05:00,0.68
17969,2017-07-08T21:25:00,0.2
17970,2017-07-08T21:45:00,0.29
17971,2017-07-08T22:05:00,0
17972,2017-07-08T22:25:00,0
17973,2017-07-08T22:45:00,0.1
17974,2017-07-08T23:05:00,0.1
17975,2017-07-08T23:25:00,0.1
17976,2017-07-08T23:45:00,0.1
17977,2017-07-09T00:05:00,0
17978,2017-07-09T00:25:00,0.1
17979,2017-07-09T00:50:00,0.1
17980,2017-07-09T01:10:00,0.2
17981,2017-07-09T01:30:00,1.17
17982,2017-07-09T01:50:00,5.38
17983,2017-07-09T02:10:00,21.8
17984,2017-07-09T02:30:00,51.22
17985,2017-07-09T02:50:00,75.46
17986,2017-07-09T03:10:00,85.53
17987,2017-07-09T03:30:00,87.78
17988,2017-07-09T03:50:00,89.64
17989,2017-07-09T04:10:00,91.01
17990,2017-07-09T04:30:00,92.08
17991,2017-07-09T04:50:00,93.26
17992,2017-07-09T05:10:00,97.46
17993,2017-07-09T05:30:00,97.65
17994,2017-07-09T05:50:00,97.75
17995,2017-07-09T06:10:00,97.85
17996,2017-07-09T06:30:00,97.85
17997,2017-07-09T06:50:00,97.85
17998,2017-07-09T07:10:00,97.85
17999,2017-07-09T07:30:00,97.65
18000,2017-07-09T07:50:00,97.85
18001,2017-07-09T08:10:00,97.85
18002,2017-07-09T08:30:00,96.58
18003,2017-07-09T08:50:00,97.95
18004,2017-07-09T09:10:00,96.58
18005,2017-07-09T09:30:00,97.95
18006,2017-07-09T09:50:00,97.95
18007,2017-07-09T10:10:00,97.75
18008,2017-07-09T10:30:00,97.56
18009,2017-07-09T10:50:00,97.46
18010,2017-07-09T11:10:00,97.36
18011,2017-07-09T11:35:00,97.56
18012,2017-07-09T11:55:00,97.65
18013,2017-07-09T12:15:00,97.46
18014,2017-07-09T12:35:00,96.87
18015,2017-07-09T12:55:00,95.5
18016,2017-07-09T13:15:00,94.82
18017,2017-07-09T13:35:00,96.77
18018,2017-07-09T13:55:00,96.48
18019,2017-07-09T14:15:00,96.28
18020,2017-07-09T14:35:00,96.77
18021,2017-07-09T14:55:00,93.74
18022,2017-07-09T15:15:00,94.14
18023,2017-07-09T15:35:00,93.55
18024,2017-07-09T15:55:00,94.43
18025,2017-07-09T16:15:00,94.04
18026,2017-07-09T16:35:00,91.79
18027,2017-07-09T16:55:00,93.26
18028,2017-07-09T17:15:00,92.38
18029,2017-07-09T17:35:00,91.98
18030,2017-07-09T17:55:00,91.69
18031,2017-07-09T18:15:00,91.79
18032,2017-07-09T18:35:00,90.03
18033,2017-07-09T18:55:00,86.9
18034,2017-07-09T19:15:00,84.36
18035,2017-07-09T19:35:00,78.1
18036,2017-07-09T19:55:00,63.24
18037,2017-07-09T20:15:00,32.55
18038,2017-07-09T20:35:00,8.99
18039,2017-07-09T20:55:00,2.05
18040,2017-07-09T21:15:00,0.59
18041,2017-07-09T21:35:00,0.2
18042,2017-07-09T22:00:00,0.2
18043,2017-07-09T22:20:00,0.2
18044,2017-07-09T22:40:00,0.1
18045,2017-07-09T23:00:00,0.2
18046,2017-07-09T23:20:00,0.1
18047,2017-07-09T23:40:00,0.1
18048,2017-07-10T00:00:00,0.1
18049,2017-07-10T00:20:00,0.1
18050,2017-07-10T00:40:00,0.1
18051,2017-07-10T01:00:00,0.2
18052,2017-07-10T01:20:00,0.59
18053,2017-07-10T01:40:00,2.15
18054,2017-07-10T02:00:00,9.68
18055,2017-07-10T02:20:00,34.8
18056,2017-07-10T02:40:00,61.39
18057,2017-07-10T03:00:00,77.52
18058,2017-07-10T03:20:00,85.92
18059,2017-07-10T03:40:00,89.54
18060,2017-07-10T04:00:00,91.4
18061,2017-07-10T04:20:00,92.86
18062,2017-07-10T04:40:00,94.53
18063,2017-07-10T05:00:00,96.77
18064,2017-07-10T05:20:00,96.48
18065,2017-07-10T05:40:00,97.46
18066,2017-07-10T06:00:00,97.36
18067,2017-07-10T06:20:00,97.56
18068,2017-07-10T06:40:00,97.07
18069,2017-07-10T07:00:00,96.77
18070,2017-07-10T07:20:00,96.48
18071,2017-07-10T07:40:00,95.8
18072,2017-07-10T08:00:00,96.38
18073,2017-07-10T08:20:00,97.07
18074,2017-07-10T08:40:00,96.77
18075,2017-07-10T09:00:00,96.19
18076,2017-07-10T09:25:00,95.11
18077,2017-07-10T09:45:00,94.82
18078,2017-07-10T10:05:00,94.92
18079,2017-07-10T10:25:00,94.62
18080,2017-07-10T10:45:00,94.62
18081,2017-07-10T11:05:00,95.11
18082,2017-07-10T11:25:00,95.8
18083,2017-07-10T11:45:00,95.8
18084,2017-07-10T12:05:00,94.62
18085,2017-07-10T12:25:00,95.6
18086,2017-07-10T12:45:00,95.31
18087,2017-07-10T13:05:00,94.53
18088,2017-07-10T13:25:00,94.92
18089,2017-07-10T13:45:00,93.94
18090,2017-07-10T14:05:00,94.04
18091,2017-07-10T14:25:00,92.86
18092,2017-07-10T14:45:00,92.47
18093,2017-07-10T15:05:00,92.18
18094,2017-07-10T15:25:00,93.16
18095,2017-07-10T15:45:00,94.23
18096,2017-07-10T16:05:00,94.14
18097,2017-07-10T16:25:00,93.94
18098,2017-07-10T16:45:00,93.35
18099,2017-07-10T17:05:00,93.06
18100,2017-07-10T17:25:00,91.5
18101,2017-07-10T17:45:00,90.32
18102,2017-07-10T18:05:00,88.27
18103,2017-07-10T18:25:00,86.22
18104,2017-07-10T18:45:00,81.53
18105,2017-07-10T19:05:00,73.9
18106,2017-07-10T19:25:00,64.32
18107,2017-07-10T19:45:00,54.54
18108,2017-07-10T20:05:00,32.26
18109,2017-07-10T20:30:00,11.73
18110,2017-07-10T20:50:00,2.15
18111,2017-07-10T21:10:00,0.29
18112,2017-07-10T21:30:00,0
18113,2017-07-10T21:50:00,0
18114,2017-07-10T22:10:00,0
18115,2017-07-10T22:30:00,0
18116,2017-07-10T22:50:00,0
18117,2017-07-10T23:10:00,0
18118,2017-07-10T23:30:00,0
18119,2017-07-11T00:30:00,0
18120,2017-07-11T00:50:00,0
18121,2017-07-11T01:10:00,0.1
18122,2017-07-11T01:30:00,0.59
18123,2017-07-11T01:50:00,3.23
18124,2017-07-11T02:10:00,14.17
18125,2017-07-11T02:30:00,34.02
18126,2017-07-11T02:50:00,59.63
18127,2017-07-11T03:10:00,66.18
18128,2017-07-11T03:30:00,72.14
18129,2017-07-11T03:50:00,86.22
18130,2017-07-11T04:10:00,87.49
18131,2017-07-11T04:30:00,91.1
18132,2017-07-11T04:50:00,86.02
18133,2017-07-11T05:10:00,86.71
18134,2017-07-11T05:30:00,88.07
18135,2017-07-11T05:50:00,88.27
18136,2017-07-11T06:10:00,90.03
18137,2017-07-11T06:30:00,91.89
18138,2017-07-11T06:50:00,92.86
18139,2017-07-11T07:10:00,92.28
18140,2017-07-11T07:30:00,93.35
18141,2017-07-11T07:55:00,94.14
18142,2017-07-11T08:15:00,93.35
18143,2017-07-11T08:35:00,93.35
18144,2017-07-11T08:55:00,93.45
18145,2017-07-11T09:15:00,93.74
18146,2017-07-11T09:35:00,95.31
18147,2017-07-11T09:55:00,97.26
18148,2017-07-11T10:15:00,96.38
18149,2017-07-11T10:35:00,94.62
18150,2017-07-11T10:55:00,96.48
18151,2017-07-11T11:15:00,95.6
18152,2017-07-11T11:35:00,95.02
18153,2017-07-11T11:55:00,90.62
18154,2017-07-11T12:15:00,91.01
18155,2017-07-11T12:35:00,92.08
18156,2017-07-11T12:55:00,93.65
18157,2017-07-11T13:15:00,96.77
18158,2017-07-11T13:35:00,96.58
18159,2017-07-11T13:55:00,92.86
18160,2017-07-11T14:15:00,94.33
18161,2017-07-11T14:35:00,94.43
18162,2017-07-11T14:55:00,97.07
18163,2017-07-11T15:15:00,93.16
18164,2017-07-11T15:35:00,94.62
18165,2017-07-11T15:55:00,94.33
18166,2017-07-11T16:15:00,91.89
18167,2017-07-11T16:35:00,85.92
18168,2017-07-11T16:55:00,89.15
18169,2017-07-11T17:15:00,92.38
18170,2017-07-11T17:35:00,90.22
18171,2017-07-11T17:55:00,87.68
18172,2017-07-11T18:15:00,85.04
18173,2017-07-11T18:35:00,89.15
18174,2017-07-11T18:55:00,86.8
18175,2017-07-11T19:20:00,80.06
18176,2017-07-11T19:40:00,70.97
18177,2017-07-11T20:00:00,52.4
18178,2017-07-11T20:20:00,22.78
18179,2017-07-11T20:40:00,5.28
18180,2017-07-11T21:00:00,1.27
18181,2017-07-11T21:20:00,0.2
18182,2017-07-11T21:40:00,0
18183,2017-07-11T22:00:00,0
18184,2017-07-11T22:20:00,0
18185,2017-07-11T22:40:00,0
18186,2017-07-11T23:00:00,0
18187,2017-07-11T23:20:00,0
18188,2017-07-11T23:40:00,0
18189,2017-07-12T00:00:00,0
18190,2017-07-12T00:20:00,0
18191,2017-07-12T00:40:00,0
18192,2017-07-12T01:00:00,0
18193,2017-07-12T01:20:00,0.1
18194,2017-07-12T01:40:00,0.78
18195,2017-07-12T02:00:00,3.81
18196,2017-07-12T02:20:00,22.97
18197,2017-07-12T03:00:00,84.85
18198,2017-07-12T03:20:00,85.04
18199,2017-07-12T03:40:00,86.02
18200,2017-07-12T04:00:00,83.58
18201,2017-07-12T04:20:00,86.51
18202,2017-07-12T04:40:00,89.74
18203,2017-07-12T05:00:00,89.93
18204,2017-07-12T05:20:00,88.07
18205,2017-07-12T05:40:00,89.93
18206,2017-07-12T06:00:00,92.38
18207,2017-07-12T06:25:00,95.6
18208,2017-07-12T06:45:00,94.23
18209,2017-07-12T07:05:00,96.58
18210,2017-07-12T07:25:00,96.97
18211,2017-07-12T07:45:00,95.7
18212,2017-07-12T08:05:00,95.89
18213,2017-07-12T08:25:00,95.31
18214,2017-07-12T08:45:00,95.31
18215,2017-07-12T09:05:00,96.77
18216,2017-07-12T09:25:00,97.07
18217,2017-07-12T09:45:00,96.87
18218,2017-07-12T10:05:00,97.46
18219,2017-07-12T10:25:00,95.99
18220,2017-07-12T10:45:00,96.09
18221,2017-07-12T11:05:00,96.38
18222,2017-07-12T11:25:00,96.87
18223,2017-07-12T11:45:00,97.36
18224,2017-07-12T12:05:00,97.26
18225,2017-07-12T12:25:00,97.26
18226,2017-07-12T12:45:00,96.28
18227,2017-07-12T13:05:00,96.09
18228,2017-07-12T13:25:00,96.77
18229,2017-07-12T13:45:00,96.87
18230,2017-07-12T14:05:00,96.48
18231,2017-07-12T14:25:00,96.38
18232,2017-07-12T14:45:00,97.26
18233,2017-07-12T15:05:00,94.72
18234,2017-07-12T15:25:00,95.02
18235,2017-07-12T15:45:00,94.04
18236,2017-07-12T16:05:00,94.04
18237,2017-07-12T16:25:00,93.74
18238,2017-07-12T16:45:00,93.26
18239,2017-07-12T17:05:00,92.38
18240,2017-07-12T17:30:00,91.98
18241,2017-07-12T17:50:00,91.59
18242,2017-07-12T18:10:00,92.18
18243,2017-07-12T18:30:00,90.71
18244,2017-07-12T18:50:00,87.78
18245,2017-07-12T19:10:00,85.34
18246,2017-07-12T19:30:00,80.45
18247,2017-07-12T19:50:00,67.64
18248,2017-07-12T20:10:00,41.54
18249,2017-07-12T20:30:00,13.1
18250,2017-07-12T20:50:00,2.64
18251,2017-07-12T21:10:00,0.49
18252,2017-07-12T21:30:00,0
18253,2017-07-12T21:50:00,0
18254,2017-07-12T22:10:00,0
18255,2017-07-12T22:30:00,0
18256,2017-07-12T22:50:00,0
18257,2017-07-12T23:10:00,0
18258,2017-07-12T23:30:00,0
18259,2017-07-12T23:50:00,0
18260,2017-07-13T00:10:00,0
18261,2017-07-13T00:30:00,0
18262,2017-07-13T00:50:00,0.1
18263,2017-07-13T01:10:00,0.2
18264,2017-07-13T01:30:00,0.88
18265,2017-07-13T01:50:00,4.11
18266,2017-07-13T02:10:00,18.87
18267,2017-07-13T02:30:00,48.29
18268,2017-07-13T02:50:00,73.9
18269,2017-07-13T03:10:00,83.38
18270,2017-07-13T03:30:00,87.49
18271,2017-07-13T03:50:00,89.74
18272,2017-07-13T04:10:00,91.3
18273,2017-07-13T04:35:00,92.47
18274,2017-07-13T04:55:00,96.68
18275,2017-07-13T05:15:00,97.46
18276,2017-07-13T05:35:00,97.65
18277,2017-07-13T05:55:00,97.75
18278,2017-07-13T06:15:00,97.85
18279,2017-07-13T06:35:00,97.85
18280,2017-07-13T06:55:00,97.85
18281,2017-07-13T07:15:00,97.95
18282,2017-07-13T07:35:00,97.85
18283,2017-07-13T07:55:00,97.85
18284,2017-07-13T08:15:00,97.85
18285,2017-07-13T08:35:00,97.75
18286,2017-07-13T08:55:00,97.75
18287,2017-07-13T09:15:00,96.58
18288,2017-07-13T09:35:00,97.85
18289,2017-07-13T09:55:00,97.75
18290,2017-07-13T10:15:00,97.65
18291,2017-07-13T10:35:00,97.75
18292,2017-07-13T10:55:00,95.41
18293,2017-07-13T11:15:00,96.77
18294,2017-07-13T11:35:00,97.65
18295,2017-07-13T11:55:00,97.56
18296,2017-07-13T12:15:00,97.36
18297,2017-07-13T12:35:00,96.87
18298,2017-07-13T12:55:00,96.87
18299,2017-07-13T13:15:00,96.28
18300,2017-07-13T13:35:00,96.28
18301,2017-07-13T13:55:00,95.31
18302,2017-07-13T14:15:00,95.89
18303,2017-07-13T14:35:00,95.31
18304,2017-07-13T14:55:00,96.48
18305,2017-07-13T15:20:00,94.92
18306,2017-07-13T15:40:00,94.53
18307,2017-07-13T16:00:00,93.74
18308,2017-07-13T16:20:00,93.74
18309,2017-07-13T16:40:00,92.28
18310,2017-07-13T17:00:00,92.18
18311,2017-07-13T17:20:00,92.47
18312,2017-07-13T17:40:00,91.89
18313,2017-07-13T18:00:00,91.69
18314,2017-07-13T18:20:00,90.62
18315,2017-07-13T18:40:00,87.98
18316,2017-07-13T19:00:00,85.44
18317,2017-07-13T19:20:00,80.16
18318,2017-07-13T19:40:00,70.67
18319,2017-07-13T20:00:00,49.17
18320,2017-07-13T20:20:00,18.67
18321,2017-07-13T20:40:00,3.91
18322,2017-07-13T21:00:00,0.68
18323,2017-07-13T21:20:00,0.1
18324,2017-07-13T21:40:00,0
18325,2017-07-13T22:00:00,0
18326,2017-07-13T22:20:00,0
18327,2017-07-13T22:40:00,0
18328,2017-07-13T23:00:00,0
18329,2017-07-13T23:20:00,0
18330,2017-07-13T23:40:00,0
18331,2017-07-14T00:00:00,0
18332,2017-07-14T00:20:00,0
18333,2017-07-14T00:40:00,0
18334,2017-07-14T01:00:00,0
18335,2017-07-14T01:20:00,0.2
18336,2017-07-14T01:40:00,1.27
18337,2017-07-14T02:00:00,5.57
18338,2017-07-14T02:25:00,21.7
18339,2017-07-14T02:45:00,46.82
18340,2017-07-14T03:05:00,71.65
18341,2017-07-14T03:25:00,78.69
18342,2017-07-14T03:45:00,83.97
18343,2017-07-14T04:05:00,88.27
18344,2017-07-14T04:25:00,90.81
18345,2017-07-14T04:45:00,91.98
18346,2017-07-14T05:05:00,92.38
18347,2017-07-14T05:25:00,93.74
18348,2017-07-14T05:45:00,94.82
18349,2017-07-14T06:05:00,93.65
18350,2017-07-14T06:25:00,94.43
18351,2017-07-14T06:45:00,94.82
18352,2017-07-14T07:05:00,95.41
18353,2017-07-14T07:25:00,95.8
18354,2017-07-14T07:45:00,96.77
18355,2017-07-14T08:05:00,95.31
18356,2017-07-14T08:25:00,95.8
18357,2017-07-14T08:45:00,95.8
18358,2017-07-14T09:05:00,94.92
18359,2017-07-14T09:25:00,96.48
18360,2017-07-14T09:45:00,90.91
18361,2017-07-14T10:05:00,91.98
18362,2017-07-14T10:25:00,90.42
18363,2017-07-14T10:45:00,91.01
18364,2017-07-14T11:05:00,90.03
18365,2017-07-14T11:25:00,95.02
18366,2017-07-14T11:45:00,95.6
18367,2017-07-14T12:05:00,93.65
18368,2017-07-14T12:25:00,91.59
18369,2017-07-14T12:45:00,91.89
18370,2017-07-14T13:05:00,93.16
18371,2017-07-14T13:25:00,92.38
18372,2017-07-14T13:50:00,92.08
18373,2017-07-14T14:10:00,92.28
18374,2017-07-14T14:30:00,92.18
18375,2017-07-14T14:50:00,92.18
18376,2017-07-14T15:10:00,93.55
18377,2017-07-14T15:30:00,93.65
18378,2017-07-14T15:50:00,93.74
18379,2017-07-14T16:10:00,93.16
18380,2017-07-14T16:30:00,93.35
18381,2017-07-14T16:50:00,93.94
18382,2017-07-14T17:10:00,92.38
18383,2017-07-14T17:30:00,90.22
18384,2017-07-14T17:50:00,89.44
18385,2017-07-14T18:10:00,90.03
18386,2017-07-14T18:30:00,88.66
18387,2017-07-14T18:50:00,84.56
18388,2017-07-14T19:10:00,80.55
18389,2017-07-14T19:30:00,73.61
18390,2017-07-14T19:50:00,57.87
18391,2017-07-14T20:10:00,28.45
18392,2017-07-14T20:30:00,6.74
18393,2017-07-14T20:50:00,1.17
18394,2017-07-14T21:10:00,0.1
18395,2017-07-14T21:30:00,0
18396,2017-07-14T21:50:00,0
18397,2017-07-14T22:10:00,0
18398,2017-07-14T22:30:00,0
18399,2017-07-14T22:50:00,0
18400,2017-07-14T23:10:00,0
18401,2017-07-14T23:30:00,0
18402,2017-07-14T23:50:00,0
18403,2017-07-15T00:10:00,0
18404,2017-07-15T00:30:00,0
18405,2017-07-15T00:50:00,0
18406,2017-07-15T01:15:00,0.1
18407,2017-07-15T01:35:00,0.59
18408,2017-07-15T01:55:00,3.32
18409,2017-07-15T02:15:00,15.54
18410,2017-07-15T02:35:00,43.89
18411,2017-07-15T02:55:00,67.64
18412,2017-07-15T03:15:00,80.35
18413,2017-07-15T03:35:00,87.39
18414,2017-07-15T03:55:00,90.03
18415,2017-07-15T04:15:00,91.79
18416,2017-07-15T04:35:00,93.06
18417,2017-07-15T04:55:00,96.87
18418,2017-07-15T05:15:00,97.26
18419,2017-07-15T05:35:00,97.46
18420,2017-07-15T05:55:00,97.65
18421,2017-07-15T06:15:00,97.75
18422,2017-07-15T06:35:00,97.75
18423,2017-07-15T06:55:00,97.75
18424,2017-07-15T07:15:00,97.85
18425,2017-07-15T08:15:00,97.75
18426,2017-07-15T08:35:00,97.85
18427,2017-07-15T08:55:00,97.75
18428,2017-07-15T09:15:00,97.75
18429,2017-07-15T09:35:00,97.75
18430,2017-07-15T09:55:00,97.65
18431,2017-07-15T10:15:00,95.31
18432,2017-07-15T10:35:00,95.8
18433,2017-07-15T10:55:00,95.8
18434,2017-07-15T11:15:00,97.56
18435,2017-07-15T11:35:00,97.56
18436,2017-07-15T11:55:00,95.31
18437,2017-07-15T12:20:00,96.48
18438,2017-07-15T12:40:00,91.89
18439,2017-07-15T13:00:00,88.66
18440,2017-07-15T13:20:00,92.38
18441,2017-07-15T13:40:00,94.62
18442,2017-07-15T14:00:00,96.19
18443,2017-07-15T14:20:00,94.72
18444,2017-07-15T14:40:00,96.28
18445,2017-07-15T15:00:00,95.21
18446,2017-07-15T15:20:00,93.55
18447,2017-07-15T15:40:00,94.43
18448,2017-07-15T16:00:00,91.79
18449,2017-07-15T16:20:00,91.01
18450,2017-07-15T16:40:00,91.89
18451,2017-07-15T17:00:00,86.9
18452,2017-07-15T17:20:00,87.1
18453,2017-07-15T17:40:00,88.17
18454,2017-07-15T18:00:00,90.32
18455,2017-07-15T18:20:00,88.66
18456,2017-07-15T18:40:00,87.29
18457,2017-07-15T19:00:00,83.97
18458,2017-07-15T19:20:00,73.41
18459,2017-07-15T19:40:00,57.09
18460,2017-07-15T20:00:00,31.77
18461,2017-07-15T20:20:00,9.48
18462,2017-07-15T20:40:00,1.86
18463,2017-07-15T21:00:00,0.1
18464,2017-07-15T21:20:00,0
18465,2017-07-15T21:40:00,0
18466,2017-07-15T22:00:00,0
18467,2017-07-15T22:20:00,0
18468,2017-07-15T22:40:00,0
18469,2017-07-15T23:00:00,0
18470,2017-07-15T23:25:00,0
18471,2017-07-15T23:45:00,0
18472,2017-07-16T00:05:00,0
18473,2017-07-16T00:25:00,0
18474,2017-07-16T00:45:00,0
18475,2017-07-16T01:05:00,0
18476,2017-07-16T01:25:00,0
18477,2017-07-16T01:45:00,0.49
18478,2017-07-16T02:05:00,2.64
18479,2017-07-16T02:25:00,11.44
18480,2017-07-16T02:45:00,32.16
18481,2017-07-16T03:05:00,45.75
18482,2017-07-16T03:25:00,56.21
18483,2017-07-16T03:45:00,71.85
18484,2017-07-16T04:05:00,72.04
18485,2017-07-16T04:25:00,77.61
18486,2017-07-16T04:45:00,81.43
18487,2017-07-16T05:05:00,83.48
18488,2017-07-16T05:25:00,84.75
18489,2017-07-16T05:45:00,87.49
18490,2017-07-16T06:05:00,87.78
18491,2017-07-16T06:25:00,88.95
18492,2017-07-16T06:45:00,88.95
18493,2017-07-16T07:05:00,90.22
18494,2017-07-16T07:25:00,92.57
18495,2017-07-16T07:45:00,92.77
18496,2017-07-16T08:05:00,94.23
18497,2017-07-16T08:25:00,93.26
18498,2017-07-16T08:45:00,92.38
18499,2017-07-16T09:05:00,95.02
18500,2017-07-16T09:25:00,94.04
18501,2017-07-16T09:45:00,95.5
18502,2017-07-16T10:05:00,95.11
18503,2017-07-16T10:25:00,96.97
18504,2017-07-16T10:50:00,96.68
18505,2017-07-16T11:10:00,95.41
18506,2017-07-16T11:30:00,94.53
18507,2017-07-16T11:50:00,95.31
18508,2017-07-16T12:10:00,95.31
18509,2017-07-16T12:30:00,96.48
18510,2017-07-16T12:50:00,95.99
18511,2017-07-16T13:10:00,93.45
18512,2017-07-16T13:30:00,88.86
18513,2017-07-16T13:50:00,94.53
18514,2017-07-16T14:10:00,95.7
18515,2017-07-16T14:30:00,95.02
18516,2017-07-16T14:50:00,97.26
18517,2017-07-16T15:10:00,96.87
18518,2017-07-16T15:30:00,94.04
18519,2017-07-16T15:50:00,95.02
18520,2017-07-16T16:10:00,93.74
18521,2017-07-16T16:30:00,92.67
18522,2017-07-16T16:50:00,92.08
18523,2017-07-16T17:10:00,91.89
18524,2017-07-16T17:30:00,91.69
18525,2017-07-16T17:50:00,91.4
18526,2017-07-16T18:10:00,91.4
18527,2017-07-16T18:30:00,90.13
18528,2017-07-16T18:50:00,87.29
18529,2017-07-16T19:10:00,84.26
18530,2017-07-16T19:30:00,76.25
18531,2017-07-16T19:50:00,57.28
18532,2017-07-16T20:10:00,26
18533,2017-07-16T20:30:00,5.57
18534,2017-07-16T20:50:00,0.98
18535,2017-07-16T21:10:00,0.1
18536,2017-07-16T21:30:00,0
18537,2017-07-16T21:50:00,0
18538,2017-07-16T22:15:00,0
18539,2017-07-16T22:35:00,0
18540,2017-07-16T22:55:00,0
18541,2017-07-16T23:15:00,0
18542,2017-07-16T23:35:00,0
18543,2017-07-16T23:55:00,0
18544,2017-07-17T00:15:00,0
18545,2017-07-17T00:35:00,0
18546,2017-07-17T00:55:00,0
18547,2017-07-17T01:15:00,0
18548,2017-07-17T01:35:00,0.49
18549,2017-07-17T01:55:00,2.93
18550,2017-07-17T02:15:00,15.05
18551,2017-07-17T02:35:00,44.09
18552,2017-07-17T02:55:00,72.14
18553,2017-07-17T03:15:00,87.1
18554,2017-07-17T03:35:00,87.2
18555,2017-07-17T03:55:00,89.44
18556,2017-07-17T04:15:00,91.01
18557,2017-07-17T04:35:00,92.38
18558,2017-07-17T04:55:00,97.26
18559,2017-07-17T05:15:00,97.46
18560,2017-07-17T05:35:00,97.65
18561,2017-07-17T05:55:00,97.75
18562,2017-07-17T06:15:00,97.65
18563,2017-07-17T06:35:00,97.75
18564,2017-07-17T06:55:00,97.85
18565,2017-07-17T07:15:00,97.95
18566,2017-07-17T07:35:00,97.95
18567,2017-07-17T07:55:00,97.95
18568,2017-07-17T08:15:00,97.95
18569,2017-07-17T08:35:00,98.04
18570,2017-07-17T08:55:00,94.72
18571,2017-07-17T09:20:00,93.55
18572,2017-07-17T09:40:00,97.85
18573,2017-07-17T10:00:00,96.87
18574,2017-07-17T10:20:00,96.38
18575,2017-07-17T10:40:00,96.48
18576,2017-07-17T11:00:00,97.56
18577,2017-07-17T11:20:00,96.28
18578,2017-07-17T11:40:00,97.65
18579,2017-07-17T12:00:00,95.89
18580,2017-07-17T12:20:00,97.46
18581,2017-07-17T12:40:00,96.09
18582,2017-07-17T13:00:00,95.6
18583,2017-07-17T13:20:00,95.41
18584,2017-07-17T13:40:00,94.62
18585,2017-07-17T14:00:00,96.48
18586,2017-07-17T14:20:00,95.11
18587,2017-07-17T14:40:00,96.77
18588,2017-07-17T15:00:00,97.26
18589,2017-07-17T15:20:00,95.02
18590,2017-07-17T15:40:00,94.14
18591,2017-07-17T16:00:00,94.23
18592,2017-07-17T16:20:00,93.55
18593,2017-07-17T16:40:00,93.84
18594,2017-07-17T17:00:00,91.79
18595,2017-07-17T17:20:00,92.38
18596,2017-07-17T17:40:00,89.44
18597,2017-07-17T18:00:00,91.79
18598,2017-07-17T18:20:00,88.46
18599,2017-07-17T18:40:00,86.22
18600,2017-07-17T19:00:00,84.36
18601,2017-07-17T19:20:00,78.98
18602,2017-07-17T19:40:00,65.2
18603,2017-07-17T20:00:00,37.15
18604,2017-07-17T20:20:00,9.87
18605,2017-07-17T20:45:00,1.66
18606,2017-07-17T21:05:00,0.2
18607,2017-07-17T21:25:00,0
18608,2017-07-17T21:45:00,0
18609,2017-07-17T22:05:00,0
18610,2017-07-17T22:25:00,0
18611,2017-07-17T22:45:00,0
18612,2017-07-17T23:05:00,0
18613,2017-07-17T23:25:00,0
18614,2017-07-17T23:45:00,0
18615,2017-07-18T00:05:00,0
18616,2017-07-18T00:25:00,0
18617,2017-07-18T00:45:00,0
18618,2017-07-18T01:05:00,0
18619,2017-07-18T01:25:00,0
18620,2017-07-18T01:45:00,0.29
18621,2017-07-18T02:05:00,2.25
18622,2017-07-18T02:25:00,14.27
18623,2017-07-18T02:45:00,39
18624,2017-07-18T03:05:00,53.96
18625,2017-07-18T03:25:00,62.76
18626,2017-07-18T03:45:00,69.8
18627,2017-07-18T04:05:00,78.89
18628,2017-07-18T04:25:00,81.92
18629,2017-07-18T04:45:00,84.85
18630,2017-07-18T05:05:00,86.32
18631,2017-07-18T05:25:00,86.22
18632,2017-07-18T05:45:00,86.71
18633,2017-07-18T06:05:00,88.95
18634,2017-07-18T06:25:00,88.76
18635,2017-07-18T06:45:00,92.18
18636,2017-07-18T07:05:00,92.38
18637,2017-07-18T07:25:00,92.67
18638,2017-07-18T07:45:00,93.65
18639,2017-07-18T08:10:00,94.14
18640,2017-07-18T08:30:00,92.57
18641,2017-07-18T08:50:00,96.09
18642,2017-07-18T09:10:00,96.19
18643,2017-07-18T09:30:00,96.28
18644,2017-07-18T09:50:00,93.26
18645,2017-07-18T10:10:00,96.77
18646,2017-07-18T10:30:00,96.68
18647,2017-07-18T10:50:00,96.28
18648,2017-07-18T11:10:00,97.65
18649,2017-07-18T11:30:00,97.65
18650,2017-07-18T11:50:00,96.28
18651,2017-07-18T12:10:00,97.56
18652,2017-07-18T12:30:00,97.36
18653,2017-07-18T12:50:00,95.8
18654,2017-07-18T13:10:00,97.07
18655,2017-07-18T13:30:00,96.87
18656,2017-07-18T13:50:00,95.11
18657,2017-07-18T14:10:00,94.92
18658,2017-07-18T14:30:00,94.72
18659,2017-07-18T14:50:00,96.09
18660,2017-07-18T15:10:00,94.43
18661,2017-07-18T15:30:00,94.43
18662,2017-07-18T15:50:00,93.94
18663,2017-07-18T16:10:00,93.16
18664,2017-07-18T16:30:00,93.45
18665,2017-07-18T16:50:00,92.77
18666,2017-07-18T17:10:00,92.47
18667,2017-07-18T17:30:00,91.98
18668,2017-07-18T17:50:00,91.89
18669,2017-07-18T18:10:00,88.95
18670,2017-07-18T18:30:00,89.34
18671,2017-07-18T18:50:00,85.14
18672,2017-07-18T19:10:00,80.16
18673,2017-07-18T19:35:00,68.43
18674,2017-07-18T19:55:00,45.06
18675,2017-07-18T20:15:00,15.64
18676,2017-07-18T20:35:00,2.93
18677,2017-07-18T20:55:00,0.39
18678,2017-07-18T21:15:00,0
18679,2017-07-18T21:35:00,0
18680,2017-07-18T21:55:00,0
18681,2017-07-18T22:15:00,0
18682,2017-07-18T22:35:00,0
18683,2017-07-18T22:55:00,0
18684,2017-07-18T23:15:00,0
18685,2017-07-18T23:35:00,0
18686,2017-07-18T23:55:00,0
18687,2017-07-19T00:15:00,0
18688,2017-07-19T00:35:00,0
18689,2017-07-19T00:55:00,0
18690,2017-07-19T01:15:00,0
18691,2017-07-19T01:35:00,0.29
18692,2017-07-19T01:55:00,2.05
18693,2017-07-19T02:15:00,11.24
18694,2017-07-19T02:35:00,37.44
18695,2017-07-19T02:55:00,64.91
18696,2017-07-19T03:15:00,82.5
18697,2017-07-19T03:35:00,87.59
18698,2017-07-19T03:55:00,90.32
18699,2017-07-19T04:15:00,91.98
18700,2017-07-19T04:35:00,93.26
18701,2017-07-19T04:55:00,97.07
18702,2017-07-19T05:15:00,97.36
18703,2017-07-19T05:35:00,97.56
18704,2017-07-19T05:55:00,97.65
18705,2017-07-19T06:15:00,97.75
18706,2017-07-19T06:40:00,97.75
18707,2017-07-19T07:00:00,97.85
18708,2017-07-19T07:20:00,97.95
18709,2017-07-19T07:40:00,97.85
18710,2017-07-19T08:00:00,97.85
18711,2017-07-19T08:20:00,97.85
18712,2017-07-19T08:40:00,97.85
18713,2017-07-19T09:00:00,97.75
18714,2017-07-19T09:20:00,97.75
18715,2017-07-19T09:40:00,97.75
18716,2017-07-19T10:00:00,97.75
18717,2017-07-19T10:20:00,97.65
18718,2017-07-19T10:40:00,97.56
18719,2017-07-19T11:00:00,97.46
18720,2017-07-19T11:20:00,97.46
18721,2017-07-19T11:40:00,97.46
18722,2017-07-19T12:00:00,97.36
18723,2017-07-19T12:20:00,97.07
18724,2017-07-19T12:40:00,96.77
18725,2017-07-19T13:00:00,96.68
18726,2017-07-19T13:20:00,96.48
18727,2017-07-19T13:40:00,96.38
18728,2017-07-19T14:00:00,96.09
18729,2017-07-19T14:20:00,95.89
18730,2017-07-19T14:40:00,96.58
18731,2017-07-19T15:00:00,97.16
18732,2017-07-19T15:20:00,94.43
18733,2017-07-19T15:40:00,94.14
18734,2017-07-19T16:00:00,93.35
18735,2017-07-19T16:20:00,93.35
18736,2017-07-19T16:40:00,93.45
18737,2017-07-19T17:00:00,92.08
18738,2017-07-19T17:20:00,91.2
18739,2017-07-19T18:25:00,87.29
18740,2017-07-19T18:45:00,84.46
18741,2017-07-19T19:05:00,78.69
18742,2017-07-19T19:25:00,68.82
18743,2017-07-19T19:45:00,52.88
18744,2017-07-19T20:05:00,24.24
18745,2017-07-19T20:25:00,5.67
18746,2017-07-19T20:45:00,0.88
18747,2017-07-19T21:05:00,0.1
18748,2017-07-19T21:25:00,0
18749,2017-07-19T21:45:00,0
18750,2017-07-19T22:05:00,0
18751,2017-07-19T22:25:00,0
18752,2017-07-19T22:45:00,0
18753,2017-07-19T23:05:00,0
18754,2017-07-19T23:25:00,0
18755,2017-07-19T23:45:00,0
18756,2017-07-20T00:05:00,0
18757,2017-07-20T00:25:00,0
18758,2017-07-20T00:45:00,0
18759,2017-07-20T01:05:00,0
18760,2017-07-20T01:25:00,0.1
18761,2017-07-20T01:45:00,0.78
18762,2017-07-20T02:05:00,4.2
18763,2017-07-20T02:25:00,19.36
18764,2017-07-20T02:45:00,56.89
18765,2017-07-20T03:05:00,79.37
18766,2017-07-20T03:25:00,84.95
18767,2017-07-20T03:45:00,87.39
18768,2017-07-20T04:05:00,90.32
18769,2017-07-20T04:25:00,91.79
18770,2017-07-20T04:50:00,95.11
18771,2017-07-20T05:10:00,96.97
18772,2017-07-20T05:30:00,97.36
18773,2017-07-20T05:50:00,96.87
18774,2017-07-20T06:10:00,97.56
18775,2017-07-20T06:30:00,97.75
18776,2017-07-20T06:50:00,97.65
18777,2017-07-20T07:10:00,97.85
18778,2017-07-20T07:30:00,97.85
18779,2017-07-20T07:50:00,97.75
18780,2017-07-20T08:10:00,97.75
18781,2017-07-20T08:30:00,97.85
18782,2017-07-20T08:50:00,97.85
18783,2017-07-20T09:10:00,97.85
18784,2017-07-20T09:30:00,97.26
18785,2017-07-20T09:50:00,96.48
18786,2017-07-20T10:10:00,96.19
18787,2017-07-20T10:30:00,96.09
18788,2017-07-20T10:50:00,96.28
18789,2017-07-20T11:10:00,94.04
18790,2017-07-20T11:30:00,91.1
18791,2017-07-20T11:50:00,92.86
18792,2017-07-20T12:10:00,94.92
18793,2017-07-20T12:30:00,92.38
18794,2017-07-20T12:50:00,92.47
18795,2017-07-20T13:10:00,92.77
18796,2017-07-20T13:30:00,94.92
18797,2017-07-20T13:50:00,93.74
18798,2017-07-20T14:10:00,92.28
18799,2017-07-20T14:30:00,92.28
18800,2017-07-20T14:50:00,91.3
18801,2017-07-20T15:10:00,88.56
18802,2017-07-20T15:30:00,87.39
18803,2017-07-20T15:55:00,85.24
18804,2017-07-20T16:15:00,78.79
18805,2017-07-20T16:35:00,75.56
18806,2017-07-20T16:55:00,81.04
18807,2017-07-20T17:15:00,84.16
18808,2017-07-20T17:35:00,76.25
18809,2017-07-20T17:55:00,70.58
18810,2017-07-20T18:15:00,60.51
18811,2017-07-20T18:35:00,69.31
18812,2017-07-20T18:55:00,60.22
18813,2017-07-20T19:15:00,43.5
18814,2017-07-20T19:35:00,23.75
18815,2017-07-20T19:55:00,8.9
18816,2017-07-20T20:15:00,1.08
18817,2017-07-20T20:35:00,0.29
18818,2017-07-20T20:55:00,0.1
18819,2017-07-20T21:15:00,0
18820,2017-07-20T21:35:00,0.1
18821,2017-07-20T21:55:00,0
18822,2017-07-20T22:15:00,0.1
18823,2017-07-20T22:35:00,0
18824,2017-07-20T22:55:00,0.1
18825,2017-07-20T23:15:00,0.1
18826,2017-07-20T23:35:00,0
18827,2017-07-20T23:55:00,0.1
18828,2017-07-21T00:15:00,0
18829,2017-07-21T00:35:00,0.1
18830,2017-07-21T00:55:00,0.1
18831,2017-07-21T01:15:00,0.2
18832,2017-07-21T01:35:00,0.2
18833,2017-07-21T01:55:00,0.39
18834,2017-07-21T02:15:00,1.76
18835,2017-07-21T02:35:00,4.79
18836,2017-07-21T02:55:00,14.08
18837,2017-07-21T03:20:00,36.85
18838,2017-07-21T03:40:00,55.33
18839,2017-07-21T04:00:00,70.09
18840,2017-07-21T04:20:00,75.66
18841,2017-07-21T04:40:00,71.36
18842,2017-07-21T05:00:00,84.95
18843,2017-07-21T05:20:00,91.59
18844,2017-07-21T05:40:00,92.18
18845,2017-07-21T06:00:00,91.89
18846,2017-07-21T06:20:00,90.81
18847,2017-07-21T06:40:00,94.14
18848,2017-07-21T07:00:00,88.27
18849,2017-07-21T07:20:00,90.32
18850,2017-07-22T23:35:00,0
18851,2017-07-21T07:40:00,92.18
18852,2017-07-21T08:00:00,92.38
18853,2017-07-21T08:20:00,94.04
18854,2017-07-21T08:40:00,93.06
18855,2017-07-21T09:00:00,93.06
18856,2017-07-21T09:20:00,95.8
18857,2017-07-21T09:40:00,96.09
18858,2017-07-21T10:00:00,96.48
18859,2017-07-21T10:20:00,95.11
18860,2017-07-21T10:40:00,96.19
18861,2017-07-21T11:00:00,93.94
18862,2017-07-21T11:20:00,94.92
18863,2017-07-21T11:40:00,96.38
18864,2017-07-21T12:00:00,96.48
18865,2017-07-21T12:20:00,96.48
18866,2017-07-21T12:40:00,96.68
18867,2017-07-21T13:00:00,96.09
18868,2017-07-21T13:20:00,95.5
18869,2017-07-21T13:40:00,95.21
18870,2017-07-21T14:00:00,95.41
18871,2017-07-21T14:20:00,94.43
18872,2017-07-21T14:45:00,94.23
18873,2017-07-21T15:05:00,92.96
18874,2017-07-21T15:25:00,91.2
18875,2017-07-21T15:45:00,87.98
18876,2017-07-21T16:05:00,88.76
18877,2017-07-21T16:25:00,91.98
18878,2017-07-21T16:45:00,91.98
18879,2017-07-21T17:05:00,91.59
18880,2017-07-21T17:25:00,91.4
18881,2017-07-21T17:45:00,90.71
18882,2017-07-21T18:05:00,88.37
18883,2017-07-21T18:25:00,83.19
18884,2017-07-21T18:45:00,81.23
18885,2017-07-21T19:05:00,76.93
18886,2017-07-21T19:25:00,55.33
18887,2017-07-21T19:45:00,27.47
18888,2017-07-21T20:05:00,7.62
18889,2017-07-21T20:25:00,0.88
18890,2017-07-21T20:45:00,0.2
18891,2017-07-21T21:05:00,0.1
18892,2017-07-21T21:25:00,0.1
18893,2017-07-21T21:45:00,0
18894,2017-07-21T22:05:00,0.1
18895,2017-07-21T22:25:00,0
18896,2017-07-21T22:45:00,0
18897,2017-07-21T23:05:00,0
18898,2017-07-21T23:25:00,0.1
18899,2017-07-21T23:45:00,0.1
18900,2017-07-22T00:05:00,0.1
18901,2017-07-22T00:25:00,0
18902,2017-07-22T00:45:00,0
18903,2017-07-22T01:05:00,0
18904,2017-07-22T01:25:00,0
18905,2017-07-22T01:50:00,0.1
18906,2017-07-22T02:10:00,0.88
18907,2017-07-22T02:30:00,5.77
18908,2017-07-22T02:50:00,21.11
18909,2017-07-22T03:10:00,33.72
18910,2017-07-22T03:30:00,46.04
18911,2017-07-22T03:50:00,58.94
18912,2017-07-22T04:10:00,68.43
18913,2017-07-22T04:30:00,76.74
18914,2017-07-22T04:50:00,83.97
18915,2017-07-22T05:10:00,89.74
18916,2017-07-22T05:30:00,81.53
18917,2017-07-22T05:50:00,88.17
18918,2017-07-22T06:10:00,84.26
18919,2017-07-22T06:30:00,88.46
18920,2017-07-22T06:50:00,92.86
18921,2017-07-22T07:10:00,92.86
18922,2017-07-22T07:30:00,94.43
18923,2017-07-22T07:50:00,94.43
18924,2017-07-22T08:10:00,93.55
18925,2017-07-22T08:30:00,93.55
18926,2017-07-22T08:50:00,91.98
18927,2017-07-22T09:10:00,93.55
18928,2017-07-22T09:30:00,97.16
18929,2017-07-22T09:50:00,97.85
18930,2017-07-22T10:10:00,97.65
18931,2017-07-22T10:30:00,96.48
18932,2017-07-22T10:50:00,96.68
18933,2017-07-22T11:10:00,96.77
18934,2017-07-22T11:30:00,97.26
18935,2017-07-22T11:50:00,97.07
18936,2017-07-22T12:10:00,97.07
18937,2017-07-22T12:30:00,95.8
18938,2017-07-22T12:50:00,96.19
18939,2017-07-22T13:15:00,95.5
18940,2017-07-22T13:35:00,95.02
18941,2017-07-22T13:55:00,94.62
18942,2017-07-22T14:15:00,93.55
18943,2017-07-22T14:35:00,91.1
18944,2017-07-22T14:55:00,89.44
18945,2017-07-22T15:15:00,86.61
18946,2017-07-22T15:35:00,86.71
18947,2017-07-22T15:55:00,87.68
18948,2017-07-22T16:15:00,87.2
18949,2017-07-22T16:35:00,84.46
18950,2017-07-22T16:55:00,86.22
18951,2017-07-22T17:15:00,87.59
18952,2017-07-22T17:35:00,84.65
18953,2017-07-22T17:55:00,83.38
18954,2017-07-22T18:15:00,78.79
18955,2017-07-22T18:35:00,69.89
18956,2017-07-22T18:55:00,64.03
18957,2017-07-22T19:15:00,53.96
18958,2017-07-22T19:35:00,28.15
18959,2017-07-22T19:55:00,11.63
18960,2017-07-22T20:15:00,1.66
18961,2017-07-22T20:35:00,0.1
18962,2017-07-22T20:55:00,0
18963,2017-07-22T21:15:00,0
18964,2017-07-22T21:35:00,0
18965,2017-07-22T21:55:00,0
18966,2017-07-22T22:15:00,0
18967,2017-07-22T22:35:00,0
18968,2017-07-22T22:55:00,0
18969,2017-07-22T23:15:00,0
18970,2017-07-22T23:55:00,0
18971,2017-07-23T00:15:00,0
18972,2017-07-23T00:40:00,0
18973,2017-07-23T01:00:00,0
18974,2017-07-23T01:20:00,0
18975,2017-07-23T01:40:00,0
18976,2017-07-23T02:00:00,0.29
18977,2017-07-23T02:20:00,1.86
18978,2017-07-23T02:40:00,10.17
18979,2017-07-23T03:00:00,22.97
18980,2017-07-23T03:20:00,44.97
18981,2017-07-23T03:40:00,47.21
18982,2017-07-23T04:00:00,42.33
18983,2017-07-23T04:20:00,55.03
18984,2017-07-23T04:40:00,57.97
18985,2017-07-23T05:00:00,51.42
18986,2017-07-23T05:20:00,71.06
18987,2017-07-23T05:40:00,66.37
18988,2017-07-23T06:00:00,67.45
18989,2017-07-23T06:20:00,76.93
18990,2017-07-23T06:40:00,76.74
18991,2017-07-23T07:00:00,73.02
18992,2017-07-23T07:20:00,85.63
18993,2017-07-23T07:40:00,90.62
18994,2017-07-23T08:00:00,90.71
18995,2017-07-23T08:20:00,90.03
18996,2017-07-23T08:40:00,89.05
18997,2017-07-23T09:00:00,89.64
18998,2017-07-23T09:20:00,88.46
18999,2017-07-23T09:40:00,86.41
19000,2017-07-23T10:00:00,87.49
19001,2017-07-23T10:20:00,87.39
19002,2017-07-23T10:40:00,85.34
19003,2017-07-23T11:00:00,93.16
19004,2017-07-23T11:20:00,91.98
19005,2017-07-23T11:40:00,90.32
19006,2017-07-23T12:05:00,91.2
19007,2017-07-23T12:25:00,92.18
19008,2017-07-23T12:45:00,92.77
19009,2017-07-23T13:05:00,94.04
19010,2017-07-23T13:25:00,92.57
19011,2017-07-23T13:45:00,91.79
19012,2017-07-23T14:05:00,88.17
19013,2017-07-23T14:25:00,85.83
19014,2017-07-23T14:45:00,81.13
19015,2017-07-23T15:05:00,65.59
19016,2017-07-23T15:25:00,55.52
19017,2017-07-23T15:45:00,78.98
19018,2017-07-23T16:05:00,85.44
19019,2017-07-23T16:25:00,90.03
19020,2017-07-23T16:45:00,86.61
19021,2017-07-23T17:05:00,88.07
19022,2017-07-23T17:25:00,80.55
19023,2017-07-23T17:45:00,90.03
19024,2017-07-23T18:05:00,89.05
19025,2017-07-23T18:25:00,86.41
19026,2017-07-23T18:45:00,84.16
19027,2017-07-23T19:05:00,76.93
19028,2017-07-23T19:25:00,59.34
19029,2017-07-23T19:45:00,33.43
19030,2017-07-23T20:05:00,9.29
19031,2017-07-23T20:25:00,1.37
19032,2017-07-23T20:45:00,0
19033,2017-07-23T21:05:00,0
19034,2017-07-23T21:25:00,0
19035,2017-07-23T21:45:00,0
19036,2017-07-23T22:05:00,0
19037,2017-07-23T22:25:00,0
19038,2017-07-23T22:45:00,0
19039,2017-07-23T23:10:00,0
19040,2017-07-23T23:30:00,0
19041,2017-07-23T23:50:00,0
19042,2017-07-24T00:10:00,0
19043,2017-07-24T00:30:00,0
19044,2017-07-24T00:50:00,0
19045,2017-07-24T01:10:00,0
19046,2017-07-24T01:30:00,0
19047,2017-07-24T01:50:00,0.2
19048,2017-07-24T02:10:00,2.15
19049,2017-07-24T02:30:00,12.61
19050,2017-07-24T02:50:00,38.9
19051,2017-07-24T03:10:00,57.28
19052,2017-07-24T03:30:00,77.22
19053,2017-07-24T03:50:00,86.8
19054,2017-07-24T04:10:00,89.74
19055,2017-07-24T05:10:00,93.65
19056,2017-07-24T05:30:00,96.58
19057,2017-07-24T05:50:00,97.07
19058,2017-07-24T06:10:00,97.36
19059,2017-07-24T06:30:00,92.38
19060,2017-07-24T06:50:00,94.82
19061,2017-07-24T07:10:00,95.7
19062,2017-07-24T07:30:00,95.6
19063,2017-07-24T07:50:00,97.26
19064,2017-07-24T08:10:00,96.48
19065,2017-07-24T08:30:00,97.95
19066,2017-07-24T08:50:00,97.65
19067,2017-07-24T09:10:00,97.95
19068,2017-07-24T09:30:00,96.77
19069,2017-07-24T09:50:00,97.65
19070,2017-07-24T10:10:00,96.09
19071,2017-07-24T10:35:00,96.38
19072,2017-07-24T10:55:00,96.97
19073,2017-07-24T11:15:00,96.09
19074,2017-07-24T11:35:00,97.07
19075,2017-07-24T11:55:00,95.6
19076,2017-07-24T12:15:00,95.89
19077,2017-07-24T12:35:00,95.89
19078,2017-07-24T12:55:00,96.38
19079,2017-07-24T13:15:00,95.89
19080,2017-07-24T13:35:00,96.09
19081,2017-07-24T13:55:00,94.62
19082,2017-07-24T14:15:00,94.33
19083,2017-07-24T14:35:00,95.02
19084,2017-07-24T14:55:00,94.92
19085,2017-07-24T15:15:00,92.96
19086,2017-07-24T15:35:00,93.06
19087,2017-07-24T15:55:00,92.08
19088,2017-07-24T16:15:00,85.53
19089,2017-07-24T16:35:00,90.52
19090,2017-07-24T16:55:00,85.92
19091,2017-07-24T17:15:00,87.1
19092,2017-07-24T17:35:00,88.86
19093,2017-07-24T17:55:00,86.61
19094,2017-07-24T18:15:00,74.78
19095,2017-07-24T18:35:00,71.94
19096,2017-07-24T18:55:00,56.11
19097,2017-07-24T19:15:00,34.31
19098,2017-07-24T19:35:00,23.85
19099,2017-07-24T19:55:00,7.04
19100,2017-07-24T20:15:00,0.68
19101,2017-07-24T20:35:00,0.2
19102,2017-07-24T20:55:00,0.1
19103,2017-07-24T21:15:00,0
19104,2017-07-24T21:35:00,0
19105,2017-07-24T22:00:00,0
19106,2017-07-24T22:20:00,0
19107,2017-07-24T22:40:00,0
19108,2017-07-24T23:00:00,0
19109,2017-07-24T23:20:00,0
19110,2017-07-24T23:40:00,0
19111,2017-07-25T00:00:00,0
19112,2017-07-25T00:20:00,0
19113,2017-07-25T00:40:00,0
19114,2017-07-25T01:00:00,0
19115,2017-07-25T01:20:00,0
19116,2017-07-25T01:40:00,0
19117,2017-07-25T02:00:00,0
19118,2017-07-25T02:20:00,0.88
19119,2017-07-25T02:40:00,6.55
19120,2017-07-25T03:00:00,28.45
19121,2017-07-25T03:20:00,51.91
19122,2017-07-25T03:40:00,68.62
19123,2017-07-25T04:00:00,78.59
19124,2017-07-25T04:20:00,85.04
19125,2017-07-25T04:40:00,88.66
19126,2017-07-25T05:00:00,91.2
19127,2017-07-25T05:20:00,94.23
19128,2017-07-25T05:40:00,95.8
19129,2017-07-25T06:00:00,96.77
19130,2017-07-25T06:20:00,96.87
19131,2017-07-25T06:40:00,96.97
19132,2017-07-25T07:00:00,97.56
19133,2017-07-25T07:20:00,97.75
19134,2017-07-25T07:40:00,97.65
19135,2017-07-25T08:00:00,97.65
19136,2017-07-25T08:20:00,97.65
19137,2017-07-25T08:40:00,97.56
19138,2017-07-25T09:00:00,97.46
19139,2017-07-25T09:25:00,97.16
19140,2017-07-25T09:45:00,96.97
19141,2017-07-25T10:05:00,96.97
19142,2017-07-25T10:25:00,96.97
19143,2017-07-25T10:45:00,96.77
19144,2017-07-25T11:05:00,96.77
19145,2017-07-25T11:25:00,96.19
19146,2017-07-25T11:45:00,95.99
19147,2017-07-25T12:05:00,95.8
19148,2017-07-25T12:25:00,95.5
19149,2017-07-25T12:45:00,95.5
19150,2017-07-25T13:05:00,95.11
19151,2017-07-25T13:25:00,94.92
19152,2017-07-25T13:45:00,95.11
19153,2017-07-25T14:05:00,94.72
19154,2017-07-25T14:25:00,94.33
19155,2017-07-25T14:45:00,93.84
19156,2017-07-25T15:05:00,92.96
19157,2017-07-25T15:25:00,92.86
19158,2017-07-25T15:45:00,92.38
19159,2017-07-25T16:05:00,91.1
19160,2017-07-25T16:25:00,90.52
19161,2017-07-25T16:45:00,90.22
19162,2017-07-25T17:05:00,88.95
19163,2017-07-25T17:25:00,86.8
19164,2017-07-25T17:45:00,84.36
19165,2017-07-25T18:05:00,80.84
19166,2017-07-25T18:25:00,77.13
19167,2017-07-25T18:45:00,71.85
19168,2017-07-25T19:05:00,60.41
19169,2017-07-25T19:25:00,43.4
19170,2017-07-25T19:45:00,18.96
19171,2017-07-25T20:05:00,4.5
19172,2017-07-25T20:25:00,0.59
19173,2017-07-25T20:50:00,0
19174,2017-07-25T21:10:00,0
19175,2017-07-25T21:30:00,0
19176,2017-07-25T21:50:00,0
19177,2017-07-25T22:10:00,0
19178,2017-07-25T22:30:00,0
19179,2017-07-25T22:50:00,0
19180,2017-07-25T23:10:00,0
19181,2017-07-25T23:30:00,0
19182,2017-07-25T23:50:00,0
19183,2017-07-26T00:10:00,0
19184,2017-07-26T00:30:00,0
19185,2017-07-26T00:50:00,0
19186,2017-07-26T01:10:00,0
19187,2017-07-26T01:30:00,0
19188,2017-07-26T01:50:00,0
19189,2017-07-26T02:10:00,0.78
19190,2017-07-26T02:30:00,5.67
19191,2017-07-26T02:50:00,26.2
19192,2017-07-26T03:10:00,58.36
19193,2017-07-26T03:30:00,76.83
19194,2017-07-26T03:50:00,82.5
19195,2017-07-26T04:10:00,85.34
19196,2017-07-26T04:30:00,87.49
19197,2017-07-26T04:50:00,88.37
19198,2017-07-26T05:10:00,90.52
19199,2017-07-26T05:30:00,90.81
19200,2017-07-26T05:50:00,92.86
19201,2017-07-26T06:10:00,94.53
19202,2017-07-26T06:30:00,95.5
19203,2017-07-26T06:50:00,96.28
19204,2017-07-26T07:10:00,96.28
19205,2017-07-26T07:30:00,96.48
19206,2017-07-26T07:55:00,96.48
19207,2017-07-26T08:15:00,97.95
19208,2017-07-26T08:35:00,97.85
19209,2017-07-26T08:55:00,98.04
19210,2017-07-26T09:15:00,97.95
19211,2017-07-26T09:35:00,97.56
19212,2017-07-26T09:55:00,97.85
19213,2017-07-26T10:15:00,97.75
19214,2017-07-26T10:35:00,97.65
19215,2017-07-26T10:55:00,97.65
19216,2017-07-26T11:15:00,97.56
19217,2017-07-26T11:35:00,97.56
19218,2017-07-26T11:55:00,97.56
19219,2017-07-26T12:15:00,97.26
19220,2017-07-26T12:35:00,97.07
19221,2017-07-26T12:55:00,95.21
19222,2017-07-26T13:15:00,96.68
19223,2017-07-26T13:35:00,95.6
19224,2017-07-26T13:55:00,96.58
19225,2017-07-26T14:15:00,96.28
19226,2017-07-26T14:35:00,95.99
19227,2017-07-26T14:55:00,96.58
19228,2017-07-26T15:15:00,93.94
19229,2017-07-26T15:35:00,93.16
19230,2017-07-26T15:55:00,93.65
19231,2017-07-26T16:15:00,92.77
19232,2017-07-26T16:35:00,92.57
19233,2017-07-26T16:55:00,91.3
19234,2017-07-26T17:15:00,90.42
19235,2017-07-26T17:35:00,91.2
19236,2017-07-26T17:55:00,91.3
19237,2017-07-26T18:15:00,87.98
19238,2017-07-26T18:35:00,83.58
19239,2017-07-26T18:55:00,76.93
19240,2017-07-26T19:20:00,56.01
19241,2017-07-26T19:40:00,39.3
19242,2017-07-26T20:00:00,12.51
19243,2017-07-26T20:20:00,1.76
19244,2017-07-26T20:40:00,0.1
19245,2017-07-26T21:00:00,0
19246,2017-07-26T21:20:00,0
19247,2017-07-26T21:40:00,0
19248,2017-07-26T22:00:00,0
19249,2017-07-26T22:20:00,0
19250,2017-07-26T22:40:00,0
19251,2017-07-26T23:00:00,0
19252,2017-07-26T23:20:00,0
19253,2017-07-26T23:40:00,0
19254,2017-07-27T00:00:00,0
19255,2017-07-27T00:20:00,0
19256,2017-07-27T00:40:00,0
19257,2017-07-27T01:00:00,0
19258,2017-07-27T01:20:00,0
19259,2017-07-27T01:40:00,0
19260,2017-07-27T02:00:00,0.39
19261,2017-07-27T02:20:00,2.64
19262,2017-07-27T02:40:00,13.68
19263,2017-07-27T03:00:00,44.38
19264,2017-07-27T03:20:00,72.63
19265,2017-07-27T03:40:00,78.2
19266,2017-07-27T04:00:00,79.37
19267,2017-07-27T04:20:00,82.8
19268,2017-07-27T04:40:00,89.83
19269,2017-07-27T05:00:00,90.42
19270,2017-07-27T05:20:00,92.47
19271,2017-07-27T05:40:00,90.91
19272,2017-07-27T06:00:00,92.96
19273,2017-07-27T06:20:00,94.82
19274,2017-07-27T06:45:00,94.72
19275,2017-07-27T07:05:00,91.01
19276,2017-07-27T07:25:00,91.79
19277,2017-07-27T07:45:00,93.45
19278,2017-07-27T08:05:00,92.67
19279,2017-07-27T08:25:00,93.35
19280,2017-07-27T08:45:00,93.94
19281,2017-07-27T09:05:00,92.57
19282,2017-07-27T09:25:00,92.28
19283,2017-07-27T09:45:00,89.74
19284,2017-07-27T10:05:00,89.64
19285,2017-07-27T10:25:00,89.25
19286,2017-07-27T10:45:00,83.68
19287,2017-07-27T11:05:00,93.65
19288,2017-07-27T11:25:00,95.99
19289,2017-07-27T11:45:00,96.28
19290,2017-07-27T12:05:00,95.99
19291,2017-07-27T12:25:00,95.5
19292,2017-07-27T12:45:00,95.8
19293,2017-07-27T13:05:00,95.5
19294,2017-07-27T13:25:00,96.28
19295,2017-07-27T13:45:00,95.8
19296,2017-07-27T14:05:00,95.99
19297,2017-07-27T14:25:00,95.31
19298,2017-07-27T14:45:00,95.02
19299,2017-07-27T15:05:00,95.02
19300,2017-07-27T15:25:00,94.14
19301,2017-07-27T15:45:00,93.45
19302,2017-07-27T16:05:00,93.65
19303,2017-07-27T16:25:00,92.96
19304,2017-07-27T16:45:00,92.08
19305,2017-07-27T17:05:00,90.03
19306,2017-07-27T17:25:00,87.88
19307,2017-07-27T17:45:00,84.46
19308,2017-07-27T18:10:00,80.35
19309,2017-07-27T18:30:00,80.06
19310,2017-07-27T18:50:00,70.77
19311,2017-07-27T19:10:00,61.19
19312,2017-07-27T19:30:00,43.5
19313,2017-07-27T19:50:00,21.41
19314,2017-07-27T20:10:00,3.72
19315,2017-07-27T20:30:00,0.39
19316,2017-07-27T20:50:00,0
19317,2017-07-27T21:10:00,0
19318,2017-07-27T21:30:00,0
19319,2017-07-27T21:50:00,0
19320,2017-07-27T22:10:00,0
19321,2017-07-27T22:30:00,0
19322,2017-07-27T22:50:00,0
19323,2017-07-27T23:10:00,0
19324,2017-07-27T23:30:00,0
19325,2017-07-27T23:50:00,0
19326,2017-07-28T00:10:00,0
19327,2017-07-28T00:30:00,0
19328,2017-07-28T00:50:00,0
19329,2017-07-28T01:10:00,0
19330,2017-07-28T01:30:00,0
19331,2017-07-28T01:50:00,0.2
19332,2017-07-28T02:10:00,1.56
19333,2017-07-28T02:30:00,9.87
19334,2017-07-28T02:50:00,38.02
19335,2017-07-28T03:10:00,65.4
19336,2017-07-28T03:30:00,82.11
19337,2017-07-28T03:50:00,86.9
19338,2017-07-28T04:10:00,90.13
19339,2017-07-28T04:30:00,92.18
19340,2017-07-28T04:50:00,97.16
19341,2017-07-28T05:10:00,97.46
19342,2017-07-28T05:35:00,97.56
19343,2017-07-28T05:55:00,97.75
19344,2017-07-28T06:15:00,97.85
19345,2017-07-28T06:35:00,95.31
19346,2017-07-28T06:55:00,97.75
19347,2017-07-28T07:15:00,98.04
19348,2017-07-28T07:35:00,97.26
19349,2017-07-28T07:55:00,98.04
19350,2017-07-28T08:15:00,96.77
19351,2017-07-28T08:35:00,96.48
19352,2017-07-28T08:55:00,96.87
19353,2017-07-28T09:15:00,93.94
19354,2017-07-28T09:35:00,96.19
19355,2017-07-28T09:55:00,95.99
19356,2017-07-28T10:15:00,96.48
19357,2017-07-28T10:35:00,97.65
19358,2017-07-28T10:55:00,97.16
19359,2017-07-28T11:15:00,95.89
19360,2017-07-28T11:35:00,93.94
19361,2017-07-28T11:55:00,97.16
19362,2017-07-28T12:15:00,96.77
19363,2017-07-28T12:35:00,93.65
19364,2017-07-28T12:55:00,95.02
19365,2017-07-28T13:15:00,95.89
19366,2017-07-28T13:35:00,95.6
19367,2017-07-28T13:55:00,95.99
19368,2017-07-28T14:15:00,96.48
19369,2017-07-28T14:35:00,95.99
19370,2017-07-28T14:55:00,95.41
19371,2017-07-28T15:15:00,94.72
19372,2017-07-28T15:35:00,94.23
19373,2017-07-28T15:55:00,94.43
19374,2017-07-28T16:15:00,93.16
19375,2017-07-28T16:40:00,91.3
19376,2017-07-28T17:00:00,91.4
19377,2017-07-28T17:20:00,90.52
19378,2017-07-28T17:40:00,86.61
19379,2017-07-28T18:00:00,86.9
19380,2017-07-28T18:20:00,85.44
19381,2017-07-28T18:40:00,82.5
19382,2017-07-28T19:00:00,78.79
19383,2017-07-28T19:20:00,66.57
19384,2017-07-28T19:40:00,37.34
19385,2017-07-28T20:00:00,8.99
19386,2017-07-28T21:00:00,0
19387,2017-07-28T21:20:00,0
19388,2017-07-28T21:40:00,0
19389,2017-07-28T22:00:00,0
19390,2017-07-28T22:20:00,0
19391,2017-07-28T22:40:00,0
19392,2017-07-28T23:00:00,0
19393,2017-07-28T23:20:00,0
19394,2017-07-28T23:40:00,0
19395,2017-07-29T00:00:00,0
19396,2017-07-29T00:20:00,0
19397,2017-07-29T00:40:00,0
19398,2017-07-29T01:00:00,0
19399,2017-07-29T01:20:00,0
19400,2017-07-29T01:40:00,0
19401,2017-07-29T02:00:00,0.29
19402,2017-07-29T02:20:00,1.47
19403,2017-07-29T02:40:00,8.31
19404,2017-07-29T03:00:00,22.78
19405,2017-07-29T03:20:00,42.52
19406,2017-07-29T03:40:00,63.24
19407,2017-07-29T04:05:00,66.47
19408,2017-07-29T04:25:00,80.16
19409,2017-07-29T04:45:00,78.2
19410,2017-07-29T05:05:00,75.86
19411,2017-07-29T05:25:00,86.41
19412,2017-07-29T05:45:00,84.36
19413,2017-07-29T06:05:00,86.12
19414,2017-07-29T06:25:00,90.62
19415,2017-07-29T06:45:00,90.13
19416,2017-07-29T07:05:00,89.93
19417,2017-07-29T07:25:00,91.3
19418,2017-07-29T07:45:00,90.32
19419,2017-07-29T08:05:00,91.79
19420,2017-07-29T08:25:00,94.14
19421,2017-07-29T08:45:00,92.38
19422,2017-07-29T09:05:00,94.62
19423,2017-07-29T09:25:00,94.72
19424,2017-07-29T09:45:00,94.53
19425,2017-07-29T10:05:00,92.47
19426,2017-07-29T10:25:00,94.23
19427,2017-07-29T10:45:00,95.5
19428,2017-07-29T11:05:00,94.14
19429,2017-07-29T11:25:00,93.16
19430,2017-07-29T11:45:00,96.28
19431,2017-07-29T12:05:00,94.23
19432,2017-07-29T12:25:00,96.68
19433,2017-07-29T12:45:00,96.97
19434,2017-07-29T13:05:00,94.82
19435,2017-07-29T13:25:00,96.28
19436,2017-07-29T13:45:00,96.58
19437,2017-07-29T14:05:00,95.89
19438,2017-07-29T14:25:00,94.92
19439,2017-07-29T14:45:00,94.53
19440,2017-07-29T15:05:00,94.53
19441,2017-07-29T15:30:00,93.84
19442,2017-07-29T15:50:00,92.77
19443,2017-07-29T16:10:00,93.84
19444,2017-07-29T16:30:00,93.06
19445,2017-07-29T16:50:00,92.96
19446,2017-07-29T17:10:00,93.55
19447,2017-07-29T17:30:00,93.06
19448,2017-07-29T17:50:00,92.08
19449,2017-07-29T18:10:00,89.83
19450,2017-07-29T18:30:00,87.98
19451,2017-07-29T18:50:00,81.62
19452,2017-07-29T19:10:00,69.6
19453,2017-07-29T19:30:00,51.61
19454,2017-07-29T19:50:00,15.64
19455,2017-07-29T20:10:00,2.35
19456,2017-07-29T20:30:00,0.2
19457,2017-07-29T20:50:00,0
19458,2017-07-29T21:10:00,0
19459,2017-07-29T21:30:00,0
19460,2017-07-29T21:50:00,0
19461,2017-07-29T22:10:00,0
19462,2017-07-29T22:30:00,0
19463,2017-07-29T22:50:00,0
19464,2017-07-29T23:10:00,0
19465,2017-07-29T23:30:00,0
19466,2017-07-29T23:50:00,0
19467,2017-07-30T00:10:00,0
19468,2017-07-30T00:30:00,0
19469,2017-07-30T00:50:00,0
19470,2017-07-30T01:10:00,0
19471,2017-07-30T01:30:00,0
19472,2017-07-30T01:50:00,0
19473,2017-07-30T02:10:00,0.2
19474,2017-07-30T02:30:00,1.96
19475,2017-07-30T02:55:00,8.21
19476,2017-07-30T03:15:00,26.39
19477,2017-07-30T03:35:00,39.78
19478,2017-07-30T03:55:00,46.82
19479,2017-07-30T04:15:00,72.73
19480,2017-07-30T04:35:00,80.06
19481,2017-07-30T04:55:00,82.99
19482,2017-07-30T05:15:00,86.61
19483,2017-07-30T05:35:00,85.44
19484,2017-07-30T05:55:00,87.78
19485,2017-07-30T06:15:00,81.53
19486,2017-07-30T06:35:00,83.77
19487,2017-07-30T06:55:00,85.83
19488,2017-07-30T07:15:00,85.14
19489,2017-07-30T07:35:00,90.62
19490,2017-07-30T07:55:00,95.7
19491,2017-07-30T08:15:00,91.69
19492,2017-07-30T08:35:00,88.56
19493,2017-07-30T08:55:00,87.29
19494,2017-07-30T09:15:00,82.8
19495,2017-07-30T09:35:00,79.86
19496,2017-07-30T09:55:00,53.76
19497,2017-07-30T10:15:00,81.43
19498,2017-07-30T10:35:00,87.68
19499,2017-07-30T10:55:00,96.48
19500,2017-07-30T11:15:00,94.92
19501,2017-07-30T11:35:00,95.99
19502,2017-07-30T11:55:00,95.31
19503,2017-07-30T12:15:00,95.7
19504,2017-07-30T12:35:00,97.07
19505,2017-07-30T12:55:00,96.09
19506,2017-07-30T13:15:00,95.6
19507,2017-07-30T13:35:00,96.58
19508,2017-07-30T13:55:00,91.79
19509,2017-07-30T14:20:00,96.19
19510,2017-07-30T14:40:00,95.99
19511,2017-07-30T15:00:00,97.07
19512,2017-07-30T15:20:00,95.31
19513,2017-07-30T15:40:00,95.02
19514,2017-07-30T16:00:00,94.53
19515,2017-07-30T16:20:00,93.74
19516,2017-07-30T16:40:00,91.69
19517,2017-07-30T17:00:00,92.28
19518,2017-07-30T17:20:00,92.67
19519,2017-07-30T17:40:00,91.3
19520,2017-07-30T18:00:00,91.79
19521,2017-07-30T18:20:00,90.13
19522,2017-07-30T18:40:00,85.44
19523,2017-07-30T19:00:00,79.76
19524,2017-07-30T19:20:00,65
19525,2017-07-30T19:40:00,31.96
19526,2017-07-30T20:00:00,5.77
19527,2017-07-30T20:20:00,0.68
19528,2017-07-30T20:40:00,0
19529,2017-07-30T21:00:00,0
19530,2017-07-30T21:20:00,0
19531,2017-07-30T21:40:00,0
19532,2017-07-30T22:00:00,0
19533,2017-07-30T22:20:00,0
19534,2017-07-30T22:40:00,0
19535,2017-07-30T23:00:00,0
19536,2017-07-30T23:20:00,0
19537,2017-07-30T23:40:00,0
19538,2017-07-31T00:00:00,0
19539,2017-07-31T00:20:00,0
19540,2017-07-31T00:40:00,0
19541,2017-07-31T01:00:00,0
19542,2017-07-31T01:25:00,0
19543,2017-07-31T01:45:00,0
19544,2017-07-31T02:05:00,0.1
19545,2017-07-31T02:25:00,1.96
19546,2017-07-31T02:45:00,11.83
19547,2017-07-31T03:05:00,36.66
19548,2017-07-31T03:25:00,62.95
19549,2017-07-31T03:45:00,82.8
19550,2017-07-31T04:05:00,87.78
19551,2017-07-31T04:25:00,90.03
19552,2017-07-31T04:45:00,96.87
19553,2017-07-31T05:05:00,97.26
19554,2017-07-31T05:25:00,97.56
19555,2017-07-31T05:45:00,97.65
19556,2017-07-31T06:05:00,97.85
19557,2017-07-31T06:25:00,97.75
19558,2017-07-31T06:45:00,94.92
19559,2017-07-31T07:05:00,97.07
19560,2017-07-31T07:25:00,95.02
19561,2017-07-31T07:45:00,95.5
19562,2017-07-31T08:05:00,94.82
19563,2017-07-31T08:25:00,94.33
19564,2017-07-31T08:45:00,95.31
19565,2017-07-31T09:05:00,93.94
19566,2017-07-31T09:25:00,98.04
19567,2017-07-31T09:45:00,97.36
19568,2017-07-31T10:05:00,96.28
19569,2017-07-31T10:25:00,97.85
19570,2017-07-31T10:45:00,95.8
19571,2017-07-31T11:05:00,97.75
19572,2017-07-31T11:25:00,94.53
19573,2017-07-31T11:45:00,92.86
19574,2017-07-31T12:05:00,97.46
19575,2017-07-31T12:25:00,95.31
19576,2017-07-31T12:50:00,95.6
19577,2017-07-31T13:10:00,93.35
19578,2017-07-31T13:30:00,94.72
19579,2017-07-31T13:50:00,96.68
19580,2017-07-31T14:10:00,94.92
19581,2017-07-31T14:30:00,95.41
19582,2017-07-31T14:50:00,96.97
19583,2017-07-31T15:10:00,97.46
19584,2017-07-31T15:30:00,94.53
19585,2017-07-31T15:50:00,94.14
19586,2017-07-31T16:10:00,92.96
19587,2017-07-31T16:30:00,93.26
19588,2017-07-31T16:50:00,92.57
19589,2017-07-31T17:10:00,91.79
19590,2017-07-31T17:30:00,91.4
19591,2017-07-31T17:50:00,91.2
19592,2017-07-31T18:10:00,90.22
19593,2017-07-31T18:30:00,88.27
19594,2017-07-31T18:50:00,82.8
19595,2017-07-31T19:10:00,71.85
19596,2017-07-31T19:30:00,46.92
19597,2017-07-31T19:50:00,12.51
19598,2017-07-31T20:10:00,1.66
19599,2017-07-31T20:30:00,0.1
19600,2017-07-31T20:50:00,0
19601,2017-07-31T21:10:00,0
19602,2017-07-31T21:30:00,0
19603,2017-07-31T21:50:00,0
19604,2017-07-31T22:10:00,0
19605,2017-07-31T22:30:00,0
19606,2017-07-31T22:50:00,0
19607,2017-07-31T23:10:00,0
19608,2017-07-31T23:30:00,0
19609,2017-07-31T23:50:00,0
19610,2017-08-01T00:15:00,0
19611,2017-08-01T00:35:00,0
19612,2017-08-01T00:55:00,0
19613,2017-08-01T01:15:00,0
19614,2017-08-01T01:35:00,0
19615,2017-08-01T01:55:00,0
19616,2017-08-01T02:15:00,0.59
19617,2017-08-01T02:35:00,4.2
19618,2017-08-01T02:55:00,22.29
19619,2017-08-01T03:15:00,49.95
19620,2017-08-01T03:35:00,70.97
19621,2017-08-01T03:55:00,83.19
19622,2017-08-01T04:15:00,90.91
19623,2017-08-01T04:35:00,92.28
19624,2017-08-01T04:55:00,96.77
19625,2017-08-01T05:15:00,96.19
19626,2017-08-01T05:35:00,97.65
19627,2017-08-01T05:55:00,97.75
19628,2017-08-01T06:15:00,97.85
19629,2017-08-01T06:35:00,97.95
19630,2017-08-01T06:55:00,97.95
19631,2017-08-01T07:15:00,98.04
19632,2017-08-01T07:35:00,97.95
19633,2017-08-01T07:55:00,97.85
19634,2017-08-01T08:15:00,97.85
19635,2017-08-01T08:35:00,97.85
19636,2017-08-01T08:55:00,97.85
19637,2017-08-01T09:15:00,97.85
19638,2017-08-01T09:35:00,97.75
19639,2017-08-01T09:55:00,97.75
19640,2017-08-01T10:15:00,97.46
19641,2017-08-01T10:35:00,97.46
19642,2017-08-01T10:55:00,97.36
19643,2017-08-01T11:15:00,97.56
19644,2017-08-01T11:40:00,97.56
19645,2017-08-01T12:00:00,97.56
19646,2017-08-01T12:20:00,97.26
19647,2017-08-01T12:40:00,96.77
19648,2017-08-01T13:00:00,96.58
19649,2017-08-01T13:20:00,96.19
19650,2017-08-01T13:40:00,94.43
19651,2017-08-01T14:00:00,94.14
19652,2017-08-01T14:20:00,93.06
19653,2017-08-01T14:40:00,92.77
19654,2017-08-01T15:00:00,93.16
19655,2017-08-01T15:20:00,92.57
19656,2017-08-01T15:40:00,91.3
19657,2017-08-01T16:00:00,88.86
19658,2017-08-01T16:20:00,91.2
19659,2017-08-01T16:40:00,92.28
19660,2017-08-01T17:00:00,91.4
19661,2017-08-01T17:20:00,90.22
19662,2017-08-01T17:40:00,90.71
19663,2017-08-01T18:00:00,90.42
19664,2017-08-01T18:20:00,82.7
19665,2017-08-01T18:40:00,69.11
19666,2017-08-01T19:00:00,33.04
19667,2017-08-01T19:20:00,19.06
19668,2017-08-01T19:40:00,4.3
19669,2017-08-01T20:00:00,0.39
19670,2017-08-01T20:20:00,0
19671,2017-08-01T20:40:00,0
19672,2017-08-01T21:00:00,0
19673,2017-08-01T21:20:00,0
19674,2017-08-01T21:40:00,0
19675,2017-08-01T22:00:00,0
19676,2017-08-01T22:20:00,0
19677,2017-08-01T22:40:00,0
19678,2017-08-01T23:05:00,0
19679,2017-08-01T23:25:00,0
19680,2017-08-01T23:45:00,0
19681,2017-08-02T00:05:00,0
19682,2017-08-02T00:25:00,0
19683,2017-08-02T00:45:00,0
19684,2017-08-02T01:05:00,0
19685,2017-08-02T01:25:00,0
19686,2017-08-02T01:45:00,0
19687,2017-08-02T02:05:00,0.1
19688,2017-08-02T02:25:00,1.86
19689,2017-08-02T02:45:00,13.68
19690,2017-08-02T03:05:00,44.28
19691,2017-08-02T03:25:00,73.61
19692,2017-08-02T03:45:00,85.04
19693,2017-08-02T04:05:00,88.07
19694,2017-08-02T04:25:00,92.38
19695,2017-08-02T04:45:00,95.41
19696,2017-08-02T05:05:00,96.87
19697,2017-08-02T05:25:00,97.07
19698,2017-08-02T05:45:00,97.46
19699,2017-08-02T06:05:00,97.46
19700,2017-08-02T06:25:00,97.75
19701,2017-08-02T06:45:00,97.26
19702,2017-08-02T07:05:00,97.85
19703,2017-08-02T07:25:00,97.75
19704,2017-08-02T07:45:00,98.04
19705,2017-08-02T08:05:00,97.95
19706,2017-08-02T08:25:00,95.8
19707,2017-08-02T08:45:00,89.93
19708,2017-08-02T09:05:00,90.22
19709,2017-08-02T09:25:00,94.53
19710,2017-08-02T09:45:00,96.48
19711,2017-08-02T10:10:00,96.97
19712,2017-08-02T10:30:00,97.95
19713,2017-08-02T10:50:00,97.16
19714,2017-08-02T11:10:00,97.85
19715,2017-08-02T11:30:00,96.48
19716,2017-08-02T12:30:00,95.7
19717,2017-08-02T12:50:00,94.82
19718,2017-08-02T13:10:00,95.31
19719,2017-08-02T13:30:00,94.62
19720,2017-08-02T13:50:00,95.7
19721,2017-08-02T14:10:00,93.84
19722,2017-08-02T14:30:00,93.55
19723,2017-08-02T14:50:00,96.19
19724,2017-08-02T15:10:00,94.14
19725,2017-08-02T15:30:00,93.84
19726,2017-08-02T15:50:00,92.67
19727,2017-08-02T16:10:00,91.59
19728,2017-08-02T16:30:00,85.92
19729,2017-08-02T16:50:00,92.38
19730,2017-08-02T17:10:00,89.93
19731,2017-08-02T17:30:00,90.13
19732,2017-08-02T17:50:00,89.05
19733,2017-08-02T18:10:00,85.44
19734,2017-08-02T18:30:00,79.47
19735,2017-08-02T18:50:00,73.61
19736,2017-08-02T19:10:00,52.1
19737,2017-08-02T19:30:00,23.66
19738,2017-08-02T19:50:00,4.89
19739,2017-08-02T20:10:00,0.49
19740,2017-08-02T20:30:00,0
19741,2017-08-02T20:50:00,0
19742,2017-08-02T21:10:00,0
19743,2017-08-02T21:35:00,0
19744,2017-08-02T21:55:00,0
19745,2017-08-02T22:15:00,0
19746,2017-08-02T22:35:00,0
19747,2017-08-02T22:55:00,0
19748,2017-08-02T23:15:00,0
19749,2017-08-02T23:35:00,0
19750,2017-08-02T23:55:00,0
19751,2017-08-03T00:15:00,0
19752,2017-08-03T00:35:00,0
19753,2017-08-03T00:55:00,0
19754,2017-08-03T01:15:00,0
19755,2017-08-03T01:35:00,0
19756,2017-08-03T01:55:00,0
19757,2017-08-03T02:15:00,0.1
19758,2017-08-03T02:35:00,0.98
19759,2017-08-03T02:55:00,5.47
19760,2017-08-03T03:15:00,27.76
19761,2017-08-03T03:35:00,48.19
19762,2017-08-03T03:55:00,49.95
19763,2017-08-03T04:15:00,48.09
19764,2017-08-03T04:35:00,60.8
19765,2017-08-03T04:55:00,61.78
19766,2017-08-03T05:15:00,67.84
19767,2017-08-03T05:35:00,68.43
19768,2017-08-03T05:55:00,68.82
19769,2017-08-03T06:15:00,72.53
19770,2017-08-03T06:35:00,79.76
19771,2017-08-03T06:55:00,90.81
19772,2017-08-03T07:15:00,88.07
19773,2017-08-03T07:35:00,89.93
19774,2017-08-03T07:55:00,87.88
19775,2017-08-03T08:15:00,84.26
19776,2017-08-03T08:35:00,85.34
19777,2017-08-03T09:00:00,88.17
19778,2017-08-03T09:20:00,88.46
19779,2017-08-03T09:40:00,91.59
19780,2017-08-03T10:00:00,91.5
19781,2017-08-03T10:20:00,93.45
19782,2017-08-03T10:40:00,89.74
19783,2017-08-03T11:00:00,93.06
19784,2017-08-03T11:20:00,92.18
19785,2017-08-03T11:40:00,93.35
19786,2017-08-03T12:00:00,93.16
19787,2017-08-03T12:20:00,93.06
19788,2017-08-03T12:40:00,95.41
19789,2017-08-03T13:00:00,95.7
19790,2017-08-03T13:20:00,95.31
19791,2017-08-03T13:40:00,94.62
19792,2017-08-03T14:00:00,96.87
19793,2017-08-03T14:20:00,93.35
19794,2017-08-03T14:40:00,94.04
19795,2017-08-03T15:00:00,96.97
19796,2017-08-03T15:20:00,94.53
19797,2017-08-03T15:40:00,93.35
19798,2017-08-03T16:00:00,93.16
19799,2017-08-03T16:20:00,89.93
19800,2017-08-03T16:40:00,92.38
19801,2017-08-03T17:00:00,91.01
19802,2017-08-03T17:20:00,89.64
19803,2017-08-03T17:40:00,89.15
19804,2017-08-03T18:00:00,87
19805,2017-08-03T18:20:00,86.32
19806,2017-08-03T18:40:00,74.29
19807,2017-08-03T19:00:00,46.53
19808,2017-08-03T19:20:00,40.18
19809,2017-08-03T19:40:00,6.65
19810,2017-08-03T20:00:00,0.1
19811,2017-08-03T20:25:00,0
19812,2017-08-03T20:45:00,0
19813,2017-08-03T21:05:00,0
19814,2017-08-03T21:25:00,0
19815,2017-08-03T21:45:00,0
19816,2017-08-03T22:05:00,0
19817,2017-08-03T22:25:00,0
19818,2017-08-03T22:45:00,0
19819,2017-08-03T23:05:00,0
19820,2017-08-03T23:25:00,0
19821,2017-08-03T23:45:00,0
19822,2017-08-04T00:05:00,0
19823,2017-08-04T00:25:00,0
19824,2017-08-04T00:45:00,0
19825,2017-08-04T01:05:00,0
19826,2017-08-04T01:25:00,0
19827,2017-08-04T01:45:00,0
19828,2017-08-04T02:05:00,0
19829,2017-08-04T02:25:00,0.78
19830,2017-08-04T02:45:00,9.19
19831,2017-08-04T03:05:00,41.74
19832,2017-08-04T03:25:00,68.82
19833,2017-08-04T03:45:00,82.99
19834,2017-08-04T04:05:00,88.56
19835,2017-08-04T04:25:00,89.54
19836,2017-08-04T04:45:00,90.71
19837,2017-08-04T05:05:00,91.59
19838,2017-08-04T05:25:00,90.42
19839,2017-08-04T05:45:00,96.87
19840,2017-08-04T06:05:00,93.94
19841,2017-08-04T06:25:00,94.92
19842,2017-08-04T06:45:00,95.02
19843,2017-08-04T07:05:00,95.31
19844,2017-08-04T07:25:00,96.28
19845,2017-08-04T07:50:00,95.31
19846,2017-08-04T08:10:00,96.68
19847,2017-08-04T08:30:00,95.7
19848,2017-08-04T08:50:00,96.97
19849,2017-08-04T09:10:00,95.7
19850,2017-08-04T09:30:00,94.53
19851,2017-08-04T09:50:00,97.95
19852,2017-08-04T10:10:00,95.89
19853,2017-08-04T10:30:00,95.6
19854,2017-08-04T10:50:00,95.99
19855,2017-08-04T11:10:00,95.31
19856,2017-08-04T11:30:00,92.28
19857,2017-08-04T11:50:00,96.38
19858,2017-08-04T12:10:00,95.21
19859,2017-08-04T12:30:00,97.26
19860,2017-08-04T12:50:00,95.02
19861,2017-08-04T13:10:00,94.33
19862,2017-08-04T13:30:00,95.11
19863,2017-08-04T13:50:00,94.33
19864,2017-08-04T14:10:00,94.33
19865,2017-08-04T14:30:00,90.03
19866,2017-08-04T14:50:00,96.58
19867,2017-08-04T15:10:00,97.07
19868,2017-08-04T15:30:00,94.43
19869,2017-08-04T15:50:00,91.59
19870,2017-08-04T16:10:00,93.74
19871,2017-08-04T16:30:00,90.42
19872,2017-08-04T16:50:00,92.38
19873,2017-08-04T17:10:00,86.61
19874,2017-08-04T17:30:00,87.49
19875,2017-08-04T17:50:00,83.58
19876,2017-08-04T18:10:00,79.76
19877,2017-08-04T18:30:00,74.39
19878,2017-08-04T18:55:00,57.48
19879,2017-08-04T19:15:00,47.51
19880,2017-08-04T19:35:00,17.01
19881,2017-08-04T19:55:00,1.76
19882,2017-08-04T20:15:00,0.1
19883,2017-08-04T20:35:00,0
19884,2017-08-04T20:55:00,0
19885,2017-08-04T21:15:00,0
19886,2017-08-04T21:35:00,0
19887,2017-08-04T21:55:00,0
19888,2017-08-04T22:15:00,0
19889,2017-08-04T22:35:00,0
19890,2017-08-04T22:55:00,0
19891,2017-08-04T23:15:00,0
19892,2017-08-04T23:35:00,0
19893,2017-08-04T23:55:00,0
19894,2017-08-05T00:15:00,0
19895,2017-08-05T00:35:00,0
19896,2017-08-05T00:55:00,0
19897,2017-08-05T01:15:00,0
19898,2017-08-05T01:35:00,0
19899,2017-08-05T01:55:00,0
19900,2017-08-05T02:15:00,0.1
19901,2017-08-05T02:35:00,1.86
19902,2017-08-05T02:55:00,7.33
19903,2017-08-05T03:15:00,38.51
19904,2017-08-05T03:35:00,61.19
19905,2017-08-05T03:55:00,75.07
19906,2017-08-05T04:15:00,87.68
19907,2017-08-05T04:35:00,84.56
19908,2017-08-05T04:55:00,90.22
19909,2017-08-05T05:15:00,87.39
19910,2017-08-05T05:35:00,93.65
19911,2017-08-05T05:55:00,97.65
19912,2017-08-05T06:20:00,97.16
19913,2017-08-05T06:40:00,96.68
19914,2017-08-05T07:00:00,97.56
19915,2017-08-05T07:20:00,95.89
19916,2017-08-05T07:40:00,97.95
19917,2017-08-05T08:00:00,96.19
19918,2017-08-05T08:20:00,96.58
19919,2017-08-05T08:40:00,89.74
19920,2017-08-05T09:00:00,94.72
19921,2017-08-07T01:15:00,0
19922,2017-08-05T09:20:00,96.28
19923,2017-08-05T09:40:00,96.77
19924,2017-08-05T10:00:00,97.85
19925,2017-08-05T10:20:00,95.5
19926,2017-08-05T10:40:00,93.55
19927,2017-08-05T11:00:00,94.72
19928,2017-08-05T11:20:00,96.09
19929,2017-08-05T11:40:00,97.75
19930,2017-08-05T12:00:00,95.5
19931,2017-08-05T12:20:00,97.26
19932,2017-08-05T12:40:00,91.5
19933,2017-08-05T13:00:00,95.31
19934,2017-08-05T13:20:00,95.02
19935,2017-08-05T13:40:00,96.48
19936,2017-08-05T14:00:00,96.58
19937,2017-08-05T14:20:00,95.7
19938,2017-08-05T14:40:00,93.16
19939,2017-08-05T15:00:00,94.33
19940,2017-08-05T15:20:00,94.82
19941,2017-08-05T15:40:00,93.74
19942,2017-08-05T16:00:00,92.96
19943,2017-08-05T16:20:00,92.38
19944,2017-08-05T16:40:00,92.18
19945,2017-08-05T17:00:00,91.69
19946,2017-08-05T17:20:00,91.59
19947,2017-08-05T17:45:00,89.15
19948,2017-08-05T18:05:00,87.29
19949,2017-08-05T18:25:00,87
19950,2017-08-05T18:45:00,81.04
19951,2017-08-05T19:05:00,68.13
19952,2017-08-05T19:25:00,37.93
19953,2017-08-05T19:45:00,6.55
19954,2017-08-05T20:05:00,0.88
19955,2017-08-05T20:25:00,0
19956,2017-08-05T20:45:00,0
19957,2017-08-05T21:05:00,0
19958,2017-08-05T21:25:00,0
19959,2017-08-05T21:45:00,0
19960,2017-08-05T22:05:00,0
19961,2017-08-05T22:25:00,0
19962,2017-08-05T22:45:00,0
19963,2017-08-05T23:05:00,0
19964,2017-08-05T23:25:00,0
19965,2017-08-05T23:45:00,0
19966,2017-08-06T00:05:00,0
19967,2017-08-06T00:25:00,0
19968,2017-08-06T00:45:00,0
19969,2017-08-06T01:05:00,0
19970,2017-08-06T01:25:00,0
19971,2017-08-06T01:45:00,0
19972,2017-08-06T02:05:00,0
19973,2017-08-06T02:25:00,0.78
19974,2017-08-06T02:45:00,6.94
19975,2017-08-06T03:05:00,33.63
19976,2017-08-06T03:25:00,65.4
19977,2017-08-06T03:45:00,80.45
19978,2017-08-06T04:05:00,86.22
19979,2017-08-06T04:25:00,89.83
19980,2017-08-06T04:45:00,90.03
19981,2017-08-06T05:10:00,97.16
19982,2017-08-06T05:30:00,97.46
19983,2017-08-06T05:50:00,97.65
19984,2017-08-06T06:10:00,97.75
19985,2017-08-06T06:30:00,97.85
19986,2017-08-06T06:50:00,97.95
19987,2017-08-06T07:10:00,97.95
19988,2017-08-06T07:30:00,98.04
19989,2017-08-06T07:50:00,97.95
19990,2017-08-06T08:10:00,96.09
19991,2017-08-06T08:30:00,97.85
19992,2017-08-06T08:50:00,97.95
19993,2017-08-06T09:10:00,92.57
19994,2017-08-06T09:30:00,94.43
19995,2017-08-06T09:50:00,96.28
19996,2017-08-06T10:10:00,95.8
19997,2017-08-06T10:30:00,97.95
19998,2017-08-06T10:50:00,97.85
19999,2017-08-06T11:10:00,95.5
20000,2017-08-06T11:30:00,95.89
20001,2017-08-06T11:50:00,97.65
20002,2017-08-06T12:10:00,96.09
20003,2017-08-06T12:30:00,96.97
20004,2017-08-06T12:50:00,95.31
20005,2017-08-06T13:10:00,95.8
20006,2017-08-06T13:30:00,96.58
20007,2017-08-06T13:50:00,94.14
20008,2017-08-06T14:10:00,96.28
20009,2017-08-06T14:30:00,94.72
20010,2017-08-06T14:50:00,92.96
20011,2017-08-06T15:10:00,92.08
20012,2017-08-06T15:30:00,94.14
20013,2017-08-06T15:50:00,94.23
20014,2017-08-06T16:10:00,93.16
20015,2017-08-06T16:35:00,92.47
20016,2017-08-06T16:55:00,92.96
20017,2017-08-06T17:15:00,92.77
20018,2017-08-06T17:35:00,92.08
20019,2017-08-06T17:55:00,90.81
20020,2017-08-06T18:15:00,87.59
20021,2017-08-06T18:35:00,83.58
20022,2017-08-06T18:55:00,74.29
20023,2017-08-06T19:15:00,51.42
20024,2017-08-06T19:35:00,14.96
20025,2017-08-06T19:55:00,1.86
20026,2017-08-06T20:15:00,0.29
20027,2017-08-06T20:35:00,0.1
20028,2017-08-06T20:55:00,0.1
20029,2017-08-06T21:15:00,0.1
20030,2017-08-06T21:35:00,0.1
20031,2017-08-06T21:55:00,0.1
20032,2017-08-06T22:15:00,0.1
20033,2017-08-06T22:35:00,0
20034,2017-08-06T22:55:00,0
20035,2017-08-06T23:15:00,0
20036,2017-08-06T23:35:00,0.1
20037,2017-08-06T23:55:00,0
20038,2017-08-07T00:15:00,0
20039,2017-08-07T00:35:00,0
20040,2017-08-07T00:55:00,0
20041,2017-08-07T01:35:00,0
20042,2017-08-07T01:55:00,0
20043,2017-08-07T02:55:00,21.7
20044,2017-08-07T03:15:00,58.06
20045,2017-08-07T03:40:00,78.59
20046,2017-08-07T04:00:00,86.02
20047,2017-08-07T04:20:00,89.74
20048,2017-08-07T04:40:00,95.02
20049,2017-08-07T05:00:00,96.58
20050,2017-08-07T05:20:00,97.16
20051,2017-08-07T05:40:00,97.56
20052,2017-08-07T06:00:00,97.56
20053,2017-08-07T06:20:00,97.46
20054,2017-08-07T06:40:00,97.36
20055,2017-08-07T07:00:00,97.46
20056,2017-08-07T07:20:00,97.46
20057,2017-08-07T07:40:00,97.75
20058,2017-08-07T08:00:00,97.75
20059,2017-08-07T08:20:00,97.56
20060,2017-08-07T08:40:00,96.58
20061,2017-08-07T09:00:00,97.07
20062,2017-08-07T09:20:00,97.26
20063,2017-08-07T09:40:00,96.68
20064,2017-08-07T10:00:00,97.65
20065,2017-08-07T10:20:00,97.75
20066,2017-08-07T10:40:00,96.38
20067,2017-08-07T11:00:00,97.85
20068,2017-08-07T11:20:00,96.09
20069,2017-08-07T11:40:00,95.99
20070,2017-08-07T12:00:00,97.65
20071,2017-08-07T12:20:00,94.82
20072,2017-08-07T12:40:00,96.97
20073,2017-08-07T13:00:00,96.68
20074,2017-08-07T13:20:00,96.87
20075,2017-08-07T13:40:00,96.68
20076,2017-08-07T14:00:00,96.28
20077,2017-08-07T14:20:00,96.19
20078,2017-08-07T14:40:00,96.09
20079,2017-08-07T15:05:00,96.77
20080,2017-08-07T15:25:00,94.33
20081,2017-08-07T15:45:00,93.65
20082,2017-08-07T16:05:00,93.16
20083,2017-08-07T16:25:00,92.47
20084,2017-08-07T16:45:00,91.5
20085,2017-08-07T17:05:00,91.4
20086,2017-08-07T17:25:00,91.69
20087,2017-08-07T17:45:00,89.34
20088,2017-08-07T18:05:00,87.29
20089,2017-08-07T18:25:00,83.09
20090,2017-08-07T18:45:00,76.25
20091,2017-08-07T19:05:00,58.65
20092,2017-08-07T19:25:00,23.66
20093,2017-08-07T19:45:00,3.23
20094,2017-08-07T20:05:00,0.39
20095,2017-08-07T20:25:00,0.1
20096,2017-08-07T20:45:00,0.1
20097,2017-08-07T21:05:00,0.1
20098,2017-08-07T21:25:00,0.1
20099,2017-08-07T21:45:00,0.2
20100,2017-08-07T22:05:00,0.1
20101,2017-08-07T22:25:00,0.2
20102,2017-08-07T22:45:00,0.2
20103,2017-08-07T23:05:00,0.1
20104,2017-08-07T23:25:00,0.1
20105,2017-08-07T23:45:00,0.1
20106,2017-08-08T00:05:00,0
20107,2017-08-08T00:25:00,0
20108,2017-08-08T00:45:00,0
20109,2017-08-08T01:05:00,0
20110,2017-08-08T01:25:00,0
20111,2017-08-08T01:45:00,0
20112,2017-08-08T02:05:00,0
20113,2017-08-08T02:30:00,0.49
20114,2017-08-08T02:50:00,4.69
20115,2017-08-08T03:10:00,25.02
20116,2017-08-08T03:30:00,56.4
20117,2017-08-08T03:50:00,78.2
20118,2017-08-08T04:10:00,87.29
20119,2017-08-08T04:30:00,90.71
20120,2017-08-08T04:50:00,93.84
20121,2017-08-08T05:10:00,93.26
20122,2017-08-08T05:30:00,94.04
20123,2017-08-08T05:50:00,95.7
20124,2017-08-08T06:10:00,96.87
20125,2017-08-08T06:30:00,94.82
20126,2017-08-08T06:50:00,96.09
20127,2017-08-08T07:10:00,97.85
20128,2017-08-08T07:30:00,97.95
20129,2017-08-08T07:50:00,97.16
20130,2017-08-08T08:10:00,97.56
20131,2017-08-08T08:30:00,97.95
20132,2017-08-08T08:50:00,97.75
20133,2017-08-08T09:10:00,97.95
20134,2017-08-08T09:30:00,97.95
20135,2017-08-08T09:50:00,97.85
20136,2017-08-08T10:10:00,97.95
20137,2017-08-08T10:30:00,97.65
20138,2017-08-08T10:50:00,97.65
20139,2017-08-08T11:10:00,97.36
20140,2017-08-08T11:30:00,97.46
20141,2017-08-08T11:50:00,97.07
20142,2017-08-08T12:10:00,96.87
20143,2017-08-08T12:30:00,95.7
20144,2017-08-08T12:50:00,94.62
20145,2017-08-08T13:10:00,95.11
20146,2017-08-08T13:30:00,94.62
20147,2017-08-08T13:55:00,94.82
20148,2017-08-08T14:15:00,94.33
20149,2017-08-08T14:35:00,94.23
20150,2017-08-08T14:55:00,93.16
20151,2017-08-08T15:15:00,92.86
20152,2017-08-08T15:35:00,88.27
20153,2017-08-08T15:55:00,89.25
20154,2017-08-08T16:15:00,89.34
20155,2017-08-08T16:35:00,87.2
20156,2017-08-08T16:55:00,84.07
20157,2017-08-08T17:15:00,83.38
20158,2017-08-08T17:35:00,79.76
20159,2017-08-08T17:55:00,68.13
20160,2017-08-08T18:15:00,65.59
20161,2017-08-08T18:35:00,60.31
20162,2017-08-08T18:55:00,32.94
20163,2017-08-08T19:15:00,8.21
20164,2017-08-08T19:35:00,0.88
20165,2017-08-08T19:55:00,0
20166,2017-08-08T20:15:00,0
20167,2017-08-08T20:35:00,0
20168,2017-08-08T20:55:00,0
20169,2017-08-08T21:15:00,0
20170,2017-08-08T21:35:00,0
20171,2017-08-08T21:55:00,0
20172,2017-08-08T22:15:00,0
20173,2017-08-08T22:35:00,0
20174,2017-08-08T22:55:00,0
20175,2017-08-08T23:15:00,0
20176,2017-08-08T23:35:00,0
20177,2017-08-08T23:55:00,0
20178,2017-08-09T00:15:00,0
20179,2017-08-09T00:35:00,0
20180,2017-08-09T00:55:00,0
20181,2017-08-09T01:20:00,0
20182,2017-08-09T01:40:00,0
20183,2017-08-09T02:00:00,0
20184,2017-08-09T02:20:00,0
20185,2017-08-09T02:40:00,0.39
20186,2017-08-09T03:00:00,6.65
20187,2017-08-09T03:20:00,32.84
20188,2017-08-09T03:40:00,55.82
20189,2017-08-09T04:00:00,76.44
20190,2017-08-09T04:20:00,87.2
20191,2017-08-09T04:40:00,90.62
20192,2017-08-09T05:00:00,93.84
20193,2017-08-09T05:20:00,95.8
20194,2017-08-09T05:40:00,95.99
20195,2017-08-09T06:00:00,97.26
20196,2017-08-09T06:20:00,92.67
20197,2017-08-09T06:40:00,90.32
20198,2017-08-09T07:00:00,88.07
20199,2017-08-09T07:20:00,91.2
20200,2017-08-09T07:40:00,93.84
20201,2017-08-09T08:00:00,94.72
20202,2017-08-09T08:20:00,91.5
20203,2017-08-09T08:40:00,96.38
20204,2017-08-09T09:00:00,92.96
20205,2017-08-09T09:20:00,95.02
20206,2017-08-09T09:40:00,98.04
20207,2017-08-09T10:00:00,97.95
20208,2017-08-09T10:20:00,94.82
20209,2017-08-09T10:40:00,95.8
20210,2017-08-09T11:00:00,97.85
20211,2017-08-09T11:20:00,96.28
20212,2017-08-09T11:40:00,97.75
20213,2017-08-09T12:00:00,96.28
20214,2017-08-09T12:25:00,97.36
20215,2017-08-09T12:45:00,95.5
20216,2017-08-09T13:05:00,95.11
20217,2017-08-09T13:25:00,95.02
20218,2017-08-09T13:45:00,96.58
20219,2017-08-09T14:05:00,95.02
20220,2017-08-09T14:25:00,91.89
20221,2017-08-09T14:45:00,93.45
20222,2017-08-09T15:05:00,92.28
20223,2017-08-09T15:25:00,93.35
20224,2017-08-09T15:45:00,92.57
20225,2017-08-09T16:05:00,92.28
20226,2017-08-09T16:25:00,90.32
20227,2017-08-09T16:45:00,90.13
20228,2017-08-09T17:05:00,83.38
20229,2017-08-09T17:25:00,88.76
20230,2017-08-09T17:45:00,88.27
20231,2017-08-09T18:05:00,85.83
20232,2017-08-09T18:25:00,82.5
20233,2017-08-09T18:45:00,74.39
20234,2017-08-09T19:05:00,51.91
20235,2017-08-09T19:25:00,12.8
20236,2017-08-09T19:45:00,1.56
20237,2017-08-09T20:05:00,0
20238,2017-08-09T20:25:00,0
20239,2017-08-09T20:45:00,0
20240,2017-08-09T21:05:00,0
20241,2017-08-09T21:25:00,0
20242,2017-08-09T21:45:00,0
20243,2017-08-09T22:05:00,0
20244,2017-08-09T22:25:00,0
20245,2017-08-09T22:45:00,0
20246,2017-08-09T23:05:00,0
20247,2017-08-09T23:25:00,0
20248,2017-08-09T23:50:00,0
20249,2017-08-10T00:10:00,0
20250,2017-08-10T00:30:00,0.1
20251,2017-08-10T00:50:00,0
20252,2017-08-10T01:10:00,0
20253,2017-08-10T01:30:00,0
20254,2017-08-10T01:50:00,0.2
20255,2017-08-10T02:10:00,0
20256,2017-08-10T02:30:00,0.2
20257,2017-08-10T02:50:00,1.56
20258,2017-08-10T03:10:00,21.31
20259,2017-08-10T03:30:00,57.67
20260,2017-08-10T03:50:00,76.54
20261,2017-08-10T04:10:00,83.19
20262,2017-08-10T04:30:00,88.86
20263,2017-08-10T04:50:00,88.27
20264,2017-08-10T05:10:00,89.54
20265,2017-08-10T05:30:00,88.76
20266,2017-08-10T05:50:00,93.55
20267,2017-08-10T06:10:00,92.28
20268,2017-08-10T06:30:00,97.85
20269,2017-08-10T06:50:00,95.5
20270,2017-08-10T07:10:00,96.19
20271,2017-08-10T07:30:00,94.43
20272,2017-08-10T07:50:00,96.87
20273,2017-08-10T08:10:00,96.48
20274,2017-08-10T08:30:00,95.99
20275,2017-08-10T08:50:00,96.68
20276,2017-08-10T09:10:00,97.26
20277,2017-08-10T09:30:00,97.95
20278,2017-08-10T09:50:00,96.19
20279,2017-08-10T10:10:00,97.75
20280,2017-08-10T10:30:00,97.07
20281,2017-08-10T10:50:00,96.19
20282,2017-08-10T11:15:00,97.75
20283,2017-08-10T11:35:00,97.65
20284,2017-08-10T11:55:00,96.38
20285,2017-08-10T12:15:00,95.8
20286,2017-08-10T12:35:00,97.26
20287,2017-08-10T12:55:00,96.87
20288,2017-08-10T13:15:00,96.68
20289,2017-08-10T13:35:00,96.58
20290,2017-08-10T13:55:00,96.28
20291,2017-08-10T14:15:00,96.09
20292,2017-08-10T14:35:00,95.8
20293,2017-08-10T14:55:00,96.58
20294,2017-08-10T15:15:00,97.46
20295,2017-08-10T15:35:00,93.45
20296,2017-08-10T15:55:00,92.86
20297,2017-08-10T16:15:00,92.28
20298,2017-08-10T16:35:00,91.79
20299,2017-08-10T16:55:00,91.5
20300,2017-08-10T17:15:00,91.01
20301,2017-08-10T17:35:00,90.81
20302,2017-08-10T17:55:00,89.74
20303,2017-08-10T18:15:00,87.78
20304,2017-08-10T18:35:00,83.58
20305,2017-08-10T18:55:00,65
20306,2017-08-10T19:15:00,27.66
20307,2017-08-10T19:35:00,3.62
20308,2017-08-10T19:55:00,0.29
20309,2017-08-10T20:15:00,0
20310,2017-08-10T20:35:00,0
20311,2017-08-10T20:55:00,0
20312,2017-08-10T21:15:00,0
20313,2017-08-10T21:35:00,0
20314,2017-08-10T21:55:00,0
20315,2017-08-10T22:15:00,0
20316,2017-08-10T22:40:00,0
20317,2017-08-10T23:00:00,0
20318,2017-08-10T23:20:00,0
20319,2017-08-10T23:40:00,0
20320,2017-08-11T00:00:00,0
20321,2017-08-11T00:20:00,0.1
20322,2017-08-11T00:40:00,0
20323,2017-08-11T01:00:00,0.1
20324,2017-08-11T01:20:00,0
20325,2017-08-11T01:40:00,0
20326,2017-08-11T02:00:00,0
20327,2017-08-11T02:20:00,0.1
20328,2017-08-11T02:40:00,0.59
20329,2017-08-11T03:00:00,4.79
20330,2017-08-11T03:20:00,24.44
20331,2017-08-11T03:40:00,45.65
20332,2017-08-11T04:00:00,64.03
20333,2017-08-11T04:20:00,66.76
20334,2017-08-11T04:40:00,72.34
20335,2017-08-11T05:00:00,73.61
20336,2017-08-11T05:20:00,78.59
20337,2017-08-11T05:40:00,85.04
20338,2017-08-11T06:00:00,90.13
20339,2017-08-11T06:20:00,91.59
20340,2017-08-11T06:40:00,92.38
20341,2017-08-11T07:00:00,92.18
20342,2017-08-11T07:20:00,92.28
20343,2017-08-11T07:40:00,93.55
20344,2017-08-11T08:00:00,93.06
20345,2017-08-11T08:20:00,93.06
20346,2017-08-11T08:40:00,95.31
20347,2017-08-11T09:00:00,93.26
20348,2017-08-11T09:20:00,94.62
20349,2017-08-11T09:45:00,92.77
20350,2017-08-11T10:05:00,93.45
20351,2017-08-11T10:25:00,94.62
20352,2017-08-11T10:45:00,94.92
20353,2017-08-11T11:05:00,95.21
20354,2017-08-11T11:25:00,97.46
20355,2017-08-11T11:45:00,96.58
20356,2017-08-11T12:05:00,96.38
20357,2017-08-11T12:25:00,94.53
20358,2017-08-11T12:45:00,95.6
20359,2017-08-11T13:05:00,95.02
20360,2017-08-11T13:25:00,95.31
20361,2017-08-11T13:45:00,96.97
20362,2017-08-11T14:05:00,95.6
20363,2017-08-11T14:25:00,94.92
20364,2017-08-11T14:45:00,95.11
20365,2017-08-11T15:05:00,94.82
20366,2017-08-11T15:25:00,93.74
20367,2017-08-11T15:45:00,93.55
20368,2017-08-11T16:05:00,93.06
20369,2017-08-11T16:25:00,90.81
20370,2017-08-11T16:45:00,86.61
20371,2017-08-11T17:05:00,83.19
20372,2017-08-11T17:25:00,82.4
20373,2017-08-11T17:45:00,79.76
20374,2017-08-11T18:45:00,56.21
20375,2017-08-11T19:05:00,26.1
20376,2017-08-11T19:25:00,4.2
20377,2017-08-11T19:45:00,0.78
20378,2017-08-11T20:05:00,0
20379,2017-08-11T20:25:00,0
20380,2017-08-11T20:45:00,0
20381,2017-08-11T21:10:00,0
20382,2017-08-11T21:30:00,0
20383,2017-08-11T21:50:00,0
20384,2017-08-11T22:10:00,0
20385,2017-08-11T22:30:00,0
20386,2017-08-11T22:50:00,0
20387,2017-08-11T23:10:00,0
20388,2017-08-11T23:30:00,0
20389,2017-08-11T23:50:00,0
20390,2017-08-12T00:10:00,0
20391,2017-08-12T00:30:00,0
20392,2017-08-12T00:50:00,0
20393,2017-08-12T01:10:00,0
20394,2017-08-12T01:30:00,0
20395,2017-08-12T01:50:00,0
20396,2017-08-12T02:10:00,0
20397,2017-08-12T02:30:00,0
20398,2017-08-12T02:50:00,1.27
20399,2017-08-12T03:10:00,9.78
20400,2017-08-12T03:30:00,27.96
20401,2017-08-12T03:50:00,43.7
20402,2017-08-12T04:10:00,70.19
20403,2017-08-12T04:30:00,76.44
20404,2017-08-13T00:40:00,0
20405,2017-08-12T04:50:00,80.94
20406,2017-08-12T05:10:00,85.04
20407,2017-08-12T05:30:00,88.66
20408,2017-08-12T05:50:00,90.81
20409,2017-08-12T06:10:00,92.38
20410,2017-08-12T06:30:00,91.5
20411,2017-08-12T06:50:00,92.57
20412,2017-08-12T07:10:00,93.26
20413,2017-08-12T07:30:00,96.87
20414,2017-08-12T07:50:00,96.19
20415,2017-08-12T08:10:00,98.04
20416,2017-08-12T08:35:00,95.5
20417,2017-08-12T08:55:00,96.28
20418,2017-08-12T09:15:00,97.16
20419,2017-08-12T09:35:00,92.77
20420,2017-08-12T09:55:00,93.55
20421,2017-08-12T10:15:00,91.4
20422,2017-08-12T10:35:00,92.86
20423,2017-08-12T10:55:00,90.13
20424,2017-08-12T11:15:00,89.05
20425,2017-08-12T11:35:00,91.89
20426,2017-08-12T11:55:00,92.38
20427,2017-08-12T12:15:00,93.06
20428,2017-08-12T12:35:00,92.28
20429,2017-08-12T12:55:00,93.06
20430,2017-08-12T13:15:00,93.84
20431,2017-08-12T13:35:00,88.56
20432,2017-08-12T13:55:00,92.86
20433,2017-08-12T14:15:00,93.84
20434,2017-08-12T14:35:00,94.14
20435,2017-08-12T14:55:00,94.92
20436,2017-08-12T15:15:00,93.84
20437,2017-08-12T15:35:00,92.86
20438,2017-08-12T15:55:00,90.22
20439,2017-08-12T16:15:00,92.57
20440,2017-08-12T16:35:00,90.32
20441,2017-08-12T16:55:00,91.4
20442,2017-08-12T17:15:00,90.62
20443,2017-08-12T17:35:00,87.1
20444,2017-08-12T17:55:00,88.07
20445,2017-08-12T18:15:00,83.97
20446,2017-08-12T18:35:00,72.92
20447,2017-08-12T18:55:00,53.18
20448,2017-08-12T19:15:00,16.13
20449,2017-08-12T19:35:00,1.66
20450,2017-08-12T20:00:00,0
20451,2017-08-12T20:20:00,0
20452,2017-08-12T20:40:00,0
20453,2017-08-12T21:00:00,0
20454,2017-08-12T21:20:00,0
20455,2017-08-12T21:40:00,0
20456,2017-08-12T22:00:00,0
20457,2017-08-12T22:20:00,0
20458,2017-08-12T22:40:00,0
20459,2017-08-12T23:00:00,0
20460,2017-08-12T23:20:00,0
20461,2017-08-12T23:40:00,0
20462,2017-08-13T00:00:00,0
20463,2017-08-13T00:20:00,0
20464,2017-08-13T01:00:00,0
20465,2017-08-13T01:20:00,0
20466,2017-08-13T01:40:00,0
20467,2017-08-13T02:00:00,0
20468,2017-08-13T02:20:00,0
20469,2017-08-13T02:40:00,1.08
20470,2017-08-13T03:00:00,9.68
20471,2017-08-13T03:20:00,43.21
20472,2017-08-13T03:40:00,72.63
20473,2017-08-13T04:00:00,85.04
20474,2017-08-13T04:20:00,90.32
20475,2017-08-13T04:40:00,96.09
20476,2017-08-13T05:00:00,96.87
20477,2017-08-13T05:20:00,97.26
20478,2017-08-13T05:40:00,97.46
20479,2017-08-13T06:00:00,97.46
20480,2017-08-13T06:20:00,97.75
20481,2017-08-13T06:40:00,97.85
20482,2017-08-13T07:00:00,98.04
20483,2017-08-13T07:25:00,98.04
20484,2017-08-13T07:45:00,98.04
20485,2017-08-13T08:05:00,97.75
20486,2017-08-13T08:25:00,96.87
20487,2017-08-13T08:45:00,97.95
20488,2017-08-13T09:05:00,97.95
20489,2017-08-13T09:25:00,97.95
20490,2017-08-13T09:45:00,95.99
20491,2017-08-13T10:05:00,95.31
20492,2017-08-13T10:25:00,97.95
20493,2017-08-13T10:45:00,93.74
20494,2017-08-13T11:05:00,97.95
20495,2017-08-13T11:25:00,95.89
20496,2017-08-13T11:45:00,96.87
20497,2017-08-13T12:05:00,97.65
20498,2017-08-13T12:25:00,97.46
20499,2017-08-13T12:45:00,95.02
20500,2017-08-13T13:05:00,96.87
20501,2017-08-13T13:25:00,96.87
20502,2017-08-13T13:45:00,96.58
20503,2017-08-13T14:05:00,96.19
20504,2017-08-13T14:25:00,93.16
20505,2017-08-13T14:45:00,95.89
20506,2017-08-13T15:05:00,97.16
20507,2017-08-13T15:25:00,93.84
20508,2017-08-13T15:45:00,93.35
20509,2017-08-13T16:05:00,92.57
20510,2017-08-13T16:25:00,91.4
20511,2017-08-13T16:45:00,91.59
20512,2017-08-13T17:05:00,91.01
20513,2017-08-13T17:25:00,90.62
20514,2017-08-13T17:45:00,89.74
20515,2017-08-13T18:05:00,87.68
20516,2017-08-13T18:30:00,84.65
20517,2017-08-13T18:50:00,65.79
20518,2017-08-13T19:10:00,30.4
20519,2017-08-13T19:30:00,4.59
20520,2017-08-13T19:50:00,0.39
20521,2017-08-13T20:10:00,0
20522,2017-08-13T20:30:00,0
20523,2017-08-13T20:50:00,0
20524,2017-08-13T21:10:00,0
20525,2017-08-13T21:30:00,0
20526,2017-08-13T21:50:00,0
20527,2017-08-13T22:10:00,0
20528,2017-08-13T22:30:00,0
20529,2017-08-13T22:50:00,0
20530,2017-08-13T23:10:00,0
20531,2017-08-13T23:30:00,0
20532,2017-08-13T23:50:00,0
20533,2017-08-14T00:10:00,0
20534,2017-08-14T00:30:00,0
20535,2017-08-14T00:50:00,0
20536,2017-08-14T01:10:00,0
20537,2017-08-14T01:30:00,0
20538,2017-08-14T01:50:00,0
20539,2017-08-14T02:10:00,0
20540,2017-08-14T02:30:00,0.39
20541,2017-08-14T02:50:00,3.52
20542,2017-08-14T03:10:00,23.36
20543,2017-08-14T03:30:00,60.02
20544,2017-08-14T03:50:00,79.67
20545,2017-08-14T04:10:00,87
20546,2017-08-14T04:30:00,96.19
20547,2017-08-14T04:50:00,96.87
20548,2017-08-14T05:10:00,97.26
20549,2017-08-14T05:30:00,97.56
20550,2017-08-14T05:55:00,97.65
20551,2017-08-14T06:15:00,97.75
20552,2017-08-14T06:35:00,97.85
20553,2017-08-14T06:55:00,97.95
20554,2017-08-14T07:15:00,97.95
20555,2017-08-14T07:35:00,98.04
20556,2017-08-14T07:55:00,98.04
20557,2017-08-14T08:15:00,95.41
20558,2017-08-14T08:35:00,97.75
20559,2017-08-14T08:55:00,95.21
20560,2017-08-14T09:15:00,98.04
20561,2017-08-14T09:35:00,97.26
20562,2017-08-14T09:55:00,97.95
20563,2017-08-14T10:15:00,95.41
20564,2017-08-14T10:35:00,94.92
20565,2017-08-14T10:55:00,95.6
20566,2017-08-14T11:15:00,95.02
20567,2017-08-14T11:35:00,95.31
20568,2017-08-14T11:55:00,95.5
20569,2017-08-14T12:15:00,97.16
20570,2017-08-14T12:35:00,95.31
20571,2017-08-14T12:55:00,97.07
20572,2017-08-14T13:15:00,95.31
20573,2017-08-14T13:35:00,96.19
20574,2017-08-14T13:55:00,96.09
20575,2017-08-14T14:15:00,95.99
20576,2017-08-14T14:35:00,95.5
20577,2017-08-14T14:55:00,96.28
20578,2017-08-14T15:15:00,96.48
20579,2017-08-14T15:35:00,94.43
20580,2017-08-14T15:55:00,93.74
20581,2017-08-14T16:15:00,93.35
20582,2017-08-14T16:35:00,92.38
20583,2017-08-14T16:55:00,91.89
20584,2017-08-14T17:20:00,90.91
20585,2017-08-14T17:40:00,89.93
20586,2017-08-14T18:00:00,87.39
20587,2017-08-14T18:20:00,82.21
20588,2017-08-14T18:40:00,65.79
20589,2017-08-14T19:00:00,35.09
20590,2017-08-14T19:20:00,6.94
20591,2017-08-14T19:40:00,0.88
20592,2017-08-14T20:00:00,0
20593,2017-08-14T20:20:00,0
20594,2017-08-14T20:40:00,0
20595,2017-08-14T21:00:00,0
20596,2017-08-14T21:20:00,0
20597,2017-08-14T21:40:00,0
20598,2017-08-14T22:00:00,0
20599,2017-08-14T22:20:00,0
20600,2017-08-14T22:40:00,0
20601,2017-08-14T23:00:00,0
20602,2017-08-14T23:20:00,0
20603,2017-08-14T23:40:00,0
20604,2017-08-15T00:00:00,0
20605,2017-08-15T00:20:00,0
20606,2017-08-15T00:40:00,0
20607,2017-08-15T01:00:00,0
20608,2017-08-15T01:20:00,0
20609,2017-08-15T01:40:00,0
20610,2017-08-15T02:00:00,0
20611,2017-08-15T02:20:00,0
20612,2017-08-15T02:40:00,0.2
20613,2017-08-15T03:00:00,1.86
20614,2017-08-15T03:20:00,17.6
20615,2017-08-15T03:40:00,49.07
20616,2017-08-15T04:00:00,73.61
20617,2017-08-15T04:20:00,84.26
20618,2017-08-15T04:45:00,84.56
20619,2017-08-15T05:05:00,89.05
20620,2017-08-15T05:25:00,89.44
20621,2017-08-15T05:45:00,86.51
20622,2017-08-15T06:05:00,88.37
20623,2017-08-15T06:25:00,91.3
20624,2017-08-15T06:45:00,93.55
20625,2017-08-15T07:05:00,91.98
20626,2017-08-15T07:25:00,91.98
20627,2017-08-15T07:45:00,94.23
20628,2017-08-15T08:05:00,97.85
20629,2017-08-15T08:25:00,97.95
20630,2017-08-15T08:45:00,96.28
20631,2017-08-15T09:05:00,96.38
20632,2017-08-15T09:25:00,97.65
20633,2017-08-15T09:45:00,97.85
20634,2017-08-15T10:05:00,97.85
20635,2017-08-15T10:25:00,97.85
20636,2017-08-15T10:45:00,96.68
20637,2017-08-15T11:05:00,97.07
20638,2017-08-15T11:25:00,95.11
20639,2017-08-15T11:45:00,93.55
20640,2017-08-15T12:05:00,95.89
20641,2017-08-15T12:25:00,96.58
20642,2017-08-15T12:45:00,95.99
20643,2017-08-15T13:05:00,95.7
20644,2017-08-15T13:25:00,95.99
20645,2017-08-15T13:45:00,94.92
20646,2017-08-15T14:05:00,94.92
20647,2017-08-15T14:25:00,94.43
20648,2017-08-15T14:45:00,94.33
20649,2017-08-15T15:05:00,93.16
20650,2017-08-15T15:25:00,91.5
20651,2017-08-15T15:45:00,89.34
20652,2017-08-15T16:10:00,87.78
20653,2017-08-15T16:30:00,84.95
20654,2017-08-15T16:50:00,75.66
20655,2017-08-15T17:10:00,77.13
20656,2017-08-15T17:30:00,52.69
20657,2017-08-15T17:50:00,62.76
20658,2017-08-15T18:10:00,38.12
20659,2017-08-15T18:30:00,35.39
20660,2017-08-15T18:50:00,16.03
20661,2017-08-15T19:10:00,1.86
20662,2017-08-15T19:30:00,0.49
20663,2017-08-15T19:50:00,0.39
20664,2017-08-15T20:10:00,0
20665,2017-08-15T20:30:00,0
20666,2017-08-15T20:50:00,0
20667,2017-08-15T21:10:00,0
20668,2017-08-15T21:30:00,0
20669,2017-08-15T21:50:00,0
20670,2017-08-15T22:10:00,0
20671,2017-08-15T22:30:00,0
20672,2017-08-15T22:50:00,0
20673,2017-08-15T23:10:00,0
20674,2017-08-15T23:30:00,0
20675,2017-08-15T23:50:00,0
20676,2017-08-16T00:10:00,0
20677,2017-08-16T00:30:00,0
20678,2017-08-16T00:50:00,0
20679,2017-08-16T01:10:00,0
20680,2017-08-16T01:30:00,0
20681,2017-08-16T01:50:00,0
20682,2017-08-16T02:10:00,0
20683,2017-08-16T02:30:00,0
20684,2017-08-16T02:50:00,1.08
20685,2017-08-16T03:15:00,10.95
20686,2017-08-16T03:35:00,43.7
20687,2017-08-16T03:55:00,75.86
20688,2017-08-16T04:15:00,87.29
20689,2017-08-16T04:35:00,90.22
20690,2017-08-16T04:55:00,95.99
20691,2017-08-16T05:15:00,91.01
20692,2017-08-16T05:35:00,93.16
20693,2017-08-16T05:55:00,92.86
20694,2017-08-16T06:15:00,97.26
20695,2017-08-16T06:35:00,97.85
20696,2017-08-16T06:55:00,97.16
20697,2017-08-16T07:15:00,98.04
20698,2017-08-16T07:35:00,98.24
20699,2017-08-16T07:55:00,98.04
20700,2017-08-16T08:55:00,95.21
20701,2017-08-16T09:15:00,97.85
20702,2017-08-16T09:35:00,95.7
20703,2017-08-16T09:55:00,97.95
20704,2017-08-16T10:15:00,97.85
20705,2017-08-16T10:35:00,97.95
20706,2017-08-16T10:55:00,97.95
20707,2017-08-16T11:15:00,97.95
20708,2017-08-16T11:35:00,95.02
20709,2017-08-16T11:55:00,96.28
20710,2017-08-16T12:15:00,97.46
20711,2017-08-16T12:35:00,97.16
20712,2017-08-16T12:55:00,96.77
20713,2017-08-16T13:15:00,96.09
20714,2017-08-16T13:35:00,96.68
20715,2017-08-16T13:55:00,96.48
20716,2017-08-16T14:15:00,94.43
20717,2017-08-16T14:40:00,94.14
20718,2017-08-16T15:00:00,95.99
20719,2017-08-16T15:20:00,97.36
20720,2017-08-16T15:40:00,94.04
20721,2017-08-16T16:00:00,93.45
20722,2017-08-16T16:20:00,92.57
20723,2017-08-16T16:40:00,92.28
20724,2017-08-16T17:00:00,89.83
20725,2017-08-16T17:20:00,87.88
20726,2017-08-16T17:40:00,85.63
20727,2017-08-16T18:00:00,81.53
20728,2017-08-16T18:20:00,70.67
20729,2017-08-16T18:40:00,47.7
20730,2017-08-16T19:00:00,17.01
20731,2017-08-16T19:20:00,1.66
20732,2017-08-16T19:40:00,0
20733,2017-08-16T20:00:00,0
20734,2017-08-16T20:20:00,0
20735,2017-08-16T20:40:00,0
20736,2017-08-16T21:00:00,0
20737,2017-08-16T21:20:00,0
20738,2017-08-16T21:40:00,0
20739,2017-08-16T22:00:00,0
20740,2017-08-16T22:20:00,0
20741,2017-08-16T22:40:00,0
20742,2017-08-16T23:00:00,0
20743,2017-08-16T23:20:00,0
20744,2017-08-16T23:40:00,0
20745,2017-08-17T00:00:00,0
20746,2017-08-17T00:20:00,0
20747,2017-08-17T00:40:00,0
20748,2017-08-17T01:00:00,0
20749,2017-08-17T01:20:00,0
20750,2017-08-17T01:40:00,0
20751,2017-08-17T02:05:00,0
20752,2017-08-17T02:25:00,0
20753,2017-08-17T02:45:00,0.39
20754,2017-08-17T03:05:00,4.79
20755,2017-08-17T03:25:00,30.89
20756,2017-08-17T03:45:00,65.89
20757,2017-08-17T04:05:00,83.87
20758,2017-08-17T04:25:00,93.26
20759,2017-08-17T04:45:00,95.5
20760,2017-08-17T05:05:00,95.41
20761,2017-08-17T05:25:00,97.07
20762,2017-08-17T05:45:00,97.07
20763,2017-08-17T06:05:00,97.46
20764,2017-08-17T06:25:00,97.46
20765,2017-08-17T06:45:00,97.75
20766,2017-08-17T07:05:00,97.95
20767,2017-08-17T07:25:00,97.75
20768,2017-08-17T07:45:00,97.16
20769,2017-08-17T08:05:00,97.75
20770,2017-08-17T08:25:00,97.85
20771,2017-08-17T08:45:00,97.85
20772,2017-08-17T09:05:00,97.75
20773,2017-08-17T09:25:00,97.75
20774,2017-08-17T09:45:00,96.68
20775,2017-08-17T10:05:00,95.99
20776,2017-08-17T10:25:00,96.87
20777,2017-08-17T10:45:00,96.48
20778,2017-08-17T11:05:00,96.09
20779,2017-08-17T11:45:00,94.43
20780,2017-08-17T12:05:00,96.19
20781,2017-08-17T12:25:00,94.72
20782,2017-08-17T12:45:00,92.18
20783,2017-08-17T13:05:00,87.2
20784,2017-08-17T13:30:00,89.64
20785,2017-08-17T13:50:00,91.98
20786,2017-08-17T14:10:00,90.03
20787,2017-08-17T14:30:00,91.79
20788,2017-08-17T14:50:00,90.71
20789,2017-08-17T15:10:00,86.8
20790,2017-08-17T15:30:00,83.97
20791,2017-08-17T15:50:00,87.29
20792,2017-08-17T16:10:00,79.28
20793,2017-08-17T16:30:00,64.03
20794,2017-08-17T16:50:00,49.85
20795,2017-08-17T17:10:00,73.41
20796,2017-08-17T17:30:00,69.8
20797,2017-08-17T17:50:00,66.76
20798,2017-08-17T18:10:00,45.55
20799,2017-08-17T18:30:00,55.62
20800,2017-08-17T18:50:00,21.7
20801,2017-08-17T19:10:00,2.44
20802,2017-08-17T19:30:00,0.78
20803,2017-08-17T19:50:00,0.2
20804,2017-08-17T20:10:00,0.2
20805,2017-08-17T20:30:00,0.2
20806,2017-08-17T20:50:00,0
20807,2017-08-17T21:10:00,0
20808,2017-08-17T21:30:00,0
20809,2017-08-17T21:50:00,0
20810,2017-08-17T22:10:00,0
20811,2017-08-17T22:30:00,0
20812,2017-08-17T22:50:00,0
20813,2017-08-17T23:10:00,0
20814,2017-08-17T23:30:00,0
20815,2017-08-17T23:50:00,0
20816,2017-08-18T00:10:00,0
20817,2017-08-18T00:30:00,0
20818,2017-08-18T00:55:00,0
20819,2017-08-18T01:15:00,0
20820,2017-08-18T01:35:00,0
20821,2017-08-18T01:55:00,0.1
20822,2017-08-18T02:15:00,0
20823,2017-08-18T02:35:00,0
20824,2017-08-18T02:55:00,0.2
20825,2017-08-18T03:15:00,2.25
20826,2017-08-18T03:35:00,16.03
20827,2017-08-18T03:55:00,46.24
20828,2017-08-18T04:15:00,74.49
20829,2017-08-18T04:35:00,83.19
20830,2017-08-18T04:55:00,92.77
20831,2017-08-18T05:15:00,92.08
20832,2017-08-18T05:35:00,91.2
20833,2017-08-18T05:55:00,90.32
20834,2017-08-18T06:15:00,90.13
20835,2017-08-18T06:35:00,92.38
20836,2017-08-18T06:55:00,93.35
20837,2017-08-18T07:15:00,89.05
20838,2017-08-18T07:35:00,93.45
20839,2017-08-18T07:55:00,94.23
20840,2017-08-18T08:15:00,95.89
20841,2017-08-18T08:35:00,96.68
20842,2017-08-18T08:55:00,95.89
20843,2017-08-18T09:15:00,96.77
20844,2017-08-18T09:35:00,96.58
20845,2017-08-18T09:55:00,96.58
20846,2017-08-18T10:15:00,97.56
20847,2017-08-18T10:35:00,97.26
20848,2017-08-18T10:55:00,95.11
20849,2017-08-18T11:15:00,95.6
20850,2017-08-18T11:35:00,96.77
20851,2017-08-18T12:00:00,95.21
20852,2017-08-18T12:20:00,95.31
20853,2017-08-18T12:40:00,96.19
20854,2017-08-18T13:00:00,95.89
20855,2017-08-18T13:20:00,95.89
20856,2017-08-18T13:40:00,94.43
20857,2017-08-18T14:00:00,95.02
20858,2017-08-18T14:20:00,94.92
20859,2017-08-18T14:40:00,94.53
20860,2017-08-18T15:00:00,95.41
20861,2017-08-18T15:20:00,95.41
20862,2017-08-18T15:40:00,94.62
20863,2017-08-18T16:00:00,93.16
20864,2017-08-18T16:20:00,92.38
20865,2017-08-18T16:40:00,91.79
20866,2017-08-18T17:00:00,91.01
20867,2017-08-18T17:20:00,89.44
20868,2017-08-18T17:40:00,82.5
20869,2017-08-18T18:00:00,73.22
20870,2017-08-18T18:20:00,57.48
20871,2017-08-18T18:40:00,30.01
20872,2017-08-18T19:00:00,5.77
20873,2017-08-18T19:20:00,0.68
20874,2017-08-18T19:40:00,0.39
20875,2017-08-18T20:00:00,0
20876,2017-08-18T20:20:00,0
20877,2017-08-18T20:40:00,0
20878,2017-08-18T21:00:00,0
20879,2017-08-18T21:20:00,0
20880,2017-08-18T21:40:00,0
20881,2017-08-18T22:00:00,0
20882,2017-08-18T22:20:00,0
20883,2017-08-18T22:40:00,0
20884,2017-08-18T23:00:00,0
20885,2017-08-18T23:25:00,0
20886,2017-08-18T23:45:00,0
20887,2017-08-19T00:05:00,0
20888,2017-08-19T00:25:00,0
20889,2017-08-19T00:45:00,0
20890,2017-08-19T01:05:00,0
20891,2017-08-19T01:25:00,0
20892,2017-08-19T01:45:00,0
20893,2017-08-19T02:05:00,0
20894,2017-08-19T02:25:00,0
20895,2017-08-19T02:45:00,0
20896,2017-08-19T03:05:00,1.08
20897,2017-08-19T03:25:00,14.08
20898,2017-08-19T03:45:00,46.63
20899,2017-08-19T04:05:00,71.46
20900,2017-08-19T04:25:00,85.34
20901,2017-08-19T04:45:00,90.42
20902,2017-08-19T05:05:00,96.87
20903,2017-08-19T05:25:00,90.52
20904,2017-08-19T05:45:00,97.65
20905,2017-08-19T06:05:00,95.6
20906,2017-08-19T06:25:00,95.11
20907,2017-08-19T06:45:00,97.85
20908,2017-08-19T07:05:00,97.65
20909,2017-08-19T07:25:00,98.04
20910,2017-08-19T07:45:00,98.04
20911,2017-08-19T08:05:00,97.95
20912,2017-08-19T08:25:00,97.46
20913,2017-08-19T08:45:00,97.07
20914,2017-08-19T09:05:00,97.26
20915,2017-08-19T09:25:00,96.48
20916,2017-08-19T09:45:00,95.41
20917,2017-08-19T10:05:00,96.28
20918,2017-08-19T10:25:00,97.95
20919,2017-08-19T10:50:00,97.95
20920,2017-08-19T11:10:00,96.68
20921,2017-08-19T11:30:00,97.85
20922,2017-08-19T11:50:00,94.82
20923,2017-08-19T12:10:00,97.16
20924,2017-08-19T12:30:00,96.48
20925,2017-08-19T12:50:00,97.16
20926,2017-08-19T13:10:00,97.16
20927,2017-08-19T13:30:00,94.82
20928,2017-08-19T13:50:00,94.92
20929,2017-08-19T14:10:00,96.58
20930,2017-08-19T14:30:00,95.6
20931,2017-08-19T14:50:00,96.38
20932,2017-08-19T15:10:00,93.35
20933,2017-08-19T15:30:00,94.72
20934,2017-08-19T15:50:00,93.55
20935,2017-08-19T16:10:00,92.77
20936,2017-08-19T16:30:00,92.38
20937,2017-08-19T16:50:00,89.93
20938,2017-08-19T17:10:00,88.56
20939,2017-08-19T17:30:00,89.44
20940,2017-08-19T17:50:00,84.46
20941,2017-08-19T18:10:00,78.89
20942,2017-08-19T18:30:00,61.29
20943,2017-08-19T18:50:00,27.37
20944,2017-08-19T19:10:00,3.42
20945,2017-08-19T19:30:00,0.2
20946,2017-08-19T19:50:00,0
20947,2017-08-19T20:10:00,0
20948,2017-08-19T20:30:00,0
20949,2017-08-19T20:50:00,0
20950,2017-08-19T21:10:00,0
20951,2017-08-19T21:30:00,0
20952,2017-08-19T21:50:00,0
20953,2017-08-19T22:15:00,0
20954,2017-08-19T22:35:00,0
20955,2017-08-19T22:55:00,0
20956,2017-08-19T23:15:00,0
20957,2017-08-19T23:35:00,0
20958,2017-08-19T23:55:00,0
20959,2017-08-20T00:15:00,0
20960,2017-08-20T00:35:00,0
20961,2017-08-20T00:55:00,0
20962,2017-08-20T01:15:00,0
20963,2017-08-20T01:35:00,0
20964,2017-08-20T01:55:00,0
20965,2017-08-20T02:15:00,0
20966,2017-08-20T02:35:00,0
20967,2017-08-20T02:55:00,0.68
20968,2017-08-20T03:15:00,6.65
20969,2017-08-20T03:35:00,28.84
20970,2017-08-20T03:55:00,54.74
20971,2017-08-20T04:15:00,68.13
20972,2017-08-20T04:35:00,80.94
20973,2017-08-20T04:55:00,73.41
20974,2017-08-20T05:15:00,85.44
20975,2017-08-20T05:35:00,89.34
20976,2017-08-20T05:55:00,88.56
20977,2017-08-20T06:15:00,93.94
20978,2017-08-20T06:35:00,92.47
20979,2017-08-20T06:55:00,94.14
20980,2017-08-20T07:15:00,98.04
20981,2017-08-20T07:35:00,98.04
20982,2017-08-20T07:55:00,97.95
20983,2017-08-20T08:15:00,97.75
20984,2017-08-20T08:35:00,98.04
20985,2017-08-20T08:55:00,97.95
20986,2017-08-20T09:15:00,98.14
20987,2017-08-20T09:40:00,97.36
20988,2017-08-20T10:00:00,97.65
20989,2017-08-20T10:20:00,95.8
20990,2017-08-20T10:40:00,92.18
20991,2017-08-20T11:00:00,96.38
20992,2017-08-20T11:20:00,93.55
20993,2017-08-20T11:40:00,97.85
20994,2017-08-20T12:00:00,97.85
20995,2017-08-20T12:20:00,93.16
20996,2017-08-20T12:40:00,97.56
20997,2017-08-20T13:00:00,93.65
20998,2017-08-20T13:20:00,93.35
20999,2017-08-20T13:40:00,96.97
21000,2017-08-20T14:00:00,93.94
21001,2017-08-20T14:20:00,95.8
21002,2017-08-20T14:40:00,87.1
21003,2017-08-20T15:00:00,96.28
21004,2017-08-20T15:20:00,94.92
21005,2017-08-20T15:40:00,91.98
21006,2017-08-20T16:00:00,92.47
21007,2017-08-20T16:20:00,91.1
21008,2017-08-20T16:40:00,87.2
21009,2017-08-20T17:00:00,87.59
21010,2017-08-20T17:20:00,77.91
21011,2017-08-20T17:40:00,50.24
21012,2017-08-20T18:00:00,48.39
21013,2017-08-20T18:20:00,38.9
21014,2017-08-20T18:40:00,28.35
21015,2017-08-20T19:00:00,4.2
21016,2017-08-20T19:20:00,0.29
21017,2017-08-20T19:40:00,0
21018,2017-08-20T20:00:00,0
21019,2017-08-20T20:20:00,0
21020,2017-08-20T20:45:00,0
21021,2017-08-20T21:05:00,0
21022,2017-08-20T21:25:00,0
21023,2017-08-20T21:45:00,0
21024,2017-08-20T22:05:00,0
21025,2017-08-20T22:25:00,0
21026,2017-08-20T22:45:00,0
21027,2017-08-20T23:45:00,0
21028,2017-08-21T00:05:00,0
21029,2017-08-21T00:25:00,0
21030,2017-08-21T00:45:00,0
21031,2017-08-21T01:05:00,0
21032,2017-08-21T01:25:00,0
21033,2017-08-21T01:45:00,0
21034,2017-08-21T02:05:00,0
21035,2017-08-21T02:25:00,0
21036,2017-08-21T02:45:00,0
21037,2017-08-21T03:05:00,2.15
21038,2017-08-21T03:25:00,20.92
21039,2017-08-21T03:45:00,54.45
21040,2017-08-21T04:05:00,80.55
21041,2017-08-21T04:25:00,94.53
21042,2017-08-21T04:45:00,94.82
21043,2017-08-21T05:05:00,97.07
21044,2017-08-21T05:25:00,97.26
21045,2017-08-21T05:45:00,96.28
21046,2017-08-21T06:05:00,97.75
21047,2017-08-21T06:25:00,97.75
21048,2017-08-21T06:45:00,97.95
21049,2017-08-21T07:05:00,98.04
21050,2017-08-21T07:25:00,98.14
21051,2017-08-21T07:45:00,97.56
21052,2017-08-21T08:10:00,98.04
21053,2017-08-21T08:30:00,96.28
21054,2017-08-21T08:50:00,98.04
21055,2017-08-21T09:10:00,98.14
21056,2017-08-21T09:30:00,98.14
21057,2017-08-21T09:50:00,98.14
21058,2017-08-21T10:10:00,98.04
21059,2017-08-21T10:30:00,96.48
21060,2017-08-21T10:50:00,95.99
21061,2017-08-21T11:10:00,97.56
21062,2017-08-21T11:30:00,97.75
21063,2017-08-21T11:50:00,97.85
21064,2017-08-21T12:10:00,97.75
21065,2017-08-21T12:30:00,97.36
21066,2017-08-21T12:50:00,95.41
21067,2017-08-21T13:10:00,96.87
21068,2017-08-21T13:30:00,96.58
21069,2017-08-21T13:50:00,96.28
21070,2017-08-21T14:10:00,94.92
21071,2017-08-21T14:30:00,95.8
21072,2017-08-21T14:50:00,95.8
21073,2017-08-21T15:10:00,96.58
21074,2017-08-21T15:30:00,93.65
21075,2017-08-21T15:50:00,92.96
21076,2017-08-21T16:10:00,91.4
21077,2017-08-21T16:30:00,90.71
21078,2017-08-21T16:50:00,89.74
21079,2017-08-21T17:10:00,88.07
21080,2017-08-21T17:30:00,84.75
21081,2017-08-21T17:50:00,78.89
21082,2017-08-21T18:10:00,66.67
21083,2017-08-21T18:30:00,42.91
21084,2017-08-21T18:50:00,10.75
21085,2017-08-21T19:10:00,1.27
21086,2017-08-21T19:35:00,0.49
21087,2017-08-21T19:55:00,0
21088,2017-08-21T20:15:00,0
21089,2017-08-21T20:35:00,0
21090,2017-08-21T20:55:00,0
21091,2017-08-21T21:15:00,0
21092,2017-08-21T21:35:00,0
21093,2017-08-21T21:55:00,0
21094,2017-08-21T22:15:00,0
21095,2017-08-21T22:35:00,0
21096,2017-08-21T22:55:00,0
21097,2017-08-21T23:15:00,0
21098,2017-08-21T23:35:00,0
21099,2017-08-21T23:55:00,0
21100,2017-08-22T00:15:00,0
21101,2017-08-22T00:35:00,0
21102,2017-08-22T00:55:00,0
21103,2017-08-22T01:15:00,0
21104,2017-08-22T01:35:00,0
21105,2017-08-22T01:55:00,0
21106,2017-08-22T02:15:00,0
21107,2017-08-22T02:35:00,0
21108,2017-08-22T02:55:00,0.49
21109,2017-08-22T03:15:00,6.65
21110,2017-08-22T03:35:00,36.17
21111,2017-08-22T03:55:00,68.43
21112,2017-08-22T04:15:00,82.89
21113,2017-08-22T04:35:00,87.59
21114,2017-08-22T04:55:00,90.62
21115,2017-08-22T05:15:00,95.5
21116,2017-08-22T05:35:00,97.26
21117,2017-08-22T05:55:00,97.36
21118,2017-08-22T06:15:00,97.65
21119,2017-08-22T06:35:00,97.85
21120,2017-08-22T07:00:00,97.85
21121,2017-08-22T07:20:00,97.75
21122,2017-08-22T07:40:00,96.77
21123,2017-08-22T08:00:00,98.04
21124,2017-08-22T08:20:00,97.95
21125,2017-08-22T08:40:00,96.28
21126,2017-08-22T09:00:00,98.04
21127,2017-08-22T09:20:00,98.04
21128,2017-08-22T09:40:00,98.04
21129,2017-08-22T10:00:00,98.14
21130,2017-08-22T10:20:00,95.6
21131,2017-08-22T10:40:00,90.71
21132,2017-08-22T11:00:00,94.72
21133,2017-08-22T11:20:00,97.26
21134,2017-08-22T11:40:00,97.85
21135,2017-08-22T12:00:00,95.41
21136,2017-08-22T12:20:00,93.74
21137,2017-08-22T12:40:00,95.5
21138,2017-08-22T13:00:00,97.07
21139,2017-08-22T13:20:00,96.09
21140,2017-08-22T13:40:00,90.91
21141,2017-08-22T14:00:00,93.45
21142,2017-08-22T14:20:00,93.74
21143,2017-08-22T14:40:00,93.26
21144,2017-08-22T15:00:00,94.14
21145,2017-08-22T15:20:00,95.11
21146,2017-08-22T15:40:00,93.45
21147,2017-08-22T16:00:00,91.79
21148,2017-08-22T16:20:00,92.57
21149,2017-08-22T16:40:00,91.4
21150,2017-08-22T17:00:00,90.81
21151,2017-08-22T17:20:00,87.1
21152,2017-08-22T17:40:00,81.33
21153,2017-08-22T18:00:00,69.7
21154,2017-08-22T18:25:00,38.22
21155,2017-08-22T18:45:00,14.96
21156,2017-08-22T19:05:00,2.25
21157,2017-08-22T19:25:00,0.1
21158,2017-08-22T19:45:00,0
21159,2017-08-22T20:05:00,0
21160,2017-08-22T20:25:00,0
21161,2017-08-22T20:45:00,0
21162,2017-08-22T21:05:00,0
21163,2017-08-22T21:25:00,0
21164,2017-08-22T21:45:00,0
21165,2017-08-22T22:05:00,0
21166,2017-08-22T22:25:00,0
21167,2017-08-22T22:45:00,0
21168,2017-08-22T23:05:00,0
21169,2017-08-22T23:25:00,0
21170,2017-08-22T23:45:00,0
21171,2017-08-23T00:05:00,0
21172,2017-08-23T00:25:00,0
21173,2017-08-23T00:45:00,0
21174,2017-08-23T01:05:00,0
21175,2017-08-23T01:25:00,0
21176,2017-08-23T01:45:00,0
21177,2017-08-23T02:05:00,0
21178,2017-08-23T02:25:00,0
21179,2017-08-23T02:45:00,0
21180,2017-08-23T03:05:00,2.05
21181,2017-08-23T03:25:00,18.77
21182,2017-08-23T03:45:00,63.15
21183,2017-08-23T04:05:00,82.6
21184,2017-08-23T04:25:00,93.84
21185,2017-08-23T04:45:00,96.38
21186,2017-08-23T05:05:00,97.07
21187,2017-08-23T05:30:00,97.16
21188,2017-08-23T05:50:00,97.36
21189,2017-08-23T06:10:00,97.46
21190,2017-08-23T06:30:00,97.75
21191,2017-08-23T06:50:00,97.85
21192,2017-08-23T07:10:00,97.95
21193,2017-08-23T07:30:00,98.04
21194,2017-08-23T07:50:00,98.04
21195,2017-08-23T08:10:00,97.95
21196,2017-08-23T08:30:00,97.95
21197,2017-08-23T08:50:00,97.95
21198,2017-08-23T09:10:00,98.04
21199,2017-08-23T09:30:00,98.04
21200,2017-08-23T09:50:00,97.95
21201,2017-08-23T10:10:00,97.85
21202,2017-08-23T10:30:00,97.75
21203,2017-08-23T10:50:00,97.75
21204,2017-08-23T11:10:00,97.75
21205,2017-08-23T11:30:00,97.65
21206,2017-08-23T11:50:00,97.56
21207,2017-08-23T12:10:00,97.36
21208,2017-08-23T12:30:00,97.16
21209,2017-08-23T12:50:00,96.87
21210,2017-08-23T13:10:00,96.58
21211,2017-08-23T13:30:00,96.48
21212,2017-08-23T13:50:00,96.28
21213,2017-08-23T14:10:00,95.99
21214,2017-08-23T14:30:00,95.7
21215,2017-08-23T14:50:00,95.8
21216,2017-08-23T15:10:00,96.77
21217,2017-08-23T15:30:00,93.84
21218,2017-08-23T15:50:00,93.35
21219,2017-08-23T16:10:00,92.67
21220,2017-08-23T16:30:00,91.98
21221,2017-08-23T16:55:00,91.1
21222,2017-08-23T17:15:00,89.83
21223,2017-08-23T17:35:00,86.9
21224,2017-08-23T17:55:00,81.82
21225,2017-08-23T18:15:00,66.08
21226,2017-08-23T18:35:00,32.65
21227,2017-08-23T18:55:00,5.47
21228,2017-08-23T19:15:00,0.39
21229,2017-08-23T19:35:00,0
21230,2017-08-23T19:55:00,0
21231,2017-08-23T20:15:00,0
21232,2017-08-23T20:35:00,0
21233,2017-08-23T20:55:00,0
21234,2017-08-23T21:15:00,0
21235,2017-08-23T21:35:00,0
21236,2017-08-23T21:55:00,0
21237,2017-08-23T22:15:00,0
21238,2017-08-23T22:35:00,0
21239,2017-08-23T22:55:00,0
21240,2017-08-23T23:15:00,0
21241,2017-08-23T23:35:00,0
21242,2017-08-23T23:55:00,0
21243,2017-08-24T00:15:00,0
21244,2017-08-24T00:35:00,0
21245,2017-08-24T00:55:00,0
21246,2017-08-24T01:15:00,0
21247,2017-08-24T01:35:00,0
21248,2017-08-24T01:55:00,0
21249,2017-08-24T02:15:00,0
21250,2017-08-24T02:35:00,0
21251,2017-08-24T02:55:00,0.2
21252,2017-08-24T03:15:00,3.62
21253,2017-08-24T03:35:00,30.79
21254,2017-08-24T03:55:00,53.08
21255,2017-08-24T04:20:00,76.83
21256,2017-08-24T04:40:00,87.88
21257,2017-08-24T05:00:00,87.39
21258,2017-08-24T05:20:00,89.34
21259,2017-08-24T05:40:00,92.18
21260,2017-08-24T06:00:00,93.06
21261,2017-08-24T06:20:00,95.5
21262,2017-08-24T06:40:00,97.36
21263,2017-08-24T07:00:00,95.99
21264,2017-08-24T07:20:00,97.16
21265,2017-08-24T07:40:00,96.68
21266,2017-08-24T08:00:00,96.09
21267,2017-08-24T08:20:00,97.07
21268,2017-08-24T08:40:00,95.99
21269,2017-08-24T09:00:00,93.45
21270,2017-08-24T09:20:00,92.77
21271,2017-08-24T09:40:00,91.3
21272,2017-08-24T10:00:00,93.45
21273,2017-08-24T10:20:00,94.33
21274,2017-08-24T10:40:00,97.46
21275,2017-08-24T11:00:00,95.99
21276,2017-08-24T11:20:00,94.53
21277,2017-08-24T11:40:00,93.55
21278,2017-08-24T12:00:00,94.72
21279,2017-08-24T12:20:00,95.41
21280,2017-08-24T12:40:00,94.82
21281,2017-08-24T13:00:00,93.35
21282,2017-08-24T13:20:00,91.4
21283,2017-08-24T13:40:00,93.06
21284,2017-08-24T14:00:00,96.68
21285,2017-08-24T14:20:00,96.09
21286,2017-08-24T14:40:00,94.23
21287,2017-08-24T15:00:00,93.55
21288,2017-08-24T15:20:00,96.48
21289,2017-08-24T15:45:00,92.77
21290,2017-08-24T16:05:00,92.57
21291,2017-08-24T16:25:00,92.57
21292,2017-08-24T16:45:00,90.81
21293,2017-08-24T17:05:00,89.34
21294,2017-08-24T17:25:00,87.59
21295,2017-08-24T17:45:00,83.48
21296,2017-08-24T18:05:00,74.29
21297,2017-08-24T18:25:00,48.78
21298,2017-08-24T18:45:00,10.75
21299,2017-08-24T19:05:00,1.47
21300,2017-08-24T19:25:00,0.49
21301,2017-08-24T19:45:00,0.39
21302,2017-08-24T20:05:00,0
21303,2017-08-24T20:25:00,0
21304,2017-08-24T20:45:00,0
21305,2017-08-24T21:05:00,0
21306,2017-08-24T21:25:00,0
21307,2017-08-24T21:45:00,0
21308,2017-08-24T22:05:00,0
21309,2017-08-24T22:25:00,0
21310,2017-08-24T22:45:00,0
21311,2017-08-24T23:05:00,0
21312,2017-08-24T23:25:00,0
21313,2017-08-24T23:45:00,0
21314,2017-08-25T00:05:00,0
21315,2017-08-25T00:25:00,0
21316,2017-08-25T00:45:00,0
21317,2017-08-25T01:05:00,0
21318,2017-08-25T01:25:00,0
21319,2017-08-25T01:45:00,0
21320,2017-08-25T02:05:00,0
21321,2017-08-25T02:25:00,0
21322,2017-08-25T02:45:00,0
21323,2017-08-25T03:10:00,0.78
21324,2017-08-25T03:30:00,9.29
21325,2017-08-25T03:50:00,47.12
21326,2017-08-25T04:10:00,77.32
21327,2017-08-25T04:30:00,92.38
21328,2017-08-25T04:50:00,95.21
21329,2017-08-25T05:10:00,96.58
21330,2017-08-25T05:30:00,97.16
21331,2017-08-25T05:50:00,97.36
21332,2017-08-25T06:10:00,97.56
21333,2017-08-25T06:30:00,97.75
21334,2017-08-25T06:50:00,95.7
21335,2017-08-25T07:10:00,95.99
21336,2017-08-25T07:30:00,96.68
21337,2017-08-25T07:50:00,98.14
21338,2017-08-25T08:10:00,97.95
21339,2017-08-25T08:30:00,97.95
21340,2017-08-25T08:50:00,97.95
21341,2017-08-25T09:10:00,96.09
21342,2017-08-25T09:30:00,96.77
21343,2017-08-25T09:50:00,95.99
21344,2017-08-25T10:10:00,96.38
21345,2017-08-25T10:30:00,97.85
21346,2017-08-25T10:50:00,97.85
21347,2017-08-25T11:10:00,97.85
21348,2017-08-25T11:30:00,97.85
21349,2017-08-25T11:50:00,95.89
21350,2017-08-25T12:10:00,97.56
21351,2017-08-25T12:30:00,97.16
21352,2017-08-25T13:50:00,96.28
21353,2017-08-25T14:15:00,96.09
21354,2017-08-25T14:35:00,95.7
21355,2017-08-25T14:55:00,93.65
21356,2017-08-25T15:15:00,96.48
21357,2017-08-25T15:35:00,94.43
21358,2017-08-25T15:55:00,92.38
21359,2017-08-25T16:15:00,91.89
21360,2017-08-25T16:35:00,91.2
21361,2017-08-25T16:55:00,89.83
21362,2017-08-25T17:15:00,87.59
21363,2017-08-25T17:35:00,83.48
21364,2017-08-25T17:55:00,73.7
21365,2017-08-25T18:15:00,50.64
21366,2017-08-25T18:35:00,35.78
21367,2017-08-25T18:55:00,3.03
21368,2017-08-25T19:15:00,0.1
21369,2017-08-25T19:35:00,0
21370,2017-08-25T19:55:00,0
21371,2017-08-25T20:15:00,0
21372,2017-08-25T20:35:00,0
21373,2017-08-25T20:55:00,0
21374,2017-08-25T21:15:00,0
21375,2017-08-25T21:35:00,0
21376,2017-08-25T21:55:00,0
21377,2017-08-25T22:15:00,0
21378,2017-08-25T22:35:00,0
21379,2017-08-25T22:55:00,0
21380,2017-08-25T23:15:00,0
21381,2017-08-25T23:35:00,0
21382,2017-08-25T23:55:00,0
21383,2017-08-26T00:15:00,0
21384,2017-08-26T00:35:00,0
21385,2017-08-26T00:55:00,0
21386,2017-08-26T01:15:00,0
21387,2017-08-26T01:40:00,0
21388,2017-08-26T02:00:00,0
21389,2017-08-26T02:20:00,0
21390,2017-08-26T02:40:00,0
21391,2017-08-26T03:00:00,0
21392,2017-08-26T03:20:00,2.64
21393,2017-08-26T03:40:00,21.5
21394,2017-08-26T04:00:00,44.67
21395,2017-08-26T04:20:00,69.6
21396,2017-08-26T04:40:00,80.25
21397,2017-08-26T05:00:00,84.26
21398,2017-08-26T05:20:00,85.14
21399,2017-08-26T05:40:00,87.2
21400,2017-08-26T06:00:00,92.18
21401,2017-08-26T06:20:00,92.18
21402,2017-08-26T06:40:00,93.74
21403,2017-08-26T07:00:00,94.72
21404,2017-08-26T07:20:00,96.58
21405,2017-08-26T07:40:00,96.48
21406,2017-08-26T08:00:00,97.07
21407,2017-08-26T08:20:00,96.87
21408,2017-08-26T08:40:00,96.48
21409,2017-08-26T09:00:00,97.46
21410,2017-08-26T09:20:00,97.75
21411,2017-08-26T09:40:00,97.07
21412,2017-08-26T10:00:00,97.85
21413,2017-08-26T10:20:00,96.28
21414,2017-08-26T10:40:00,94.53
21415,2017-08-26T11:00:00,90.42
21416,2017-08-26T11:20:00,92.96
21417,2017-08-26T11:40:00,93.74
21418,2017-08-26T12:00:00,94.72
21419,2017-08-26T12:20:00,96.38
21420,2017-08-26T12:40:00,96.87
21421,2017-08-26T13:05:00,94.04
21422,2017-08-26T13:25:00,93.55
21423,2017-08-26T13:45:00,92.86
21424,2017-08-26T14:05:00,92.57
21425,2017-08-26T14:25:00,91.4
21426,2017-08-26T14:45:00,91.1
21427,2017-08-26T15:05:00,89.83
21428,2017-08-26T15:25:00,88.66
21429,2017-08-26T15:45:00,84.26
21430,2017-08-26T16:05:00,80.35
21431,2017-08-26T16:25:00,78.5
21432,2017-08-26T16:45:00,77.61
21433,2017-08-26T17:05:00,69.89
21434,2017-08-26T17:25:00,61.29
21435,2017-08-26T17:45:00,37.05
21436,2017-08-26T18:05:00,21.21
21437,2017-08-26T18:25:00,17.4
21438,2017-08-26T18:45:00,3.72
21439,2017-08-26T19:05:00,0.1
21440,2017-08-26T19:25:00,0
21441,2017-08-26T19:45:00,0
21442,2017-08-26T20:05:00,0
21443,2017-08-26T20:25:00,0
21444,2017-08-26T20:45:00,0
21445,2017-08-26T21:05:00,0
21446,2017-08-26T21:25:00,0
21447,2017-08-26T21:45:00,0
21448,2017-08-26T22:05:00,0
21449,2017-08-26T22:25:00,0
21450,2017-08-26T22:45:00,0
21451,2017-08-26T23:05:00,0
21452,2017-08-26T23:25:00,0
21453,2017-08-26T23:45:00,0
21454,2017-08-27T00:05:00,0
21455,2017-08-27T00:30:00,0
21456,2017-08-27T00:50:00,0
21457,2017-08-27T01:10:00,0
21458,2017-08-27T01:30:00,0
21459,2017-08-27T01:50:00,0
21460,2017-08-27T02:10:00,0
21461,2017-08-27T02:30:00,0
21462,2017-08-27T02:50:00,0
21463,2017-08-27T03:10:00,0.1
21464,2017-08-27T03:30:00,1.37
21465,2017-08-27T03:50:00,30.6
21466,2017-08-27T04:10:00,53.47
21467,2017-08-27T04:30:00,66.37
21468,2017-08-27T04:50:00,79.76
21469,2017-08-27T05:10:00,92.47
21470,2017-08-27T05:30:00,93.84
21471,2017-08-27T05:50:00,93.35
21472,2017-08-27T06:10:00,93.74
21473,2017-08-27T06:30:00,96.38
21474,2017-08-27T06:50:00,97.65
21475,2017-08-27T07:10:00,95.99
21476,2017-08-27T07:30:00,98.14
21477,2017-08-27T07:50:00,96.19
21478,2017-08-27T08:10:00,98.14
21479,2017-08-27T08:30:00,97.07
21480,2017-08-27T08:50:00,96.28
21481,2017-08-27T09:10:00,98.24
21482,2017-08-27T09:30:00,97.07
21483,2017-08-27T09:50:00,96.58
21484,2017-08-27T10:10:00,98.04
21485,2017-08-27T10:30:00,98.04
21486,2017-08-27T10:50:00,95.89
21487,2017-08-27T11:10:00,97.95
21488,2017-08-27T11:30:00,97.95
21489,2017-08-27T11:55:00,95.89
21490,2017-08-27T12:15:00,95.02
21491,2017-08-27T12:35:00,96.09
21492,2017-08-27T12:55:00,96.87
21493,2017-08-27T13:15:00,96.09
21494,2017-08-27T13:35:00,90.91
21495,2017-08-27T13:55:00,91.89
21496,2017-08-27T14:15:00,92.96
21497,2017-08-27T14:35:00,93.26
21498,2017-08-27T14:55:00,91.59
21499,2017-08-27T15:15:00,91.1
21500,2017-08-27T15:35:00,92.38
21501,2017-08-27T15:55:00,93.65
21502,2017-08-27T16:15:00,92.47
21503,2017-08-27T16:35:00,91.01
21504,2017-08-27T16:55:00,90.91
21505,2017-08-27T17:15:00,88.27
21506,2017-08-27T17:35:00,84.46
21507,2017-08-27T17:55:00,76.25
21508,2017-08-27T18:15:00,53.18
21509,2017-08-27T18:35:00,14.08
21510,2017-08-27T18:55:00,0.88
21511,2017-08-27T19:15:00,0
21512,2017-08-27T19:35:00,0
21513,2017-08-27T19:55:00,0
21514,2017-08-27T20:15:00,0
21515,2017-08-27T20:35:00,0
21516,2017-08-27T20:55:00,0
21517,2017-08-27T21:15:00,0
21518,2017-08-27T21:35:00,0
21519,2017-08-27T21:55:00,0
21520,2017-08-27T22:15:00,0
21521,2017-08-27T22:35:00,0
21522,2017-08-27T23:00:00,0
21523,2017-08-27T23:20:00,0
21524,2017-08-27T23:40:00,0
21525,2017-08-28T00:00:00,0
21526,2017-08-28T00:20:00,0
21527,2017-08-28T00:40:00,0
21528,2017-08-28T01:00:00,0
21529,2017-08-28T01:20:00,0
21530,2017-08-28T01:40:00,0
21531,2017-08-28T02:00:00,0
21532,2017-08-28T02:20:00,0
21533,2017-08-28T02:40:00,0
21534,2017-08-28T03:00:00,0
21535,2017-08-28T03:20:00,2.05
21536,2017-08-28T03:40:00,20.33
21537,2017-08-28T04:00:00,61.88
21538,2017-08-28T04:20:00,82.11
21539,2017-08-28T04:40:00,89.05
21540,2017-08-28T05:00:00,96.28
21541,2017-08-28T05:20:00,95.89
21542,2017-08-28T05:40:00,97.46
21543,2017-08-28T06:00:00,97.65
21544,2017-08-28T06:20:00,97.65
21545,2017-08-28T06:40:00,97.95
21546,2017-08-28T07:00:00,98.04
21547,2017-08-28T07:20:00,97.95
21548,2017-08-28T07:40:00,97.75
21549,2017-08-28T08:00:00,98.04
21550,2017-08-28T08:20:00,98.04
21551,2017-08-28T08:40:00,95.31
21552,2017-08-28T09:00:00,98.14
21553,2017-08-28T09:20:00,96.77
21554,2017-08-28T09:40:00,95.6
21555,2017-08-28T10:00:00,94.92
21556,2017-08-28T10:25:00,97.85
21557,2017-08-28T10:45:00,98.04
21558,2017-08-28T11:05:00,97.36
21559,2017-08-28T11:25:00,95.89
21560,2017-08-28T11:45:00,97.85
21561,2017-08-28T12:05:00,96.48
21562,2017-08-28T12:25:00,96.38
21563,2017-08-28T12:45:00,95.7
21564,2017-08-28T13:05:00,97.07
21565,2017-08-28T13:25:00,95.6
21566,2017-08-28T13:45:00,95.41
21567,2017-08-28T14:05:00,95.02
21568,2017-08-28T14:25:00,93.65
21569,2017-08-28T14:45:00,92.96
21570,2017-08-28T15:05:00,96.68
21571,2017-08-28T15:25:00,97.16
21572,2017-08-28T15:45:00,91.1
21573,2017-08-28T16:05:00,92.18
21574,2017-08-28T16:25:00,91.89
21575,2017-08-28T16:45:00,90.42
21576,2017-08-28T17:05:00,89.25
21577,2017-08-28T17:25:00,85.44
21578,2017-08-28T17:45:00,78.79
21579,2017-08-28T18:05:00,61.19
21580,2017-08-28T18:25:00,25.9
21581,2017-08-28T18:45:00,2.84
21582,2017-08-28T19:05:00,0.1
21583,2017-08-28T19:25:00,0
21584,2017-08-28T19:45:00,0
21585,2017-08-28T20:05:00,0
21586,2017-08-28T20:25:00,0
21587,2017-08-28T20:45:00,0
21588,2017-08-28T21:05:00,0
21589,2017-08-28T21:25:00,0
21590,2017-08-28T21:50:00,0
21591,2017-08-28T22:10:00,0
21592,2017-08-28T22:30:00,0
21593,2017-08-28T22:50:00,0
21594,2017-08-28T23:10:00,0
21595,2017-08-28T23:30:00,0
21596,2017-08-28T23:50:00,0
21597,2017-08-29T00:10:00,0
21598,2017-08-29T00:30:00,0
21599,2017-08-29T00:50:00,0
21600,2017-08-29T01:10:00,0
21601,2017-08-29T01:30:00,0
21602,2017-08-29T01:50:00,0
21603,2017-08-29T02:10:00,0
21604,2017-08-29T02:30:00,0
21605,2017-08-29T02:50:00,0
21606,2017-08-29T03:10:00,0.29
21607,2017-08-29T03:30:00,6.16
21608,2017-08-29T03:50:00,37.34
21609,2017-08-29T04:10:00,69.01
21610,2017-08-29T04:30:00,86.41
21611,2017-08-29T04:50:00,93.55
21612,2017-08-29T05:10:00,95.89
21613,2017-08-29T05:30:00,96.48
21614,2017-08-29T05:50:00,94.72
21615,2017-08-29T06:10:00,94.82
21616,2017-08-29T06:30:00,95.7
21617,2017-08-29T06:50:00,96.09
21618,2017-08-29T07:10:00,97.65
21619,2017-08-29T07:30:00,95.8
21620,2017-08-29T07:50:00,96.48
21621,2017-08-29T08:10:00,97.85
21622,2017-08-29T08:30:00,96.87
21623,2017-08-29T08:50:00,97.95
21624,2017-08-29T09:15:00,98.04
21625,2017-08-29T09:35:00,98.04
21626,2017-08-29T09:55:00,97.95
21627,2017-08-29T10:15:00,97.95
21628,2017-08-29T10:35:00,97.85
21629,2017-08-29T10:55:00,97.85
21630,2017-08-29T11:15:00,97.85
21631,2017-08-29T11:35:00,97.85
21632,2017-08-29T11:55:00,97.65
21633,2017-08-29T12:15:00,97.56
21634,2017-08-29T12:35:00,97.16
21635,2017-08-29T12:55:00,96.87
21636,2017-08-29T13:15:00,96.68
21637,2017-08-29T13:35:00,96.48
21638,2017-08-29T13:55:00,96.28
21639,2017-08-29T14:15:00,95.7
21640,2017-08-29T14:35:00,94.53
21641,2017-08-29T14:55:00,93.74
21642,2017-08-29T15:15:00,92.96
21643,2017-08-29T15:35:00,93.06
21644,2017-08-29T15:55:00,92.96
21645,2017-08-29T16:15:00,91.2
21646,2017-08-29T16:35:00,91.59
21647,2017-08-29T16:55:00,90.13
21648,2017-08-29T17:15:00,87.88
21649,2017-08-29T17:35:00,82.31
21650,2017-08-29T17:55:00,67.55
21651,2017-08-29T18:15:00,36.27
21652,2017-08-29T18:35:00,6.06
21653,2017-08-29T18:55:00,0.39
21654,2017-08-29T19:15:00,0
21655,2017-08-29T19:35:00,0
21656,2017-08-29T19:55:00,0
21657,2017-08-29T20:15:00,0
21658,2017-08-29T20:40:00,0
21659,2017-08-29T21:00:00,0
21660,2017-08-29T21:20:00,0
21661,2017-08-29T21:40:00,0
21662,2017-08-29T22:00:00,0
21663,2017-08-29T22:20:00,0
21664,2017-08-29T22:40:00,0
21665,2017-08-29T23:00:00,0
21666,2017-08-29T23:20:00,0
21667,2017-08-29T23:40:00,0
21668,2017-08-30T00:00:00,0
21669,2017-08-30T00:20:00,0.1
21670,2017-08-30T00:40:00,0
21671,2017-08-30T01:00:00,0.1
21672,2017-08-30T01:20:00,0
21673,2017-08-30T01:40:00,0
21674,2017-08-30T02:00:00,0
21675,2017-08-30T02:20:00,0
21676,2017-08-30T02:40:00,0
21677,2017-08-30T03:00:00,0
21678,2017-08-30T03:20:00,0.29
21679,2017-08-30T03:40:00,4.4
21680,2017-08-30T04:00:00,28.06
21681,2017-08-30T04:20:00,58.36
21682,2017-08-30T05:20:00,88.07
21683,2017-08-30T05:40:00,91.79
21684,2017-08-30T06:00:00,92.67
21685,2017-08-30T06:20:00,94.33
21686,2017-08-30T06:40:00,96.28
21687,2017-08-30T07:00:00,96.38
21688,2017-08-30T07:20:00,96.58
21689,2017-08-30T07:45:00,94.82
21690,2017-08-30T08:05:00,94.72
21691,2017-08-30T08:25:00,94.04
21692,2017-08-30T08:45:00,95.02
21693,2017-08-30T09:05:00,95.02
21694,2017-08-30T09:25:00,94.23
21695,2017-08-30T09:45:00,93.55
21696,2017-08-30T10:05:00,92.08
21697,2017-08-30T10:25:00,92.86
21698,2017-08-30T10:45:00,93.45
21699,2017-08-30T11:05:00,92.38
21700,2017-08-30T11:25:00,92.57
21701,2017-08-30T11:45:00,91.79
21702,2017-08-30T12:05:00,92.38
21703,2017-08-30T12:25:00,89.25
21704,2017-08-30T12:45:00,89.74
21705,2017-08-30T13:05:00,87.88
21706,2017-08-30T13:25:00,89.74
21707,2017-08-30T13:45:00,90.32
21708,2017-08-30T14:05:00,91.3
21709,2017-08-30T14:25:00,85.14
21710,2017-08-30T14:45:00,83.58
21711,2017-08-30T15:05:00,84.26
21712,2017-08-30T15:25:00,88.95
21713,2017-08-30T15:45:00,81.23
21714,2017-08-30T16:05:00,81.53
21715,2017-08-30T16:25:00,76.64
21716,2017-08-30T16:45:00,60.22
21717,2017-08-30T17:05:00,61.1
21718,2017-08-30T17:25:00,52.79
21719,2017-08-30T17:45:00,43.3
21720,2017-08-30T18:05:00,21.99
21721,2017-08-30T18:25:00,3.72
21722,2017-08-30T18:45:00,0.68
21723,2017-08-30T19:10:00,0.49
21724,2017-08-30T19:30:00,0.49
21725,2017-08-30T19:50:00,0
21726,2017-08-30T20:10:00,0
21727,2017-08-30T20:30:00,0
21728,2017-08-30T20:50:00,0
21729,2017-08-30T21:10:00,0
21730,2017-08-30T21:30:00,0
21731,2017-08-30T21:50:00,0
21732,2017-08-30T22:10:00,0
21733,2017-08-30T22:30:00,0
21734,2017-08-30T22:50:00,0
21735,2017-08-30T23:10:00,0
21736,2017-08-30T23:30:00,0.1
21737,2017-08-30T23:50:00,0
21738,2017-08-31T00:10:00,0
21739,2017-08-31T00:30:00,0
21740,2017-08-31T00:50:00,0
21741,2017-08-31T01:10:00,0
21742,2017-08-31T01:30:00,0
21743,2017-08-31T01:50:00,0
21744,2017-08-31T02:10:00,0.1
21745,2017-08-31T02:30:00,0.1
21746,2017-08-31T02:50:00,0.1
21747,2017-08-31T03:10:00,0.1
21748,2017-08-31T03:30:00,0.68
21749,2017-08-31T03:50:00,6.94
21750,2017-08-31T04:10:00,18.87
21751,2017-08-31T04:30:00,44.38
21752,2017-08-31T04:50:00,61.68
21753,2017-08-31T05:10:00,70.87
21754,2017-08-31T05:30:00,82.8
21755,2017-08-31T05:50:00,76.54
21756,2017-08-31T06:10:00,83.19
21757,2017-08-31T06:35:00,87.39
21758,2017-08-31T06:55:00,85.44
21759,2017-08-31T07:15:00,88.37
21760,2017-08-31T07:35:00,90.62
21761,2017-08-31T07:55:00,89.44
21762,2017-08-31T08:15:00,92.67
21763,2017-08-31T08:35:00,91.89
21764,2017-08-31T08:55:00,93.16
21765,2017-08-31T09:15:00,95.02
21766,2017-08-31T09:35:00,95.11
21767,2017-08-31T09:55:00,94.43
21768,2017-08-31T10:15:00,92.57
21769,2017-08-31T10:35:00,93.06
21770,2017-08-31T10:55:00,92.96
21771,2017-08-31T11:15:00,93.16
21772,2017-08-31T11:35:00,92.96
21773,2017-08-31T11:55:00,96.68
21774,2017-08-31T12:15:00,94.92
21775,2017-08-31T12:35:00,97.46
21776,2017-08-31T12:55:00,96.77
21777,2017-08-31T13:15:00,94.14
21778,2017-08-31T13:35:00,93.16
21779,2017-08-31T13:55:00,94.33
21780,2017-08-31T14:15:00,87.68
21781,2017-08-31T14:35:00,90.03
21782,2017-08-31T14:55:00,93.94
21783,2017-08-31T15:15:00,92.96
21784,2017-08-31T15:35:00,93.26
21785,2017-08-31T15:55:00,92.47
21786,2017-08-31T16:15:00,91.69
21787,2017-08-31T16:35:00,90.52
21788,2017-08-31T16:55:00,88.86
21789,2017-08-31T17:15:00,86.12
21790,2017-08-31T17:35:00,79.47
21791,2017-08-31T18:00:00,64.81
21792,2017-08-31T18:20:00,35.68
21793,2017-08-31T18:40:00,3.91
21794,2017-08-31T19:00:00,0.68
21795,2017-08-31T19:20:00,0.49
21796,2017-08-31T19:40:00,0.39
21797,2017-08-31T20:00:00,0
21798,2017-08-31T20:20:00,0
21799,2017-08-31T20:40:00,0
21800,2017-08-31T21:00:00,0
21801,2017-08-31T21:20:00,0
21802,2017-08-31T21:40:00,0
21803,2017-08-31T22:00:00,0
21804,2017-08-31T22:20:00,0
21805,2017-08-31T22:40:00,0
21806,2017-08-31T23:00:00,0
21807,2017-08-31T23:20:00,0
21808,2017-08-31T23:40:00,0
21809,2017-09-01T00:00:00,0
21810,2017-09-01T00:20:00,0
21811,2017-09-01T00:40:00,0
21812,2017-09-01T01:00:00,0
21813,2017-09-01T01:20:00,0
21814,2017-09-01T01:40:00,0
21815,2017-09-01T02:00:00,0
21816,2017-09-01T02:20:00,0
21817,2017-09-01T02:40:00,0
21818,2017-09-01T03:00:00,0
21819,2017-09-01T03:20:00,1.96
21820,2017-09-01T03:40:00,21.41
21821,2017-09-01T04:00:00,36.95
21822,2017-09-01T04:20:00,78.69
21823,2017-09-01T04:40:00,91.59
21824,2017-09-01T05:00:00,94.92
21825,2017-09-01T05:25:00,96.28
21826,2017-09-01T05:45:00,96.97
21827,2017-09-01T06:05:00,97.26
21828,2017-09-01T06:25:00,97.56
21829,2017-09-01T06:45:00,97.75
21830,2017-09-01T07:05:00,97.85
21831,2017-09-01T07:25:00,97.95
21832,2017-09-01T07:45:00,97.95
21833,2017-09-01T08:05:00,97.95
21834,2017-09-01T08:25:00,97.95
21835,2017-09-01T08:45:00,97.07
21836,2017-09-01T09:05:00,98.14
21837,2017-09-01T09:25:00,98.04
21838,2017-09-01T09:45:00,97.85
21839,2017-09-01T10:05:00,97.85
21840,2017-09-01T10:25:00,98.04
21841,2017-09-01T10:45:00,98.04
21842,2017-09-01T11:05:00,97.85
21843,2017-09-01T11:25:00,96.09
21844,2017-09-01T11:45:00,95.41
21845,2017-09-01T12:05:00,93.06
21846,2017-09-01T12:25:00,94.72
21847,2017-09-01T12:45:00,96.48
21848,2017-09-01T13:05:00,96.87
21849,2017-09-01T13:25:00,96.48
21850,2017-09-01T13:45:00,96.48
21851,2017-09-01T14:05:00,96.19
21852,2017-09-01T14:25:00,94.53
21853,2017-09-01T14:45:00,95.31
21854,2017-09-01T15:05:00,96.19
21855,2017-09-01T15:25:00,95.8
21856,2017-09-01T15:45:00,91.59
21857,2017-09-01T16:05:00,90.22
21858,2017-09-01T16:30:00,91.89
21859,2017-09-01T16:50:00,89.83
21860,2017-09-01T17:10:00,87.78
21861,2017-09-01T17:30:00,81.92
21862,2017-09-01T17:50:00,72.43
21863,2017-09-01T18:10:00,37.83
21864,2017-09-01T18:30:00,7.82
21865,2017-09-01T18:50:00,0.59
21866,2017-09-01T19:10:00,0
21867,2017-09-01T19:30:00,0
21868,2017-09-01T19:50:00,0
21869,2017-09-01T20:10:00,0
21870,2017-09-01T20:30:00,0
21871,2017-09-01T20:50:00,0
21872,2017-09-01T21:10:00,0
21873,2017-09-01T21:30:00,0
21874,2017-09-01T21:50:00,0
21875,2017-09-01T22:10:00,0
21876,2017-09-01T22:30:00,0
21877,2017-09-01T22:50:00,0
21878,2017-09-01T23:10:00,0
21879,2017-09-01T23:30:00,0
21880,2017-09-01T23:50:00,0
21881,2017-09-02T00:10:00,0
21882,2017-09-02T00:30:00,0
21883,2017-09-02T00:50:00,0
21884,2017-09-02T01:10:00,0
21885,2017-09-02T01:30:00,0
21886,2017-09-02T01:50:00,0
21887,2017-09-02T02:10:00,0
21888,2017-09-02T02:30:00,0
21889,2017-09-02T02:50:00,0
21890,2017-09-02T03:10:00,0.1
21891,2017-09-02T03:30:00,2.44
21892,2017-09-02T03:55:00,21.41
21893,2017-09-02T04:15:00,65.49
21894,2017-09-02T04:35:00,90.91
21895,2017-09-02T04:55:00,95.6
21896,2017-09-02T05:15:00,96.77
21897,2017-09-02T05:35:00,97.16
21898,2017-09-02T05:55:00,97.46
21899,2017-09-02T06:15:00,97.65
21900,2017-09-02T06:35:00,97.75
21901,2017-09-02T06:55:00,97.85
21902,2017-09-02T07:15:00,97.95
21903,2017-09-02T07:35:00,98.04
21904,2017-09-02T07:55:00,97.95
21905,2017-09-02T08:15:00,95.7
21906,2017-09-02T08:35:00,95.7
21907,2017-09-02T08:55:00,95.8
21908,2017-09-02T09:15:00,93.35
21909,2017-09-02T09:35:00,94.23
21910,2017-09-02T09:55:00,95.99
21911,2017-09-02T10:15:00,96.28
21912,2017-09-02T10:35:00,95.99
21913,2017-09-02T10:55:00,95.6
21914,2017-09-02T11:15:00,96.09
21915,2017-09-02T11:35:00,95.31
21916,2017-09-02T11:55:00,94.62
21917,2017-09-02T12:15:00,95.7
21918,2017-09-02T12:35:00,97.36
21919,2017-09-02T12:55:00,96.77
21920,2017-09-02T13:15:00,94.23
21921,2017-09-02T13:35:00,92.28
21922,2017-09-02T13:55:00,93.94
21923,2017-09-02T14:15:00,92.47
21924,2017-09-02T14:35:00,91.59
21925,2017-09-02T14:55:00,94.33
21926,2017-09-02T15:20:00,93.16
21927,2017-09-02T15:40:00,92.38
21928,2017-09-02T16:00:00,91.01
21929,2017-09-02T16:20:00,90.71
21930,2017-09-02T16:40:00,90.32
21931,2017-09-02T17:00:00,88.56
21932,2017-09-02T17:20:00,85.14
21933,2017-09-02T17:40:00,79.08
21934,2017-09-02T18:00:00,58.36
21935,2017-09-02T18:20:00,20.33
21936,2017-09-02T18:40:00,1.37
21937,2017-09-02T19:00:00,0
21938,2017-09-02T19:20:00,0
21939,2017-09-02T19:40:00,0
21940,2017-09-02T20:00:00,0
21941,2017-09-02T20:20:00,0
21942,2017-09-02T20:40:00,0
21943,2017-09-02T21:00:00,0
21944,2017-09-02T21:20:00,0
21945,2017-09-02T21:40:00,0
21946,2017-09-02T22:00:00,0
21947,2017-09-02T22:20:00,0
21948,2017-09-02T22:40:00,0
21949,2017-09-02T23:00:00,0
21950,2017-09-02T23:20:00,0
21951,2017-09-02T23:40:00,0
21952,2017-09-03T00:00:00,0
21953,2017-09-03T00:20:00,0
21954,2017-09-03T00:40:00,0
21955,2017-09-03T01:00:00,0
21956,2017-09-03T01:20:00,0
21957,2017-09-03T01:40:00,0
21958,2017-09-03T02:00:00,0
21959,2017-09-03T02:20:00,0
21960,2017-09-03T02:45:00,0
21961,2017-09-03T03:05:00,0
21962,2017-09-03T03:25:00,0.49
21963,2017-09-03T03:45:00,10.17
21964,2017-09-03T04:05:00,55.91
21965,2017-09-03T04:25:00,79.47
21966,2017-09-03T04:45:00,90.22
21967,2017-09-03T05:05:00,95.89
21968,2017-09-03T05:25:00,95.5
21969,2017-09-03T05:45:00,95.41
21970,2017-09-03T06:05:00,97.36
21971,2017-09-03T06:25:00,97.56
21972,2017-09-03T06:45:00,97.16
21973,2017-09-03T07:05:00,97.85
21974,2017-09-03T07:25:00,98.04
21975,2017-09-03T07:45:00,98.04
21976,2017-09-03T08:05:00,97.95
21977,2017-09-03T08:25:00,97.95
21978,2017-09-03T08:45:00,97.95
21979,2017-09-03T09:05:00,98.04
21980,2017-09-03T09:25:00,98.04
21981,2017-09-03T09:45:00,98.04
21982,2017-09-03T10:05:00,97.95
21983,2017-09-03T10:25:00,97.95
21984,2017-09-03T10:45:00,97.95
21985,2017-09-03T11:05:00,97.85
21986,2017-09-03T11:25:00,97.75
21987,2017-09-03T11:45:00,97.75
21988,2017-09-03T12:05:00,97.65
21989,2017-09-03T12:25:00,97.26
21990,2017-09-03T12:45:00,96.87
21991,2017-09-03T13:05:00,96.68
21992,2017-09-03T13:25:00,96.48
21993,2017-09-03T13:50:00,96.28
21994,2017-09-03T14:10:00,95.89
21995,2017-09-03T14:30:00,95.41
21996,2017-09-03T14:50:00,95.11
21997,2017-09-03T15:10:00,96.19
21998,2017-09-03T15:30:00,96.97
21999,2017-09-03T15:50:00,92.57
22000,2017-09-03T16:10:00,91.69
22001,2017-09-03T16:30:00,89.64
22002,2017-09-03T16:50:00,89.15
22003,2017-09-03T17:10:00,86.9
22004,2017-09-03T17:30:00,80.94
22005,2017-09-03T17:50:00,65.98
22006,2017-09-03T18:50:00,0
22007,2017-09-03T19:10:00,0
22008,2017-09-03T19:30:00,0
22009,2017-09-03T19:50:00,0
22010,2017-09-03T20:10:00,0
22011,2017-09-03T20:30:00,0
22012,2017-09-03T20:50:00,0
22013,2017-09-03T21:10:00,0
22014,2017-09-03T21:30:00,0
22015,2017-09-03T21:50:00,0
22016,2017-09-03T22:10:00,0
22017,2017-09-03T22:30:00,0
22018,2017-09-03T22:50:00,0
22019,2017-09-03T23:10:00,0
22020,2017-09-03T23:30:00,0
22021,2017-09-03T23:50:00,0
22022,2017-09-04T00:10:00,0
22023,2017-09-04T00:30:00,0
22024,2017-09-04T00:50:00,0
22025,2017-09-04T01:15:00,0
22026,2017-09-04T01:35:00,0
22027,2017-09-04T01:55:00,0
22028,2017-09-04T02:15:00,0
22029,2017-09-04T02:35:00,0
22030,2017-09-04T02:55:00,0
22031,2017-09-04T03:15:00,0.1
22032,2017-09-04T03:35:00,2.54
22033,2017-09-04T03:55:00,26.39
22034,2017-09-04T04:15:00,67.45
22035,2017-09-04T04:35:00,84.65
22036,2017-09-04T04:55:00,95.7
22037,2017-09-04T05:15:00,96.58
22038,2017-09-04T05:35:00,97.07
22039,2017-09-04T05:55:00,97.36
22040,2017-09-04T06:15:00,97.56
22041,2017-09-04T06:35:00,97.85
22042,2017-09-04T06:55:00,95.21
22043,2017-09-04T07:15:00,94.72
22044,2017-09-04T07:35:00,94.04
22045,2017-09-04T07:55:00,95.21
22046,2017-09-04T08:15:00,94.53
22047,2017-09-04T08:35:00,92.47
22048,2017-09-04T08:55:00,94.53
22049,2017-09-04T09:15:00,91.3
22050,2017-09-04T09:35:00,94.43
22051,2017-09-04T09:55:00,94.33
22052,2017-09-04T10:15:00,97.56
22053,2017-09-04T10:35:00,93.94
22054,2017-09-04T10:55:00,95.89
22055,2017-09-04T11:15:00,95.8
22056,2017-09-04T11:35:00,96.48
22057,2017-09-04T11:55:00,90.71
22058,2017-09-04T12:15:00,92.18
22059,2017-09-04T12:40:00,93.06
22060,2017-09-04T13:00:00,94.62
22061,2017-09-04T13:20:00,96.09
22062,2017-09-04T13:40:00,94.62
22063,2017-09-04T14:00:00,96.19
22064,2017-09-04T14:20:00,95.99
22065,2017-09-04T14:40:00,95.99
22066,2017-09-04T15:00:00,95.89
22067,2017-09-04T15:20:00,94.53
22068,2017-09-04T15:40:00,91.3
22069,2017-09-04T16:00:00,90.03
22070,2017-09-04T16:20:00,87.1
22071,2017-09-04T16:40:00,85.73
22072,2017-09-04T17:00:00,85.63
22073,2017-09-04T17:20:00,83.28
22074,2017-09-04T17:40:00,71.06
22075,2017-09-04T18:00:00,44.58
22076,2017-09-04T18:20:00,6.55
22077,2017-09-04T18:40:00,0.88
22078,2017-09-04T19:00:00,0.49
22079,2017-09-04T19:20:00,0.49
22080,2017-09-04T19:40:00,0.59
22081,2017-09-04T20:00:00,0
22082,2017-09-04T20:20:00,0.1
22083,2017-09-04T20:40:00,0.1
22084,2017-09-04T21:00:00,0.1
22085,2017-09-04T21:20:00,0
22086,2017-09-04T21:40:00,0
22087,2017-09-04T22:00:00,0
22088,2017-09-04T22:20:00,0
22089,2017-09-04T22:40:00,0.1
22090,2017-09-04T23:00:00,0
22091,2017-09-04T23:20:00,0
22092,2017-09-04T23:40:00,0
22093,2017-09-05T00:05:00,0
22094,2017-09-05T00:25:00,0
22095,2017-09-05T00:45:00,0
22096,2017-09-05T01:05:00,0
22097,2017-09-05T01:25:00,0
22098,2017-09-05T01:45:00,0
22099,2017-09-05T02:05:00,0
22100,2017-09-05T02:25:00,0
22101,2017-09-05T02:45:00,0
22102,2017-09-05T03:05:00,0.1
22103,2017-09-05T03:25:00,0.59
22104,2017-09-05T03:45:00,8.31
22105,2017-09-05T04:05:00,44.97
22106,2017-09-05T04:25:00,76.74
22107,2017-09-05T04:45:00,84.46
22108,2017-09-05T05:05:00,89.64
22109,2017-09-05T05:25:00,87.98
22110,2017-09-05T05:45:00,88.95
22111,2017-09-05T06:05:00,91.89
22112,2017-09-05T06:25:00,92.86
22113,2017-09-05T06:45:00,94.62
22114,2017-09-05T07:05:00,95.41
22115,2017-09-05T07:25:00,95.8
22116,2017-09-05T07:45:00,95.41
22117,2017-09-05T08:05:00,97.85
22118,2017-09-05T08:25:00,97.95
22119,2017-09-05T08:45:00,97.95
22120,2017-09-05T09:05:00,97.75
22121,2017-09-05T09:25:00,97.56
22122,2017-09-05T09:45:00,97.16
22123,2017-09-05T10:05:00,97.16
22124,2017-09-05T10:25:00,96.68
22125,2017-09-05T10:45:00,95.41
22126,2017-09-05T11:10:00,96.38
22127,2017-09-05T11:30:00,95.8
22128,2017-09-05T11:50:00,95.41
22129,2017-09-05T12:10:00,94.72
22130,2017-09-05T12:30:00,94.62
22131,2017-09-05T12:50:00,95.31
22132,2017-09-05T13:10:00,96.48
22133,2017-09-05T13:30:00,96.28
22134,2017-09-05T13:50:00,95.6
22135,2017-09-05T14:10:00,95.5
22136,2017-09-05T14:30:00,94.62
22137,2017-09-05T14:50:00,95.02
22138,2017-09-05T15:10:00,93.74
22139,2017-09-05T15:30:00,95.7
22140,2017-09-05T15:50:00,93.16
22141,2017-09-05T16:10:00,92.08
22142,2017-09-05T16:30:00,89.25
22143,2017-09-05T16:50:00,85.04
22144,2017-09-05T17:10:00,80.64
22145,2017-09-05T17:30:00,64.71
22146,2017-09-05T17:50:00,35.88
22147,2017-09-05T18:10:00,5.86
22148,2017-09-05T18:30:00,0.29
22149,2017-09-05T18:50:00,0
22150,2017-09-05T19:10:00,0
22151,2017-09-05T19:30:00,0
22152,2017-09-05T19:50:00,0
22153,2017-09-05T20:10:00,0
22154,2017-09-05T20:30:00,0
22155,2017-09-05T20:50:00,0
22156,2017-09-05T21:10:00,0
22157,2017-09-05T21:30:00,0
22158,2017-09-05T21:50:00,0
22159,2017-09-05T22:10:00,0
22160,2017-09-05T22:35:00,0
22161,2017-09-05T22:55:00,0
22162,2017-09-05T23:15:00,0
22163,2017-09-05T23:35:00,0
22164,2017-09-05T23:55:00,0
22165,2017-09-06T00:15:00,0
22166,2017-09-06T00:35:00,0.1
22167,2017-09-06T00:55:00,0.1
22168,2017-09-06T01:15:00,0
22169,2017-09-06T01:35:00,0
22170,2017-09-06T01:55:00,0
22171,2017-09-06T02:15:00,0
22172,2017-09-06T02:35:00,0.1
22173,2017-09-06T02:55:00,0
22174,2017-09-06T03:15:00,0.1
22175,2017-09-06T03:35:00,0.2
22176,2017-09-06T03:55:00,3.32
22177,2017-09-06T04:15:00,22.38
22178,2017-09-06T04:35:00,43.5
22179,2017-09-06T04:55:00,50.24
22180,2017-09-06T05:15:00,60.9
22181,2017-09-06T05:35:00,81.13
22182,2017-09-06T05:55:00,63.44
22183,2017-09-06T06:15:00,83.68
22184,2017-09-06T06:35:00,83.38
22185,2017-09-06T06:55:00,78.79
22186,2017-09-06T07:15:00,89.05
22187,2017-09-06T07:35:00,92.08
22188,2017-09-06T07:55:00,85.24
22189,2017-09-06T08:15:00,90.81
22190,2017-09-06T08:35:00,90.62
22191,2017-09-06T08:55:00,89.44
22192,2017-09-06T09:15:00,89.83
22193,2017-09-06T09:35:00,90.32
22194,2017-09-06T10:00:00,93.35
22195,2017-09-06T10:20:00,93.94
22196,2017-09-06T10:40:00,91.98
22197,2017-09-06T11:00:00,89.83
22198,2017-09-06T11:20:00,91.5
22199,2017-09-06T11:40:00,86.71
22200,2017-09-06T12:00:00,83.38
22201,2017-09-06T12:20:00,82.7
22202,2017-09-06T12:40:00,82.4
22203,2017-09-06T13:00:00,84.07
22204,2017-09-06T13:20:00,74.98
22205,2017-09-06T13:40:00,83.19
22206,2017-09-06T14:00:00,89.64
22207,2017-09-06T14:20:00,91.2
22208,2017-09-06T14:40:00,88.07
22209,2017-09-06T15:00:00,78.5
22210,2017-09-06T15:20:00,64.52
22211,2017-09-06T15:40:00,55.91
22212,2017-09-06T16:00:00,71.26
22213,2017-09-06T16:20:00,52
22214,2017-09-06T16:40:00,62.85
22215,2017-09-06T17:00:00,67.55
22216,2017-09-06T17:20:00,54.84
22217,2017-09-06T17:40:00,38.81
22218,2017-09-06T18:00:00,11.05
22219,2017-09-06T18:20:00,1.27
22220,2017-09-06T18:40:00,0.49
22221,2017-09-06T19:00:00,0.39
22222,2017-09-06T19:20:00,0.39
22223,2017-09-06T19:40:00,0.39
22224,2017-09-06T20:00:00,0
22225,2017-09-06T20:20:00,0
22226,2017-09-06T20:40:00,0
22227,2017-09-06T21:00:00,0
22228,2017-09-06T21:25:00,0
22229,2017-09-06T21:45:00,0
22230,2017-09-06T22:05:00,0
22231,2017-09-06T22:25:00,0
22232,2017-09-06T22:45:00,0
22233,2017-09-06T23:05:00,0
22234,2017-09-06T23:25:00,0
22235,2017-09-06T23:45:00,0
22236,2017-09-07T00:05:00,0
22237,2017-09-07T00:25:00,0
22238,2017-09-07T00:45:00,0
22239,2017-09-07T01:05:00,0
22240,2017-09-07T01:25:00,0
22241,2017-09-07T01:45:00,0
22242,2017-09-07T02:05:00,0
22243,2017-09-07T02:25:00,0
22244,2017-09-07T02:45:00,0
22245,2017-09-07T03:05:00,0
22246,2017-09-07T03:25:00,0.1
22247,2017-09-07T03:45:00,0.78
22248,2017-09-07T04:05:00,10.85
22249,2017-09-07T04:25:00,32.94
22250,2017-09-07T04:45:00,51.61
22251,2017-09-07T05:05:00,63.44
22252,2017-09-07T05:25:00,67.64
22253,2017-09-08T01:35:00,0
22254,2017-09-07T05:45:00,76.15
22255,2017-09-07T06:05:00,84.65
22256,2017-09-07T06:25:00,85.92
22257,2017-09-07T06:45:00,83.77
22258,2017-09-07T07:05:00,85.34
22259,2017-09-07T07:25:00,84.07
22260,2017-09-07T07:45:00,86.61
22261,2017-09-07T08:05:00,88.56
22262,2017-09-07T08:25:00,88.46
22263,2017-09-07T08:50:00,91.59
22264,2017-09-07T09:10:00,94.82
22265,2017-09-07T09:30:00,94.43
22266,2017-09-07T09:50:00,93.16
22267,2017-09-07T10:10:00,92.28
22268,2017-09-07T10:30:00,92.86
22269,2017-09-07T10:50:00,92.96
22270,2017-09-07T11:10:00,94.43
22271,2017-09-07T11:30:00,93.65
22272,2017-09-07T11:50:00,92.47
22273,2017-09-07T12:10:00,91.4
22274,2017-09-07T12:30:00,93.65
22275,2017-09-07T12:50:00,92.96
22276,2017-09-07T13:10:00,92.57
22277,2017-09-07T13:30:00,91.98
22278,2017-09-07T13:50:00,88.56
22279,2017-09-07T14:10:00,87.39
22280,2017-09-07T14:30:00,90.62
22281,2017-09-07T14:50:00,85.63
22282,2017-09-07T15:10:00,86.22
22283,2017-09-07T15:30:00,84.26
22284,2017-09-07T15:50:00,82.8
22285,2017-09-07T16:10:00,82.6
22286,2017-09-07T16:30:00,75.37
22287,2017-09-07T16:50:00,65.89
22288,2017-09-07T17:10:00,54.94
22289,2017-09-07T17:30:00,34.51
22290,2017-09-07T17:50:00,14.17
22291,2017-09-07T18:10:00,2.35
22292,2017-09-07T18:30:00,0.49
22293,2017-09-07T18:50:00,0.39
22294,2017-09-07T19:10:00,0.29
22295,2017-09-07T19:30:00,0.29
22296,2017-09-07T19:55:00,0
22297,2017-09-07T20:15:00,0
22298,2017-09-07T20:35:00,0
22299,2017-09-07T20:55:00,0
22300,2017-09-07T21:15:00,0
22301,2017-09-07T21:35:00,0
22302,2017-09-07T21:55:00,0
22303,2017-09-07T22:15:00,0
22304,2017-09-07T22:35:00,0
22305,2017-09-07T22:55:00,0
22306,2017-09-07T23:15:00,0
22307,2017-09-07T23:35:00,0
22308,2017-09-07T23:55:00,0
22309,2017-09-08T00:15:00,0
22310,2017-09-08T00:35:00,0
22311,2017-09-08T00:55:00,0
22312,2017-09-08T01:15:00,0
22313,2017-09-08T01:55:00,0
22314,2017-09-08T02:15:00,0
22315,2017-09-08T02:35:00,0
22316,2017-09-08T02:55:00,0
22317,2017-09-08T03:15:00,0
22318,2017-09-08T03:35:00,0.1
22319,2017-09-08T03:55:00,2.25
22320,2017-09-08T04:15:00,19.06
22321,2017-09-08T04:35:00,35.48
22322,2017-09-08T04:55:00,66.47
22323,2017-09-08T05:15:00,73.41
22324,2017-09-08T05:35:00,88.27
22325,2017-09-08T05:55:00,87.88
22326,2017-09-08T06:15:00,86.32
22327,2017-09-08T06:35:00,87
22328,2017-09-08T06:55:00,87.2
22329,2017-09-08T07:20:00,82.6
22330,2017-09-08T07:40:00,89.25
22331,2017-09-08T08:40:00,88.27
22332,2017-09-08T09:00:00,89.93
22333,2017-09-08T09:20:00,92.57
22334,2017-09-08T09:40:00,88.86
22335,2017-09-08T10:00:00,89.25
22336,2017-09-08T10:20:00,89.25
22337,2017-09-08T10:40:00,89.64
22338,2017-09-08T11:00:00,91.98
22339,2017-09-08T11:20:00,88.76
22340,2017-09-08T11:40:00,90.52
22341,2017-09-08T12:00:00,92.77
22342,2017-09-08T12:20:00,94.53
22343,2017-09-08T12:40:00,96.38
22344,2017-09-08T13:00:00,96.97
22345,2017-09-08T13:20:00,97.16
22346,2017-09-08T13:40:00,96.87
22347,2017-09-08T14:00:00,94.72
22348,2017-09-08T14:20:00,93.45
22349,2017-09-08T14:40:00,93.74
22350,2017-09-08T15:00:00,96.09
22351,2017-09-08T15:20:00,94.92
22352,2017-09-08T15:40:00,93.35
22353,2017-09-08T16:00:00,92.18
22354,2017-09-08T16:20:00,90.13
22355,2017-09-08T16:40:00,87.59
22356,2017-09-08T17:00:00,85.44
22357,2017-09-08T17:20:00,76.93
22358,2017-09-08T17:40:00,50.34
22359,2017-09-08T18:00:00,11.63
22360,2017-09-08T18:20:00,0.98
22361,2017-09-08T18:45:00,0.39
22362,2017-09-08T19:05:00,0.29
22363,2017-09-08T19:25:00,0.29
22364,2017-09-08T19:45:00,0.29
22365,2017-09-08T20:05:00,0
22366,2017-09-08T20:25:00,0
22367,2017-09-08T20:45:00,0
22368,2017-09-08T21:05:00,0
22369,2017-09-08T21:25:00,0
22370,2017-09-08T21:45:00,0
22371,2017-09-08T22:05:00,0
22372,2017-09-08T22:25:00,0
22373,2017-09-08T22:45:00,0
22374,2017-09-08T23:05:00,0
22375,2017-09-08T23:25:00,0
22376,2017-09-08T23:45:00,0
22377,2017-09-09T00:05:00,0
22378,2017-09-09T00:25:00,0
22379,2017-09-09T00:45:00,0
22380,2017-09-09T01:05:00,0
22381,2017-09-09T01:25:00,0
22382,2017-09-09T01:45:00,0
22383,2017-09-09T02:05:00,0
22384,2017-09-09T02:25:00,0
22385,2017-09-09T02:45:00,0
22386,2017-09-09T03:05:00,0
22387,2017-09-09T03:25:00,0
22388,2017-09-09T03:45:00,2.05
22389,2017-09-09T04:05:00,17.5
22390,2017-09-09T04:25:00,64.52
22391,2017-09-09T04:45:00,74.58
22392,2017-09-09T05:05:00,89.54
22393,2017-09-09T05:25:00,85.83
22394,2017-09-09T05:45:00,85.92
22395,2017-09-09T06:10:00,88.56
22396,2017-09-09T06:30:00,95.8
22397,2017-09-09T06:50:00,94.53
22398,2017-09-09T07:10:00,93.84
22399,2017-09-09T07:30:00,88.66
22400,2017-09-09T07:50:00,95.02
22401,2017-09-09T08:10:00,91.89
22402,2017-09-09T08:30:00,96.77
22403,2017-09-09T08:50:00,96.28
22404,2017-09-09T09:10:00,97.07
22405,2017-09-09T09:30:00,96.87
22406,2017-09-09T09:50:00,94.14
22407,2017-09-09T10:10:00,93.26
22408,2017-09-09T10:30:00,93.65
22409,2017-09-09T10:50:00,94.23
22410,2017-09-09T11:10:00,94.43
22411,2017-09-09T11:30:00,94.04
22412,2017-09-09T11:50:00,91.4
22413,2017-09-09T12:10:00,90.32
22414,2017-09-09T12:30:00,90.22
22415,2017-09-09T12:50:00,89.54
22416,2017-09-09T13:10:00,89.93
22417,2017-09-09T13:30:00,89.05
22418,2017-09-09T13:50:00,89.15
22419,2017-09-09T14:10:00,88.66
22420,2017-09-09T14:30:00,88.76
22421,2017-09-09T14:50:00,90.62
22422,2017-09-09T15:10:00,93.84
22423,2017-09-09T15:30:00,92.77
22424,2017-09-09T15:50:00,90.03
22425,2017-09-09T16:10:00,87.98
22426,2017-09-09T16:30:00,84.75
22427,2017-09-09T16:50:00,84.07
22428,2017-09-09T17:15:00,76.54
22429,2017-09-09T17:35:00,59.73
22430,2017-09-09T17:55:00,22.29
22431,2017-09-09T18:15:00,1.66
22432,2017-09-09T18:35:00,0
22433,2017-09-09T18:55:00,0
22434,2017-09-09T19:15:00,0
22435,2017-09-09T19:35:00,0
22436,2017-09-09T19:55:00,0
22437,2017-09-09T20:15:00,0
22438,2017-09-09T20:35:00,0
22439,2017-09-09T20:55:00,0
22440,2017-09-09T21:15:00,0
22441,2017-09-09T21:35:00,0
22442,2017-09-09T21:55:00,0
22443,2017-09-09T22:15:00,0
22444,2017-09-09T22:35:00,0
22445,2017-09-09T22:55:00,0
22446,2017-09-09T23:15:00,0
22447,2017-09-09T23:35:00,0
22448,2017-09-09T23:55:00,0
22449,2017-09-10T00:15:00,0
22450,2017-09-10T00:35:00,0
22451,2017-09-10T00:55:00,0
22452,2017-09-10T01:15:00,0
22453,2017-09-10T01:35:00,0
22454,2017-09-10T01:55:00,0
22455,2017-09-10T02:15:00,0
22456,2017-09-10T02:35:00,0
22457,2017-09-10T02:55:00,0
22458,2017-09-10T03:15:00,0
22459,2017-09-10T03:35:00,0.68
22460,2017-09-10T03:55:00,10.26
22461,2017-09-10T04:15:00,48.88
22462,2017-09-10T04:40:00,85.63
22463,2017-09-10T05:00:00,94.92
22464,2017-09-10T05:20:00,96.38
22465,2017-09-10T05:40:00,96.97
22466,2017-09-10T06:00:00,97.36
22467,2017-09-10T06:20:00,97.65
22468,2017-09-10T06:40:00,97.75
22469,2017-09-10T07:00:00,97.85
22470,2017-09-10T07:20:00,97.95
22471,2017-09-10T07:40:00,98.04
22472,2017-09-10T08:00:00,98.04
22473,2017-09-10T08:20:00,97.85
22474,2017-09-10T08:40:00,98.04
22475,2017-09-10T09:00:00,98.04
22476,2017-09-10T09:20:00,96.09
22477,2017-09-10T09:40:00,93.45
22478,2017-09-10T10:00:00,92.18
22479,2017-10-24T08:45:00,84.46
22480,2017-10-24T09:05:00,86.41
22481,2017-10-24T09:25:00,86.02
22482,2017-10-24T09:45:00,87.1
22483,2017-10-24T10:05:00,84.65
22484,2017-10-24T10:25:00,84.36
22485,2017-10-24T10:45:00,84.85
22486,2017-10-24T11:05:00,87.1
22487,2017-10-24T11:25:00,85.92
22488,2017-10-24T11:45:00,86.32
22489,2017-10-24T12:05:00,83.19
22490,2017-10-24T12:25:00,83.38
22491,2017-10-24T12:45:00,82.11
22492,2017-10-24T13:05:00,75.86
22493,2017-10-24T13:25:00,75.27
22494,2017-10-24T13:45:00,76.15
22495,2017-10-24T14:05:00,78.1
22496,2017-10-24T14:25:00,70.77
22497,2017-10-24T14:45:00,61.49
22498,2017-10-24T15:05:00,58.65
22499,2017-10-24T15:25:00,38.32
22500,2017-10-24T15:45:00,30.11
22501,2017-10-24T16:05:00,7.82
22502,2017-10-24T16:25:00,1.17
22503,2017-10-24T16:45:00,0.59
22504,2017-10-24T17:05:00,0.68
22505,2017-10-24T17:25:00,0.68
22506,2017-10-24T17:45:00,0.68
22507,2017-10-24T18:05:00,0.59
22508,2017-10-24T18:30:00,0.59
22509,2017-10-24T18:50:00,0.59
22510,2017-10-24T19:10:00,0.49
22511,2017-10-24T19:30:00,0.49
22512,2017-10-24T19:50:00,0.49
22513,2017-10-24T20:10:00,0.2
22514,2017-10-24T20:30:00,0.1
22515,2017-10-24T20:50:00,0
22516,2017-10-24T21:10:00,0
22517,2017-10-24T21:30:00,0.1
22518,2017-10-24T21:50:00,0
22519,2017-10-24T22:10:00,0
22520,2017-10-24T22:30:00,0
22521,2017-10-24T22:50:00,0
22522,2017-10-24T23:10:00,0
22523,2017-10-24T23:30:00,0
22524,2017-10-24T23:50:00,0
22525,2017-10-25T00:10:00,0
22526,2017-10-25T00:30:00,0
22527,2017-10-25T00:50:00,0
22528,2017-10-25T01:10:00,0
22529,2017-10-25T01:30:00,0
22530,2017-10-25T01:50:00,0
22531,2017-10-25T02:10:00,0
22532,2017-10-25T02:30:00,0
22533,2017-10-25T02:50:00,0
22534,2017-10-25T03:10:00,0
22535,2017-10-25T03:30:00,0
22536,2017-10-25T03:50:00,0
22537,2017-10-25T04:10:00,0.29
22538,2017-10-25T04:30:00,0.29
22539,2017-10-25T04:50:00,0.29
22540,2017-10-25T05:10:00,0.39
22541,2017-10-25T05:30:00,0.78
22542,2017-10-25T05:55:00,4.99
22543,2017-10-25T06:15:00,22.97
22544,2017-10-25T06:35:00,36.76
22545,2017-10-25T06:55:00,60.51
22546,2017-10-25T07:15:00,72.82
22547,2017-10-25T07:35:00,71.36
22548,2017-10-25T07:55:00,83.28
22549,2017-10-25T08:15:00,87.2
22550,2017-10-25T08:35:00,88.76
22551,2017-10-25T08:55:00,88.27
22552,2017-10-25T09:15:00,88.37
22553,2017-10-25T09:35:00,84.16
22554,2017-10-25T09:55:00,98.34
22555,2017-10-25T10:15:00,97.46
22556,2017-10-25T10:35:00,98.04
22557,2017-10-25T10:55:00,91.59
22558,2017-10-25T11:15:00,92.67
22559,2017-10-25T11:35:00,96.28
22560,2017-10-25T11:55:00,90.32
22561,2017-10-25T12:15:00,91.2
22562,2017-10-25T12:35:00,96.19
22563,2017-10-25T12:55:00,96.97
22564,2017-10-25T13:15:00,95.41
22565,2017-10-25T13:35:00,92.47
22566,2017-10-25T13:55:00,95.11
22567,2017-10-25T14:15:00,95.02
22568,2017-10-25T14:35:00,92.38
22569,2017-10-25T14:55:00,92.57
22570,2017-10-25T15:15:00,89.25
22571,2017-10-25T15:35:00,72.24
22572,2017-10-25T15:55:00,45.85
22573,2017-10-25T16:15:00,8.9
22574,2017-10-25T16:35:00,0.68
22575,2017-10-25T16:55:00,0.29
22576,2017-10-25T17:20:00,0.29
22577,2017-10-25T17:40:00,0.29
22578,2017-10-25T18:00:00,0.29
22579,2017-10-25T18:20:00,0.29
22580,2017-10-25T18:40:00,0.29
22581,2017-10-25T19:00:00,0.29
22582,2017-10-25T19:20:00,0.29
22583,2017-10-25T19:40:00,0.29
22584,2017-10-25T20:00:00,0
22585,2017-10-25T20:20:00,0
22586,2017-10-25T20:40:00,0
22587,2017-10-25T21:00:00,0
22588,2017-10-25T21:20:00,0
22589,2017-10-25T21:40:00,0
22590,2017-10-25T22:00:00,0
22591,2017-10-25T22:20:00,0
22592,2017-10-25T22:40:00,0
22593,2017-10-25T23:00:00,0
22594,2017-10-25T23:20:00,0
22595,2017-10-25T23:40:00,0
22596,2017-10-26T00:00:00,0
22597,2017-10-26T00:20:00,0
22598,2017-10-26T00:40:00,0
22599,2017-10-26T01:00:00,0
22600,2017-10-26T01:20:00,0
22601,2017-10-26T01:40:00,0
22602,2017-10-26T02:00:00,0
22603,2017-10-26T02:20:00,0
22604,2017-10-26T02:40:00,0
22605,2017-10-26T03:00:00,0
22606,2017-10-26T03:20:00,0
22607,2017-10-26T03:40:00,0
22608,2017-10-26T04:00:00,0.29
22609,2017-10-26T04:20:00,0.29
22610,2017-10-26T04:45:00,0.29
22611,2017-10-26T05:05:00,0.29
22612,2017-10-26T05:25:00,0.49
22613,2017-10-26T05:45:00,3.32
22614,2017-10-26T06:05:00,21.99
22615,2017-10-26T06:25:00,53.28
22616,2017-10-26T06:45:00,68.33
22617,2017-10-26T07:05:00,77.52
22618,2017-10-26T07:25:00,83.97
22619,2017-10-26T07:45:00,86.61
22620,2017-10-26T08:05:00,88.56
22621,2017-10-26T08:25:00,88.86
22622,2017-10-26T08:45:00,89.83
22623,2017-10-26T09:05:00,90.32
22624,2017-10-26T09:25:00,92.08
22625,2017-10-26T09:45:00,90.13
22626,2017-10-26T10:05:00,95.7
22627,2017-10-26T10:25:00,96.87
22628,2017-10-26T10:45:00,97.75
22629,2017-10-26T11:05:00,91.01
22630,2017-10-26T11:25:00,97.26
22631,2017-10-26T11:45:00,97.65
22632,2017-10-26T12:05:00,97.07
22633,2017-10-26T12:25:00,92.57
22634,2017-10-26T12:45:00,97.26
22635,2017-10-26T13:05:00,91.89
22636,2017-10-26T13:25:00,89.74
22637,2017-10-26T13:45:00,88.95
22638,2017-10-26T14:05:00,93.94
22639,2017-10-26T14:25:00,88.17
22640,2017-10-26T14:45:00,81.04
22641,2017-10-26T15:05:00,83.48
22642,2017-10-26T15:25:00,72.04
22643,2017-10-26T15:45:00,54.25
22644,2017-10-26T16:10:00,18.96
22645,2017-10-26T16:30:00,1.76
22646,2017-10-26T16:50:00,0.39
22647,2017-10-26T17:10:00,0.29
22648,2017-10-26T17:30:00,0.29
22649,2017-10-26T17:50:00,0.29
22650,2017-10-26T18:10:00,0.49
22651,2017-10-26T18:30:00,0.29
22652,2017-10-26T18:50:00,0.29
22653,2017-10-26T19:10:00,0.29
22654,2017-10-26T19:30:00,0.29
22655,2017-10-26T19:50:00,0.29
22656,2017-10-26T20:10:00,0
22657,2017-10-26T20:30:00,0
22658,2017-10-26T20:50:00,0
22659,2017-10-26T21:10:00,0
22660,2017-10-26T21:30:00,0
22661,2017-10-26T21:50:00,0
22662,2017-10-26T22:10:00,0
22663,2017-10-26T22:30:00,0
22664,2017-10-26T22:50:00,0
22665,2017-10-26T23:10:00,0
22666,2017-10-26T23:30:00,0
22667,2017-10-26T23:50:00,0
22668,2017-10-27T00:10:00,0
22669,2017-10-27T00:30:00,0
22670,2017-10-27T00:50:00,0
22671,2017-10-27T01:10:00,0
22672,2017-10-27T01:30:00,0
22673,2017-10-27T01:50:00,0
22674,2017-10-27T02:10:00,0
22675,2017-10-27T02:30:00,0
22676,2017-10-27T02:50:00,0
22677,2017-10-27T03:15:00,0
22678,2017-10-27T03:35:00,0
22679,2017-10-27T03:55:00,0
22680,2017-10-27T04:15:00,0.29
22681,2017-10-27T04:35:00,0.39
22682,2017-10-27T04:55:00,0.39
22683,2017-10-27T05:15:00,0.39
22684,2017-10-27T05:35:00,3.13
22685,2017-10-27T05:55:00,35.09
22686,2017-10-27T06:15:00,73.12
22687,2017-10-27T06:35:00,91.89
22688,2017-10-27T06:55:00,94.53
22689,2017-10-27T07:15:00,90.22
22690,2017-10-27T07:35:00,97.56
22691,2017-10-27T07:55:00,97.75
22692,2017-10-27T08:15:00,97.95
22693,2017-10-27T08:35:00,98.14
22694,2017-10-27T08:55:00,97.95
22695,2017-10-27T09:15:00,98.04
22696,2017-10-27T09:35:00,98.14
22697,2017-10-27T09:55:00,98.14
22698,2017-10-27T10:15:00,97.85
22699,2017-10-27T10:35:00,97.75
22700,2017-10-27T10:55:00,97.75
22701,2017-10-27T11:15:00,96.58
22702,2017-10-27T11:35:00,91.89
22703,2017-10-27T11:55:00,92.96
22704,2017-10-27T12:15:00,93.16
22705,2017-10-27T12:35:00,96.58
22706,2017-10-27T12:55:00,96.77
22707,2017-10-27T13:15:00,96.09
22708,2017-10-27T13:35:00,94.14
22709,2017-10-27T13:55:00,91.4
22710,2017-10-27T14:15:00,88.27
22711,2017-10-27T14:40:00,84.26
22712,2017-10-27T15:00:00,80.74
22713,2017-10-27T15:20:00,70.38
22714,2017-10-27T15:40:00,56.4
22715,2017-10-27T16:00:00,19.06
22716,2017-10-27T16:20:00,1.96
22717,2017-10-27T16:40:00,0.29
22718,2017-10-27T17:00:00,0.29
22719,2017-10-27T17:20:00,0.29
22720,2017-10-27T17:40:00,0.2
22721,2017-10-27T18:00:00,0.29
22722,2017-10-27T18:20:00,0.29
22723,2017-10-27T18:40:00,0.2
22724,2017-10-27T19:00:00,0.2
22725,2017-10-27T19:20:00,0.2
22726,2017-10-27T19:40:00,0.2
22727,2017-10-27T20:00:00,0
22728,2017-10-27T20:20:00,0
22729,2017-10-27T20:40:00,0
22730,2017-10-27T21:00:00,0
22731,2017-10-27T21:20:00,0
22732,2017-10-27T21:40:00,0
22733,2017-10-27T22:00:00,0
22734,2017-10-27T22:20:00,0
22735,2017-10-27T22:40:00,0
22736,2017-10-27T23:00:00,0
22737,2017-10-27T23:20:00,0
22738,2017-10-27T23:40:00,0
22739,2017-10-28T00:00:00,0
22740,2017-10-28T00:20:00,0
22741,2017-10-28T00:40:00,0
22742,2017-10-28T01:00:00,0
22743,2017-10-28T01:20:00,0
22744,2017-10-28T01:40:00,0
22745,2017-10-28T02:05:00,0
22746,2017-10-28T02:25:00,0
22747,2017-10-28T02:45:00,0
22748,2017-10-28T03:05:00,0
22749,2017-10-28T03:25:00,0
22750,2017-10-28T03:45:00,0
22751,2017-10-28T04:05:00,0
22752,2017-10-28T04:25:00,0
22753,2017-10-28T04:45:00,0
22754,2017-10-28T05:05:00,0
22755,2017-10-28T05:25:00,0.1
22756,2017-10-28T05:45:00,1.47
22757,2017-10-28T06:05:00,20.14
22758,2017-10-28T06:25:00,62.17
22759,2017-10-28T06:45:00,81.53
22760,2017-10-28T07:05:00,83.58
22761,2017-10-28T07:25:00,81.92
22762,2017-10-28T07:45:00,86.9
22763,2017-10-28T08:05:00,87.88
22764,2017-10-28T08:25:00,89.64
22765,2017-10-28T08:45:00,89.44
22766,2017-10-28T09:05:00,90.03
22767,2017-10-28T09:25:00,90.32
22768,2017-10-28T09:45:00,93.35
22769,2017-10-28T10:05:00,95.11
22770,2017-10-28T10:25:00,94.14
22771,2017-10-28T10:45:00,94.14
22772,2017-10-28T11:05:00,93.74
22773,2017-10-28T11:25:00,92.67
22774,2017-10-28T11:45:00,93.55
22775,2017-10-28T12:05:00,96.28
22776,2017-10-28T12:25:00,92.38
22777,2017-10-28T12:45:00,94.33
22778,2017-10-28T13:05:00,94.92
22779,2017-10-28T13:30:00,92.77
22780,2017-10-28T13:50:00,93.94
22781,2017-10-28T14:10:00,89.93
22782,2017-10-28T14:30:00,84.36
22783,2017-10-28T14:50:00,85.04
22784,2017-10-28T15:10:00,80.06
22785,2017-10-28T15:30:00,69.11
22786,2017-10-28T15:50:00,39.88
22787,2017-10-28T16:10:00,5.96
22788,2017-10-28T16:30:00,0.2
22789,2017-10-28T16:50:00,0
22790,2017-10-28T17:50:00,0
22791,2017-10-28T18:10:00,0
22792,2017-10-28T18:30:00,0
22793,2017-10-28T18:50:00,0
22794,2017-10-28T19:10:00,0
22795,2017-10-28T19:30:00,0
22796,2017-10-28T19:50:00,0
22797,2017-10-28T20:10:00,0
22798,2017-10-28T20:30:00,0
22799,2017-10-28T20:50:00,0
22800,2017-10-28T21:10:00,0.1
22801,2017-10-28T21:30:00,0
22802,2017-10-28T21:50:00,0
22803,2017-10-28T22:10:00,0
22804,2017-10-28T22:30:00,0
22805,2017-10-28T22:50:00,0
22806,2017-10-28T23:10:00,0
22807,2017-10-28T23:30:00,0
22808,2017-10-28T23:50:00,0
22809,2017-10-29T00:10:00,0
22810,2017-10-29T00:35:00,0
22811,2017-10-29T00:55:00,0
22812,2017-10-29T01:15:00,0
22813,2017-10-29T01:35:00,0
22814,2017-10-29T01:55:00,0
22815,2017-10-29T02:15:00,0
22816,2017-10-29T02:35:00,0
22817,2017-10-29T02:55:00,0
22818,2017-10-29T03:15:00,0
22819,2017-10-29T03:35:00,0
22820,2017-10-29T03:55:00,0
22821,2017-10-29T04:15:00,0
22822,2017-10-29T04:35:00,0
22823,2017-10-29T04:55:00,0
22824,2017-10-29T05:15:00,0
22825,2017-10-29T05:35:00,0.29
22826,2017-10-29T05:55:00,10.66
22827,2017-10-29T06:15:00,46.43
22828,2017-10-29T06:35:00,62.27
22829,2017-10-29T06:55:00,83.38
22830,2017-10-29T07:15:00,88.37
22831,2017-10-29T07:35:00,92.86
22832,2017-10-29T07:55:00,93.45
22833,2017-10-29T08:15:00,93.06
22834,2017-10-29T08:35:00,98.04
22835,2017-10-29T08:55:00,97.95
22836,2017-10-29T09:15:00,98.04
22837,2017-10-29T09:35:00,98.14
22838,2017-10-29T09:55:00,98.04
22839,2017-10-29T10:15:00,98.04
22840,2017-10-29T10:35:00,97.95
22841,2017-10-29T10:55:00,97.85
22842,2017-10-29T11:15:00,97.75
22843,2017-10-29T11:35:00,97.85
22844,2017-10-29T12:00:00,97.75
22845,2017-10-29T12:20:00,97.65
22846,2017-10-29T12:40:00,97.36
22847,2017-10-29T13:00:00,96.77
22848,2017-10-29T13:20:00,95.89
22849,2017-10-29T13:40:00,95.5
22850,2017-10-29T14:00:00,95.02
22851,2017-10-29T14:20:00,94.33
22852,2017-10-29T14:40:00,93.45
22853,2017-10-29T15:00:00,91.5
22854,2017-10-29T15:20:00,81.62
22855,2017-10-29T15:40:00,68.72
22856,2017-10-29T16:00:00,34.51
22857,2017-10-29T16:20:00,3.91
22858,2017-10-29T16:40:00,0.2
22859,2017-10-29T17:00:00,0
22860,2017-10-29T17:20:00,0
22861,2017-10-29T17:40:00,0
22862,2017-10-29T18:00:00,0
22863,2017-10-29T18:20:00,0
22864,2017-10-29T18:40:00,0
22865,2017-10-29T19:00:00,0
22866,2017-10-29T19:20:00,0
22867,2017-10-29T19:40:00,0
22868,2017-10-29T20:00:00,0
22869,2017-10-29T20:20:00,0
22870,2017-10-29T20:40:00,0
22871,2017-10-29T21:00:00,0
22872,2017-10-29T21:20:00,0
22873,2017-10-29T21:40:00,0
22874,2017-10-29T22:00:00,0
22875,2017-10-29T22:20:00,0
22876,2017-10-29T22:40:00,0
22877,2017-10-29T23:00:00,0
22878,2017-10-29T23:25:00,0
22879,2017-10-29T23:45:00,0
22880,2017-10-30T00:05:00,0
22881,2017-10-30T00:25:00,0
22882,2017-10-30T00:45:00,0
22883,2017-10-30T01:05:00,0
22884,2017-10-30T01:25:00,0
22885,2017-10-30T01:45:00,0
22886,2017-10-30T02:05:00,0
22887,2017-10-30T02:25:00,0
22888,2017-10-30T02:45:00,0
22889,2017-10-30T03:05:00,0
22890,2017-10-30T03:25:00,0
22891,2017-10-30T03:45:00,0
22892,2017-10-30T04:05:00,0
22893,2017-10-30T04:25:00,0
22894,2017-10-30T04:45:00,0
22895,2017-10-30T05:05:00,0.39
22896,2017-10-30T05:25:00,1.17
22897,2017-10-30T05:45:00,12.12
22898,2017-10-30T06:05:00,55.33
22899,2017-10-30T06:25:00,77.81
22900,2017-10-30T06:45:00,94.43
22901,2017-10-30T07:05:00,94.72
22902,2017-10-30T07:25:00,97.46
22903,2017-10-30T07:45:00,97.56
22904,2017-10-30T08:05:00,97.65
22905,2017-10-30T08:25:00,97.95
22906,2017-10-30T08:45:00,98.04
22907,2017-10-30T09:05:00,97.95
22908,2017-10-30T09:25:00,98.04
22909,2017-10-30T09:45:00,98.04
22910,2017-10-30T10:05:00,98.04
22911,2017-10-30T10:25:00,97.95
22912,2017-10-30T10:50:00,97.85
22913,2017-10-30T11:10:00,97.85
22914,2017-10-30T11:30:00,97.85
22915,2017-10-30T11:50:00,97.75
22916,2017-10-30T12:10:00,97.65
22917,2017-10-30T12:30:00,97.46
22918,2017-10-30T12:50:00,96.09
22919,2017-10-30T13:10:00,96.19
22920,2017-10-30T13:30:00,91.5
22921,2017-10-30T13:50:00,89.64
22922,2017-10-30T14:10:00,93.65
22923,2017-10-30T14:30:00,88.37
22924,2017-10-30T14:50:00,85.92
22925,2017-10-30T15:10:00,82.5
22926,2017-10-30T15:30:00,67.55
22927,2017-10-30T15:50:00,42.52
22928,2017-10-30T16:10:00,6.55
22929,2017-10-30T16:30:00,0.78
22930,2017-10-30T16:50:00,0.39
22931,2017-10-30T17:10:00,0.29
22932,2017-10-30T17:30:00,0.39
22933,2017-10-30T17:50:00,0.29
22934,2017-10-30T18:10:00,0.29
22935,2017-10-30T18:30:00,0.29
22936,2017-10-30T18:50:00,0.29
22937,2017-10-30T19:10:00,0.29
22938,2017-10-30T19:30:00,0.39
22939,2017-10-30T19:50:00,0.39
22940,2017-10-30T20:10:00,0.39
22941,2017-10-30T20:30:00,0.39
22942,2017-10-30T20:50:00,0.39
22943,2017-10-30T21:10:00,0
22944,2017-10-30T21:30:00,0
22945,2017-10-30T21:50:00,0
22946,2017-10-30T22:15:00,0
22947,2017-10-30T22:35:00,0
22948,2017-10-30T22:55:00,0
22949,2017-10-30T23:15:00,0
22950,2017-10-30T23:35:00,0
22951,2017-10-30T23:55:00,0
22952,2017-10-31T00:15:00,0
22953,2017-10-31T00:35:00,0
22954,2017-10-31T00:55:00,0
22955,2017-10-31T01:15:00,0
22956,2017-10-31T01:35:00,0
22957,2017-10-31T01:55:00,0
22958,2017-10-31T02:15:00,0
22959,2017-10-31T02:35:00,0
22960,2017-10-31T02:55:00,0
22961,2017-10-31T03:15:00,0
22962,2017-10-31T03:35:00,0
22963,2017-10-31T03:55:00,0
22964,2017-10-31T04:15:00,0
22965,2017-10-31T04:35:00,0
22966,2017-10-31T04:55:00,0
22967,2017-10-31T05:15:00,0.29
22968,2017-10-31T05:35:00,0.88
22969,2017-10-31T05:55:00,7.43
22970,2017-10-31T06:15:00,40.27
22971,2017-10-31T06:35:00,55.23
22972,2017-10-31T06:55:00,72.24
22973,2017-10-31T07:15:00,85.34
22974,2017-10-31T07:35:00,91.2
22975,2017-10-31T07:55:00,95.7
22976,2017-10-31T08:15:00,95.6
22977,2017-10-31T08:35:00,93.84
22978,2017-10-31T08:55:00,92.38
22979,2017-10-31T09:20:00,90.81
22980,2017-10-31T09:40:00,92.96
22981,2017-10-31T10:00:00,95.8
22982,2017-10-31T10:20:00,93.74
22983,2017-10-31T10:40:00,94.72
22984,2017-10-31T11:00:00,94.14
22985,2017-10-31T11:20:00,94.33
22986,2017-10-31T11:40:00,92.77
22987,2017-10-31T12:00:00,94.72
22988,2017-10-31T12:20:00,92.77
22989,2017-10-31T12:40:00,91.79
22990,2017-10-31T13:00:00,88.76
22991,2017-10-31T13:20:00,89.05
22992,2017-10-31T13:40:00,82.31
22993,2017-10-31T14:00:00,84.75
22994,2017-10-31T14:20:00,84.07
22995,2017-10-31T14:40:00,69.01
22996,2017-10-31T15:00:00,66.67
22997,2017-10-31T15:20:00,52.59
22998,2017-10-31T15:40:00,31.67
22999,2017-10-31T16:00:00,5.57
23000,2017-10-31T16:20:00,0.68
23001,2017-10-31T16:40:00,0.29
23002,2017-10-31T17:00:00,0.39
23003,2017-10-31T17:20:00,0.39
23004,2017-10-31T17:40:00,0.49
23005,2017-10-31T18:00:00,0.39
23006,2017-10-31T18:20:00,0.39
23007,2017-10-31T18:40:00,0.49
23008,2017-10-31T19:00:00,0.49
23009,2017-10-31T19:20:00,0.49
23010,2017-10-31T19:40:00,0.39
23011,2017-10-31T20:00:00,0.39
23012,2017-10-31T20:20:00,0.29
23013,2017-10-31T20:45:00,0.29
23014,2017-10-31T21:05:00,0
23015,2017-10-31T21:25:00,0.2
23016,2017-10-31T21:45:00,0.1
23017,2017-10-31T22:05:00,0.2
23018,2017-10-31T22:25:00,0.1
23019,2017-10-31T22:45:00,0.1
23020,2017-10-31T23:05:00,0.2
23021,2017-10-31T23:25:00,0.1
23022,2017-10-31T23:45:00,0.2
23023,2017-11-01T00:05:00,0.1
23024,2017-11-01T00:25:00,0.1
23025,2017-11-01T00:45:00,0.1
23026,2017-11-01T01:05:00,0
23027,2017-11-01T01:25:00,0.1
23028,2017-11-01T01:45:00,0.1
23029,2017-11-01T02:05:00,0.1
23030,2017-11-01T02:25:00,0
23031,2017-11-01T02:45:00,0
23032,2017-11-01T03:05:00,0
23033,2017-11-01T03:25:00,0
23034,2017-11-01T03:45:00,0
23035,2017-11-01T04:05:00,0.1
23036,2017-11-01T04:25:00,0.1
23037,2017-11-01T04:45:00,0
23038,2017-11-01T05:05:00,0.49
23039,2017-11-01T05:25:00,0.39
23040,2017-11-01T05:45:00,1.47
23041,2017-11-01T06:05:00,12.9
23042,2017-11-01T06:25:00,39.2
23043,2017-11-01T06:45:00,67.64
23044,2017-11-01T07:05:00,75.56
23045,2017-11-01T07:25:00,76.54
23046,2017-11-01T07:45:00,83.77
23047,2017-11-01T08:10:00,89.93
23048,2017-11-01T08:30:00,91.79
23049,2017-11-01T08:50:00,87
23050,2017-11-01T09:10:00,88.76
23051,2017-11-01T09:30:00,86.9
23052,2017-11-01T09:50:00,87.59
23053,2017-11-01T10:10:00,85.92
23054,2017-11-01T10:30:00,84.26
23055,2017-11-01T10:50:00,87.2
23056,2017-11-01T11:10:00,85.92
23057,2017-11-01T11:30:00,86.32
23058,2017-11-01T11:50:00,83.68
23059,2017-11-01T12:10:00,84.56
23060,2017-11-01T12:30:00,83.48
23061,2017-11-01T12:50:00,79.57
23062,2017-11-01T13:10:00,82.6
23063,2017-11-01T13:30:00,87.1
23064,2017-11-01T13:50:00,77.13
23065,2017-11-01T14:10:00,83.68
23066,2017-11-01T14:30:00,71.55
23067,2017-11-01T14:50:00,72.14
23068,2017-11-01T15:10:00,61.98
23069,2017-11-01T15:30:00,36.36
23070,2017-11-01T15:50:00,11.54
23071,2017-11-01T16:10:00,0.98
23072,2017-11-01T16:30:00,0.39
23073,2017-11-01T16:50:00,0.39
23074,2017-11-01T17:10:00,0.29
23075,2017-11-01T17:30:00,0.29
23076,2017-11-01T17:50:00,0.29
23077,2017-11-01T18:10:00,0.39
23078,2017-11-01T18:30:00,0.29
23079,2017-11-01T18:50:00,0.39
23080,2017-11-01T19:10:00,0.29
23081,2017-11-01T19:35:00,0.29
23082,2017-11-01T19:55:00,0.29
23083,2017-11-01T20:15:00,0.29
23084,2017-11-01T20:35:00,0.29
23085,2017-11-01T20:55:00,0.29
23086,2017-11-01T21:15:00,0
23087,2017-11-01T21:35:00,0
23088,2017-11-01T21:55:00,0
23089,2017-11-01T22:15:00,0
23090,2017-11-01T22:35:00,0
23091,2017-11-01T22:55:00,0
23092,2017-11-01T23:15:00,0
23093,2017-11-01T23:35:00,0
23094,2017-11-01T23:55:00,0
23095,2017-11-02T00:15:00,0
23096,2017-11-02T00:35:00,0
23097,2017-11-02T00:55:00,0
23098,2017-11-02T01:15:00,0
23099,2017-11-02T01:35:00,0
23100,2017-11-02T01:55:00,0
23101,2017-11-02T02:15:00,0
23102,2017-11-02T02:35:00,0
23103,2017-11-02T02:55:00,0
23104,2017-11-02T03:55:00,0
23105,2017-11-02T04:15:00,0
23106,2017-11-02T04:35:00,0
23107,2017-11-02T04:55:00,0.1
23108,2017-11-02T05:15:00,0.39
23109,2017-11-02T05:35:00,1.56
23110,2017-11-02T05:55:00,6.45
23111,2017-11-02T06:15:00,37.44
23112,2017-11-02T06:40:00,65.4
23113,2017-11-02T07:00:00,79.86
23114,2017-11-02T07:20:00,81.92
23115,2017-11-02T07:40:00,92.57
23116,2017-11-02T08:00:00,92.38
23117,2017-11-02T08:20:00,95.21
23118,2017-11-02T08:40:00,90.32
23119,2017-11-02T09:00:00,92.86
23120,2017-11-02T09:20:00,89.44
23121,2017-11-02T09:40:00,90.03
23122,2017-11-02T10:00:00,91.89
23123,2017-11-02T10:20:00,92.77
23124,2017-11-02T10:40:00,92.08
23125,2017-11-02T11:00:00,90.03
23126,2017-11-02T11:20:00,91.01
23127,2017-11-02T11:40:00,92.38
23128,2017-11-02T12:00:00,93.55
23129,2017-11-02T12:20:00,93.65
23130,2017-11-02T12:40:00,93.55
23131,2017-11-02T13:00:00,96.87
23132,2017-11-02T13:20:00,92.18
23133,2017-11-02T13:40:00,90.62
23134,2017-11-02T14:00:00,88.27
23135,2017-11-02T14:20:00,83.09
23136,2017-11-02T14:40:00,86.22
23137,2017-11-02T15:00:00,82.7
23138,2017-11-02T15:20:00,74.78
23139,2017-11-02T15:40:00,51.42
23140,2017-11-02T16:00:00,11.54
23141,2017-11-02T16:20:00,1.17
23142,2017-11-02T16:40:00,0.49
23143,2017-11-02T17:00:00,0.29
23144,2017-11-02T17:20:00,0.49
23145,2017-11-02T17:40:00,0.49
23146,2017-11-02T18:05:00,0.39
23147,2017-11-02T18:25:00,0.39
23148,2017-11-02T18:45:00,0.39
23149,2017-11-02T19:05:00,0.39
23150,2017-11-02T19:25:00,0.39
23151,2017-11-02T19:45:00,0.39
23152,2017-11-02T20:05:00,0.49
23153,2017-11-02T20:25:00,0.49
23154,2017-11-02T20:45:00,0.49
23155,2017-11-02T21:05:00,0.1
23156,2017-11-02T21:25:00,0.1
23157,2017-11-02T21:45:00,0.1
23158,2017-11-02T22:05:00,0.1
23159,2017-11-02T22:25:00,0
23160,2017-11-02T22:45:00,0
23161,2017-11-02T23:05:00,0
23162,2017-11-02T23:25:00,0
23163,2017-11-02T23:45:00,0
23164,2017-11-03T00:05:00,0
23165,2017-11-03T00:25:00,0
23166,2017-11-03T00:45:00,0
23167,2017-11-03T01:05:00,0
23168,2017-11-03T01:25:00,0
23169,2017-11-03T01:45:00,0
23170,2017-11-03T02:05:00,0
23171,2017-11-03T02:25:00,0
23172,2017-11-03T02:45:00,0
23173,2017-11-03T03:05:00,0
23174,2017-11-03T03:25:00,0
23175,2017-11-03T03:45:00,0
23176,2017-11-03T04:05:00,0
23177,2017-11-03T04:25:00,0
23178,2017-11-03T04:45:00,0
23179,2017-11-03T05:05:00,0.2
23180,2017-11-03T05:30:00,0.49
23181,2017-11-03T05:50:00,4.69
23182,2017-11-03T06:10:00,22.09
23183,2017-11-03T06:30:00,54.74
23184,2017-11-03T06:50:00,68.52
23185,2017-11-03T07:10:00,76.93
23186,2017-11-03T07:30:00,82.99
23187,2017-11-03T07:50:00,86.71
23188,2017-11-03T08:10:00,87
23189,2017-11-03T08:30:00,89.44
23190,2017-11-03T08:50:00,94.33
23191,2017-11-03T09:10:00,95.31
23192,2017-11-03T09:30:00,94.92
23193,2017-11-03T09:50:00,90.91
23194,2017-11-03T10:10:00,95.7
23195,2017-11-03T10:30:00,91.4
23196,2017-11-03T10:50:00,90.13
23197,2017-11-03T11:10:00,90.32
23198,2017-11-03T11:30:00,89.25
23199,2017-11-03T11:50:00,92.67
23200,2017-11-03T12:10:00,88.07
23201,2017-11-03T12:30:00,89.34
23202,2017-11-03T12:50:00,90.52
23203,2017-11-03T13:10:00,91.69
23204,2017-11-03T13:30:00,91.69
23205,2017-11-03T13:50:00,87.29
23206,2017-11-03T14:10:00,82.8
23207,2017-11-03T14:30:00,76.54
23208,2017-11-03T14:50:00,73.9
23209,2017-11-03T15:10:00,65.79
23210,2017-11-03T15:30:00,41.45
23211,2017-11-03T15:50:00,10.56
23212,2017-11-03T16:10:00,1.08
23213,2017-11-03T16:30:00,0.39
23214,2017-11-03T16:55:00,0.29
23215,2017-11-03T17:15:00,0.29
23216,2017-11-03T17:35:00,0.2
23217,2017-11-03T17:55:00,0.29
23218,2017-11-03T18:15:00,0.39
23219,2017-11-03T18:35:00,0.29
23220,2017-11-03T18:55:00,0.39
23221,2017-11-03T19:15:00,0.29
23222,2017-11-03T19:35:00,0.29
23223,2017-11-03T19:55:00,0.29
23224,2017-11-03T20:15:00,0.29
23225,2017-11-03T20:35:00,0.39
23226,2017-11-03T20:55:00,0.29
23227,2017-11-03T21:15:00,0
23228,2017-11-03T21:35:00,0.2
23229,2017-11-03T21:55:00,0.1
23230,2017-11-03T22:15:00,0
23231,2017-11-03T22:35:00,0
23232,2017-11-03T22:55:00,0
23233,2017-11-03T23:15:00,0
23234,2017-11-03T23:35:00,0
23235,2017-11-03T23:55:00,0
23236,2017-11-04T00:15:00,0
23237,2017-11-04T00:35:00,0
23238,2017-11-04T00:55:00,0
23239,2017-11-04T01:15:00,0
23240,2017-11-04T01:35:00,0
23241,2017-11-04T01:55:00,0
23242,2017-11-04T02:15:00,0
23243,2017-11-04T02:35:00,0
23244,2017-11-04T02:55:00,0
23245,2017-11-04T03:15:00,0
23246,2017-11-04T03:35:00,0
23247,2017-11-04T03:55:00,0
23248,2017-11-04T04:20:00,0
23249,2017-11-04T04:40:00,0
23250,2017-11-04T05:00:00,0
23251,2017-11-04T05:20:00,0
23252,2017-11-04T05:40:00,0.1
23253,2017-11-04T06:00:00,3.42
23254,2017-11-04T06:20:00,18.38
23255,2017-11-04T06:40:00,51.91
23256,2017-11-04T07:00:00,71.26
23257,2017-11-04T07:20:00,78.69
23258,2017-11-04T07:40:00,85.44
23259,2017-11-04T08:00:00,84.75
23260,2017-11-04T08:20:00,82.4
23261,2017-11-04T08:40:00,79.57
23262,2017-11-04T09:00:00,83.19
23263,2017-11-04T09:20:00,81.43
23264,2017-11-04T09:40:00,84.26
23265,2017-11-04T10:00:00,87.88
23266,2017-11-04T10:20:00,85.44
23267,2017-11-04T10:40:00,86.8
23268,2017-11-04T11:00:00,88.76
23269,2017-11-04T11:20:00,89.25
23270,2017-11-04T11:40:00,89.54
23271,2017-11-04T12:00:00,91.01
23272,2017-11-04T12:20:00,91.4
23273,2017-11-04T12:40:00,90.22
23274,2017-11-04T13:00:00,92.18
23275,2017-11-04T13:20:00,92.86
23276,2017-11-04T13:40:00,89.54
23277,2017-11-04T14:00:00,83.77
23278,2017-11-04T14:20:00,81.33
23279,2017-11-04T14:40:00,82.21
23280,2017-11-04T15:00:00,74.68
23281,2017-11-04T15:25:00,51.22
23282,2017-11-04T15:45:00,15.44
23283,2017-11-04T16:05:00,1.17
23284,2017-11-04T16:25:00,0
23285,2017-11-04T16:45:00,0
23286,2017-11-04T17:05:00,0
23287,2017-11-04T17:25:00,0
23288,2017-11-04T17:45:00,0
23289,2017-11-04T18:05:00,0
23290,2017-11-04T18:25:00,0
23291,2017-11-04T18:45:00,0
23292,2017-11-04T19:05:00,0
23293,2017-11-04T19:25:00,0
23294,2017-11-04T19:45:00,0
23295,2017-11-04T20:05:00,0
23296,2017-11-04T20:25:00,0
23297,2017-11-04T20:45:00,0.1
23298,2017-11-04T21:05:00,0.1
23299,2017-11-04T21:25:00,0.1
23300,2017-11-04T21:45:00,0.1
23301,2017-11-04T22:05:00,0.1
23302,2017-11-04T22:25:00,0
23303,2017-11-04T22:45:00,0.1
23304,2017-11-04T23:05:00,0.1
23305,2017-11-04T23:25:00,0.1
23306,2017-11-04T23:45:00,0.1
23307,2017-11-05T00:05:00,0.1
23308,2017-11-05T00:25:00,0
23309,2017-11-05T00:45:00,0
23310,2017-11-05T01:05:00,0.1
23311,2017-11-05T01:25:00,0.1
23312,2017-11-05T01:45:00,0.1
23313,2017-11-05T02:05:00,0.1
23314,2017-11-05T02:25:00,0.1
23315,2017-11-05T02:50:00,0.1
23316,2017-11-05T03:10:00,0.1
23317,2017-11-05T03:30:00,0
23318,2017-11-05T03:50:00,0
23319,2017-11-05T04:10:00,0
23320,2017-11-05T04:30:00,0
23321,2017-11-05T04:50:00,0
23322,2017-11-05T05:10:00,0
23323,2017-11-05T05:30:00,0
23324,2017-11-05T05:50:00,2.05
23325,2017-11-05T06:10:00,16.81
23326,2017-11-05T06:30:00,55.91
23327,2017-11-05T06:50:00,72.63
23328,2017-11-05T07:10:00,85.83
23329,2017-11-05T07:30:00,91.79
23330,2017-11-05T07:50:00,91.89
23331,2017-11-05T08:10:00,94.23
23332,2017-11-05T08:30:00,88.07
23333,2017-11-05T08:50:00,88.86
23334,2017-11-05T09:10:00,88.66
23335,2017-11-05T09:30:00,88.95
23336,2017-11-05T09:50:00,91.59
23337,2017-11-05T10:10:00,90.91
23338,2017-11-05T10:30:00,91.1
23339,2017-11-05T10:50:00,92.38
23340,2017-11-05T11:10:00,90.13
23341,2017-11-05T11:30:00,90.03
23342,2017-11-07T05:30:00,0.68
23343,2017-11-05T11:50:00,87.78
23344,2017-11-05T12:10:00,90.91
23345,2017-11-05T12:30:00,90.62
23346,2017-11-05T12:50:00,89.64
23347,2017-11-05T13:10:00,87.98
23348,2017-11-05T13:30:00,87.39
23349,2017-11-05T13:50:00,87
23350,2017-11-05T14:15:00,82.21
23351,2017-11-05T14:35:00,74.58
23352,2017-11-05T14:55:00,65.2
23353,2017-11-05T15:15:00,64.12
23354,2017-11-05T15:35:00,33.53
23355,2017-11-05T15:55:00,5.47
23356,2017-11-05T16:15:00,0.39
23357,2017-11-05T16:35:00,0
23358,2017-11-05T16:55:00,0
23359,2017-11-05T17:15:00,0
23360,2017-11-05T17:35:00,0
23361,2017-11-05T17:55:00,0
23362,2017-11-05T18:15:00,0
23363,2017-11-05T18:35:00,0
23364,2017-11-05T18:55:00,0
23365,2017-11-05T19:15:00,0
23366,2017-11-05T19:35:00,0
23367,2017-11-05T19:55:00,0
23368,2017-11-05T20:15:00,0
23369,2017-11-05T20:35:00,0
23370,2017-11-05T20:55:00,0
23371,2017-11-05T21:15:00,0
23372,2017-11-05T21:35:00,0
23373,2017-11-05T21:55:00,0
23374,2017-11-05T22:15:00,0
23375,2017-11-05T22:35:00,0
23376,2017-11-05T22:55:00,0
23377,2017-11-05T23:15:00,0
23378,2017-11-05T23:35:00,0
23379,2017-11-05T23:55:00,0
23380,2017-11-06T00:15:00,0
23381,2017-11-06T00:35:00,0
23382,2017-11-06T00:55:00,0
23383,2017-11-06T01:15:00,0
23384,2017-11-06T01:40:00,0
23385,2017-11-06T02:00:00,0
23386,2017-11-06T02:20:00,0
23387,2017-11-06T02:40:00,0
23388,2017-11-06T03:00:00,0
23389,2017-11-06T03:20:00,0
23390,2017-11-06T03:40:00,0
23391,2017-11-06T04:00:00,0
23392,2017-11-06T04:20:00,0
23393,2017-11-06T04:40:00,0
23394,2017-11-06T05:00:00,0.29
23395,2017-11-06T05:20:00,0.29
23396,2017-11-06T05:40:00,1.17
23397,2017-11-06T06:00:00,12.51
23398,2017-11-06T06:20:00,55.91
23399,2017-11-06T06:40:00,78.69
23400,2017-11-06T07:00:00,87.98
23401,2017-11-06T07:20:00,95.8
23402,2017-11-06T07:40:00,97.07
23403,2017-11-06T08:00:00,97.26
23404,2017-11-06T08:20:00,97.56
23405,2017-11-06T08:40:00,97.75
23406,2017-11-06T09:00:00,97.85
23407,2017-11-06T09:20:00,97.95
23408,2017-11-06T09:40:00,98.04
23409,2017-11-06T10:00:00,98.04
23410,2017-11-06T10:20:00,97.85
23411,2017-11-06T10:40:00,97.85
23412,2017-11-06T11:00:00,97.75
23413,2017-11-06T11:20:00,97.75
23414,2017-11-06T11:40:00,97.75
23415,2017-11-06T12:00:00,97.65
23416,2017-11-06T12:20:00,97.46
23417,2017-11-06T12:40:00,97.07
23418,2017-11-06T13:05:00,96.28
23419,2017-11-06T13:25:00,95.41
23420,2017-11-06T13:45:00,94.82
23421,2017-11-06T14:05:00,90.91
23422,2017-11-06T15:05:00,80.06
23423,2017-11-06T15:25:00,64.03
23424,2017-11-06T15:45:00,29.03
23425,2017-11-06T16:05:00,2.93
23426,2017-11-06T16:25:00,0.39
23427,2017-11-06T16:45:00,0.29
23428,2017-11-06T17:05:00,0.29
23429,2017-11-06T17:25:00,0.29
23430,2017-11-06T17:45:00,0.29
23431,2017-11-06T18:05:00,0.29
23432,2017-11-06T18:25:00,0.29
23433,2017-11-06T18:45:00,0.29
23434,2017-11-06T19:05:00,0.29
23435,2017-11-06T19:25:00,0.29
23436,2017-11-06T19:45:00,0.39
23437,2017-11-06T20:05:00,0.39
23438,2017-11-06T20:25:00,0.39
23439,2017-11-06T20:45:00,0.39
23440,2017-11-06T21:05:00,0
23441,2017-11-06T21:25:00,0
23442,2017-11-06T21:45:00,0
23443,2017-11-06T22:05:00,0
23444,2017-11-06T22:25:00,0
23445,2017-11-06T22:45:00,0
23446,2017-11-06T23:05:00,0
23447,2017-11-06T23:25:00,0
23448,2017-11-06T23:45:00,0
23449,2017-11-07T00:10:00,0
23450,2017-11-07T00:30:00,0
23451,2017-11-07T00:50:00,0
23452,2017-11-07T01:10:00,0
23453,2017-11-07T01:30:00,0
23454,2017-11-07T01:50:00,0
23455,2017-11-07T02:10:00,0
23456,2017-11-07T02:30:00,0
23457,2017-11-07T02:50:00,0
23458,2017-11-07T03:10:00,0
23459,2017-11-07T03:30:00,0
23460,2017-11-07T03:50:00,0
23461,2017-11-07T04:10:00,0
23462,2017-11-07T04:30:00,0
23463,2017-11-07T04:50:00,0
23464,2017-11-07T05:10:00,0.29
23465,2017-11-07T05:50:00,4.89
23466,2017-11-07T06:10:00,36.95
23467,2017-11-07T06:30:00,71.46
23468,2017-11-07T06:50:00,84.26
23469,2017-11-07T07:10:00,89.83
23470,2017-11-07T07:30:00,96.97
23471,2017-11-07T07:50:00,97.36
23472,2017-11-07T08:10:00,97.56
23473,2017-11-07T08:30:00,97.85
23474,2017-11-07T08:50:00,97.95
23475,2017-11-07T09:10:00,97.95
23476,2017-11-07T09:30:00,98.04
23477,2017-11-07T09:50:00,98.04
23478,2017-11-07T10:10:00,98.04
23479,2017-11-07T10:30:00,97.65
23480,2017-11-07T10:50:00,97.75
23481,2017-11-07T11:10:00,97.75
23482,2017-11-07T11:35:00,97.65
23483,2017-11-07T11:55:00,97.65
23484,2017-11-07T12:15:00,97.56
23485,2017-11-07T12:35:00,96.19
23486,2017-11-07T12:55:00,93.35
23487,2017-11-07T13:15:00,95.5
23488,2017-11-07T13:35:00,94.33
23489,2017-11-07T13:55:00,94.53
23490,2017-11-07T14:15:00,92.96
23491,2017-11-07T14:35:00,86.12
23492,2017-11-07T14:55:00,82.8
23493,2017-11-07T15:15:00,72.14
23494,2017-11-07T15:35:00,44.77
23495,2017-11-07T15:55:00,8.8
23496,2017-11-07T16:15:00,0.78
23497,2017-11-07T16:35:00,0.29
23498,2017-11-07T16:55:00,0.2
23499,2017-11-07T17:15:00,0.2
23500,2017-11-07T17:35:00,0.2
23501,2017-11-07T17:55:00,0.2
23502,2017-11-07T18:15:00,0.2
23503,2017-11-07T18:35:00,0.2
23504,2017-11-07T18:55:00,0.2
23505,2017-11-07T19:15:00,0.29
23506,2017-11-07T19:35:00,0.29
23507,2017-11-07T19:55:00,0.29
23508,2017-11-07T20:15:00,0.2
23509,2017-11-07T20:35:00,0.29
23510,2017-11-07T20:55:00,0
23511,2017-11-07T21:15:00,0
23512,2017-11-07T21:35:00,0
23513,2017-11-07T21:55:00,0
23514,2017-11-07T22:15:00,0
23515,2017-11-07T22:35:00,0
23516,2017-11-07T23:00:00,0
23517,2017-11-07T23:20:00,0
23518,2017-11-07T23:40:00,0
23519,2017-11-08T00:00:00,0
23520,2017-11-08T00:20:00,0
23521,2017-11-08T00:40:00,0
23522,2017-11-08T01:00:00,0
23523,2017-11-08T01:20:00,0
23524,2017-11-08T01:40:00,0
23525,2017-11-08T02:00:00,0
23526,2017-11-08T02:20:00,0
23527,2017-11-08T02:40:00,0
23528,2017-11-08T03:00:00,0
23529,2017-11-08T03:20:00,0
23530,2017-11-08T03:40:00,0
23531,2017-11-08T04:00:00,0
23532,2017-11-08T04:20:00,0
23533,2017-11-08T04:40:00,0
23534,2017-11-08T05:00:00,0.29
23535,2017-11-08T05:20:00,0.29
23536,2017-11-08T05:40:00,0.98
23537,2017-11-08T06:00:00,8.5
23538,2017-11-08T06:20:00,31.96
23539,2017-11-08T06:40:00,71.94
23540,2017-11-08T07:00:00,83.38
23541,2017-11-08T07:20:00,87.68
23542,2017-11-08T07:40:00,95.11
23543,2017-11-08T08:00:00,97.36
23544,2017-11-08T08:20:00,96.48
23545,2017-11-08T08:40:00,96.28
23546,2017-11-08T09:00:00,97.65
23547,2017-11-08T09:20:00,96.28
23548,2017-11-08T09:40:00,93.16
23549,2017-11-08T10:00:00,92.47
23550,2017-11-08T10:25:00,92.77
23551,2017-11-08T10:45:00,83.19
23552,2017-11-08T11:05:00,80.35
23553,2017-11-08T11:25:00,91.79
23554,2017-11-08T11:45:00,89.93
23555,2017-11-08T12:05:00,93.06
23556,2017-11-08T12:25:00,95.7
23557,2017-11-08T12:45:00,89.05
23558,2017-11-08T13:05:00,86.51
23559,2017-11-08T13:25:00,87.59
23560,2017-11-08T13:45:00,83.68
23561,2017-11-08T14:05:00,79.96
23562,2017-11-08T14:25:00,77.81
23563,2017-11-08T14:45:00,77.91
23564,2017-11-08T15:05:00,73.7
23565,2017-11-08T15:25:00,51.42
23566,2017-11-08T15:45:00,12.51
23567,2017-11-08T16:05:00,0.98
23568,2017-11-08T16:25:00,0.29
23569,2017-11-08T16:45:00,0.2
23570,2017-11-08T17:05:00,0.29
23571,2017-11-08T17:25:00,0.29
23572,2017-11-08T17:45:00,0.29
23573,2017-11-08T18:05:00,0.29
23574,2017-11-08T18:25:00,0.2
23575,2017-11-08T18:45:00,0.29
23576,2017-11-08T19:05:00,0.29
23577,2017-11-08T19:25:00,0.29
23578,2017-11-08T19:45:00,0.29
23579,2017-11-08T20:05:00,0.29
23580,2017-11-08T20:25:00,0.2
23581,2017-11-08T20:45:00,0.29
23582,2017-11-08T21:05:00,0
23583,2017-11-08T21:30:00,0
23584,2017-11-08T21:50:00,0
23585,2017-11-08T22:10:00,0
23586,2017-11-08T22:30:00,0
23587,2017-11-08T22:50:00,0
23588,2017-11-08T23:10:00,0
23589,2017-11-08T23:30:00,0
23590,2017-11-08T23:50:00,0
23591,2017-11-09T00:10:00,0
23592,2017-11-09T00:30:00,0
23593,2017-11-09T00:50:00,0
23594,2017-11-09T01:10:00,0
23595,2017-11-09T01:30:00,0
23596,2017-11-09T01:50:00,0
23597,2017-11-09T02:10:00,0
23598,2017-11-09T02:30:00,0
23599,2017-11-09T02:50:00,0
23600,2017-11-09T03:10:00,0
23601,2017-11-09T03:30:00,0
23602,2017-11-09T03:50:00,0
23603,2017-11-09T04:10:00,0
23604,2017-11-09T04:30:00,0.1
23605,2017-11-09T04:50:00,0.1
23606,2017-11-09T05:10:00,0.39
23607,2017-11-09T05:30:00,0.39
23608,2017-11-09T05:50:00,0.78
23609,2017-11-09T06:10:00,5.47
23610,2017-11-09T06:30:00,28.94
23611,2017-11-09T06:50:00,48.88
23612,2017-11-09T07:10:00,74.39
23613,2017-11-09T07:30:00,76.54
23614,2017-11-09T07:50:00,84.07
23615,2017-11-09T08:10:00,74.98
23616,2017-11-09T08:30:00,81.43
23617,2017-11-09T08:55:00,89.15
23618,2017-11-09T09:15:00,88.37
23619,2017-11-09T09:35:00,85.63
23620,2017-11-09T09:55:00,91.69
23621,2017-11-09T10:15:00,85.53
23622,2017-11-09T10:35:00,86.8
23623,2017-11-09T10:55:00,85.83
23624,2017-11-09T11:15:00,86.22
23625,2017-11-09T11:35:00,90.42
23626,2017-11-09T11:55:00,86.9
23627,2017-11-09T12:15:00,87.59
23628,2017-11-09T12:35:00,87.2
23629,2017-11-09T12:55:00,85.14
23630,2017-11-09T13:15:00,82.21
23631,2017-11-09T13:35:00,75.46
23632,2017-11-09T13:55:00,70.58
23633,2017-11-09T14:15:00,73.51
23634,2017-11-09T14:35:00,63.54
23635,2017-11-09T14:55:00,46.53
23636,2017-11-09T15:15:00,29.13
23637,2017-11-09T15:35:00,7.82
23638,2017-11-09T15:55:00,0.88
23639,2017-11-09T16:15:00,0.39
23640,2017-11-09T16:35:00,0.29
23641,2017-11-09T16:55:00,0.29
23642,2017-11-09T17:15:00,0.29
23643,2017-11-09T17:35:00,0.29
23644,2017-11-09T17:55:00,0.2
23645,2017-11-09T18:15:00,0.2
23646,2017-11-09T18:35:00,0.2
23647,2017-11-09T18:55:00,0.29
23648,2017-11-09T19:15:00,0.29
23649,2017-11-09T19:35:00,0.2
23650,2017-11-09T19:55:00,0.2
23651,2017-11-09T20:20:00,0.2
23652,2017-11-09T20:40:00,0.2
23653,2017-11-09T21:00:00,0
23654,2017-11-09T21:20:00,0
23655,2017-11-09T21:40:00,0
23656,2017-11-09T22:00:00,0
23657,2017-11-09T22:20:00,0
23658,2017-11-09T22:40:00,0
23659,2017-11-09T23:00:00,0
23660,2017-11-09T23:20:00,0
23661,2017-11-09T23:40:00,0
23662,2017-11-10T00:00:00,0
23663,2017-11-10T00:20:00,0
23664,2017-11-10T00:40:00,0
23665,2017-11-10T01:00:00,0
23666,2017-11-10T01:20:00,0
23667,2017-11-10T01:40:00,0
23668,2017-11-10T02:00:00,0
23669,2017-11-10T02:20:00,0
23670,2017-11-10T02:40:00,0
23671,2017-11-10T03:00:00,0
23672,2017-11-10T03:20:00,0
23673,2017-11-10T03:40:00,0
23674,2017-11-10T04:00:00,0
23675,2017-11-10T04:20:00,0
23676,2017-11-10T04:40:00,0.1
23677,2017-11-10T05:00:00,0.2
23678,2017-11-10T05:20:00,0.29
23679,2017-11-10T05:40:00,0.29
23680,2017-11-10T06:00:00,0.88
23681,2017-11-10T06:20:00,11.24
23682,2017-11-10T06:40:00,43.3
23683,2017-11-10T07:00:00,72.34
23684,2017-11-10T07:20:00,83.19
23685,2017-11-10T07:45:00,89.54
23686,2017-11-10T08:05:00,97.16
23687,2017-11-10T08:25:00,97.46
23688,2017-11-10T08:45:00,97.65
23689,2017-11-10T09:05:00,97.46
23690,2017-11-10T09:25:00,97.36
23691,2017-11-10T09:45:00,89.64
23692,2017-11-10T10:05:00,74.1
23693,2017-11-10T10:25:00,92.96
23694,2017-11-10T10:45:00,88.27
23695,2017-11-10T11:05:00,88.86
23696,2017-11-10T11:25:00,79.37
23697,2017-11-10T11:45:00,66.37
23698,2017-11-10T12:05:00,79.28
23699,2017-11-10T12:25:00,87.39
23700,2017-11-10T12:45:00,87.88
23701,2017-11-10T13:05:00,84.95
23702,2017-11-10T13:25:00,90.71
23703,2017-11-10T13:45:00,90.81
23704,2017-11-10T14:05:00,90.03
23705,2017-11-10T14:25:00,87.68
23706,2017-11-10T14:45:00,78.3
23707,2017-11-10T15:05:00,57.97
23708,2017-11-10T15:25:00,29.03
23709,2017-11-10T15:45:00,3.52
23710,2017-11-10T16:05:00,0.59
23711,2017-11-10T16:25:00,0.29
23712,2017-11-10T16:45:00,0.29
23713,2017-11-10T17:05:00,0.2
23714,2017-11-10T17:25:00,0.2
23715,2017-11-10T17:45:00,0.2
23716,2017-11-10T18:05:00,0.2
23717,2017-11-10T18:25:00,0.2
23718,2017-11-10T18:45:00,0.2
23719,2017-11-10T19:10:00,0.2
23720,2017-11-10T19:30:00,0.2
23721,2017-11-10T19:50:00,0.2
23722,2017-11-10T20:10:00,0.2
23723,2017-11-10T20:30:00,0.2
23724,2017-11-10T20:50:00,0.2
23725,2017-11-10T21:10:00,0
23726,2017-11-10T21:30:00,0
23727,2017-11-10T21:50:00,0
23728,2017-11-10T22:10:00,0
23729,2017-11-10T22:30:00,0
23730,2017-11-10T22:50:00,0
23731,2017-11-10T23:10:00,0
23732,2017-11-10T23:30:00,0
23733,2017-11-10T23:50:00,0
23734,2017-11-11T00:50:00,0
23735,2017-11-11T01:10:00,0
23736,2017-11-11T01:30:00,0
23737,2017-11-11T01:50:00,0
23738,2017-11-11T02:10:00,0
23739,2017-11-11T02:30:00,0
23740,2017-11-11T02:50:00,0
23741,2017-11-11T03:10:00,0
23742,2017-11-11T03:30:00,0
23743,2017-11-11T03:50:00,0
23744,2017-11-11T04:10:00,0
23745,2017-11-11T04:30:00,0
23746,2017-11-11T04:50:00,0
23747,2017-11-11T05:10:00,0
23748,2017-11-11T05:30:00,0
23749,2017-11-11T05:50:00,1.27
23750,2017-11-11T06:15:00,14.08
23751,2017-11-11T06:35:00,54.74
23752,2017-11-11T06:55:00,78.89
23753,2017-11-11T07:15:00,86.41
23754,2017-11-11T07:35:00,96.48
23755,2017-11-11T07:55:00,94.23
23756,2017-11-11T08:15:00,97.16
23757,2017-11-11T08:35:00,97.36
23758,2017-11-11T08:55:00,97.85
23759,2017-11-11T09:15:00,97.85
23760,2017-11-11T09:35:00,97.95
23761,2017-11-11T09:55:00,97.95
23762,2017-11-11T10:15:00,97.95
23763,2017-11-11T10:35:00,97.75
23764,2017-11-11T10:55:00,97.75
23765,2017-11-11T11:15:00,97.65
23766,2017-11-11T11:35:00,97.65
23767,2017-11-11T11:55:00,97.65
23768,2017-11-11T12:15:00,97.46
23769,2017-11-11T12:35:00,97.07
23770,2017-11-11T12:55:00,96.48
23771,2017-11-11T13:15:00,95.5
23772,2017-11-11T13:35:00,92.86
23773,2017-11-11T13:55:00,89.25
23774,2017-11-11T14:15:00,90.22
23775,2017-11-11T14:35:00,87.68
23776,2017-11-11T14:55:00,76.34
23777,2017-11-11T15:15:00,57.87
23778,2017-11-11T15:35:00,18.67
23779,2017-11-11T15:55:00,1.47
23780,2017-11-11T16:15:00,0
23781,2017-11-11T16:35:00,0
23782,2017-11-11T16:55:00,0
23783,2017-11-11T17:15:00,0
23784,2017-11-11T17:40:00,0
23785,2017-11-11T18:00:00,0
23786,2017-11-11T18:20:00,0
23787,2017-11-11T18:40:00,0
23788,2017-11-11T19:00:00,0
23789,2017-11-11T19:20:00,0
23790,2017-11-11T19:40:00,0
23791,2017-11-11T20:00:00,0
23792,2017-11-11T20:20:00,0
23793,2017-11-11T20:40:00,0
23794,2017-11-11T21:00:00,0
23795,2017-11-11T21:20:00,0
23796,2017-11-11T21:40:00,0
23797,2017-11-11T22:00:00,0
23798,2017-11-11T22:20:00,0
23799,2017-11-11T22:40:00,0
23800,2017-11-11T23:00:00,0
23801,2017-11-11T23:20:00,0
23802,2017-11-11T23:40:00,0
23803,2017-11-12T00:00:00,0
23804,2017-11-12T00:20:00,0
23805,2017-11-12T00:40:00,0
23806,2017-11-12T01:00:00,0
23807,2017-11-12T01:20:00,0
23808,2017-11-12T01:40:00,0
23809,2017-11-12T02:00:00,0
23810,2017-11-12T02:20:00,0
23811,2017-11-12T02:40:00,0
23812,2017-11-12T03:00:00,0
23813,2017-11-12T03:20:00,0
23814,2017-11-12T03:40:00,0
23815,2017-11-12T04:00:00,0
23816,2017-11-12T04:20:00,0
23817,2017-11-12T04:40:00,0
23818,2017-11-12T05:05:00,0
23819,2017-11-12T05:25:00,0
23820,2017-11-12T05:45:00,0.2
23821,2017-11-12T06:05:00,3.52
23822,2017-11-12T06:25:00,27.86
23823,2017-11-12T06:45:00,68.04
23824,2017-11-12T07:05:00,85.83
23825,2017-11-12T07:25:00,93.94
23826,2017-11-12T07:45:00,96.58
23827,2017-11-12T08:05:00,96.38
23828,2017-11-12T08:25:00,94.72
23829,2017-11-12T08:45:00,93.16
23830,2017-11-12T09:05:00,93.35
23831,2017-11-12T09:25:00,95.31
23832,2017-11-12T09:45:00,95.6
23833,2017-11-12T10:05:00,95.11
23834,2017-11-12T10:25:00,95.11
23835,2017-11-12T10:45:00,95.31
23836,2017-11-12T11:05:00,95.8
23837,2017-11-12T11:25:00,96.19
23838,2017-11-12T11:45:00,95.8
23839,2017-11-12T12:05:00,95.6
23840,2017-11-12T12:25:00,95.6
23841,2017-11-12T12:45:00,94.82
23842,2017-11-12T13:05:00,93.84
23843,2017-11-12T13:25:00,92.86
23844,2017-11-12T13:45:00,91.3
23845,2017-11-12T14:05:00,87.59
23846,2017-11-12T14:25:00,85.44
23847,2017-11-12T14:45:00,77.91
23848,2017-11-12T15:05:00,61.19
23849,2017-11-12T15:25:00,29.33
23850,2017-11-12T15:45:00,4.01
23851,2017-11-12T16:05:00,0.2
23852,2017-11-12T16:30:00,0
23853,2017-11-12T16:50:00,0
23854,2017-11-12T17:10:00,0
23855,2017-11-12T17:30:00,0
23856,2017-11-12T17:50:00,0
23857,2017-11-12T18:10:00,0
23858,2017-11-12T18:30:00,0
23859,2017-11-12T18:50:00,0
23860,2017-11-12T19:10:00,0
23861,2017-11-12T19:30:00,0
23862,2017-11-12T19:50:00,0
23863,2017-11-12T20:10:00,0
23864,2017-11-12T20:30:00,0
23865,2017-11-12T20:50:00,0
23866,2017-11-12T21:10:00,0
23867,2017-11-12T21:30:00,0
23868,2017-11-12T21:50:00,0
23869,2017-11-12T22:10:00,0
23870,2017-11-12T22:30:00,0
23871,2017-11-12T22:50:00,0
23872,2017-11-12T23:10:00,0
23873,2017-11-12T23:30:00,0
23874,2017-11-12T23:50:00,0
23875,2017-11-13T00:10:00,0
23876,2017-11-13T00:30:00,0
23877,2017-11-13T00:50:00,0
23878,2017-11-13T01:10:00,0
23879,2017-11-13T01:30:00,0
23880,2017-11-13T01:50:00,0
23881,2017-11-13T02:10:00,0
23882,2017-11-13T02:30:00,0
23883,2017-11-13T02:50:00,0
23884,2017-11-13T03:10:00,0
23885,2017-11-13T03:35:00,0
23886,2017-11-13T03:55:00,0
23887,2017-11-13T04:15:00,0
23888,2017-11-13T04:35:00,0
23889,2017-11-13T04:55:00,0
23890,2017-11-13T05:15:00,0.2
23891,2017-11-13T05:35:00,0.29
23892,2017-11-13T05:55:00,1.56
23893,2017-11-14T02:45:00,0
23894,2017-11-13T06:15:00,12.9
23895,2017-11-13T06:35:00,53.08
23896,2017-11-13T06:55:00,77.32
23897,2017-11-13T07:15:00,94.33
23898,2017-11-13T07:35:00,96.87
23899,2017-11-13T07:55:00,96.87
23900,2017-11-13T08:15:00,97.56
23901,2017-11-13T08:35:00,97.56
23902,2017-11-13T08:55:00,97.85
23903,2017-11-13T09:15:00,97.46
23904,2017-11-13T09:35:00,98.04
23905,2017-11-13T09:55:00,97.95
23906,2017-11-13T10:15:00,97.95
23907,2017-11-13T10:35:00,97.85
23908,2017-11-13T10:55:00,97.75
23909,2017-11-13T11:15:00,97.65
23910,2017-11-13T11:35:00,96.77
23911,2017-11-13T11:55:00,97.36
23912,2017-11-13T12:15:00,97.56
23913,2017-11-13T12:35:00,96.19
23914,2017-11-13T12:55:00,92.38
23915,2017-11-13T13:15:00,94.14
23916,2017-11-13T13:35:00,91.89
23917,2017-11-13T13:55:00,88.56
23918,2017-11-13T14:15:00,88.07
23919,2017-11-13T14:35:00,82.21
23920,2017-11-13T15:00:00,66.37
23921,2017-11-13T15:20:00,39.69
23922,2017-11-13T15:40:00,8.7
23923,2017-11-13T16:00:00,0.88
23924,2017-11-13T16:20:00,0.29
23925,2017-11-13T16:40:00,0.2
23926,2017-11-13T17:00:00,0.29
23927,2017-11-13T17:20:00,0.29
23928,2017-11-13T17:40:00,0.29
23929,2017-11-13T18:00:00,0.29
23930,2017-11-13T18:20:00,0.29
23931,2017-11-13T18:40:00,0.29
23932,2017-11-13T19:00:00,0.29
23933,2017-11-13T19:20:00,0.29
23934,2017-11-13T19:40:00,0.29
23935,2017-11-13T20:00:00,0.29
23936,2017-11-13T20:20:00,0.2
23937,2017-11-13T20:40:00,0.2
23938,2017-11-13T21:00:00,0
23939,2017-11-13T21:20:00,0
23940,2017-11-13T21:40:00,0
23941,2017-11-13T22:00:00,0
23942,2017-11-13T22:20:00,0
23943,2017-11-13T22:40:00,0
23944,2017-11-13T23:00:00,0
23945,2017-11-13T23:20:00,0
23946,2017-11-13T23:40:00,0
23947,2017-11-14T00:00:00,0
23948,2017-11-14T00:20:00,0
23949,2017-11-14T00:40:00,0
23950,2017-11-14T01:00:00,0
23951,2017-11-14T01:20:00,0
23952,2017-11-14T01:40:00,0
23953,2017-11-14T02:00:00,0
23954,2017-11-14T02:25:00,0
23955,2017-11-14T03:05:00,0
23956,2017-11-14T03:25:00,0
23957,2017-11-14T03:45:00,0
23958,2017-11-14T04:05:00,0
23959,2017-11-14T04:25:00,0
23960,2017-11-14T04:45:00,0
23961,2017-11-14T05:05:00,0.29
23962,2017-11-14T05:25:00,0.29
23963,2017-11-14T05:45:00,0.29
23964,2017-11-14T06:05:00,0.68
23965,2017-11-14T06:45:00,21.8
23966,2017-11-14T07:05:00,38.32
23967,2017-11-14T07:25:00,48.58
23968,2017-11-14T07:45:00,63.93
23969,2017-11-14T08:05:00,81.72
23970,2017-11-14T08:25:00,76.44
23971,2017-11-14T08:45:00,82.31
23972,2017-11-14T09:05:00,86.41
23973,2017-11-14T09:25:00,84.75
23974,2017-11-14T09:45:00,83.09
23975,2017-11-14T10:05:00,84.36
23976,2017-11-14T10:25:00,85.73
23977,2017-11-14T10:45:00,89.64
23978,2017-11-14T11:05:00,95.31
23979,2017-11-14T11:25:00,89.05
23980,2017-11-14T11:45:00,92.18
23981,2017-11-14T12:05:00,94.62
23982,2017-11-14T12:25:00,95.11
23983,2017-11-14T12:45:00,90.03
23984,2017-11-14T13:05:00,89.15
23985,2017-11-14T13:25:00,89.93
23986,2017-11-14T13:50:00,91.4
23987,2017-11-14T14:10:00,88.46
23988,2017-11-14T14:30:00,86.02
23989,2017-11-14T14:50:00,78.3
23990,2017-11-14T15:10:00,62.56
23991,2017-11-14T15:30:00,26.88
23992,2017-11-14T15:50:00,2.44
23993,2017-11-14T16:10:00,0.39
23994,2017-11-14T16:30:00,0.29
23995,2017-11-14T16:50:00,0.29
23996,2017-11-14T17:10:00,0.29
23997,2017-11-14T17:30:00,0.29
23998,2017-11-14T17:50:00,0.29
23999,2017-11-14T18:10:00,0.29
24000,2017-11-14T18:30:00,0.29
24001,2017-11-14T18:50:00,0.29
24002,2017-11-14T19:10:00,0.2
24003,2017-11-14T19:30:00,0.2
24004,2017-11-14T19:50:00,0.2
24005,2017-11-14T20:10:00,0.2
24006,2017-11-14T20:30:00,0.2
24007,2017-11-14T20:50:00,0.2
24008,2017-11-14T21:10:00,0
24009,2017-11-14T21:30:00,0
24010,2017-11-14T21:50:00,0
24011,2017-11-14T22:10:00,0
24012,2017-11-14T22:30:00,0
24013,2017-11-14T22:50:00,0
24014,2017-11-14T23:10:00,0
24015,2017-11-14T23:30:00,0
24016,2017-11-14T23:50:00,0
24017,2017-11-15T00:10:00,0
24018,2017-11-15T00:30:00,0
24019,2017-11-15T00:50:00,0
24020,2017-11-15T01:15:00,0
24021,2017-11-15T01:35:00,0
24022,2017-11-15T01:55:00,0
24023,2017-11-15T02:15:00,0
24024,2017-11-15T02:35:00,0
24025,2017-11-15T02:55:00,0
24026,2017-11-15T03:15:00,0
24027,2017-11-15T03:35:00,0
24028,2017-11-15T03:55:00,0
24029,2017-11-15T04:15:00,0
24030,2017-11-15T04:35:00,0
24031,2017-11-15T04:55:00,0
24032,2017-11-15T05:15:00,0.2
24033,2017-11-15T05:35:00,0.29
24034,2017-11-15T05:55:00,1.27
24035,2017-11-15T06:15:00,11.54
24036,2017-11-15T06:35:00,51.12
24037,2017-11-15T06:55:00,77.42
24038,2017-11-15T07:15:00,91.1
24039,2017-11-15T07:35:00,95.99
24040,2017-11-15T07:55:00,96.87
24041,2017-11-15T08:55:00,91.98
24042,2017-11-15T09:15:00,95.89
24043,2017-11-15T09:35:00,92.96
24044,2017-11-15T09:55:00,91.5
24045,2017-11-15T10:15:00,93.35
24046,2017-11-15T10:35:00,96.38
24047,2017-11-15T10:55:00,97.65
24048,2017-11-15T11:15:00,97.46
24049,2017-11-15T11:35:00,97.56
24050,2017-11-15T11:55:00,97.56
24051,2017-11-15T12:20:00,97.26
24052,2017-11-15T12:40:00,96.68
24053,2017-11-15T13:00:00,93.26
24054,2017-11-15T13:20:00,92.08
24055,2017-11-15T13:40:00,90.13
24056,2017-11-15T14:00:00,89.15
24057,2017-11-15T14:20:00,86.8
24058,2017-11-15T14:40:00,83.09
24059,2017-11-15T15:00:00,66.18
24060,2017-11-15T15:20:00,32.65
24061,2017-11-15T15:40:00,4.3
24062,2017-11-15T16:00:00,0.49
24063,2017-11-15T16:20:00,0.2
24064,2017-11-15T16:40:00,0.2
24065,2017-11-15T17:00:00,0.2
24066,2017-11-15T17:20:00,0.29
24067,2017-11-15T17:40:00,0.2
24068,2017-11-15T18:00:00,0.2
24069,2017-11-15T18:20:00,0.2
24070,2017-11-15T18:40:00,0.2
24071,2017-11-15T19:00:00,0.2
24072,2017-11-15T19:20:00,0.29
24073,2017-11-15T19:40:00,0.2
24074,2017-11-15T20:00:00,0.2
24075,2017-11-15T20:20:00,0.2
24076,2017-11-15T20:40:00,0.2
24077,2017-11-15T21:00:00,0
24078,2017-11-15T21:20:00,0
24079,2017-11-15T21:40:00,0
24080,2017-11-15T22:00:00,0
24081,2017-11-15T22:20:00,0
24082,2017-11-15T22:40:00,0
24083,2017-11-15T23:00:00,0
24084,2017-11-15T23:20:00,0
24085,2017-11-15T23:45:00,0
24086,2017-11-16T00:05:00,0
24087,2017-11-16T00:25:00,0
24088,2017-11-16T00:45:00,0
24089,2017-11-16T01:05:00,0
24090,2017-11-16T01:25:00,0
24091,2017-11-16T01:45:00,0
24092,2017-11-16T02:05:00,0
24093,2017-11-16T02:25:00,0
24094,2017-11-16T02:45:00,0
24095,2017-11-16T03:05:00,0
24096,2017-11-16T03:25:00,0
24097,2017-11-16T03:45:00,0
24098,2017-11-16T04:05:00,0
24099,2017-11-16T04:25:00,0
24100,2017-11-16T04:45:00,0
24101,2017-11-16T05:05:00,0.2
24102,2017-11-16T05:25:00,0.2
24103,2017-11-16T05:45:00,0.29
24104,2017-11-16T06:05:00,0.68
24105,2017-11-16T06:25:00,3.62
24106,2017-11-16T06:45:00,21.7
24107,2017-11-16T07:05:00,43.4
24108,2017-11-16T07:25:00,49.36
24109,2017-11-16T07:45:00,64.32
24110,2017-11-16T08:05:00,75.07
24111,2017-11-16T08:25:00,82.89
24112,2017-11-16T08:45:00,84.75
24113,2017-11-16T09:05:00,82.99
24114,2017-11-16T09:25:00,81.72
24115,2017-11-16T09:45:00,83.58
24116,2017-11-16T10:05:00,87.68
24117,2017-11-16T10:25:00,88.95
24118,2017-11-16T10:45:00,87
24119,2017-11-16T11:10:00,84.65
24120,2017-11-16T11:30:00,82.6
24121,2017-11-16T11:50:00,80.25
24122,2017-11-16T12:10:00,78.98
24123,2017-11-16T12:30:00,78.69
24124,2017-11-16T12:50:00,79.96
24125,2017-11-16T13:10:00,76.83
24126,2017-11-16T13:30:00,72.82
24127,2017-11-16T13:50:00,71.06
24128,2017-11-16T14:10:00,65.2
24129,2017-11-16T14:30:00,67.84
24130,2017-11-16T14:50:00,51.12
24131,2017-11-16T15:10:00,29.91
24132,2017-11-16T15:30:00,2.84
24133,2017-11-16T15:50:00,0.78
24134,2017-11-16T16:10:00,0.59
24135,2017-11-16T16:30:00,0.39
24136,2017-11-16T16:50:00,0.39
24137,2017-11-16T17:10:00,0.49
24138,2017-11-16T17:30:00,0.49
24139,2017-11-16T17:50:00,0.39
24140,2017-11-16T18:10:00,0.39
24141,2017-11-16T18:30:00,0.29
24142,2017-11-16T18:50:00,0.29
24143,2017-11-16T19:10:00,0.49
24144,2017-11-16T19:30:00,0.29
24145,2017-11-16T19:50:00,0.29
24146,2017-11-16T20:10:00,0.2
24147,2017-11-16T20:30:00,0.2
24148,2017-11-16T20:50:00,0.2
24149,2017-11-16T21:10:00,0
24150,2017-11-16T21:30:00,0
24151,2017-11-16T21:50:00,0
24152,2017-11-16T22:10:00,0
24153,2017-11-16T22:35:00,0
24154,2017-11-16T22:55:00,0
24155,2017-11-16T23:15:00,0
24156,2017-11-16T23:35:00,0
24157,2017-11-16T23:55:00,0
24158,2017-11-17T00:15:00,0
24159,2017-11-17T00:35:00,0
24160,2017-11-17T00:55:00,0
24161,2017-11-17T01:15:00,0
24162,2017-11-17T01:35:00,0
24163,2017-11-17T01:55:00,0
24164,2017-11-17T02:15:00,0
24165,2017-11-17T02:35:00,0
24166,2017-11-17T02:55:00,0
24167,2017-11-17T03:15:00,0
24168,2017-11-17T03:35:00,0
24169,2017-11-17T03:55:00,0
24170,2017-11-17T04:15:00,0
24171,2017-11-17T04:35:00,0
24172,2017-11-17T04:55:00,0.2
24173,2017-11-17T05:15:00,0.2
24174,2017-11-17T05:35:00,0.29
24175,2017-11-17T05:55:00,1.08
24176,2017-11-17T06:15:00,8.7
24177,2017-11-17T06:35:00,48.68
24178,2017-11-17T06:55:00,74.88
24179,2017-11-17T07:15:00,86.41
24180,2017-11-17T07:35:00,95.5
24181,2017-11-17T07:55:00,96.48
24182,2017-11-17T08:15:00,97.07
24183,2017-11-17T08:35:00,97.36
24184,2017-11-17T08:55:00,97.75
24185,2017-11-17T09:15:00,97.75
24186,2017-11-17T09:40:00,97.85
24187,2017-11-17T10:00:00,97.95
24188,2017-11-17T10:20:00,97.65
24189,2017-11-17T10:40:00,97.65
24190,2017-11-17T11:00:00,97.56
24191,2017-11-17T11:20:00,97.56
24192,2017-11-17T11:40:00,97.56
24193,2017-11-17T12:00:00,97.46
24194,2017-11-17T12:20:00,97.26
24195,2017-11-17T12:40:00,96.87
24196,2017-11-17T13:00:00,96.19
24197,2017-11-17T13:20:00,94.92
24198,2017-11-17T13:40:00,92.96
24199,2017-11-17T14:00:00,88.66
24200,2017-11-17T14:20:00,87.39
24201,2017-11-17T14:40:00,77.32
24202,2017-11-17T15:00:00,61.98
24203,2017-11-17T15:20:00,28.15
24204,2017-11-17T15:40:00,3.23
24205,2017-11-17T16:00:00,0.39
24206,2017-11-17T16:20:00,0.29
24207,2017-11-17T16:40:00,0.29
24208,2017-11-17T17:00:00,0.2
24209,2017-11-17T17:20:00,0.2
24210,2017-11-17T17:40:00,0.2
24211,2017-11-17T18:00:00,0.2
24212,2017-11-17T18:20:00,0.2
24213,2017-11-17T18:40:00,0.2
24214,2017-11-17T19:00:00,0.2
24215,2017-11-17T19:20:00,0.2
24216,2017-11-17T19:40:00,0.2
24217,2017-11-17T20:00:00,0.2
24218,2017-11-17T20:20:00,0.2
24219,2017-11-17T20:40:00,0.1
24220,2017-11-17T21:05:00,0
24221,2017-11-17T21:25:00,0
24222,2017-11-17T21:45:00,0
24223,2017-11-17T22:05:00,0
24224,2017-11-17T22:25:00,0
24225,2017-11-17T22:45:00,0
24226,2017-11-17T23:05:00,0
24227,2017-11-17T23:25:00,0
24228,2017-11-17T23:45:00,0
24229,2017-11-18T00:05:00,0
24230,2017-11-18T00:25:00,0
24231,2017-11-18T00:45:00,0
24232,2017-11-18T01:05:00,0
24233,2017-11-18T01:25:00,0
24234,2017-11-18T01:45:00,0
24235,2017-11-18T02:05:00,0
24236,2017-11-18T02:25:00,0
24237,2017-11-18T02:45:00,0
24238,2017-11-18T03:05:00,0
24239,2017-11-18T03:25:00,0
24240,2017-11-18T03:45:00,0
24241,2017-11-18T04:05:00,0
24242,2017-11-18T04:25:00,0
24243,2017-11-18T04:45:00,0
24244,2017-11-18T05:05:00,0
24245,2017-11-18T05:25:00,0.1
24246,2017-11-18T05:45:00,0
24247,2017-11-18T06:05:00,0.1
24248,2017-11-18T06:25:00,3.13
24249,2017-11-18T06:45:00,30.79
24250,2017-11-18T07:05:00,32.94
24251,2017-11-18T07:25:00,51.91
24252,2017-11-18T07:45:00,60.8
24253,2017-11-18T08:05:00,78.89
24254,2017-11-18T08:30:00,77.81
24255,2017-11-18T08:50:00,77.03
24256,2017-11-18T09:10:00,80.64
24257,2017-11-18T09:30:00,78.3
24258,2017-11-18T09:50:00,95.11
24259,2017-11-18T10:10:00,94.72
24260,2017-11-18T10:30:00,94.92
24261,2017-11-18T10:50:00,97.56
24262,2017-11-18T11:10:00,97.65
24263,2017-11-18T11:30:00,97.56
24264,2017-11-18T11:50:00,97.26
24265,2017-11-18T12:10:00,97.36
24266,2017-11-18T12:30:00,96.97
24267,2017-11-18T12:50:00,96.38
24268,2017-11-18T13:10:00,95.41
24269,2017-11-18T13:30:00,94.23
24270,2017-11-18T13:50:00,91.4
24271,2017-11-18T14:10:00,87.49
24272,2017-11-18T14:30:00,78.3
24273,2017-11-18T14:50:00,69.7
24274,2017-11-18T15:10:00,44.58
24275,2017-11-18T15:30:00,8.9
24276,2017-11-18T15:50:00,0.1
24277,2017-11-18T16:10:00,0
24278,2017-11-18T16:30:00,0
24279,2017-11-18T16:50:00,0
24280,2017-11-18T17:10:00,0
24281,2017-11-18T17:30:00,0
24282,2017-11-18T17:50:00,0.1
24283,2017-11-18T18:10:00,0
24284,2017-11-18T18:30:00,0
24285,2017-11-18T18:50:00,0
24286,2017-11-18T19:10:00,0
24287,2017-11-18T19:30:00,0
24288,2017-11-18T19:55:00,0
24289,2017-11-18T20:15:00,0
24290,2017-11-18T20:35:00,0
24291,2017-11-18T20:55:00,0
24292,2017-11-18T21:15:00,0
24293,2017-11-18T21:35:00,0
24294,2017-11-18T21:55:00,0
24295,2017-11-18T22:15:00,0
24296,2017-11-18T22:35:00,0
24297,2017-11-18T22:55:00,0
24298,2017-11-18T23:15:00,0
24299,2017-11-18T23:35:00,0
24300,2017-11-18T23:55:00,0
24301,2017-11-19T00:15:00,0
24302,2017-11-19T00:35:00,0
24303,2017-11-19T00:55:00,0
24304,2017-11-19T01:15:00,0
24305,2017-11-19T01:35:00,0
24306,2017-11-19T01:55:00,0
24307,2017-11-19T02:15:00,0
24308,2017-11-19T02:35:00,0
24309,2017-11-19T02:55:00,0
24310,2017-11-19T03:15:00,0
24311,2017-11-19T03:35:00,0
24312,2017-11-19T03:55:00,0
24313,2017-11-19T04:15:00,0
24314,2017-11-19T04:35:00,0
24315,2017-11-19T04:55:00,0
24316,2017-11-19T05:15:00,0
24317,2017-11-19T05:35:00,0
24318,2017-11-19T05:55:00,0.1
24319,2017-11-19T06:15:00,1.08
24320,2017-11-19T06:35:00,17.3
24321,2017-11-19T06:55:00,57.77
24322,2017-11-19T07:20:00,81.53
24323,2017-11-19T07:40:00,74.78
24324,2017-11-19T08:00:00,95.89
24325,2017-11-19T08:20:00,90.62
24326,2017-11-19T08:40:00,97.56
24327,2017-11-19T09:00:00,97.75
24328,2017-11-19T09:20:00,97.75
24329,2017-11-19T09:40:00,97.95
24330,2017-11-19T10:00:00,97.95
24331,2017-11-19T10:20:00,97.75
24332,2017-11-19T10:40:00,94.62
24333,2017-11-19T11:00:00,97.65
24334,2017-11-19T11:20:00,97.75
24335,2017-11-19T11:40:00,90.52
24336,2017-11-19T12:00:00,89.54
24337,2017-11-19T12:20:00,89.93
24338,2017-11-19T12:40:00,96.87
24339,2017-11-19T13:00:00,96.09
24340,2017-11-19T13:20:00,94.72
24341,2017-11-19T13:40:00,88.56
24342,2017-11-19T14:00:00,84.26
24343,2017-11-19T14:20:00,78.69
24344,2017-11-19T14:40:00,68.04
24345,2017-11-19T15:00:00,57.09
24346,2017-11-19T15:20:00,23.75
24347,2017-11-19T15:40:00,2.25
24348,2017-11-19T16:00:00,0
24349,2017-11-19T16:20:00,0
24350,2017-11-19T16:40:00,0
24351,2017-11-19T17:40:00,0
24352,2017-11-19T18:00:00,0
24353,2017-11-19T18:25:00,0
24354,2017-11-19T18:45:00,0
24355,2017-11-19T19:05:00,0
24356,2017-11-19T19:25:00,0
24357,2017-11-19T19:45:00,0
24358,2017-11-19T20:05:00,0
24359,2017-11-19T20:25:00,0
24360,2017-11-19T20:45:00,0
24361,2017-11-19T21:05:00,0
24362,2017-11-19T21:25:00,0
24363,2017-11-19T21:45:00,0
24364,2017-11-19T22:05:00,0
24365,2017-11-19T22:25:00,0
24366,2017-11-19T22:45:00,0
24367,2017-11-19T23:05:00,0
24368,2017-11-19T23:25:00,0
24369,2017-11-19T23:45:00,0
24370,2017-11-20T00:05:00,0
24371,2017-11-20T00:25:00,0
24372,2017-11-20T00:45:00,0
24373,2017-11-20T01:05:00,0
24374,2017-11-20T01:25:00,0
24375,2017-11-20T01:45:00,0
24376,2017-11-20T02:05:00,0
24377,2017-11-20T02:25:00,0
24378,2017-11-20T02:45:00,0
24379,2017-11-20T03:05:00,0
24380,2017-11-20T03:25:00,0
24381,2017-11-20T03:45:00,0
24382,2017-11-20T04:05:00,0
24383,2017-11-20T04:25:00,0
24384,2017-11-20T04:45:00,0
24385,2017-11-20T05:05:00,0.2
24386,2017-11-20T05:25:00,0.2
24387,2017-11-20T05:50:00,0.29
24388,2017-11-20T06:10:00,1.86
24389,2017-11-20T06:30:00,21.21
24390,2017-11-20T06:50:00,60.9
24391,2017-11-20T07:10:00,80.64
24392,2017-11-20T07:30:00,88.17
24393,2017-11-20T07:50:00,91.59
24394,2017-11-20T08:10:00,96.19
24395,2017-11-20T08:30:00,97.26
24396,2017-11-20T08:50:00,97.75
24397,2017-11-20T09:10:00,96.09
24398,2017-11-20T09:30:00,97.85
24399,2017-11-20T09:50:00,97.26
24400,2017-11-20T10:10:00,96.87
24401,2017-11-20T10:30:00,97.75
24402,2017-11-20T10:50:00,96.58
24403,2017-11-20T11:10:00,94.92
24404,2017-11-20T11:30:00,95.21
24405,2017-11-20T11:50:00,93.65
24406,2017-11-20T12:10:00,92.28
24407,2017-11-20T12:30:00,92.38
24408,2017-11-20T12:50:00,91.2
24409,2017-11-20T13:10:00,91.01
24410,2017-11-20T13:30:00,88.95
24411,2017-11-20T13:50:00,85.04
24412,2017-11-20T14:10:00,83.58
24413,2017-11-20T14:30:00,74.49
24414,2017-11-20T14:50:00,59.04
24415,2017-11-20T15:10:00,29.72
24416,2017-11-20T15:30:00,4.89
24417,2017-11-20T15:50:00,0.59
24418,2017-11-20T16:10:00,0.29
24419,2017-11-20T16:30:00,0.29
24420,2017-11-20T16:50:00,0.29
24421,2017-11-20T17:15:00,0.2
24422,2017-11-20T17:35:00,0.29
24423,2017-11-20T17:55:00,0.29
24424,2017-11-20T18:15:00,0.2
24425,2017-11-20T18:35:00,0.2
24426,2017-11-20T18:55:00,0.2
24427,2017-11-20T19:15:00,0.2
24428,2017-11-20T19:35:00,0.2
24429,2017-11-20T19:55:00,0.2
24430,2017-11-20T20:15:00,0.2
24431,2017-11-20T20:35:00,0.1
24432,2017-11-20T20:55:00,0
24433,2017-11-20T21:15:00,0
24434,2017-11-20T21:35:00,0
24435,2017-11-20T21:55:00,0
24436,2017-11-20T22:15:00,0
24437,2017-11-20T22:35:00,0
24438,2017-11-20T22:55:00,0
24439,2017-11-20T23:15:00,0
24440,2017-11-20T23:35:00,0
24441,2017-11-20T23:55:00,0
24442,2017-11-21T00:15:00,0
24443,2017-11-21T00:35:00,0
24444,2017-11-21T00:55:00,0
24445,2017-11-21T01:15:00,0
24446,2017-11-21T01:35:00,0
24447,2017-11-21T01:55:00,0
24448,2017-11-21T02:15:00,0
24449,2017-11-21T02:35:00,0
24450,2017-11-21T02:55:00,0
24451,2017-11-21T03:15:00,0
24452,2017-11-21T03:35:00,0
24453,2017-11-21T03:55:00,0
24454,2017-11-21T04:15:00,0
24455,2017-11-21T04:40:00,0
24456,2017-11-21T05:00:00,0.2
24457,2017-11-21T05:20:00,0.2
24458,2017-11-21T05:40:00,0.29
24459,2017-11-21T06:00:00,0.78
24460,2017-11-21T06:20:00,5.57
24461,2017-11-21T06:40:00,25.51
24462,2017-11-21T07:00:00,64.22
24463,2017-11-21T07:20:00,75.76
24464,2017-11-21T07:40:00,78.3
24465,2017-11-21T08:00:00,91.98
24466,2017-11-21T08:20:00,82.8
24467,2017-11-21T08:40:00,84.46
24468,2017-11-21T09:00:00,90.52
24469,2017-11-21T09:20:00,90.42
24470,2017-11-21T09:40:00,90.52
24471,2017-11-21T10:00:00,89.93
24472,2017-11-21T10:20:00,92.57
24473,2017-11-21T10:40:00,93.26
24474,2017-11-21T11:00:00,91.79
24475,2017-11-21T11:20:00,94.72
24476,2017-11-21T11:40:00,94.04
24477,2017-11-21T12:00:00,94.14
24478,2017-11-21T12:20:00,90.71
24479,2017-11-21T12:40:00,88.07
24480,2017-11-21T13:00:00,88.46
24481,2017-11-21T13:20:00,87.2
24482,2017-11-21T13:40:00,89.93
24483,2017-11-21T14:00:00,82.5
24484,2017-11-21T14:20:00,73.61
24485,2017-11-21T14:40:00,56.4
24486,2017-11-21T15:00:00,31.87
24487,2017-11-21T15:20:00,7.14
24488,2017-11-21T15:45:00,0.68
24489,2017-11-21T16:05:00,0.39
24490,2017-11-21T16:25:00,0.29
24491,2017-11-21T16:45:00,0.29
24492,2017-11-21T17:05:00,0.39
24493,2017-11-21T17:25:00,0.39
24494,2017-11-21T17:45:00,0.49
24495,2017-11-21T18:05:00,0.29
24496,2017-11-21T18:25:00,0.29
24497,2017-11-21T18:45:00,0.39
24498,2017-11-21T19:05:00,0.49
24499,2017-11-21T19:25:00,0.39
24500,2017-11-21T19:45:00,0.29
24501,2017-11-21T20:05:00,0.29
24502,2017-11-21T20:25:00,0.29
24503,2017-11-21T20:45:00,0.29
24504,2017-11-21T21:05:00,0
24505,2017-11-21T21:25:00,0
24506,2017-11-21T21:45:00,0
24507,2017-11-21T22:05:00,0
24508,2017-11-21T22:25:00,0
24509,2017-11-21T22:45:00,0
24510,2017-11-21T23:05:00,0
24511,2017-11-21T23:25:00,0
24512,2017-11-21T23:45:00,0
24513,2017-11-22T00:05:00,0
24514,2017-11-22T00:25:00,0.1
24515,2017-11-22T00:45:00,0
24516,2017-11-22T01:05:00,0
24517,2017-11-22T01:25:00,0.1
24518,2017-11-22T01:45:00,0.1
24519,2017-11-22T02:05:00,0.1
24520,2017-11-22T02:25:00,0.1
24521,2017-11-22T02:45:00,0.2
24522,2017-11-22T03:10:00,0.2
24523,2017-11-22T03:30:00,0.2
24524,2017-11-22T03:50:00,0.2
24525,2017-11-22T04:10:00,0.2
24526,2017-11-22T04:30:00,0.2
24527,2017-11-22T04:50:00,0.29
24528,2017-11-22T05:10:00,0.59
24529,2017-11-22T05:30:00,0.59
24530,2017-11-22T05:50:00,0.59
24531,2017-11-22T06:10:00,0.68
24532,2017-11-22T06:30:00,1.56
24533,2017-11-22T06:50:00,11.34
24534,2017-11-22T07:10:00,43.01
24535,2017-11-22T07:30:00,59.14
24536,2017-11-22T07:50:00,71.55
24537,2017-11-22T08:10:00,87.88
24538,2017-11-22T08:30:00,82.99
24539,2017-11-22T08:50:00,91.01
24540,2017-11-22T09:10:00,89.44
24541,2017-11-22T09:30:00,81.62
24542,2017-11-22T09:50:00,87.29
24543,2017-11-22T10:10:00,95.21
24544,2017-11-22T10:30:00,91.2
24545,2017-11-22T10:50:00,89.83
24546,2017-11-22T11:10:00,89.64
24547,2017-11-22T11:30:00,86.22
24548,2017-11-22T11:50:00,86.22
24549,2017-11-22T12:10:00,85.34
24550,2017-11-22T12:30:00,76.34
24551,2017-11-22T12:50:00,71.06
24552,2017-11-22T13:10:00,66.37
24553,2017-11-22T13:30:00,74.39
24554,2017-11-22T13:50:00,76.44
24555,2017-11-22T14:10:00,52
24556,2017-11-22T14:35:00,36.46
24557,2017-11-22T14:55:00,22.58
24558,2017-11-22T15:15:00,5.57
24559,2017-11-22T15:35:00,0.98
24560,2017-11-22T15:55:00,0.68
24561,2017-11-22T16:15:00,0.68
24562,2017-11-22T16:35:00,0.68
24563,2017-11-22T16:55:00,0.59
24564,2017-11-22T17:15:00,0.59
24565,2017-11-22T17:35:00,0.59
24566,2017-11-22T17:55:00,0.49
24567,2017-11-22T18:15:00,0.49
24568,2017-11-22T18:35:00,0.49
24569,2017-11-22T18:55:00,0.49
24570,2017-11-22T19:15:00,0.39
24571,2017-11-22T19:35:00,0.29
24572,2017-11-22T19:55:00,0.29
24573,2017-11-22T20:15:00,0.2
24574,2017-11-22T20:35:00,0.1
24575,2017-11-22T20:55:00,0
24576,2017-11-22T21:15:00,0
24577,2017-11-22T21:35:00,0
24578,2017-11-22T21:55:00,0
24579,2017-11-22T22:15:00,0
24580,2017-11-22T22:35:00,0
24581,2017-11-22T22:55:00,0
24582,2017-11-22T23:15:00,0
24583,2017-11-22T23:35:00,0
24584,2017-11-22T23:55:00,0
24585,2017-11-23T00:15:00,0
24586,2017-11-23T00:35:00,0
24587,2017-11-23T00:55:00,0
24588,2017-11-23T01:15:00,0
24589,2017-11-23T01:35:00,0
24590,2017-11-23T02:00:00,0
24591,2017-11-23T02:20:00,0
24592,2017-11-23T02:40:00,0
24593,2017-11-23T03:00:00,0
24594,2017-11-23T03:20:00,0
24595,2017-11-23T03:40:00,0
24596,2017-11-23T04:00:00,0
24597,2017-11-23T04:20:00,0
24598,2017-11-23T04:40:00,0
24599,2017-11-23T05:00:00,0.2
24600,2017-11-23T05:20:00,0.2
24601,2017-11-23T05:40:00,0.2
24602,2017-11-23T06:00:00,0.29
24603,2017-11-23T06:20:00,1.76
24604,2017-11-23T06:40:00,12.22
24605,2017-11-23T07:00:00,48.19
24606,2017-11-23T07:20:00,68.82
24607,2017-11-23T07:40:00,76.54
24608,2017-11-23T08:00:00,79.47
24609,2017-11-23T08:20:00,81.04
24610,2017-11-23T08:40:00,81.72
24611,2017-11-23T09:00:00,79.37
24612,2017-11-23T09:20:00,81.23
24613,2017-11-23T09:40:00,84.85
24614,2017-11-23T10:00:00,93.74
24615,2017-11-23T10:20:00,90.22
24616,2017-11-23T10:40:00,91.89
24617,2017-11-23T11:00:00,94.23
24618,2017-11-23T11:20:00,90.52
24619,2017-11-23T11:40:00,91.2
24620,2017-11-23T12:00:00,82.89
24621,2017-11-23T12:20:00,82.01
24622,2017-11-23T12:40:00,76.34
24623,2017-11-23T13:00:00,70.28
24624,2017-11-23T13:25:00,69.21
24625,2017-11-23T13:45:00,64.81
24626,2017-11-23T14:05:00,43.21
24627,2017-11-23T14:25:00,28.94
24628,2017-11-23T14:45:00,66.08
24629,2017-11-23T15:05:00,49.36
24630,2017-11-23T15:25:00,9.38
24631,2017-11-23T15:45:00,1.27
24632,2017-11-23T16:05:00,0.59
24633,2017-11-23T16:25:00,0.39
24634,2017-11-23T16:45:00,0.39
24635,2017-11-23T17:05:00,0.49
24636,2017-11-23T17:25:00,0.49
24637,2017-11-23T17:45:00,0.39
24638,2017-11-23T18:05:00,0.39
24639,2017-11-23T18:25:00,0.39
24640,2017-11-23T18:45:00,0.39
24641,2017-11-23T19:05:00,0.39
24642,2017-11-23T19:25:00,0.39
24643,2017-11-23T19:45:00,0.39
24644,2017-11-23T20:05:00,0.29
24645,2017-11-23T20:25:00,0.29
24646,2017-11-23T20:45:00,0.29
24647,2017-11-23T21:05:00,0
24648,2017-11-23T21:25:00,0
24649,2017-11-23T21:45:00,0
24650,2017-11-23T22:05:00,0
24651,2017-11-23T22:25:00,0
24652,2017-11-23T22:45:00,0
24653,2017-11-23T23:05:00,0
24654,2017-11-23T23:25:00,0
24655,2017-11-23T23:45:00,0
24656,2017-11-24T00:05:00,0
24657,2017-11-24T00:30:00,0
24658,2017-11-24T00:50:00,0
24659,2017-11-24T01:10:00,0
24660,2017-11-24T01:30:00,0
24661,2017-11-24T01:50:00,0
24662,2017-11-24T02:30:00,0
24663,2017-11-24T02:50:00,0
24664,2017-11-24T03:10:00,0
24665,2017-11-24T03:30:00,0
24666,2017-11-24T03:50:00,0
24667,2017-11-24T04:10:00,0
24668,2017-11-24T04:30:00,0
24669,2017-11-24T04:50:00,0
24670,2017-11-24T05:10:00,0.39
24671,2017-11-24T05:30:00,0.39
24672,2017-11-24T05:50:00,0.29
24673,2017-11-24T06:10:00,0.59
24674,2017-11-24T06:30:00,3.03
24675,2017-11-24T06:50:00,22.97
24676,2017-11-24T07:10:00,46.04
24677,2017-11-24T07:30:00,62.46
24678,2017-11-24T07:50:00,74
24679,2017-11-24T08:10:00,82.21
24680,2017-11-24T08:30:00,85.92
24681,2017-11-24T08:50:00,86.12
24682,2017-11-24T09:10:00,86.02
24683,2017-11-24T09:30:00,90.13
24684,2017-11-24T09:50:00,90.91
24685,2017-11-24T10:10:00,90.13
24686,2017-11-24T10:30:00,93.65
24687,2017-11-24T10:50:00,89.54
24688,2017-11-24T11:10:00,88.17
24689,2017-11-24T11:30:00,87.68
24690,2017-11-24T11:55:00,87.88
24691,2017-11-24T12:15:00,85.34
24692,2017-11-24T12:35:00,86.22
24693,2017-11-24T12:55:00,85.63
24694,2017-11-24T13:15:00,85.34
24695,2017-11-24T13:35:00,82.5
24696,2017-11-24T13:55:00,82.99
24697,2017-11-24T14:15:00,79.76
24698,2017-11-24T14:35:00,70.58
24699,2017-11-24T14:55:00,53.37
24700,2017-11-24T15:15:00,20.63
24701,2017-11-24T15:35:00,2.44
24702,2017-11-24T15:55:00,0.49
24703,2017-11-24T16:15:00,0.29
24704,2017-11-24T16:35:00,0.39
24705,2017-11-24T16:55:00,0.39
24706,2017-11-24T17:15:00,0.39
24707,2017-11-24T17:35:00,0.29
24708,2017-11-24T17:55:00,0.39
24709,2017-11-24T18:15:00,0.29
24710,2017-11-24T18:35:00,0.29
24711,2017-11-24T18:55:00,0.29
24712,2017-11-24T19:15:00,0.29
24713,2017-11-24T19:35:00,0.29
24714,2017-11-24T19:55:00,0.49
24715,2017-11-24T20:15:00,0.39
24716,2017-11-24T20:35:00,0.39
24717,2017-11-24T20:55:00,0
24718,2017-11-24T21:15:00,0
24719,2017-11-24T21:35:00,0
24720,2017-11-24T21:55:00,0
24721,2017-11-24T22:15:00,0
24722,2017-11-24T22:35:00,0
24723,2017-11-24T22:55:00,0
24724,2017-11-24T23:20:00,0
24725,2017-11-24T23:40:00,0
24726,2017-11-25T00:00:00,0
24727,2017-11-25T00:20:00,0
24728,2017-11-25T00:40:00,0
24729,2017-11-25T01:00:00,0
24730,2017-11-25T01:20:00,0
24731,2017-11-25T01:40:00,0
24732,2017-11-25T02:00:00,0
24733,2017-11-25T02:20:00,0
24734,2017-11-25T02:40:00,0
24735,2017-11-25T03:00:00,0
24736,2017-11-25T03:20:00,0
24737,2017-11-25T03:40:00,0
24738,2017-11-25T04:00:00,0
24739,2017-11-25T04:20:00,0
24740,2017-11-25T04:40:00,0
24741,2017-11-25T05:00:00,0
24742,2017-11-25T05:20:00,0
24743,2017-11-25T05:40:00,0
24744,2017-11-25T06:00:00,0.1
24745,2017-11-25T06:20:00,2.74
24746,2017-11-25T06:40:00,24.93
24747,2017-11-25T07:00:00,62.56
24748,2017-11-25T07:20:00,78.89
24749,2017-11-25T07:40:00,87
24750,2017-11-25T08:00:00,96.58
24751,2017-11-25T08:20:00,97.16
24752,2017-11-25T08:40:00,97.56
24753,2017-11-25T09:00:00,93.35
24754,2017-11-25T09:20:00,96.87
24755,2017-11-25T09:40:00,97.46
24756,2017-11-25T10:00:00,97.56
24757,2017-11-25T10:20:00,94.53
24758,2017-11-25T10:45:00,93.35
24759,2017-11-25T11:05:00,90.62
24760,2017-11-25T11:25:00,87.98
24761,2017-11-25T11:45:00,90.81
24762,2017-11-25T12:05:00,97.26
24763,2017-11-25T12:25:00,97.16
24764,2017-11-25T12:45:00,96.77
24765,2017-11-25T13:05:00,95.89
24766,2017-11-25T13:25:00,94.62
24767,2017-11-25T13:45:00,92.96
24768,2017-11-25T14:05:00,84.56
24769,2017-11-25T14:25:00,78.5
24770,2017-11-25T14:45:00,64.61
24771,2017-11-25T15:05:00,35.68
24772,2017-11-25T15:25:00,5.96
24773,2017-11-25T15:45:00,0.39
24774,2017-11-25T16:05:00,0
24775,2017-11-25T16:25:00,0
24776,2017-11-25T16:45:00,0
24777,2017-11-25T17:05:00,0
24778,2017-11-25T17:25:00,0
24779,2017-11-25T17:45:00,0
24780,2017-11-25T18:05:00,0
24781,2017-11-25T18:25:00,0
24782,2017-11-25T18:45:00,0
24783,2017-11-25T19:05:00,0
24784,2017-11-25T19:25:00,0
24785,2017-11-25T19:45:00,0
24786,2017-11-25T20:05:00,0
24787,2017-11-25T20:25:00,0
24788,2017-11-25T20:45:00,0
24789,2017-11-25T21:05:00,0
24790,2017-11-25T21:25:00,0
24791,2017-11-25T21:50:00,0
24792,2017-11-25T22:10:00,0
24793,2017-11-25T22:30:00,0
24794,2017-11-25T22:50:00,0
24795,2017-11-25T23:10:00,0
24796,2017-11-25T23:30:00,0
24797,2017-11-25T23:50:00,0
24798,2017-11-26T00:10:00,0
24799,2017-11-26T00:30:00,0
24800,2017-11-26T00:50:00,0
24801,2017-11-26T01:10:00,0
24802,2017-11-26T01:30:00,0
24803,2017-11-26T01:50:00,0
24804,2017-11-26T02:10:00,0
24805,2017-11-26T02:30:00,0
24806,2017-11-26T02:50:00,0
24807,2017-11-26T03:10:00,0
24808,2017-11-26T03:30:00,0
24809,2017-11-26T03:50:00,0
24810,2017-11-26T04:10:00,0
24811,2017-11-26T04:30:00,0
24812,2017-11-26T04:50:00,0
24813,2017-11-26T05:10:00,0
24814,2017-11-26T05:30:00,0
24815,2017-11-26T05:50:00,0
24816,2017-11-26T06:10:00,0
24817,2017-11-26T06:30:00,2.44
24818,2017-11-26T06:50:00,21.41
24819,2017-11-26T07:10:00,57.38
24820,2017-11-26T07:30:00,72.04
24821,2017-11-26T07:50:00,85.63
24822,2017-11-26T08:10:00,90.22
24823,2017-11-26T08:30:00,92.47
24824,2017-11-26T08:50:00,97.46
24825,2017-11-26T09:15:00,95.99
24826,2017-11-26T09:35:00,91.89
24827,2017-11-26T09:55:00,94.53
24828,2017-11-26T10:15:00,95.6
24829,2017-11-26T10:35:00,95.41
24830,2017-11-26T10:55:00,96.09
24831,2017-11-26T11:15:00,97.36
24832,2017-11-26T11:35:00,97.36
24833,2017-11-26T11:55:00,97.36
24834,2017-11-26T12:15:00,97.16
24835,2017-11-26T12:35:00,96.77
24836,2017-11-26T12:55:00,94.82
24837,2017-11-26T13:15:00,89.05
24838,2017-11-26T13:35:00,91.5
24839,2017-11-26T13:55:00,87.49
24840,2017-11-26T14:15:00,82.89
24841,2017-11-26T14:35:00,73.9
24842,2017-11-26T14:55:00,40.96
24843,2017-11-26T15:15:00,13.39
24844,2017-11-26T15:35:00,1.08
24845,2017-11-26T15:55:00,0
24846,2017-11-26T16:15:00,0
24847,2017-11-26T16:35:00,0
24848,2017-11-26T16:55:00,0
24849,2017-11-26T17:15:00,0
24850,2017-11-26T17:35:00,0
24851,2017-11-26T17:55:00,0
24852,2017-11-26T18:15:00,0
24853,2017-11-26T18:35:00,0
24854,2017-11-26T18:55:00,0
24855,2017-11-26T19:15:00,0
24856,2017-11-26T19:35:00,0
24857,2017-11-26T19:55:00,0
24858,2017-11-26T20:15:00,0
24859,2017-11-26T20:40:00,0
24860,2017-11-26T21:00:00,0
24861,2017-11-26T21:20:00,0
24862,2017-11-26T21:40:00,0
24863,2017-11-26T22:00:00,0
24864,2017-11-26T22:20:00,0
24865,2017-11-26T22:40:00,0
24866,2017-11-26T23:00:00,0
24867,2017-11-26T23:20:00,0
24868,2017-11-26T23:40:00,0
24869,2017-11-27T00:00:00,0
24870,2017-11-27T00:20:00,0
24871,2017-11-27T00:40:00,0
24872,2017-11-27T01:00:00,0
24873,2017-11-27T01:20:00,0
24874,2017-11-27T01:40:00,0
24875,2017-11-27T02:00:00,0
24876,2017-11-27T02:20:00,0
24877,2017-11-27T02:40:00,0
24878,2017-11-27T03:00:00,0
24879,2017-11-27T03:20:00,0
24880,2017-11-27T03:40:00,0
24881,2017-11-27T04:00:00,0
24882,2017-11-27T04:20:00,0
24883,2017-11-27T04:40:00,0
24884,2017-11-27T05:00:00,0.29
24885,2017-11-27T05:20:00,0.39
24886,2017-11-27T05:40:00,0.29
24887,2017-11-27T06:00:00,0.49
24888,2017-11-27T06:20:00,1.56
24889,2017-11-27T06:40:00,10.46
24890,2017-11-27T07:00:00,45.16
24891,2017-11-27T07:20:00,74
24892,2017-11-27T07:40:00,84.65
24893,2017-11-27T08:05:00,86.02
24894,2017-11-27T08:25:00,88.76
24895,2017-11-27T08:45:00,81.43
24896,2017-11-27T09:05:00,84.46
24897,2017-11-27T09:25:00,85.63
24898,2017-11-27T09:45:00,84.46
24899,2017-11-27T10:05:00,83.87
24900,2017-11-27T10:25:00,76.93
24901,2017-11-27T10:45:00,76.05
24902,2017-11-27T11:05:00,77.81
24903,2017-11-27T11:25:00,81.92
24904,2017-11-27T11:45:00,80.84
24905,2017-11-27T12:05:00,79.18
24906,2017-11-27T12:25:00,77.13
24907,2017-11-27T12:45:00,78.3
24908,2017-11-27T13:05:00,74.39
24909,2017-11-27T13:25:00,69.11
24910,2017-11-27T13:45:00,67.45
24911,2017-11-27T14:05:00,55.42
24912,2017-11-27T14:25:00,46.24
24913,2017-11-27T14:45:00,21.21
24914,2017-11-27T15:05:00,6.26
24915,2017-11-27T15:25:00,1.37
24916,2017-11-27T15:45:00,0.88
24917,2017-11-27T16:05:00,0.68
24918,2017-11-27T16:25:00,0.59
24919,2017-11-27T16:45:00,0.59
24920,2017-11-27T17:05:00,0.39
24921,2017-11-27T17:25:00,0.39
24922,2017-11-27T17:45:00,0.39
24923,2017-11-27T18:05:00,0.29
24924,2017-11-27T18:25:00,0.39
24925,2017-11-27T18:45:00,0.39
24926,2017-11-27T19:05:00,0.29
24927,2017-11-27T19:30:00,0.29
24928,2017-11-27T19:50:00,0.29
24929,2017-11-27T20:10:00,0.29
24930,2017-11-27T20:30:00,0.29
24931,2017-11-27T20:50:00,0.39
24932,2017-11-27T21:10:00,0
24933,2017-11-27T21:30:00,0
24934,2017-11-27T21:50:00,0
24935,2017-11-27T22:10:00,0
24936,2017-11-27T22:30:00,0
24937,2017-11-27T22:50:00,0
24938,2017-11-27T23:10:00,0
24939,2017-11-27T23:30:00,0
24940,2017-11-27T23:50:00,0
24941,2017-11-28T00:10:00,0
24942,2017-11-28T00:30:00,0
24943,2017-11-28T00:50:00,0
24944,2017-11-28T01:10:00,0
24945,2017-11-28T01:30:00,0
24946,2017-11-28T01:50:00,0
24947,2017-11-28T02:10:00,0
24948,2017-11-28T02:30:00,0
24949,2017-11-28T02:50:00,0
24950,2017-11-28T03:10:00,0
24951,2017-11-28T03:30:00,0
24952,2017-11-28T03:50:00,0
24953,2017-11-28T04:10:00,0
24954,2017-11-28T04:30:00,0
24955,2017-11-28T04:50:00,0
24956,2017-11-28T05:10:00,0.49
24957,2017-11-28T05:30:00,0.39
24958,2017-11-28T05:50:00,0.49
24959,2017-11-28T06:10:00,0.68
24960,2017-11-28T06:35:00,1.17
24961,2017-11-28T06:55:00,8.21
24962,2017-11-28T07:15:00,35.48
24963,2017-11-28T07:35:00,58.94
24964,2017-11-28T07:55:00,64.81
24965,2017-11-28T08:15:00,76.64
24966,2017-11-28T08:55:00,76.25
24967,2017-11-28T09:15:00,76.05
24968,2017-11-28T09:35:00,81.92
24969,2017-11-28T09:55:00,86.71
24970,2017-11-28T10:15:00,87.29
24971,2017-11-28T10:35:00,85.24
24972,2017-11-28T10:55:00,85.53
24973,2017-11-28T11:15:00,88.17
24974,2017-11-28T11:35:00,88.17
24975,2017-11-28T11:55:00,87.29
24976,2017-11-28T12:15:00,89.25
24977,2017-11-28T12:35:00,89.93
24978,2017-11-28T12:55:00,89.44
24979,2017-11-28T13:15:00,89.54
24980,2017-11-28T13:35:00,82.11
24981,2017-11-28T13:55:00,78.89
24982,2017-11-28T14:15:00,60.9
24983,2017-11-28T14:35:00,48.88
24984,2017-11-28T14:55:00,26.2
24985,2017-11-28T15:15:00,6.55
24986,2017-11-28T15:35:00,0.98
24987,2017-11-28T15:55:00,0.59
24988,2017-11-28T16:15:00,0.68
24989,2017-11-28T16:35:00,0.59
24990,2017-11-28T16:55:00,0.39
24991,2017-11-28T17:15:00,0.49
24992,2017-11-28T17:35:00,0.49
24993,2017-11-28T18:00:00,0.49
24994,2017-11-28T18:20:00,0.39
24995,2017-11-28T18:40:00,0.39
24996,2017-11-28T19:00:00,0.49
24997,2017-11-28T19:20:00,0.39
24998,2017-11-28T19:40:00,0.49
24999,2017-11-28T20:20:00,0.49
25000,2017-11-28T20:40:00,0.39
25001,2017-11-28T21:00:00,0
25002,2017-11-28T21:20:00,0
25003,2017-11-28T21:40:00,0
25004,2017-11-28T22:00:00,0
25005,2017-11-28T22:20:00,0
25006,2017-11-28T22:40:00,0
25007,2017-11-28T23:00:00,0
25008,2017-11-28T23:20:00,0
25009,2017-11-28T23:40:00,0
25010,2017-11-29T00:00:00,0
25011,2017-11-29T00:20:00,0
25012,2017-11-29T00:40:00,0
25013,2017-11-29T01:00:00,0
25014,2017-11-29T01:20:00,0
25015,2017-11-29T01:40:00,0
25016,2017-11-29T02:00:00,0
25017,2017-11-29T02:20:00,0
25018,2017-11-29T02:40:00,0
25019,2017-11-29T03:00:00,0
25020,2017-11-29T03:20:00,0
25021,2017-11-29T03:40:00,0
25022,2017-11-29T04:00:00,0
25023,2017-11-29T04:20:00,0
25024,2017-11-29T04:40:00,0
25025,2017-11-29T05:00:00,0.39
25026,2017-11-29T05:25:00,0.29
25027,2017-11-29T05:45:00,0.29
25028,2017-11-29T06:05:00,0.49
25029,2017-11-29T06:25:00,1.17
25030,2017-11-29T06:45:00,5.86
25031,2017-11-29T07:05:00,34.51
25032,2017-11-29T07:25:00,59.14
25033,2017-11-29T07:45:00,74.39
25034,2017-11-29T08:05:00,80.84
25035,2017-11-29T08:25:00,82.5
25036,2017-11-29T08:45:00,83.97
25037,2017-11-29T09:05:00,90.42
25038,2017-11-29T09:25:00,89.93
25039,2017-11-29T09:45:00,90.03
25040,2017-11-29T10:05:00,92.86
25041,2017-11-29T10:25:00,92.28
25042,2017-11-29T10:45:00,89.25
25043,2017-11-29T11:05:00,90.22
25044,2017-11-29T11:25:00,91.2
25045,2017-11-29T11:45:00,89.83
25046,2017-11-29T12:05:00,88.66
25047,2017-11-29T12:25:00,89.44
25048,2017-11-29T12:45:00,88.95
25049,2017-11-29T13:05:00,84.95
25050,2017-11-29T13:25:00,87.88
25051,2017-11-29T13:45:00,82.21
25052,2017-11-29T14:05:00,77.52
25053,2017-11-29T14:25:00,67.55
25054,2017-11-29T14:45:00,57.67
25055,2017-11-29T15:05:00,19.55
25056,2017-11-29T15:25:00,1.66
25057,2017-11-29T15:45:00,0.68
25058,2017-11-29T16:05:00,0.59
25059,2017-11-29T16:25:00,0.49
25060,2017-11-29T16:50:00,0.49
25061,2017-11-29T17:10:00,0.49
25062,2017-11-29T17:30:00,0.39
25063,2017-11-29T17:50:00,0.49
25064,2017-11-29T18:10:00,0.39
25065,2017-11-29T18:30:00,0.39
25066,2017-11-29T18:50:00,0.39
25067,2017-11-29T19:10:00,0.39
25068,2017-11-29T19:30:00,0.29
25069,2017-11-29T19:50:00,0.39
25070,2017-11-29T20:10:00,0.39
25071,2017-11-29T20:30:00,0.39
25072,2017-11-29T20:50:00,0.39
25073,2017-11-29T21:10:00,0
25074,2017-11-29T21:30:00,0
25075,2017-11-29T21:50:00,0
25076,2017-11-29T22:10:00,0
25077,2017-11-29T22:30:00,0
25078,2017-11-29T22:50:00,0
25079,2017-11-29T23:10:00,0
25080,2017-11-29T23:30:00,0
25081,2017-11-29T23:50:00,0
25082,2017-11-30T00:10:00,0
25083,2017-11-30T00:30:00,0
25084,2017-11-30T00:50:00,0
25085,2017-11-30T01:10:00,0
25086,2017-11-30T01:30:00,0
25087,2017-11-30T01:50:00,0
25088,2017-11-30T02:10:00,0
25089,2017-11-30T02:30:00,0
25090,2017-11-30T02:50:00,0
25091,2017-11-30T03:10:00,0
25092,2017-11-30T03:30:00,0.1
25093,2017-11-30T03:55:00,0.1
25094,2017-11-30T04:15:00,0.2
25095,2017-11-30T04:35:00,0
25096,2017-11-30T04:55:00,0.39
25097,2017-11-30T05:15:00,0.49
25098,2017-11-30T05:35:00,0.49
25099,2017-11-30T05:55:00,0.49
25100,2017-11-30T06:15:00,0.68
25101,2017-11-30T06:35:00,3.81
25102,2017-11-30T06:55:00,35.88
25103,2017-11-30T07:15:00,47.7
25104,2017-11-30T07:35:00,64.32
25105,2017-11-30T07:55:00,67.64
25106,2017-11-30T08:15:00,72.24
25107,2017-11-30T08:35:00,83.48
25108,2017-11-30T08:55:00,89.83
25109,2017-11-30T09:15:00,84.56
25110,2017-11-30T09:35:00,87.59
25111,2017-11-30T09:55:00,86.51
25112,2017-11-30T10:15:00,92.38
25113,2017-11-30T10:35:00,97.07
25114,2017-11-30T10:55:00,97.56
25115,2017-11-30T11:15:00,97.46
25116,2017-11-30T11:35:00,90.22
25117,2017-11-30T11:55:00,89.83
25118,2017-11-30T12:15:00,91.79
25119,2017-11-30T12:35:00,95.99
25120,2017-11-30T12:55:00,90.81
25121,2017-11-30T13:15:00,94.04
25122,2017-11-30T13:35:00,91.01
25123,2017-11-30T13:55:00,81.72
25124,2017-11-30T14:15:00,75.76
25125,2017-11-30T14:35:00,63.24
25126,2017-11-30T14:55:00,35.68
25127,2017-11-30T15:20:00,5.96
25128,2017-11-30T15:40:00,0.98
25129,2017-11-30T16:00:00,0.68
25130,2017-11-30T16:20:00,0.59
25131,2017-11-30T16:40:00,0.59
25132,2017-11-30T17:00:00,0.59
25133,2017-11-30T17:20:00,0.39
25134,2017-11-30T17:40:00,0.49
25135,2017-11-30T18:00:00,0.49
25136,2017-11-30T18:20:00,0.49
25137,2017-11-30T18:40:00,0.49
25138,2017-11-30T19:00:00,0.49
25139,2017-11-30T19:20:00,0.39
25140,2017-11-30T19:40:00,0.49
25141,2017-11-30T20:00:00,0.49
25142,2017-11-30T20:20:00,0.49
25143,2017-11-30T20:40:00,0.39
25144,2017-11-30T21:00:00,0
25145,2017-11-30T21:20:00,0
25146,2017-11-30T21:40:00,0
25147,2017-11-30T22:00:00,0
25148,2017-11-30T22:20:00,0
25149,2017-11-30T22:40:00,0
25150,2017-11-30T23:00:00,0
25151,2017-11-30T23:20:00,0
25152,2017-11-30T23:40:00,0
25153,2017-12-01T00:00:00,0
25154,2017-12-01T00:20:00,0
25155,2017-12-01T00:40:00,0
25156,2017-12-01T01:00:00,0
25157,2017-12-01T01:20:00,0
25158,2017-12-01T01:40:00,0
25159,2017-12-01T02:00:00,0
25160,2017-12-01T02:20:00,0
25161,2017-12-01T02:45:00,0
25162,2017-12-01T03:05:00,0
25163,2017-12-01T03:25:00,0
25164,2017-12-01T03:45:00,0
25165,2017-12-01T04:05:00,0
25166,2017-12-01T04:25:00,0
25167,2017-12-01T04:45:00,0
25168,2017-12-01T05:05:00,0.39
25169,2017-12-01T05:25:00,0.49
25170,2017-12-01T05:45:00,0.49
25171,2017-12-01T06:05:00,0.59
25172,2017-12-01T06:25:00,0.68
25173,2017-12-01T06:45:00,3.52
25174,2017-12-01T07:05:00,29.03
25175,2017-12-01T07:25:00,57.48
25176,2017-12-01T07:45:00,66.86
25177,2017-12-01T08:05:00,77.52
25178,2017-12-01T08:25:00,82.8
25179,2017-12-01T08:45:00,86.71
25180,2017-12-01T09:05:00,91.1
25181,2017-12-01T09:25:00,97.26
25182,2017-12-01T09:45:00,90.81
25183,2017-12-01T10:05:00,89.54
25184,2017-12-01T10:25:00,97.65
25185,2017-12-01T10:45:00,96.68
25186,2017-12-01T11:05:00,93.65
25187,2017-12-01T11:25:00,91.69
25188,2017-12-01T11:45:00,89.44
25189,2017-12-01T12:05:00,86.12
25190,2017-12-01T12:25:00,91.1
25191,2017-12-01T12:45:00,89.25
25192,2017-12-01T13:05:00,83.58
25193,2017-12-01T13:25:00,74.39
25194,2017-12-01T13:45:00,68.43
25195,2017-12-01T14:10:00,65.98
25196,2017-12-01T14:30:00,45.16
25197,2017-12-01T14:50:00,23.85
25198,2017-12-01T15:10:00,6.45
25199,2017-12-01T15:30:00,1.37
25200,2017-12-01T15:50:00,0.59
25201,2017-12-01T16:10:00,0.49
25202,2017-12-01T16:30:00,0.49
25203,2017-12-01T16:50:00,0.49
25204,2017-12-01T17:10:00,0.49
25205,2017-12-01T17:30:00,0.49
25206,2017-12-01T17:50:00,0.49
25207,2017-12-01T18:10:00,0.49
25208,2017-12-01T18:30:00,0.49
25209,2017-12-01T18:50:00,0.49
25210,2017-12-01T19:10:00,0.49
25211,2017-12-01T19:30:00,0.49
25212,2017-12-01T19:50:00,0.49
25213,2017-12-01T20:10:00,0.49
25214,2017-12-01T20:30:00,0.49
25215,2017-12-01T20:50:00,0.49
25216,2017-12-01T21:10:00,0.1
25217,2017-12-01T21:30:00,0.1
25218,2017-12-01T21:50:00,0.1
25219,2017-12-01T22:10:00,0
25220,2017-12-01T22:30:00,0
25221,2017-12-01T22:50:00,0
25222,2017-12-01T23:10:00,0
25223,2017-12-01T23:30:00,0
25224,2017-12-01T23:50:00,0
25225,2017-12-02T00:10:00,0
25226,2017-12-02T00:30:00,0
25227,2017-12-02T00:50:00,0
25228,2017-12-02T01:15:00,0
25229,2017-12-02T01:35:00,0
25230,2017-12-02T01:55:00,0
25231,2017-12-02T02:15:00,0
25232,2017-12-02T02:35:00,0
25233,2017-12-02T02:55:00,0
25234,2017-12-02T03:15:00,0
25235,2017-12-02T03:35:00,0
25236,2017-12-02T03:55:00,0
25237,2017-12-02T04:15:00,0
25238,2017-12-02T04:35:00,0
25239,2017-12-02T04:55:00,0
25240,2017-12-02T05:15:00,0
25241,2017-12-02T05:35:00,0
25242,2017-12-02T05:55:00,0
25243,2017-12-02T06:15:00,0.49
25244,2017-12-02T06:35:00,6.65
25245,2017-12-02T06:55:00,38.22
25246,2017-12-02T07:15:00,65.1
25247,2017-12-02T07:35:00,80.25
25248,2017-12-02T07:55:00,86.41
25249,2017-12-02T08:15:00,85.73
25250,2017-12-02T08:35:00,87
25251,2017-12-02T08:55:00,88.76
25252,2017-12-02T09:15:00,91.79
25253,2017-12-02T09:35:00,93.26
25254,2017-12-02T09:55:00,93.65
25255,2017-12-02T10:15:00,91.69
25256,2017-12-02T10:35:00,93.45
25257,2017-12-02T10:55:00,97.26
25258,2017-12-02T11:15:00,97.16
25259,2017-12-02T11:35:00,96.28
25260,2017-12-02T11:55:00,96.48
25261,2017-12-02T12:15:00,95.89
25262,2017-12-02T12:40:00,96.09
25263,2017-12-02T13:00:00,92.67
25264,2017-12-02T13:20:00,91.1
25265,2017-12-02T13:40:00,90.91
25266,2017-12-02T14:00:00,84.85
25267,2017-12-02T14:20:00,78.3
25268,2017-12-02T14:40:00,52.79
25269,2017-12-02T15:00:00,30.6
25270,2017-12-02T15:20:00,4.3
25271,2017-12-02T15:40:00,0.2
25272,2017-12-02T16:00:00,0.1
25273,2017-12-02T16:20:00,0.2
25274,2017-12-02T16:40:00,0.1
25275,2017-12-02T17:00:00,0.2
25276,2017-12-02T17:20:00,0.1
25277,2017-12-02T17:40:00,0.29
25278,2017-12-02T18:00:00,0.2
25279,2017-12-02T18:20:00,0.2
25280,2017-12-02T18:40:00,0.1
25281,2017-12-02T19:00:00,0.1
25282,2017-12-02T19:20:00,0.1
25283,2017-12-02T19:40:00,0.1
25284,2017-12-02T20:00:00,0.2
25285,2017-12-02T20:20:00,0.1
25286,2017-12-02T20:40:00,0.1
25287,2017-12-02T21:00:00,0.1
25288,2017-12-02T21:20:00,0.1
25289,2017-12-02T21:40:00,0.1
25290,2017-12-02T22:00:00,0.1
25291,2017-12-02T22:20:00,0.1
25292,2017-12-02T22:40:00,0.1
25293,2017-12-02T23:00:00,0
25294,2017-12-02T23:20:00,0.1
25295,2017-12-02T23:40:00,0
25296,2017-12-03T00:05:00,0
25297,2017-12-03T00:25:00,0
25298,2017-12-03T00:45:00,0.1
25299,2017-12-03T01:05:00,0
25300,2017-12-03T01:25:00,0
25301,2017-12-03T01:45:00,0
25302,2017-12-03T02:05:00,0
25303,2017-12-03T02:25:00,0
25304,2017-12-03T02:45:00,0
25305,2017-12-03T03:05:00,0
25306,2017-12-03T03:25:00,0
25307,2017-12-03T03:45:00,0.1
25308,2017-12-03T04:05:00,0.1
25309,2017-12-03T04:25:00,0
25310,2017-12-03T04:45:00,0
25311,2017-12-03T05:05:00,0
25312,2017-12-03T05:25:00,0
25313,2017-12-03T05:45:00,0
25314,2017-12-03T06:05:00,0
25315,2017-12-03T06:25:00,0.59
25316,2017-12-03T06:45:00,9.48
25317,2017-12-03T07:05:00,44.18
25318,2017-12-03T07:25:00,65.59
25319,2017-12-03T07:45:00,83.87
25320,2017-12-03T08:05:00,91.01
25321,2017-12-03T08:25:00,93.35
25322,2017-12-03T08:45:00,91.89
25323,2017-12-03T09:05:00,96.28
25324,2017-12-03T09:25:00,94.33
25325,2017-12-03T09:45:00,96.48
25326,2017-12-03T10:05:00,97.65
25327,2017-12-03T10:25:00,97.46
25328,2017-12-03T10:45:00,97.46
25329,2017-12-03T11:05:00,97.26
25330,2017-12-03T11:30:00,97.26
25331,2017-12-03T11:50:00,96.97
25332,2017-12-03T12:10:00,97.07
25333,2017-12-03T12:30:00,95.7
25334,2017-12-03T12:50:00,90.52
25335,2017-12-03T13:10:00,90.03
25336,2017-12-03T13:30:00,85.34
25337,2017-12-03T13:50:00,87.49
25338,2017-12-03T14:10:00,82.11
25339,2017-12-03T14:30:00,72.24
25340,2017-12-03T14:50:00,47.31
25341,2017-12-03T15:10:00,12.22
25342,2017-12-03T15:30:00,1.08
25343,2017-12-03T15:50:00,0
25344,2017-12-03T16:10:00,0
25345,2017-12-03T16:30:00,0
25346,2017-12-03T16:50:00,0
25347,2017-12-03T17:10:00,0.1
25348,2017-12-03T17:30:00,0.1
25349,2017-12-03T17:50:00,0.1
25350,2017-12-03T18:10:00,0.2
25351,2017-12-03T18:30:00,0.1
25352,2017-12-03T18:50:00,0.2
25353,2017-12-03T19:10:00,0.2
25354,2017-12-03T19:30:00,0.2
25355,2017-12-03T19:50:00,0.2
25356,2017-12-03T20:10:00,0.1
25357,2017-12-03T20:30:00,0.2
25358,2017-12-03T20:50:00,0.1
25359,2017-12-03T21:10:00,0.2
25360,2017-12-03T21:30:00,0.2
25361,2017-12-03T21:50:00,0.2
25362,2017-12-03T22:10:00,0.2
25363,2017-12-03T22:30:00,0.2
25364,2017-12-03T22:55:00,0.1
25365,2017-12-03T23:15:00,0.2
25366,2017-12-03T23:35:00,0.1
25367,2017-12-03T23:55:00,0.1
25368,2017-12-04T00:15:00,0
25369,2017-12-04T00:35:00,0
25370,2017-12-04T00:55:00,0
25371,2017-12-04T01:15:00,0
25372,2017-12-04T01:35:00,0
25373,2017-12-04T01:55:00,0
25374,2017-12-04T02:15:00,0
25375,2017-12-04T02:35:00,0
25376,2017-12-04T02:55:00,0
25377,2017-12-04T03:15:00,0
25378,2017-12-04T03:35:00,0
25379,2017-12-04T03:55:00,0
25380,2017-12-04T04:15:00,0
25381,2017-12-04T04:35:00,0
25382,2017-12-04T04:55:00,0.39
25383,2017-12-04T05:15:00,0.39
25384,2017-12-04T05:35:00,0.29
25385,2017-12-04T05:55:00,0.39
25386,2017-12-04T06:15:00,0.88
25387,2017-12-04T06:35:00,6.35
25388,2017-12-04T06:55:00,36.76
25389,2017-12-04T07:15:00,68.33
25390,2017-12-04T07:35:00,82.01
25391,2017-12-04T07:55:00,88.17
25392,2017-12-04T08:15:00,96.58
25393,2017-12-04T08:35:00,96.87
25394,2017-12-04T08:55:00,97.36
25395,2017-12-04T09:15:00,97.56
25396,2017-12-04T09:35:00,97.95
25397,2017-12-04T10:00:00,97.95
25398,2017-12-04T10:20:00,97.65
25399,2017-12-04T10:40:00,97.56
25400,2017-12-04T11:00:00,97.56
25401,2017-12-04T11:20:00,97.56
25402,2017-12-04T11:40:00,97.46
25403,2017-12-04T12:00:00,97.46
25404,2017-12-04T12:20:00,97.16
25405,2017-12-04T13:00:00,91.4
25406,2017-12-04T13:20:00,93.65
25407,2017-12-04T13:40:00,89.34
25408,2017-12-04T14:00:00,85.04
25409,2017-12-04T14:20:00,74.78
25410,2017-12-04T14:40:00,57.18
25411,2017-12-04T15:00:00,24.63
25412,2017-12-04T15:20:00,2.44
25413,2017-12-04T15:40:00,0.49
25414,2017-12-04T16:00:00,0.39
25415,2017-12-04T16:20:00,0.39
25416,2017-12-04T16:40:00,0.39
25417,2017-12-04T17:00:00,0.39
25418,2017-12-04T17:20:00,0.39
25419,2017-12-04T17:40:00,0.39
25420,2017-12-04T18:00:00,0.39
25421,2017-12-04T18:20:00,0.39
25422,2017-12-04T18:40:00,0.39
25423,2017-12-04T19:00:00,0.39
25424,2017-12-04T19:20:00,0.39
25425,2017-12-04T19:40:00,0.39
25426,2017-12-04T20:00:00,0.49
25427,2017-12-04T20:20:00,0.39
25428,2017-12-04T20:40:00,0.39
25429,2017-12-04T21:00:00,0
25430,2017-12-04T21:25:00,0
25431,2017-12-04T21:45:00,0
25432,2017-12-04T22:05:00,0
25433,2017-12-04T22:25:00,0
25434,2017-12-04T22:45:00,0
25435,2017-12-04T23:05:00,0
25436,2017-12-04T23:25:00,0
25437,2017-12-04T23:45:00,0.1
25438,2017-12-05T00:25:00,0.1
25439,2017-12-05T00:45:00,0
25440,2017-12-05T01:05:00,0.1
25441,2017-12-05T01:25:00,0.1
25442,2017-12-05T01:45:00,0.1
25443,2017-12-05T02:05:00,0.1
25444,2017-12-05T02:25:00,0.1
25445,2017-12-05T02:45:00,0.1
25446,2017-12-05T03:05:00,0.1
25447,2017-12-05T03:25:00,0
25448,2017-12-05T03:45:00,0.1
25449,2017-12-05T04:05:00,0
25450,2017-12-05T04:25:00,0
25451,2017-12-05T04:45:00,0
25452,2017-12-05T05:05:00,0.39
25453,2017-12-05T05:25:00,0.39
25454,2017-12-05T05:45:00,0.39
25455,2017-12-05T06:05:00,0.59
25456,2017-12-05T06:25:00,0.98
25457,2017-12-05T06:45:00,2.84
25458,2017-12-05T07:05:00,15.64
25459,2017-12-05T07:25:00,48.78
25460,2017-12-05T07:45:00,68.04
25461,2017-12-05T08:05:00,76.93
25462,2017-12-05T08:25:00,78.89
25463,2017-12-05T08:50:00,82.01
25464,2017-12-05T09:10:00,86.22
25465,2017-12-05T09:30:00,87.1
25466,2017-12-05T09:50:00,79.67
25467,2017-12-05T10:10:00,80.94
25468,2017-12-05T10:30:00,81.53
25469,2017-12-05T10:50:00,86.02
25470,2017-12-05T11:10:00,84.07
25471,2017-12-05T11:30:00,86.41
25472,2017-12-05T11:50:00,83.58
25473,2017-12-05T12:10:00,88.56
25474,2017-12-05T12:30:00,87.1
25475,2017-12-05T12:50:00,84.36
25476,2017-12-05T13:10:00,84.26
25477,2017-12-05T13:30:00,74.29
25478,2017-12-05T13:50:00,71.06
25479,2017-12-05T14:10:00,61.58
25480,2017-12-05T14:30:00,46.04
25481,2017-12-05T14:50:00,22.78
25482,2017-12-05T15:10:00,3.03
25483,2017-12-05T15:30:00,0.78
25484,2017-12-05T15:50:00,0.59
25485,2017-12-05T16:10:00,0.39
25486,2017-12-05T16:30:00,0.49
25487,2017-12-05T16:50:00,0.49
25488,2017-12-05T17:10:00,0.39
25489,2017-12-05T17:30:00,0.39
25490,2017-12-05T17:50:00,0.29
25491,2017-12-05T18:10:00,0.29
25492,2017-12-05T18:30:00,0.39
25493,2017-12-05T18:50:00,0.39
25494,2017-12-05T19:10:00,0.39
25495,2017-12-05T19:30:00,0.39
25496,2017-12-05T19:50:00,0.49
25497,2017-12-05T20:15:00,0.49
25498,2017-12-05T20:35:00,0.49
25499,2017-12-05T20:55:00,0.1
25500,2017-12-05T21:15:00,0
25501,2017-12-05T21:35:00,0
25502,2017-12-05T21:55:00,0
25503,2017-12-05T22:15:00,0
25504,2017-12-05T22:35:00,0
25505,2017-12-05T22:55:00,0
25506,2017-12-05T23:15:00,0
25507,2017-12-05T23:35:00,0
25508,2017-12-05T23:55:00,0
25509,2017-12-06T00:15:00,0
25510,2017-12-06T00:35:00,0
25511,2017-12-06T00:55:00,0
25512,2017-12-06T01:15:00,0
25513,2017-12-06T01:35:00,0
25514,2017-12-06T01:55:00,0
25515,2017-12-06T02:15:00,0
25516,2017-12-06T02:35:00,0
25517,2017-12-06T02:55:00,0
25518,2017-12-06T03:15:00,0
25519,2017-12-06T03:35:00,0
25520,2017-12-06T03:55:00,0
25521,2017-12-06T04:15:00,0
25522,2017-12-06T04:35:00,0
25523,2017-12-06T04:55:00,0.49
25524,2017-12-06T05:15:00,0.59
25525,2017-12-06T05:35:00,0.59
25526,2017-12-06T05:55:00,0.59
25527,2017-12-06T06:15:00,0.59
25528,2017-12-06T06:35:00,0.98
25529,2017-12-06T06:55:00,4.79
25530,2017-12-06T07:20:00,30.79
25531,2017-12-06T07:40:00,56.4
25532,2017-12-06T08:00:00,66.08
25533,2017-12-06T08:20:00,77.81
25534,2017-12-06T08:40:00,82.31
25535,2017-12-06T09:00:00,82.11
25536,2017-12-06T09:20:00,81.53
25537,2017-12-06T09:40:00,83.48
25538,2017-12-06T10:00:00,85.44
25539,2017-12-06T10:20:00,85.53
25540,2017-12-06T10:40:00,85.53
25541,2017-12-06T11:00:00,88.46
25542,2017-12-06T11:20:00,85.83
25543,2017-12-06T11:40:00,84.36
25544,2017-12-06T12:00:00,84.65
25545,2017-12-06T12:20:00,85.14
25546,2017-12-06T12:40:00,85.73
25547,2017-12-06T13:00:00,78.79
25548,2017-12-06T13:20:00,74.88
25549,2017-12-06T13:40:00,68.52
25550,2017-12-06T14:00:00,59.53
25551,2017-12-06T14:20:00,51.71
25552,2017-12-06T14:40:00,25.81
25553,2017-12-06T15:00:00,5.77
25554,2017-12-06T15:20:00,1.08
25555,2017-12-06T15:40:00,0.59
25556,2017-12-06T16:00:00,0.59
25557,2017-12-06T16:20:00,0.59
25558,2017-12-06T16:40:00,0.59
25559,2017-12-06T17:00:00,0.59
25560,2017-12-06T17:20:00,0.59
25561,2017-12-06T17:40:00,0.49
25562,2017-12-06T18:00:00,0.39
25563,2017-12-06T18:20:00,0.39
25564,2017-12-06T18:45:00,0.39
25565,2017-12-06T19:05:00,0.29
25566,2017-12-06T19:25:00,0.29
25567,2017-12-06T19:45:00,0.29
25568,2017-12-06T20:05:00,0.29
25569,2017-12-06T20:25:00,0.29
25570,2017-12-06T20:45:00,0.29
25571,2017-12-06T21:05:00,0
25572,2017-12-06T21:25:00,0
25573,2017-12-06T21:45:00,0
25574,2017-12-06T22:05:00,0
25575,2017-12-06T22:25:00,0
25576,2017-12-06T22:45:00,0
25577,2017-12-06T23:05:00,0
25578,2017-12-06T23:25:00,0
25579,2017-12-06T23:45:00,0
25580,2017-12-07T00:05:00,0
25581,2017-12-07T00:25:00,0
25582,2017-12-07T00:45:00,0
25583,2017-12-07T01:05:00,0
25584,2017-12-07T01:25:00,0
25585,2017-12-07T01:45:00,0
25586,2017-12-07T02:05:00,0
25587,2017-12-07T02:25:00,0.1
25588,2017-12-07T02:45:00,0.2
25589,2017-12-07T03:05:00,0.1
25590,2017-12-07T03:25:00,0.1
25591,2017-12-07T03:45:00,0.1
25592,2017-12-07T04:05:00,0.1
25593,2017-12-07T04:25:00,0.1
25594,2017-12-07T04:45:00,0.2
25595,2017-12-07T05:05:00,0.59
25596,2017-12-07T05:25:00,0.68
25597,2017-12-07T05:45:00,0.68
25598,2017-12-07T06:10:00,0.68
25599,2017-12-07T06:30:00,0.78
25600,2017-12-07T06:50:00,1.27
25601,2017-12-07T07:10:00,6.74
25602,2017-12-07T07:30:00,17.6
25603,2017-12-07T07:50:00,29.72
25604,2017-12-07T08:10:00,41.84
25605,2017-12-07T08:30:00,55.33
25606,2017-12-07T08:50:00,61.78
25607,2017-12-07T09:10:00,68.43
25608,2017-12-07T09:30:00,70.58
25609,2017-12-07T09:50:00,72.43
25610,2017-12-07T10:10:00,71.85
25611,2017-12-07T10:30:00,70.67
25612,2017-12-07T10:50:00,75.17
25613,2017-12-07T11:10:00,78.79
25614,2017-12-07T11:30:00,82.31
25615,2017-12-07T11:50:00,81.82
25616,2017-12-07T12:10:00,82.11
25617,2017-12-07T12:30:00,81.04
25618,2017-12-07T12:50:00,80.16
25619,2017-12-07T13:10:00,73.12
25620,2017-12-07T13:30:00,75.56
25621,2017-12-07T13:50:00,69.99
25622,2017-12-07T14:10:00,61.1
25623,2017-12-07T14:30:00,33.43
25624,2017-12-07T14:50:00,14.56
25625,2017-12-07T15:10:00,2.15
25626,2017-12-07T15:30:00,0.78
25627,2017-12-07T15:50:00,0.68
25628,2017-12-07T16:10:00,0.68
25629,2017-12-07T16:30:00,0.59
25630,2017-12-07T16:50:00,0.68
25631,2017-12-07T17:10:00,0.68
25632,2017-12-07T17:35:00,0.59
25633,2017-12-07T17:55:00,0.49
25634,2017-12-07T18:15:00,0.39
25635,2017-12-07T18:35:00,0.49
25636,2017-12-07T18:55:00,0.39
25637,2017-12-07T19:15:00,0.39
25638,2017-12-07T19:35:00,0.39
25639,2017-12-07T19:55:00,0.39
25640,2017-12-07T20:15:00,0.39
25641,2017-12-07T20:35:00,0.39
25642,2017-12-07T20:55:00,0
25643,2017-12-07T21:15:00,0
25644,2017-12-07T21:35:00,0
25645,2017-12-07T21:55:00,0
25646,2017-12-07T22:15:00,0
25647,2017-12-07T22:35:00,0
25648,2017-12-07T22:55:00,0
25649,2017-12-07T23:15:00,0
25650,2017-12-07T23:35:00,0
25651,2017-12-07T23:55:00,0
25652,2017-12-08T00:15:00,0
25653,2017-12-08T00:55:00,0
25654,2017-12-08T01:15:00,0
25655,2017-12-08T01:35:00,0
25656,2017-12-08T01:55:00,0
25657,2017-12-08T02:15:00,0
25658,2017-12-08T02:35:00,0
25659,2017-12-08T02:55:00,0.2
25660,2017-12-08T03:15:00,0.1
25661,2017-12-08T03:35:00,0.2
25662,2017-12-08T03:55:00,0
25663,2017-12-08T04:15:00,0
25664,2017-12-08T04:35:00,0
25665,2017-12-08T05:00:00,0.68
25666,2017-12-08T05:20:00,0.39
25667,2017-12-08T05:40:00,0.39
25668,2017-12-08T06:00:00,0.39
25669,2017-12-08T06:20:00,0.59
25670,2017-12-08T06:40:00,3.03
25671,2017-12-08T07:00:00,19.75
25672,2017-12-08T07:20:00,55.23
25673,2017-12-08T08:00:00,84.85
25674,2017-12-08T08:20:00,95.8
25675,2017-12-08T08:40:00,96.48
25676,2017-12-08T09:00:00,97.36
25677,2017-12-08T09:20:00,97.36
25678,2017-12-08T09:40:00,97.46
25679,2017-12-08T10:00:00,97.56
25680,2017-12-08T10:20:00,97.36
25681,2017-12-08T10:40:00,97.07
25682,2017-12-08T11:00:00,97.26
25683,2017-12-08T11:20:00,97.26
25684,2017-12-08T11:40:00,97.16
25685,2017-12-08T12:00:00,96.97
25686,2017-12-08T12:20:00,96.77
25687,2017-12-08T12:40:00,95.02
25688,2017-12-08T13:00:00,92.38
25689,2017-12-08T13:20:00,91.98
25690,2017-12-08T13:40:00,87
25691,2017-12-08T14:00:00,82.01
25692,2017-12-08T14:20:00,74.68
25693,2017-12-08T14:40:00,52.59
25694,2017-12-08T15:00:00,3.72
25695,2017-12-08T15:20:00,0.88
25696,2017-12-08T15:40:00,0.1
25697,2017-12-08T16:05:00,0
25698,2017-12-08T16:25:00,0
25699,2017-12-08T16:45:00,0.2
25700,2017-12-08T17:05:00,0.1
25701,2017-12-08T17:25:00,0
25702,2017-12-08T17:45:00,0.1
25703,2017-12-08T18:05:00,0
25704,2017-12-08T18:25:00,0
25705,2017-12-08T18:45:00,0
25706,2017-12-08T19:25:00,0
25707,2017-12-08T19:45:00,0
25708,2017-12-08T20:05:00,0
25709,2017-12-08T20:25:00,0
25710,2017-12-08T20:45:00,0
25711,2017-12-08T21:05:00,0
25712,2017-12-08T21:25:00,0
25713,2017-12-08T21:45:00,0
25714,2017-12-08T22:05:00,0
25715,2017-12-08T22:25:00,0
25716,2017-12-08T22:45:00,0
25717,2017-12-08T23:05:00,0
25718,2017-12-08T23:25:00,0
25719,2017-12-08T23:45:00,0
25720,2017-12-09T00:05:00,0
25721,2017-12-09T00:25:00,0
25722,2017-12-09T00:45:00,0
25723,2017-12-09T01:05:00,0
25724,2017-12-09T01:25:00,0
25725,2017-12-09T01:45:00,0
25726,2017-12-09T02:05:00,0
25727,2017-12-09T02:25:00,0
25728,2017-12-09T02:45:00,0
25729,2017-12-09T03:05:00,0
25730,2017-12-09T03:30:00,0
25731,2017-12-09T03:50:00,0
25732,2017-12-09T04:10:00,0
25733,2017-12-09T04:30:00,0
25734,2017-12-09T04:50:00,0
25735,2017-12-09T05:10:00,0
25736,2017-12-09T05:30:00,0
25737,2017-12-09T05:50:00,0
25738,2017-12-09T06:10:00,0
25739,2017-12-09T06:30:00,0.1
25740,2017-12-09T06:50:00,3.23
25741,2017-12-09T07:10:00,21.9
25742,2017-12-09T07:30:00,55.33
25743,2017-12-09T07:50:00,74.88
25744,2017-12-09T08:10:00,83.77
25745,2017-12-09T08:30:00,91.4
25746,2017-12-09T08:50:00,92.96
25747,2017-12-09T09:10:00,93.26
25748,2017-12-09T09:30:00,94.92
25749,2017-12-09T09:50:00,96.38
25750,2017-12-09T10:10:00,97.56
25751,2017-12-09T10:30:00,97.36
25752,2017-12-09T10:50:00,97.36
25753,2017-12-09T11:10:00,97.26
25754,2017-12-09T11:30:00,97.16
25755,2017-12-09T11:50:00,96.28
25756,2017-12-09T12:10:00,96.68
25757,2017-12-09T12:30:00,89.64
25758,2017-12-09T12:50:00,85.53
25759,2017-12-09T13:10:00,93.65
25760,2017-12-09T13:30:00,88.27
25761,2017-12-09T13:50:00,86.61
25762,2017-12-09T14:10:00,78.1
25763,2017-12-09T14:30:00,64.22
25764,2017-12-09T14:55:00,33.04
25765,2017-12-09T15:15:00,5.28
25766,2017-12-09T15:35:00,0.29
25767,2017-12-09T15:55:00,0
25768,2017-12-09T16:15:00,0
25769,2017-12-09T16:35:00,0
25770,2017-12-09T16:55:00,0
25771,2017-12-09T17:15:00,0
25772,2017-12-09T17:35:00,0
25773,2017-12-09T17:55:00,0
25774,2017-12-09T18:15:00,0
25775,2017-12-09T18:35:00,0
25776,2017-12-09T18:55:00,0
25777,2017-12-09T19:15:00,0
25778,2017-12-09T19:35:00,0
25779,2017-12-09T19:55:00,0
25780,2017-12-09T20:15:00,0
25781,2017-12-09T20:35:00,0
25782,2017-12-09T20:55:00,0
25783,2017-12-09T21:15:00,0
25784,2017-12-09T21:35:00,0
25785,2017-12-09T21:55:00,0
25786,2017-12-09T22:15:00,0
25787,2017-12-09T22:35:00,0
25788,2017-12-09T22:55:00,0
25789,2017-12-09T23:15:00,0
25790,2017-12-09T23:35:00,0
25791,2017-12-09T23:55:00,0
25792,2017-12-10T00:15:00,0
25793,2017-12-10T00:35:00,0
25794,2017-12-10T00:55:00,0
25795,2017-12-10T01:15:00,0
25796,2017-12-10T01:35:00,0
25797,2017-12-10T01:55:00,0
25798,2017-12-10T02:20:00,0
25799,2017-12-10T02:40:00,0
25800,2017-12-10T03:00:00,0
25801,2017-12-10T03:20:00,0
25802,2017-12-10T03:40:00,0
25803,2017-12-10T04:00:00,0
25804,2017-12-10T04:20:00,0
25805,2017-12-10T04:40:00,0
25806,2017-12-10T05:00:00,0
25807,2017-12-10T05:20:00,0.2
25808,2017-12-10T05:40:00,0.2
25809,2017-12-10T06:00:00,0.1
25810,2017-12-10T06:20:00,0.2
25811,2017-12-10T06:40:00,2.15
25812,2017-12-10T07:00:00,16.23
25813,2017-12-10T07:20:00,54.06
25814,2017-12-10T07:40:00,74.1
25815,2017-12-10T08:00:00,84.56
25816,2017-12-10T08:20:00,89.54
25817,2017-12-10T08:40:00,92.67
25818,2017-12-10T09:00:00,88.46
25819,2017-12-10T09:20:00,86.61
25820,2017-12-10T09:40:00,84.95
25821,2017-12-10T10:00:00,90.52
25822,2017-12-10T10:20:00,89.93
25823,2017-12-10T10:40:00,91.1
25824,2017-12-10T11:00:00,83.77
25825,2017-12-10T11:20:00,79.28
25826,2017-12-10T11:40:00,85.34
25827,2017-12-10T12:00:00,73.02
25828,2017-12-10T12:20:00,74.68
25829,2017-12-10T12:40:00,75.46
25830,2017-12-10T13:00:00,71.85
25831,2017-12-10T13:25:00,69.01
25832,2017-12-10T13:45:00,64.32
25833,2017-12-10T14:05:00,53.76
25834,2017-12-10T14:25:00,40.86
25835,2017-12-10T14:45:00,32.65
25836,2017-12-10T15:05:00,9.58
25837,2017-12-10T15:25:00,0.68
25838,2017-12-10T15:45:00,0
25839,2017-12-10T16:05:00,0
25840,2017-12-10T16:25:00,0
25841,2017-12-10T16:45:00,0
25842,2017-12-10T17:05:00,0
25843,2017-12-10T17:25:00,0
25844,2017-12-10T17:45:00,0
25845,2017-12-10T18:05:00,0
25846,2017-12-10T18:25:00,0
25847,2017-12-10T18:45:00,0.2
25848,2017-12-10T19:05:00,0.1
25849,2017-12-10T19:25:00,0
25850,2017-12-10T19:45:00,0
25851,2017-12-10T20:05:00,0
25852,2017-12-10T20:25:00,0
25853,2017-12-10T20:45:00,0
25854,2017-12-10T21:05:00,0
25855,2017-12-10T21:25:00,0
25856,2017-12-10T21:45:00,0
25857,2017-12-10T22:05:00,0
25858,2017-12-10T22:25:00,0
25859,2017-12-10T22:45:00,0
25860,2017-12-10T23:05:00,0
25861,2017-12-10T23:25:00,0
25862,2017-12-10T23:45:00,0
25863,2017-12-11T00:05:00,0
25864,2017-12-11T00:25:00,0
25865,2017-12-11T00:50:00,0
25866,2017-12-11T01:10:00,0
25867,2017-12-11T01:30:00,0
25868,2017-12-11T01:50:00,0
25869,2017-12-11T02:10:00,0
25870,2017-12-11T02:30:00,0
25871,2017-12-11T02:50:00,0
25872,2017-12-11T03:10:00,0
25873,2017-12-11T03:30:00,0
25874,2017-12-11T03:50:00,0
25875,2017-12-11T04:10:00,0
25876,2017-12-11T04:30:00,0
25877,2017-12-11T04:50:00,0
25878,2017-12-11T05:10:00,0.68
25879,2017-12-11T05:30:00,0.2
25880,2017-12-11T05:50:00,0
25881,2017-12-11T06:10:00,0.1
25882,2017-12-11T06:30:00,0.78
25883,2017-12-11T06:50:00,7.14
25884,2017-12-11T07:10:00,42.33
25885,2017-12-11T07:30:00,67.25
25886,2017-12-11T07:50:00,80.55
25887,2017-12-11T08:10:00,89.93
25888,2017-12-11T08:30:00,94.23
25889,2017-12-11T08:50:00,94.43
25890,2017-12-11T09:10:00,95.11
25891,2017-12-11T09:30:00,94.92
25892,2017-12-11T09:50:00,94.92
25893,2017-12-11T10:10:00,94.62
25894,2017-12-11T10:30:00,95.31
25895,2017-12-11T10:50:00,94.14
25896,2017-12-11T11:10:00,88.27
25897,2017-12-11T11:30:00,92.47
25898,2017-12-11T11:50:00,90.91
25899,2017-12-11T12:15:00,93.45
25900,2017-12-11T12:35:00,92.18
25901,2017-12-11T12:55:00,89.54
25902,2017-12-11T13:15:00,87.29
25903,2017-12-11T13:35:00,83.28
25904,2017-12-11T13:55:00,77.42
25905,2017-12-11T14:15:00,64.42
25906,2017-12-11T14:35:00,45.36
25907,2017-12-11T14:55:00,17.99
25908,2017-12-11T15:15:00,2.25
25909,2017-12-11T15:35:00,0.59
25910,2017-12-11T15:55:00,0.49
25911,2017-12-11T16:15:00,0.49
25912,2017-12-11T16:35:00,0.49
25913,2017-12-11T16:55:00,0.49
25914,2017-12-11T17:15:00,0.49
25915,2017-12-11T17:35:00,0.49
25916,2017-12-11T17:55:00,0.59
25917,2017-12-11T18:15:00,0.68
25918,2017-12-11T18:35:00,0.78
25919,2017-12-11T18:55:00,0.59
25920,2017-12-11T19:15:00,0.68
25921,2017-12-11T19:35:00,0.78
25922,2017-12-11T19:55:00,0.78
25923,2017-12-11T20:15:00,0.68
25924,2017-12-11T20:35:00,0.68
25925,2017-12-11T20:55:00,0.2
25926,2017-12-11T21:15:00,0.1
25927,2017-12-11T21:35:00,0.1
25928,2017-12-11T21:55:00,0.2
25929,2017-12-11T22:15:00,0.1
25930,2017-12-11T22:35:00,0
25931,2017-12-11T22:55:00,0
25932,2017-12-11T23:15:00,0
25933,2017-12-11T23:40:00,0.1
25934,2017-12-12T00:00:00,0.1
25935,2017-12-12T00:20:00,0
25936,2017-12-12T00:40:00,0.1
25937,2017-12-12T01:00:00,0.1
25938,2017-12-12T01:20:00,0.1
25939,2017-12-12T01:40:00,0
25940,2017-12-12T02:00:00,0.2
25941,2017-12-12T02:20:00,0.1
25942,2017-12-12T02:40:00,0.1
25943,2017-12-12T03:00:00,0.2
25944,2017-12-12T03:20:00,0.2
25945,2017-12-12T03:40:00,0.2
25946,2017-12-12T04:00:00,0
25947,2017-12-12T04:20:00,0
25948,2017-12-12T04:40:00,0.2
25949,2017-12-12T05:00:00,0.59
25950,2017-12-12T05:20:00,0.59
25951,2017-12-12T05:40:00,0.59
25952,2017-12-12T06:00:00,0.68
25953,2017-12-12T06:20:00,0.68
25954,2017-12-12T06:40:00,0.78
25955,2017-12-12T07:00:00,2.74
25956,2017-12-12T07:20:00,20.04
25957,2017-12-12T07:40:00,43.4
25958,2017-12-12T08:00:00,61.1
25959,2017-12-12T08:20:00,74.39
25960,2017-12-12T08:40:00,73.12
25961,2017-12-12T09:00:00,76.25
25962,2017-12-12T09:20:00,85.14
25963,2017-12-12T09:40:00,97.16
25964,2017-12-12T10:00:00,94.53
25965,2017-12-12T10:20:00,92.08
25966,2017-12-12T10:40:00,83.87
25967,2017-12-12T11:05:00,90.62
25968,2017-12-12T11:25:00,91.89
25969,2017-12-12T11:45:00,97.16
25970,2017-12-12T12:05:00,93.94
25971,2017-12-12T12:25:00,86.22
25972,2017-12-12T12:45:00,95.11
25973,2017-12-12T13:05:00,90.62
25974,2017-12-12T13:25:00,87.49
25975,2017-12-12T13:45:00,81.92
25976,2017-12-12T14:05:00,82.8
25977,2017-12-12T14:25:00,73.31
25978,2017-12-12T14:45:00,51.71
25979,2017-12-12T15:05:00,17.11
25980,2017-12-12T15:25:00,2.15
25981,2017-12-12T15:45:00,0.59
25982,2017-12-12T16:05:00,0.59
25983,2017-12-12T16:25:00,0.49
25984,2017-12-12T16:45:00,0.39
25985,2017-12-12T17:05:00,0.39
25986,2017-12-12T17:25:00,0.39
25987,2017-12-12T17:45:00,0.39
25988,2017-12-12T18:05:00,0.39
25989,2017-12-12T18:25:00,0.39
25990,2017-12-12T18:45:00,0.39
25991,2017-12-12T19:05:00,0.39
25992,2017-12-12T19:25:00,0.39
25993,2017-12-12T19:45:00,0.39
25994,2017-12-12T20:05:00,0.29
25995,2017-12-12T20:25:00,0.39
25996,2017-12-12T20:45:00,0.29
25997,2017-12-12T21:05:00,0
25998,2017-12-12T21:25:00,0
25999,2017-12-12T21:45:00,0
26000,2017-12-12T22:10:00,0
26001,2017-12-12T22:30:00,0
26002,2017-12-12T22:50:00,0
26003,2017-12-12T23:10:00,0
26004,2017-12-12T23:30:00,0
26005,2017-12-12T23:50:00,0
26006,2017-12-13T00:10:00,0
26007,2017-12-13T00:30:00,0
26008,2017-12-13T00:50:00,0
26009,2017-12-13T01:10:00,0
26010,2017-12-13T01:30:00,0
26011,2017-12-13T01:50:00,0
26012,2017-12-13T02:10:00,0
26013,2017-12-13T02:30:00,0
26014,2017-12-13T02:50:00,0
26015,2017-12-13T03:10:00,0
26016,2017-12-13T03:30:00,0
26017,2017-12-13T03:50:00,0
26018,2017-12-13T04:10:00,0.1
26019,2017-12-13T04:30:00,0.1
26020,2017-12-13T04:50:00,0.1
26021,2017-12-13T05:10:00,0.49
26022,2017-12-13T05:30:00,0.49
26023,2017-12-13T05:50:00,0.59
26024,2017-12-13T06:10:00,0.68
26025,2017-12-13T06:30:00,0.68
26026,2017-12-13T06:50:00,2.15
26027,2017-12-13T07:10:00,14.37
26028,2017-12-13T07:30:00,31.48
26029,2017-12-13T07:50:00,44.09
26030,2017-12-13T08:10:00,52.59
26031,2017-12-13T08:30:00,59.82
26032,2017-12-13T08:50:00,75.66
26033,2017-12-13T09:10:00,82.7
26034,2017-12-13T09:35:00,87.2
26035,2017-12-13T09:55:00,80.06
26036,2017-12-13T10:15:00,78.01
26037,2017-12-13T10:35:00,75.27
26038,2017-12-13T10:55:00,76.44
26039,2017-12-13T11:15:00,75.46
26040,2017-12-13T11:35:00,74.58
26041,2017-12-13T11:55:00,72.82
26042,2017-12-13T12:15:00,79.57
26043,2017-12-13T12:35:00,77.03
26044,2017-12-13T12:55:00,78.4
26045,2017-12-13T13:15:00,75.95
26046,2017-12-13T13:35:00,71.36
26047,2017-12-13T13:55:00,66.96
26048,2017-12-13T14:15:00,48.58
26049,2017-12-13T14:35:00,26.88
26050,2017-12-13T14:55:00,7.53
26051,2017-12-13T15:15:00,1.56
26052,2017-12-13T15:35:00,0.78
26053,2017-12-13T15:55:00,0.78
26054,2017-12-13T16:15:00,0.68
26055,2017-12-13T16:35:00,0.78
26056,2017-12-13T16:55:00,0.88
26057,2017-12-13T17:15:00,0.78
26058,2017-12-13T17:35:00,0.68
26059,2017-12-13T17:55:00,0.68
26060,2017-12-13T18:15:00,0.68
26061,2017-12-13T18:35:00,0.68
26062,2017-12-13T18:55:00,0.68
26063,2017-12-13T19:15:00,0.59
26064,2017-12-13T19:35:00,0.59
26065,2017-12-13T19:55:00,0.59
26066,2017-12-13T20:15:00,0.49
26067,2017-12-13T20:35:00,0.68
26068,2017-12-13T21:00:00,0.29
26069,2017-12-13T21:20:00,0.29
26070,2017-12-13T21:40:00,0.29
26071,2017-12-13T22:00:00,0.29
26072,2017-12-13T22:20:00,0.29
26073,2017-12-13T22:40:00,0.29
26074,2017-12-13T23:00:00,0.29
26075,2017-12-13T23:20:00,0.2
26076,2017-12-13T23:40:00,0.29
26077,2017-12-14T00:00:00,0.29
26078,2017-12-14T00:20:00,0.2
26079,2017-12-14T00:40:00,0.2
26080,2017-12-14T01:00:00,0.29
26081,2017-12-14T01:20:00,0.29
26082,2017-12-14T01:40:00,0.2
26083,2017-12-14T02:00:00,0.29
26084,2017-12-14T02:20:00,0.29
26085,2017-12-14T02:40:00,0.2
26086,2017-12-14T03:00:00,0.29
26087,2017-12-14T03:20:00,0.2
26088,2017-12-14T03:40:00,0.2
26089,2017-12-14T04:00:00,0.1
26090,2017-12-14T04:20:00,0.2
26091,2017-12-14T04:40:00,0.1
26092,2017-12-14T05:00:00,0.68
26093,2017-12-14T05:20:00,0.78
26094,2017-12-14T05:40:00,0.88
26095,2017-12-14T06:00:00,0.98
26096,2017-12-14T06:20:00,0.88
26097,2017-12-14T06:40:00,1.08
26098,2017-12-14T07:00:00,2.74
26099,2017-12-14T07:20:00,12.32
26100,2017-12-14T07:40:00,30.89
26101,2017-12-14T08:00:00,62.46
26102,2017-12-14T08:25:00,67.64
26103,2017-12-14T08:45:00,74.29
26104,2017-12-14T09:05:00,80.64
26105,2017-12-14T09:25:00,84.85
26106,2017-12-14T09:45:00,83.38
26107,2017-12-14T10:05:00,83.28
26108,2017-12-14T10:25:00,85.63
26109,2017-12-14T10:45:00,85.34
26110,2017-12-14T11:05:00,84.56
26111,2017-12-14T11:25:00,83.87
26112,2017-12-14T11:45:00,86.32
26113,2017-12-14T12:05:00,87.98
26114,2017-12-14T12:25:00,86.8
26115,2017-12-14T12:45:00,73.02
26116,2017-12-14T13:05:00,84.46
26117,2017-12-14T13:25:00,82.21
26118,2017-12-14T13:45:00,84.75
26119,2017-12-14T14:05:00,70.87
26120,2017-12-14T14:25:00,53.28
26121,2017-12-14T14:45:00,28.74
26122,2017-12-14T15:05:00,6.35
26123,2017-12-14T15:25:00,1.08
26124,2017-12-14T15:45:00,0.49
26125,2017-12-14T16:05:00,0.49
26126,2017-12-14T16:25:00,0.49
26127,2017-12-14T16:45:00,0.49
26128,2017-12-14T17:05:00,0.39
26129,2017-12-14T17:25:00,0.49
26130,2017-12-14T17:45:00,0.49
26131,2017-12-14T18:05:00,0.49
26132,2017-12-14T18:25:00,0.49
26133,2017-12-14T18:45:00,0.49
26134,2017-12-14T19:05:00,0.29
26135,2017-12-14T19:30:00,0.39
26136,2017-12-14T19:50:00,0.29
26137,2017-12-14T20:10:00,0.39
26138,2017-12-14T20:30:00,0.29
26139,2017-12-14T20:50:00,0.29
26140,2017-12-14T21:10:00,0
26141,2017-12-14T21:30:00,0
26142,2017-12-14T21:50:00,0
26143,2017-12-14T22:10:00,0
26144,2017-12-14T22:30:00,0
26145,2017-12-14T22:50:00,0
26146,2017-12-14T23:10:00,0
26147,2017-12-14T23:50:00,0
26148,2017-12-15T00:10:00,0
26149,2017-12-15T00:30:00,0
26150,2017-12-15T00:50:00,0
26151,2017-12-15T01:10:00,0
26152,2017-12-15T01:30:00,0
26153,2017-12-15T01:50:00,0
26154,2017-12-15T02:10:00,0
26155,2017-12-15T02:30:00,0
26156,2017-12-15T02:50:00,0
26157,2017-12-15T03:10:00,0
26158,2017-12-15T03:30:00,0
26159,2017-12-15T03:50:00,0
26160,2017-12-15T04:10:00,0
26161,2017-12-15T04:30:00,0.2
26162,2017-12-15T04:50:00,0.59
26163,2017-12-15T05:10:00,0.68
26164,2017-12-15T05:30:00,0.68
26165,2017-12-15T05:50:00,0.49
26166,2017-12-15T06:10:00,0.39
26167,2017-12-15T06:30:00,0.88
26168,2017-12-15T06:55:00,6.26
26169,2017-12-15T07:15:00,38.12
26170,2017-12-15T07:35:00,65.49
26171,2017-12-15T07:55:00,82.6
26172,2017-12-15T08:15:00,85.73
26173,2017-12-15T08:35:00,89.54
26174,2017-12-15T08:55:00,94.92
26175,2017-12-15T09:15:00,94.82
26176,2017-12-15T09:35:00,93.55
26177,2017-12-15T09:55:00,96.28
26178,2017-12-15T10:15:00,97.16
26179,2017-12-15T10:35:00,93.55
26180,2017-12-15T10:55:00,93.06
26181,2017-12-15T11:15:00,90.13
26182,2017-12-15T11:35:00,90.13
26183,2017-12-15T11:55:00,92.57
26184,2017-12-15T12:15:00,89.15
26185,2017-12-15T12:35:00,95.21
26186,2017-12-15T12:55:00,94.82
26187,2017-12-15T13:15:00,88.56
26188,2017-12-15T13:35:00,86.02
26189,2017-12-15T13:55:00,80.84
26190,2017-12-15T14:15:00,69.4
26191,2017-12-15T14:35:00,48.68
26192,2017-12-15T14:55:00,21.02
26193,2017-12-15T15:15:00,3.62
26194,2017-12-15T15:35:00,0.78
26195,2017-12-15T15:55:00,0.39
26196,2017-12-15T16:15:00,0.49
26197,2017-12-15T16:35:00,0.49
26198,2017-12-15T16:55:00,0.49
26199,2017-12-15T17:15:00,0.39
26200,2017-12-15T17:35:00,0.39
26201,2017-12-15T17:55:00,0.39
26202,2017-12-15T18:20:00,0.39
26203,2017-12-15T18:40:00,0.39
26204,2017-12-15T19:00:00,0.39
26205,2017-12-15T19:20:00,0.39
26206,2017-12-15T19:40:00,0.29
26207,2017-12-15T20:00:00,0.29
26208,2017-12-15T20:20:00,0.29
26209,2017-12-15T20:40:00,0.29
26210,2017-12-15T21:00:00,0
26211,2017-12-15T21:20:00,0
26212,2017-12-15T21:40:00,0
26213,2017-12-15T22:00:00,0
26214,2017-12-15T22:20:00,0
26215,2017-12-15T22:40:00,0
26216,2017-12-15T23:00:00,0
26217,2017-12-15T23:20:00,0
26218,2017-12-15T23:40:00,0
26219,2017-12-16T00:00:00,0
26220,2017-12-16T00:20:00,0
26221,2017-12-16T00:40:00,0
26222,2017-12-16T01:00:00,0
26223,2017-12-16T01:20:00,0
26224,2017-12-16T01:40:00,0
26225,2017-12-16T02:00:00,0
26226,2017-12-16T02:20:00,0
26227,2017-12-16T02:40:00,0
26228,2017-12-16T03:00:00,0
26229,2017-12-16T03:20:00,0
26230,2017-12-16T03:40:00,0
26231,2017-12-16T04:00:00,0
26232,2017-12-16T04:20:00,0
26233,2017-12-16T04:40:00,0
26234,2017-12-16T05:00:00,0
26235,2017-12-16T05:20:00,0
26236,2017-12-16T05:45:00,0
26237,2017-12-16T06:05:00,0
26238,2017-12-16T06:25:00,0.1
26239,2017-12-16T06:45:00,2.44
26240,2017-12-16T07:05:00,19.84
26241,2017-12-16T07:25:00,57.67
26242,2017-12-16T07:45:00,77.91
26243,2017-12-16T08:05:00,93.26
26244,2017-12-16T08:25:00,96.19
26245,2017-12-16T08:45:00,96.87
26246,2017-12-16T09:05:00,97.07
26247,2017-12-16T09:25:00,97.46
26248,2017-12-16T09:45:00,97.56
26249,2017-12-16T10:05:00,97.65
26250,2017-12-16T10:25:00,97.56
26251,2017-12-16T10:45:00,97.56
26252,2017-12-16T11:05:00,97.46
26253,2017-12-16T11:25:00,97.46
26254,2017-12-16T11:45:00,97.36
26255,2017-12-16T12:05:00,97.26
26256,2017-12-16T12:25:00,97.07
26257,2017-12-16T12:45:00,96.48
26258,2017-12-16T13:05:00,89.74
26259,2017-12-16T13:25:00,91.2
26260,2017-12-16T13:45:00,85.24
26261,2017-12-16T14:05:00,80.84
26262,2017-12-16T14:25:00,70.97
26263,2017-12-16T14:45:00,46.24
26264,2017-12-16T15:05:00,13
26265,2017-12-16T15:25:00,1.17
26266,2017-12-16T15:45:00,0.1
26267,2017-12-16T16:05:00,0
26268,2017-12-16T16:25:00,0
26269,2017-12-16T16:50:00,0
26270,2017-12-16T17:10:00,0
26271,2017-12-16T17:30:00,0
26272,2017-12-16T17:50:00,0
26273,2017-12-16T18:10:00,0
26274,2017-12-16T18:30:00,0
26275,2017-12-16T18:50:00,0
26276,2017-12-16T19:10:00,0
26277,2017-12-16T19:30:00,0
26278,2017-12-16T19:50:00,0
26279,2017-12-16T20:10:00,0
26280,2017-12-16T20:30:00,0
26281,2017-12-16T20:50:00,0
26282,2017-12-16T21:10:00,0
26283,2017-12-16T21:30:00,0
26284,2017-12-16T21:50:00,0
26285,2017-12-16T22:10:00,0
26286,2017-12-16T22:30:00,0
26287,2017-12-16T22:50:00,0
26288,2017-12-16T23:10:00,0
26289,2017-12-16T23:30:00,0
26290,2017-12-16T23:50:00,0
26291,2017-12-17T00:10:00,0
26292,2017-12-17T00:30:00,0.1
26293,2017-12-17T00:50:00,0
26294,2017-12-17T01:10:00,0
26295,2017-12-17T01:30:00,0
26296,2017-12-17T01:50:00,0
26297,2017-12-17T02:10:00,0
26298,2017-12-17T02:30:00,0.2
26299,2017-12-17T02:50:00,0
26300,2017-12-17T03:10:00,0
26301,2017-12-17T03:30:00,0
26302,2017-12-17T03:50:00,0
26303,2017-12-17T04:15:00,0
26304,2017-12-17T04:35:00,0
26305,2017-12-17T04:55:00,0
26306,2017-12-17T05:15:00,0
26307,2017-12-17T05:35:00,0
26308,2017-12-17T05:55:00,0
26309,2017-12-17T06:15:00,0
26310,2017-12-17T06:35:00,0.98
26311,2017-12-17T06:55:00,9.29
26312,2017-12-17T07:15:00,43.5
26313,2017-12-17T07:35:00,71.65
26314,2017-12-17T07:55:00,83.87
26315,2017-12-17T08:15:00,94.82
26316,2017-12-17T08:35:00,96.38
26317,2017-12-17T08:55:00,96.97
26318,2017-12-17T09:15:00,97.26
26319,2017-12-17T09:35:00,97.46
26320,2017-12-17T09:55:00,97.46
26321,2017-12-17T10:15:00,97.65
26322,2017-12-17T10:35:00,97.46
26323,2017-12-17T10:55:00,96.77
26324,2017-12-17T11:15:00,96.97
26325,2017-12-17T11:35:00,97.36
26326,2017-12-17T11:55:00,96.77
26327,2017-12-17T12:15:00,96.28
26328,2017-12-17T12:35:00,96.09
26329,2017-12-17T12:55:00,95.89
26330,2017-12-17T13:15:00,93.45
26331,2017-12-17T13:35:00,89.54
26332,2017-12-17T13:55:00,87.68
26333,2017-12-17T14:15:00,77.61
26334,2017-12-17T14:35:00,58.16
26335,2017-12-17T14:55:00,23.56
26336,2017-12-17T15:15:00,3.42
26337,2017-12-17T15:40:00,0.1
26338,2017-12-17T16:00:00,0
26339,2017-12-17T16:20:00,0
26340,2017-12-17T16:40:00,0
26341,2017-12-17T17:00:00,0
26342,2017-12-17T17:20:00,0
26343,2017-12-17T17:40:00,0
26344,2017-12-17T18:00:00,0
26345,2017-12-17T18:20:00,0
26346,2017-12-17T18:40:00,0
26347,2017-12-17T19:00:00,0
26348,2017-12-17T19:20:00,0
26349,2017-12-17T19:40:00,0
26350,2017-12-17T20:00:00,0
26351,2017-12-17T20:20:00,0
26352,2017-12-17T20:40:00,0
26353,2017-12-17T21:00:00,0
26354,2017-12-17T21:20:00,0
26355,2017-12-17T21:40:00,0
26356,2017-12-17T22:00:00,0
26357,2017-12-17T22:20:00,0
26358,2017-12-17T22:40:00,0
26359,2017-12-17T23:00:00,0
26360,2017-12-17T23:20:00,0
26361,2017-12-17T23:40:00,0
26362,2017-12-18T00:00:00,0
26363,2017-12-18T00:20:00,0
26364,2017-12-18T00:40:00,0
26365,2017-12-18T01:00:00,0
26366,2017-12-18T01:20:00,0
26367,2017-12-18T01:40:00,0
26368,2017-12-18T02:00:00,0
26369,2017-12-18T02:20:00,0
26370,2017-12-18T02:40:00,0.1
26371,2017-12-18T03:05:00,0
26372,2017-12-18T03:25:00,0
26373,2017-12-18T03:45:00,0.1
26374,2017-12-18T04:05:00,0
26375,2017-12-18T04:25:00,0.1
26376,2017-12-18T04:45:00,0.2
26377,2017-12-18T05:05:00,0.39
26378,2017-12-18T05:25:00,0.39
26379,2017-12-18T05:45:00,0.39
26380,2017-12-18T06:05:00,0.49
26381,2017-12-18T06:25:00,0.49
26382,2017-12-18T06:45:00,1.76
26383,2017-12-18T07:05:00,18.28
26384,2017-12-18T07:25:00,19.26
26385,2017-12-18T07:45:00,35.88
26386,2017-12-18T08:05:00,56.5
26387,2017-12-18T08:25:00,65.69
