_id,datetime,temperature
1,2016-08-18T10:55:00,35.58
2,2016-08-18T11:00:00,35.77
3,2016-08-18T11:05:00,35.93
4,2016-08-18T11:10:00,35.8
5,2016-08-18T11:15:00,35.38
6,2016-08-18T11:20:00,35.27
7,2016-08-18T11:25:00,35.18
8,2016-08-18T11:30:00,35
9,2016-08-18T11:35:00,34.94
10,2016-08-18T11:40:00,34.93
11,2016-08-18T11:45:00,34.98
12,2016-08-18T11:50:00,34.9
13,2016-08-18T11:55:00,34.94
14,2016-08-18T12:00:00,34.9
15,2016-08-18T12:05:00,34.95
16,2016-08-18T12:10:00,34.95
17,2016-08-18T12:15:00,35.09
18,2016-08-18T12:20:00,35.05
19,2016-08-18T12:25:00,34.88
20,2016-08-18T12:30:00,34.76
21,2016-08-18T12:35:00,34.87
22,2016-08-18T12:40:00,35.58
23,2016-08-18T12:45:00,35
24,2016-08-18T12:50:00,34.77
25,2016-08-18T12:55:00,35.18
26,2016-08-18T13:00:00,35.4
27,2016-08-18T13:05:00,35.16
28,2016-08-18T13:10:00,35.23
29,2016-08-18T14:45:00,36.17
30,2016-08-18T14:50:00,35.37
31,2016-08-18T14:55:00,36.13
32,2016-08-18T15:00:00,36.24
33,2016-08-18T15:05:00,36.48
34,2016-08-18T15:10:00,36.47
35,2016-08-18T15:15:00,36.48
36,2016-08-18T15:20:00,36.54
37,2016-08-18T15:25:00,36.43
38,2016-08-18T15:30:00,36.33
39,2016-08-18T15:35:00,36.38
40,2016-08-18T15:40:00,36.53
41,2016-08-18T15:45:00,36.56
42,2016-08-18T15:50:00,36.61
43,2016-08-18T15:55:00,36.48
44,2016-08-18T16:00:00,36.58
45,2016-08-18T16:05:00,36.62
46,2016-08-18T16:10:00,36.47
47,2016-08-18T16:15:00,36.46
48,2016-08-18T16:20:00,36.58
49,2016-08-18T16:25:00,36.65
50,2016-08-18T16:30:00,36.78
51,2016-08-18T16:35:00,36.6
52,2016-08-18T16:40:00,36.68
53,2016-08-18T16:45:00,36.58
54,2016-08-18T16:50:00,36.54
55,2016-08-18T16:55:00,36.48
56,2016-08-18T17:00:00,36.41
57,2016-08-18T17:05:00,36.46
58,2016-08-18T17:10:00,36.2
59,2016-08-18T17:15:00,36.22
60,2016-08-18T17:20:00,36.28
61,2016-08-18T17:25:00,36.22
62,2016-08-18T17:30:00,36.13
63,2016-08-18T17:35:00,36.08
64,2016-08-18T17:40:00,36.22
65,2016-08-18T17:45:00,36.26
66,2016-08-18T17:50:00,36.2
67,2016-08-18T17:55:00,36.23
68,2016-08-18T18:00:00,36.14
69,2016-08-18T18:05:00,36.04
70,2016-08-18T18:10:00,36.18
71,2016-08-18T18:15:00,36.15
72,2016-08-18T18:20:00,36.03
73,2016-08-18T18:25:00,35.98
74,2016-08-18T18:30:00,36.11
75,2016-08-18T18:35:00,36.17
76,2016-08-18T18:40:00,36.16
77,2016-08-18T18:45:00,36.08
78,2016-08-18T18:50:00,36.24
79,2016-08-18T18:55:00,36.27
80,2016-08-18T19:00:00,36.24
81,2016-08-18T19:05:00,36.37
82,2016-08-18T19:10:00,36.43
83,2016-08-18T19:15:00,36.36
84,2016-08-18T19:20:00,36.38
85,2016-08-18T19:25:00,36.34
86,2016-08-18T19:30:00,36.45
87,2016-08-18T19:35:00,36.38
88,2016-08-18T19:40:00,36.38
89,2016-08-18T19:45:00,36.44
90,2016-08-18T19:50:00,36.54
91,2016-08-18T19:55:00,36.52
92,2016-08-18T20:00:00,36.55
93,2016-08-18T20:05:00,36.48
94,2016-08-18T20:10:00,36.47
95,2016-08-18T20:15:00,36.44
96,2016-08-18T20:20:00,36.53
97,2016-08-18T20:25:00,36.54
98,2016-08-18T20:30:00,36.66
99,2016-08-18T20:35:00,36.52
100,2016-08-18T20:40:00,36.6
101,2016-08-18T20:45:00,36.74
102,2016-08-18T20:50:00,36.63
103,2016-08-18T20:55:00,36.48
104,2016-08-18T21:00:00,36.55
105,2016-08-18T21:05:00,36.58
106,2016-08-18T21:10:00,36.62
107,2016-08-18T21:15:00,36.62
108,2016-08-18T21:20:00,36.6
109,2016-08-18T21:25:00,36.7
110,2016-08-18T21:30:00,36.66
111,2016-08-18T21:35:00,36.62
112,2016-08-18T21:40:00,36.5
113,2016-08-18T21:45:00,36.67
114,2016-08-18T21:50:00,36.76
115,2016-08-18T21:55:00,36.89
116,2016-08-18T22:00:00,36.82
117,2016-08-18T22:05:00,36.83
118,2016-08-18T22:10:00,36.6
119,2016-08-18T22:15:00,36.8
120,2016-08-18T22:20:00,36.86
121,2016-08-18T22:25:00,36.83
122,2016-08-18T22:30:00,36.87
123,2016-08-18T22:35:00,36.71
124,2016-08-18T22:40:00,36.7
125,2016-08-18T22:45:00,36.73
126,2016-08-18T22:50:00,36.84
127,2016-08-18T22:55:00,36.94
128,2016-08-18T23:00:00,36.82
129,2016-08-18T23:05:00,36.87
130,2016-08-18T23:10:00,36.86
131,2016-08-18T23:15:00,36.9
132,2016-08-18T23:20:00,36.73
133,2016-08-18T23:25:00,36.77
134,2016-08-18T23:30:00,36.94
135,2016-08-18T23:35:00,36.88
136,2016-08-18T23:40:00,36.8
137,2016-08-18T23:45:00,36.85
138,2016-08-18T23:50:00,36.83
139,2016-08-18T23:55:00,36.9
140,2016-08-19T00:00:00,36.82
141,2016-08-19T00:05:00,36.85
142,2016-08-19T00:10:00,36.85
143,2016-08-19T00:15:00,36.89
144,2016-08-19T00:20:00,36.67
145,2016-08-19T00:25:00,36.82
146,2016-08-19T00:30:00,36.85
147,2016-08-19T00:35:00,36.82
148,2016-08-19T00:40:00,36.72
149,2016-08-19T00:45:00,36.92
150,2016-08-19T00:50:00,36.74
151,2016-08-19T00:55:00,36.75
152,2016-08-19T01:00:00,36.83
153,2016-08-19T01:05:00,36.8
154,2016-08-19T01:10:00,36.81
155,2016-08-19T01:15:00,36.7
156,2016-08-19T01:20:00,36.53
157,2016-08-19T01:25:00,36.8
158,2016-08-19T01:30:00,36.78
159,2016-08-19T01:35:00,36.72
160,2016-08-19T01:40:00,36.75
161,2016-08-19T01:45:00,36.9
162,2016-08-19T01:50:00,36.8
163,2016-08-19T01:55:00,36.86
164,2016-08-19T02:00:00,36.92
165,2016-08-19T02:05:00,36.8
166,2016-08-19T02:10:00,36.91
167,2016-08-19T02:15:00,36.84
168,2016-08-19T02:20:00,36.77
169,2016-08-19T02:25:00,36.9
170,2016-08-19T02:30:00,36.9
171,2016-08-19T02:35:00,36.88
172,2016-08-19T02:40:00,36.96
173,2016-08-19T02:45:00,36.72
174,2016-08-19T02:50:00,36.9
175,2016-08-19T02:55:00,36.9
176,2016-08-19T03:00:00,36.83
177,2016-08-19T03:05:00,36.8
178,2016-08-19T03:10:00,36.86
179,2016-08-19T03:15:00,36.74
180,2016-08-19T03:20:00,37.03
181,2016-08-19T03:25:00,36.85
182,2016-08-19T03:30:00,37
183,2016-08-19T03:35:00,36.9
184,2016-08-19T03:40:00,37.04
185,2016-08-19T03:45:00,37.01
186,2016-08-19T03:50:00,36.94
187,2016-08-19T03:55:00,37
188,2016-08-19T04:00:00,36.92
189,2016-08-19T04:05:00,37
190,2016-08-19T04:10:00,37.07
191,2016-08-19T04:15:00,36.98
192,2016-08-19T04:20:00,36.98
193,2016-08-19T04:25:00,37.05
194,2016-08-19T04:30:00,36.93
195,2016-08-19T04:35:00,37.3
196,2016-08-19T04:40:00,36.95
197,2016-08-19T04:45:00,37.01
198,2016-08-19T04:50:00,37
199,2016-08-19T04:55:00,36.97
200,2016-08-19T05:00:00,37.02
201,2016-08-19T05:05:00,37.07
202,2016-08-19T05:10:00,37.08
203,2016-08-19T05:15:00,37.16
204,2016-08-19T05:20:00,37.06
205,2016-08-19T05:25:00,36.98
206,2016-08-19T05:30:00,37.02
207,2016-08-19T05:35:00,36.91
208,2016-08-19T05:40:00,36.97
209,2016-08-19T05:45:00,36.78
210,2016-08-19T05:50:00,36.88
211,2016-08-19T05:55:00,36.92
212,2016-08-19T06:00:00,37.06
213,2016-08-19T06:05:00,36.93
214,2016-08-19T06:10:00,37
215,2016-08-19T06:15:00,36.9
216,2016-08-19T06:20:00,36.86
217,2016-08-19T06:25:00,36.78
218,2016-08-19T06:30:00,36.7
219,2016-08-19T06:35:00,36.65
220,2016-08-19T06:40:00,36.61
221,2016-08-19T06:45:00,36.57
222,2016-08-19T06:50:00,36.72
223,2016-08-19T06:55:00,36.63
224,2016-08-19T07:00:00,36.8
225,2016-08-19T07:05:00,36.87
226,2016-08-19T07:10:00,36.9
227,2016-08-19T07:15:00,36.86
228,2016-08-19T07:20:00,36.93
229,2016-08-19T07:25:00,36.92
230,2016-08-19T07:30:00,37.14
231,2016-08-19T07:35:00,37.05
232,2016-08-19T07:40:00,37.1
233,2016-08-19T07:45:00,37.28
234,2016-08-19T07:50:00,37.38
235,2016-08-19T07:55:00,37.42
236,2016-08-19T08:00:00,37.38
237,2016-08-19T08:05:00,37.37
238,2016-08-19T08:10:00,37.6
239,2016-08-19T08:15:00,37.56
240,2016-08-19T08:20:00,37.5
241,2016-08-19T08:25:00,37.67
242,2016-08-19T08:30:00,37.74
243,2016-08-19T08:35:00,37.83
244,2016-08-19T08:40:00,37.87
245,2016-08-19T08:45:00,38.24
246,2016-08-19T08:50:00,38.41
247,2016-08-19T08:55:00,38.46
248,2016-08-19T09:00:00,38.53
249,2016-08-19T09:05:00,38.48
250,2016-08-19T09:10:00,38.6
251,2016-08-19T09:15:00,38.75
252,2016-08-19T09:20:00,38.68
253,2016-08-19T09:25:00,38.98
254,2016-08-19T09:30:00,38.84
255,2016-08-19T09:35:00,39.14
256,2016-08-19T09:40:00,39.23
257,2016-08-19T09:45:00,39.22
258,2016-08-19T09:50:00,39.29
259,2016-08-19T09:55:00,39.33
260,2016-08-19T10:00:00,39.23
261,2016-08-19T10:05:00,39
262,2016-08-19T10:10:00,39.05
263,2016-08-19T10:15:00,38.93
264,2016-08-19T10:20:00,39.04
265,2016-08-19T10:25:00,39.01
266,2016-08-19T10:30:00,38.94
267,2016-08-19T10:35:00,38.94
268,2016-08-19T10:40:00,39.08
269,2016-08-19T10:45:00,39.01
270,2016-08-19T10:50:00,38.96
271,2016-08-19T10:55:00,39.02
272,2016-08-19T11:00:00,38.88
273,2016-08-19T11:05:00,38.7
274,2016-08-19T11:10:00,38.52
275,2016-08-19T11:15:00,38.29
276,2016-08-19T11:20:00,38.33
277,2016-08-19T11:25:00,38.07
278,2016-08-19T11:30:00,37.92
279,2016-08-19T11:35:00,37.87
280,2016-08-19T11:40:00,37.78
281,2016-08-19T11:45:00,37.77
282,2016-08-19T11:50:00,37.81
283,2016-08-19T11:55:00,37.83
284,2016-08-19T12:00:00,37.62
285,2016-08-19T12:05:00,37.67
286,2016-08-19T12:10:00,37.69
287,2016-08-19T12:15:00,37.7
288,2016-08-19T12:20:00,37.64
289,2016-08-19T12:25:00,37.71
290,2016-08-19T12:30:00,37.76
291,2016-08-19T12:35:00,37.78
292,2016-08-19T12:40:00,37.8
293,2016-08-19T12:45:00,37.9
294,2016-08-19T12:50:00,37.9
295,2016-08-19T12:55:00,37.92
296,2016-08-19T13:00:00,37.9
297,2016-08-19T13:05:00,38.01
298,2016-08-19T13:10:00,38.17
299,2016-08-19T13:15:00,38.13
300,2016-08-19T13:20:00,38.19
301,2016-08-19T13:25:00,38.13
302,2016-08-19T13:30:00,38.02
303,2016-08-19T13:35:00,38.04
304,2016-08-19T13:40:00,38.05
305,2016-08-19T13:45:00,38.16
306,2016-08-19T13:50:00,38.07
307,2016-08-19T13:55:00,38.04
308,2016-08-19T14:00:00,38.12
309,2016-08-19T14:05:00,38.03
310,2016-08-19T14:10:00,38.01
311,2016-08-19T14:15:00,37.93
312,2016-08-19T14:20:00,37.88
313,2016-08-19T14:25:00,37.82
314,2016-08-19T14:30:00,37.78
315,2016-08-19T14:35:00,37.7
316,2016-08-19T14:40:00,37.6
317,2016-08-19T14:45:00,37.52
318,2016-08-19T14:50:00,37.41
319,2016-08-19T14:55:00,37.42
320,2016-08-19T15:00:00,37.26
321,2016-08-19T15:05:00,37.14
322,2016-08-19T15:10:00,37.26
323,2016-08-19T15:15:00,37.36
324,2016-08-19T15:20:00,37.49
325,2016-08-19T15:25:00,37.47
326,2016-08-19T15:30:00,37.5
327,2016-08-19T15:35:00,37.56
328,2016-08-19T15:40:00,37.61
329,2016-08-19T15:45:00,37.72
330,2016-08-19T15:50:00,37.73
331,2016-08-19T15:55:00,37.73
332,2016-08-19T16:00:00,37.78
333,2016-08-19T16:05:00,37.74
334,2016-08-19T16:10:00,37.64
335,2016-08-19T16:15:00,37.68
336,2016-08-19T16:20:00,37.71
337,2016-08-19T16:25:00,37.68
338,2016-08-19T16:30:00,37.66
339,2016-08-19T16:35:00,37.61
340,2016-08-19T16:40:00,37.52
341,2016-08-19T16:45:00,37.46
342,2016-08-19T16:50:00,37.39
343,2016-08-19T16:55:00,37.34
344,2016-08-19T17:00:00,37.23
345,2016-08-19T17:05:00,37.15
346,2016-08-19T17:10:00,37.19
347,2016-08-19T17:15:00,37.12
348,2016-08-19T17:20:00,37.11
349,2016-08-19T17:25:00,37.06
350,2016-08-19T17:30:00,37.09
351,2016-08-19T17:35:00,36.99
352,2016-08-19T17:40:00,36.98
353,2016-08-19T17:45:00,37
354,2016-08-19T17:50:00,36.89
355,2016-08-19T17:55:00,36.95
356,2016-08-19T18:00:00,36.89
357,2016-08-19T18:05:00,36.93
358,2016-08-19T18:10:00,36.88
359,2016-08-19T18:15:00,36.9
360,2016-08-19T18:20:00,36.86
361,2016-08-19T18:25:00,36.87
362,2016-08-19T18:30:00,36.82
363,2016-08-19T18:35:00,36.82
364,2016-08-19T18:40:00,36.82
365,2016-08-19T18:45:00,36.81
366,2016-08-19T18:50:00,36.77
367,2016-08-19T18:55:00,36.84
368,2016-08-19T19:00:00,36.82
369,2016-08-19T19:05:00,36.8
370,2016-08-19T19:10:00,36.81
371,2016-08-19T19:15:00,36.82
372,2016-08-19T19:20:00,36.77
373,2016-08-19T19:25:00,36.8
374,2016-08-19T19:30:00,36.79
375,2016-08-19T19:35:00,36.76
376,2016-08-19T19:40:00,36.78
377,2016-08-19T19:45:00,36.82
378,2016-08-19T19:50:00,36.79
379,2016-08-19T19:55:00,36.82
380,2016-08-19T20:00:00,36.86
381,2016-08-19T20:05:00,36.85
382,2016-08-19T20:10:00,36.82
383,2016-08-19T20:15:00,36.88
384,2016-08-19T20:20:00,36.85
385,2016-08-19T20:25:00,36.86
386,2016-08-19T20:30:00,36.91
387,2016-08-19T20:35:00,36.96
388,2016-08-19T20:40:00,36.94
389,2016-08-19T20:45:00,37
390,2016-08-19T20:50:00,36.96
391,2016-08-19T20:55:00,37.04
392,2016-08-19T21:00:00,37.06
393,2016-08-19T21:05:00,37.02
394,2016-08-19T21:10:00,37.14
395,2016-08-19T21:15:00,37.1
396,2016-08-19T21:20:00,37.12
397,2016-08-19T21:25:00,37.16
398,2016-08-19T21:30:00,37.17
399,2016-08-19T21:35:00,37.27
400,2016-08-19T21:40:00,37.25
401,2016-08-19T21:45:00,37.25
402,2016-08-19T21:50:00,37.29
403,2016-08-19T21:55:00,37.32
404,2016-08-19T22:00:00,37.27
405,2016-08-19T22:05:00,37.3
406,2016-08-19T22:10:00,37.39
407,2016-08-19T22:15:00,37.41
408,2016-08-19T22:20:00,37.39
409,2016-08-19T22:25:00,37.43
410,2016-08-19T22:30:00,37.46
411,2016-08-19T22:35:00,37.51
412,2016-08-19T22:40:00,37.52
413,2016-08-19T22:45:00,37.52
414,2016-08-19T22:50:00,37.53
415,2016-08-19T22:55:00,37.57
416,2016-08-19T23:00:00,37.59
417,2016-08-19T23:05:00,37.65
418,2016-08-19T23:10:00,37.65
419,2016-08-19T23:15:00,37.68
420,2016-08-19T23:20:00,37.7
421,2016-08-19T23:25:00,37.86
422,2016-08-19T23:30:00,37.99
423,2016-08-19T23:35:00,38.02
424,2016-08-19T23:40:00,38.17
425,2016-08-19T23:45:00,38.26
426,2016-08-19T23:50:00,38.33
427,2016-08-19T23:55:00,38.34
428,2016-08-20T00:00:00,38.49
429,2016-08-20T00:05:00,38.67
430,2016-08-20T00:10:00,38.6
431,2016-08-20T00:15:00,38.72
432,2016-08-20T00:20:00,38.83
433,2016-08-20T00:25:00,38.8
434,2016-08-20T00:30:00,38.86
435,2016-08-20T00:35:00,38.87
436,2016-08-20T00:40:00,38.96
437,2016-08-20T00:45:00,39.05
438,2016-08-20T00:50:00,39.04
439,2016-08-20T00:55:00,39.05
440,2016-08-20T01:00:00,39.17
441,2016-08-20T01:05:00,39.22
442,2016-08-20T01:10:00,39.24
443,2016-08-20T01:15:00,39.29
444,2016-08-20T01:20:00,39.37
445,2016-08-20T01:25:00,39.42
446,2016-08-20T01:30:00,39.41
447,2016-08-20T01:35:00,39.44
448,2016-08-20T01:40:00,39.49
449,2016-08-20T01:45:00,39.47
450,2016-08-20T01:50:00,39.62
451,2016-08-20T01:55:00,39.56
452,2016-08-20T02:00:00,39.6
453,2016-08-20T02:05:00,39.71
454,2016-08-20T02:10:00,39.66
455,2016-08-20T02:15:00,39.71
456,2016-08-20T02:20:00,39.74
457,2016-08-20T02:25:00,39.78
458,2016-08-20T02:30:00,39.85
459,2016-08-20T02:35:00,39.86
460,2016-08-20T02:40:00,39.88
461,2016-08-20T02:45:00,40.01
462,2016-08-20T02:50:00,40.02
463,2016-08-20T02:55:00,40.07
464,2016-08-20T03:00:00,40.08
465,2016-08-20T03:05:00,40.23
466,2016-08-20T03:10:00,40.26
467,2016-08-20T03:15:00,40.25
468,2016-08-20T03:20:00,40.29
469,2016-08-20T03:25:00,40.33
470,2016-08-20T03:30:00,40.4
471,2016-08-20T03:35:00,40.42
472,2016-08-20T03:40:00,40.43
473,2016-08-20T03:45:00,40.52
474,2016-08-20T03:50:00,40.49
475,2016-08-20T03:55:00,40.51
476,2016-08-20T04:00:00,40.47
477,2016-08-20T04:05:00,40.54
478,2016-08-20T04:10:00,40.67
479,2016-08-20T04:15:00,40.59
480,2016-08-20T04:20:00,40.72
481,2016-08-20T04:25:00,40.72
482,2016-08-20T04:30:00,40.82
483,2016-08-20T04:35:00,40.78
484,2016-08-20T04:40:00,40.78
485,2016-08-20T04:45:00,40.95
486,2016-08-20T04:50:00,40.91
487,2016-08-20T04:55:00,40.89
488,2016-08-20T05:00:00,41.03
489,2016-08-20T05:05:00,41.05
490,2016-08-20T05:10:00,41.11
491,2016-08-20T05:15:00,41.16
492,2016-08-20T05:20:00,41.22
493,2016-08-20T05:25:00,41.22
494,2016-08-20T05:30:00,41.31
495,2016-08-20T05:35:00,41.28
496,2016-08-20T05:40:00,41.32
497,2016-08-20T05:45:00,41.4
498,2016-08-20T05:50:00,41.4
499,2016-08-20T05:55:00,41.48
500,2016-08-20T06:00:00,41.5
501,2016-08-20T06:05:00,41.63
502,2016-08-20T06:10:00,41.74
503,2016-08-20T06:15:00,41.87
504,2016-08-20T06:20:00,41.98
505,2016-08-20T06:25:00,42.12
506,2016-08-20T06:30:00,42.25
507,2016-08-20T06:35:00,42.32
508,2016-08-20T06:40:00,42.51
509,2016-08-20T06:45:00,42.58
510,2016-08-20T06:50:00,42.59
511,2016-08-20T06:55:00,42.66
512,2016-08-20T07:00:00,42.84
513,2016-08-20T07:05:00,42.9
514,2016-08-20T07:10:00,43
515,2016-08-20T07:15:00,43.16
516,2016-08-20T07:20:00,43.19
517,2016-08-20T07:25:00,43.28
518,2016-08-20T07:30:00,43.42
519,2016-08-20T07:35:00,43.46
520,2016-08-20T07:40:00,43.54
521,2016-08-20T07:45:00,43.62
522,2016-08-20T07:50:00,43.71
523,2016-08-20T07:55:00,43.83
524,2016-08-20T08:00:00,43.96
525,2016-08-20T08:05:00,44.07
526,2016-08-20T08:10:00,44.22
527,2016-08-20T08:15:00,44.4
528,2016-08-20T08:20:00,44.5
529,2016-08-20T08:25:00,44.64
530,2016-08-20T08:30:00,44.71
531,2016-08-20T08:35:00,44.74
532,2016-08-20T08:40:00,44.74
533,2016-08-20T08:45:00,44.79
534,2016-08-20T08:50:00,44.87
535,2016-08-20T08:55:00,44.93
536,2016-08-20T09:00:00,45.03
537,2016-08-20T09:05:00,45.22
538,2016-08-20T09:10:00,45.18
539,2016-08-20T09:15:00,45.26
540,2016-08-20T09:20:00,45.32
541,2016-08-20T09:25:00,45.4
542,2016-08-20T09:30:00,45.37
543,2016-08-20T09:35:00,45.38
544,2016-08-20T09:40:00,45.38
545,2016-08-20T09:45:00,45.54
546,2016-08-20T09:50:00,45.51
547,2016-08-20T09:55:00,45.55
548,2016-08-20T10:00:00,45.61
549,2016-08-20T10:05:00,45.59
550,2016-08-20T10:10:00,45.58
551,2016-08-20T10:15:00,45.62
552,2016-08-20T10:20:00,45.7
553,2016-08-20T10:25:00,45.66
554,2016-08-20T10:30:00,45.73
555,2016-08-20T10:35:00,45.7
556,2016-08-20T10:40:00,45.78
557,2016-08-20T10:45:00,45.75
558,2016-08-20T10:50:00,45.78
559,2016-08-20T10:55:00,45.7
560,2016-08-20T11:00:00,45.72
561,2016-08-20T11:05:00,45.74
562,2016-08-20T11:10:00,45.78
563,2016-08-20T11:15:00,45.72
564,2016-08-20T11:20:00,45.68
565,2016-08-20T11:25:00,45.74
566,2016-08-20T11:30:00,45.8
567,2016-08-20T11:35:00,45.96
568,2016-08-20T11:40:00,46.03
569,2016-08-20T11:45:00,46.17
570,2016-08-20T11:50:00,46.16
571,2016-08-20T11:55:00,46.25
572,2016-08-20T12:00:00,46.3
573,2016-08-20T12:05:00,46.38
574,2016-08-20T12:10:00,46.38
575,2016-08-20T12:15:00,46.35
576,2016-08-20T12:20:00,46.49
577,2016-08-20T12:25:00,46.45
578,2016-08-20T12:30:00,46.34
579,2016-08-20T12:35:00,46.36
580,2016-08-20T12:40:00,46.46
581,2016-08-20T12:45:00,46.66
582,2016-08-20T12:50:00,46.62
583,2016-08-20T12:55:00,46.62
584,2016-08-20T13:00:00,46.6
585,2016-08-20T13:05:00,46.63
586,2016-08-20T13:10:00,46.71
587,2016-08-20T13:15:00,46.75
588,2016-08-20T13:20:00,46.78
589,2016-08-20T13:25:00,46.85
590,2016-08-20T13:30:00,46.82
591,2016-08-20T13:35:00,46.89
592,2016-08-20T13:40:00,46.89
593,2016-08-20T13:45:00,46.97
594,2016-08-20T13:50:00,47.09
595,2016-08-20T13:55:00,47.25
596,2016-08-20T14:00:00,47.33
597,2016-08-20T14:05:00,47.41
598,2016-08-20T14:10:00,47.54
599,2016-08-20T14:15:00,47.46
600,2016-08-20T14:20:00,47.43
601,2016-08-20T14:25:00,47.45
602,2016-08-20T14:30:00,47.58
603,2016-08-20T14:35:00,47.82
604,2016-08-20T14:40:00,47.89
605,2016-08-20T14:45:00,47.98
606,2016-08-20T14:50:00,47.92
607,2016-08-20T14:55:00,47.92
608,2016-08-20T15:00:00,47.93
609,2016-08-20T15:05:00,47.87
610,2016-08-20T15:10:00,47.78
611,2016-08-20T15:15:00,47.78
612,2016-08-20T15:20:00,47.93
613,2016-08-20T15:25:00,47.66
614,2016-08-20T15:30:00,47.21
615,2016-08-20T15:35:00,46.94
616,2016-08-20T15:40:00,46.71
617,2016-08-20T15:45:00,46.44
618,2016-08-20T15:50:00,46.22
619,2016-08-20T15:55:00,45.92
620,2016-08-20T16:00:00,45.8
621,2016-08-20T16:05:00,45.64
622,2016-08-20T16:10:00,45.52
623,2016-08-20T16:15:00,45.51
624,2016-08-20T16:20:00,45.35
625,2016-08-20T16:25:00,45.26
626,2016-08-20T16:30:00,45.23
627,2016-08-20T16:35:00,45.23
628,2016-08-20T16:40:00,45.03
629,2016-08-20T16:45:00,45
630,2016-08-20T16:50:00,44.93
631,2016-08-20T16:55:00,44.88
632,2016-08-20T17:00:00,44.85
633,2016-08-20T17:05:00,44.72
634,2016-08-20T17:10:00,44.67
635,2016-08-20T17:15:00,44.7
636,2016-08-20T17:20:00,44.66
637,2016-08-20T17:25:00,44.64
638,2016-08-20T17:30:00,44.61
639,2016-08-20T17:35:00,44.58
640,2016-08-20T17:40:00,44.55
641,2016-08-20T17:45:00,44.49
642,2016-08-20T17:50:00,44.46
643,2016-08-20T17:55:00,44.46
644,2016-08-20T18:00:00,44.42
645,2016-08-20T18:05:00,44.49
646,2016-08-20T18:10:00,44.43
647,2016-08-20T18:15:00,44.45
648,2016-08-20T18:20:00,44.4
649,2016-08-20T18:25:00,44.42
650,2016-08-20T18:30:00,44.33
651,2016-08-20T18:35:00,44.31
652,2016-08-20T18:40:00,44.38
653,2016-08-20T18:45:00,44.28
654,2016-08-20T18:50:00,44.34
655,2016-08-20T18:55:00,44.23
656,2016-08-20T19:00:00,44.2
657,2016-08-20T19:05:00,44.22
658,2016-08-20T19:10:00,44.31
659,2016-08-20T19:15:00,44.27
660,2016-08-20T19:20:00,44.23
661,2016-08-20T19:25:00,44.14
662,2016-08-20T19:30:00,44.16
663,2016-08-20T19:35:00,44.2
664,2016-08-20T19:40:00,44.15
665,2016-08-20T19:45:00,44.13
666,2016-08-20T19:50:00,44.16
667,2016-08-20T19:55:00,44.03
668,2016-08-20T20:00:00,44.04
669,2016-08-20T20:05:00,44.03
670,2016-08-20T20:10:00,44.06
671,2016-08-20T20:15:00,44.07
672,2016-08-20T20:20:00,44.01
673,2016-08-20T20:25:00,44.09
674,2016-08-20T20:30:00,44.08
675,2016-08-20T20:35:00,44.11
676,2016-08-20T20:40:00,44.18
677,2016-08-20T20:45:00,44.13
678,2016-08-20T20:50:00,44.09
679,2016-08-20T20:55:00,44.16
680,2016-08-20T21:00:00,44.1
681,2016-08-20T21:05:00,44.12
682,2016-08-20T21:10:00,44.17
683,2016-08-20T21:15:00,44.1
684,2016-08-20T21:20:00,44.11
685,2016-08-20T21:25:00,44.13
686,2016-08-20T21:30:00,44.15
687,2016-08-20T21:35:00,44.12
688,2016-08-20T21:40:00,44.1
689,2016-08-20T21:45:00,44.2
690,2016-08-20T21:50:00,44.21
691,2016-08-20T21:55:00,44.15
692,2016-08-20T22:00:00,44.1
693,2016-08-20T22:05:00,44.2
694,2016-08-20T22:10:00,44.14
695,2016-08-20T22:15:00,44.09
696,2016-08-20T22:20:00,44.14
697,2016-08-20T22:25:00,44.18
698,2016-08-20T22:30:00,44.18
699,2016-08-20T22:35:00,44.19
700,2016-08-20T22:40:00,44.13
701,2016-08-20T22:45:00,44.18
702,2016-08-20T22:50:00,44.24
703,2016-08-20T22:55:00,44.24
704,2016-08-20T23:00:00,44.19
705,2016-08-20T23:05:00,44.25
706,2016-08-20T23:10:00,44.18
707,2016-08-20T23:15:00,44.24
708,2016-08-20T23:20:00,44.12
709,2016-08-20T23:25:00,44.13
710,2016-08-20T23:30:00,44.12
711,2016-08-20T23:35:00,44.11
712,2016-08-20T23:40:00,44.12
713,2016-08-20T23:45:00,44.14
714,2016-08-20T23:50:00,44.15
715,2016-08-20T23:55:00,44.2
716,2016-08-21T00:00:00,44.18
717,2016-08-21T00:05:00,44.13
718,2016-08-21T00:10:00,44.15
719,2016-08-21T00:15:00,44.16
720,2016-08-21T00:20:00,44.14
721,2016-08-21T00:25:00,44.13
722,2016-08-21T00:30:00,44.08
723,2016-08-21T00:35:00,44.11
724,2016-08-21T00:40:00,44.08
725,2016-08-21T00:45:00,44.05
726,2016-08-21T00:50:00,44.04
727,2016-08-21T00:55:00,44
728,2016-08-21T01:00:00,44.07
729,2016-08-21T01:05:00,43.98
730,2016-08-21T01:10:00,44.02
731,2016-08-21T01:15:00,43.97
732,2016-08-21T01:20:00,43.81
733,2016-08-21T01:25:00,43.72
734,2016-08-21T01:30:00,43.64
735,2016-08-21T01:35:00,43.56
736,2016-08-21T01:40:00,43.48
737,2016-08-21T01:45:00,43.38
738,2016-08-21T01:50:00,43.39
739,2016-08-21T01:55:00,43.25
740,2016-08-21T02:00:00,43.17
741,2016-08-21T02:05:00,43.15
742,2016-08-21T02:10:00,43.13
743,2016-08-21T02:15:00,43.04
744,2016-08-21T02:20:00,43
745,2016-08-21T02:25:00,42.95
746,2016-08-21T02:30:00,42.92
747,2016-08-21T02:35:00,42.92
748,2016-08-21T02:40:00,42.79
749,2016-08-21T02:45:00,42.75
750,2016-08-21T02:50:00,42.75
751,2016-08-21T02:55:00,42.73
752,2016-08-21T03:00:00,42.68
753,2016-08-21T03:05:00,42.63
754,2016-08-21T03:10:00,42.57
755,2016-08-21T03:15:00,42.62
756,2016-08-21T03:20:00,42.55
757,2016-08-21T03:25:00,42.53
758,2016-08-21T03:30:00,42.59
759,2016-08-21T03:35:00,42.56
760,2016-08-21T03:40:00,42.52
761,2016-08-21T03:45:00,42.52
762,2016-08-21T03:50:00,42.52
763,2016-08-21T03:55:00,42.51
764,2016-08-21T04:00:00,42.51
765,2016-08-21T04:05:00,42.49
766,2016-08-21T04:10:00,42.48
767,2016-08-21T04:15:00,42.53
768,2016-08-21T04:20:00,42.52
769,2016-08-21T04:25:00,42.54
770,2016-08-21T04:30:00,42.54
771,2016-08-21T04:35:00,42.53
772,2016-08-21T04:40:00,42.54
773,2016-08-21T04:45:00,42.57
774,2016-08-21T04:50:00,42.51
775,2016-08-21T04:55:00,42.53
776,2016-08-21T05:00:00,42.58
777,2016-08-21T05:05:00,42.53
778,2016-08-21T05:10:00,42.6
779,2016-08-21T05:15:00,42.58
780,2016-08-21T05:20:00,42.68
781,2016-08-21T05:25:00,42.63
782,2016-08-21T05:30:00,42.71
783,2016-08-21T05:35:00,42.7
784,2016-08-21T05:40:00,42.75
785,2016-08-21T05:45:00,42.8
786,2016-08-21T05:50:00,42.8
787,2016-08-21T05:55:00,42.8
788,2016-08-21T06:00:00,42.87
789,2016-08-21T06:05:00,42.89
790,2016-08-21T06:10:00,42.88
791,2016-08-21T06:15:00,42.98
792,2016-08-21T06:20:00,43.11
793,2016-08-21T06:25:00,43.33
794,2016-08-21T06:30:00,43.32
795,2016-08-21T06:35:00,43.28
796,2016-08-21T06:40:00,43.19
797,2016-08-21T06:45:00,43.18
798,2016-08-21T06:50:00,43.21
799,2016-08-21T06:55:00,43.23
800,2016-08-21T07:00:00,43.32
801,2016-08-21T07:05:00,43.41
802,2016-08-21T07:10:00,43.48
803,2016-08-21T07:15:00,43.45
804,2016-08-21T07:20:00,43.49
805,2016-08-21T07:25:00,43.5
806,2016-08-21T07:30:00,43.52
807,2016-08-21T07:35:00,43.57
808,2016-08-21T07:40:00,43.62
809,2016-08-21T07:45:00,43.7
810,2016-08-21T07:50:00,43.75
811,2016-08-21T07:55:00,43.92
812,2016-08-21T08:00:00,43.94
813,2016-08-21T08:05:00,44.01
814,2016-08-21T08:10:00,44.06
815,2016-08-21T08:15:00,44.02
816,2016-08-21T08:20:00,44.17
817,2016-08-21T08:25:00,44.23
818,2016-08-21T08:30:00,44.3
819,2016-08-21T08:35:00,44.38
820,2016-08-21T08:40:00,44.43
821,2016-08-21T08:45:00,44.45
822,2016-08-21T08:50:00,44.48
823,2016-08-21T08:55:00,44.53
824,2016-08-21T09:00:00,44.48
825,2016-08-21T09:05:00,44.5
826,2016-08-21T09:10:00,44.51
827,2016-08-21T09:15:00,44.41
828,2016-08-21T09:20:00,44.44
829,2016-08-21T09:25:00,44.38
830,2016-08-21T09:30:00,44.39
831,2016-08-21T09:35:00,44.48
832,2016-08-21T09:40:00,44.38
833,2016-08-21T09:45:00,44.32
834,2016-08-21T09:50:00,44.18
835,2016-08-21T09:55:00,44.16
836,2016-08-21T10:00:00,44.03
837,2016-08-21T10:05:00,44.08
838,2016-08-21T10:10:00,44.02
839,2016-08-21T10:15:00,43.83
840,2016-08-21T10:20:00,43.77
841,2016-08-21T10:25:00,43.69
842,2016-08-21T10:30:00,43.64
843,2016-08-21T10:35:00,43.71
844,2016-08-21T10:40:00,43.74
845,2016-08-21T10:45:00,43.69
846,2016-08-21T10:50:00,43.61
847,2016-08-21T10:55:00,43.54
848,2016-08-21T11:00:00,43.58
849,2016-08-21T11:05:00,43.6
850,2016-08-21T11:10:00,43.54
851,2016-08-21T11:15:00,43.39
852,2016-08-21T11:20:00,43.03
853,2016-08-21T11:25:00,42.93
854,2016-08-21T11:30:00,42.28
855,2016-08-21T11:35:00,40.7
856,2016-08-21T11:40:00,39.86
857,2016-08-21T11:45:00,39.92
858,2016-08-21T11:50:00,39.81
859,2016-08-21T11:55:00,39.82
860,2016-08-21T12:00:00,40.33
861,2016-08-21T12:05:00,41.09
862,2016-08-21T12:10:00,41.01
863,2016-08-21T12:15:00,40.67
864,2016-08-21T12:20:00,40.89
865,2016-08-21T12:25:00,41.55
866,2016-08-21T12:30:00,41.26
867,2016-08-21T12:35:00,39.92
868,2016-08-21T12:40:00,39.31
869,2016-08-21T12:45:00,39.84
870,2016-08-21T12:50:00,40.73
871,2016-08-21T12:55:00,41.13
872,2016-08-21T13:00:00,41.38
873,2016-08-21T13:05:00,41.4
874,2016-08-21T13:10:00,40.74
875,2016-08-21T13:15:00,39.97
876,2016-08-21T13:20:00,39.69
877,2016-08-21T13:25:00,38.28
878,2016-08-21T13:30:00,37.5
879,2016-08-21T13:35:00,37.33
880,2016-08-21T13:40:00,38.11
881,2016-08-21T13:45:00,37.52
882,2016-08-21T13:50:00,37.4
883,2016-08-21T13:55:00,36.75
884,2016-08-21T14:00:00,37.27
885,2016-08-21T14:05:00,37.36
886,2016-08-21T14:10:00,36.97
887,2016-08-21T14:15:00,36.77
888,2016-08-21T14:20:00,37.94
889,2016-08-21T14:25:00,38.9
890,2016-08-21T14:30:00,39.2
891,2016-08-21T14:35:00,39.17
892,2016-08-21T14:40:00,38.88
893,2016-08-21T14:45:00,38.69
894,2016-08-21T14:50:00,38.46
895,2016-08-21T14:55:00,38.03
896,2016-08-21T15:00:00,37.83
897,2016-08-21T15:05:00,37.72
898,2016-08-21T15:10:00,37.73
899,2016-08-21T15:15:00,37.75
900,2016-08-21T15:20:00,37.58
901,2016-08-21T15:25:00,37.43
902,2016-08-21T15:30:00,37.39
903,2016-08-21T15:35:00,37.42
904,2016-08-21T15:40:00,37.38
905,2016-08-21T15:45:00,37.48
906,2016-08-21T15:50:00,37.48
907,2016-08-21T15:55:00,37.48
908,2016-08-21T16:00:00,37.47
909,2016-08-21T16:05:00,37.43
910,2016-08-21T16:10:00,37.37
911,2016-08-21T16:15:00,37.42
912,2016-08-21T16:20:00,37.37
913,2016-08-21T16:25:00,37.35
914,2016-08-21T16:30:00,37.32
915,2016-08-21T16:35:00,37.39
916,2016-08-21T16:40:00,37.48
917,2016-08-21T16:45:00,37.5
918,2016-08-21T16:50:00,37.54
919,2016-08-21T16:55:00,37.61
920,2016-08-21T17:00:00,37.57
921,2016-08-21T17:05:00,37.54
922,2016-08-21T17:10:00,37.65
923,2016-08-21T17:15:00,37.68
924,2016-08-21T17:20:00,37.61
925,2016-08-21T17:25:00,37.72
926,2016-08-21T17:30:00,37.75
927,2016-08-21T17:35:00,37.77
928,2016-08-21T17:40:00,37.87
929,2016-08-21T17:45:00,37.85
930,2016-08-21T17:50:00,37.93
931,2016-08-21T17:55:00,37.89
932,2016-08-21T18:00:00,37.95
933,2016-08-21T18:05:00,37.97
934,2016-08-21T18:10:00,38.05
935,2016-08-21T18:15:00,38.05
936,2016-08-21T18:20:00,38.19
937,2016-08-21T18:25:00,38.16
938,2016-08-21T18:30:00,38.29
939,2016-08-21T18:35:00,38.25
940,2016-08-21T18:40:00,38.35
941,2016-08-21T18:45:00,38.36
942,2016-08-21T18:50:00,38.48
943,2016-08-21T18:55:00,38.47
944,2016-08-21T19:00:00,38.5
945,2016-08-21T19:05:00,38.55
946,2016-08-21T19:10:00,38.58
947,2016-08-21T19:15:00,38.57
948,2016-08-21T19:20:00,38.56
949,2016-08-21T19:25:00,38.61
950,2016-08-21T19:30:00,38.62
951,2016-08-21T19:35:00,38.58
952,2016-08-21T19:40:00,38.57
953,2016-08-21T19:45:00,38.61
954,2016-08-21T19:50:00,38.61
955,2016-08-21T19:55:00,38.62
956,2016-08-21T20:00:00,38.68
957,2016-08-21T20:05:00,38.76
958,2016-08-21T20:10:00,38.86
959,2016-08-21T20:15:00,38.79
960,2016-08-21T20:20:00,38.89
961,2016-08-21T20:25:00,38.92
962,2016-08-21T20:30:00,38.96
963,2016-08-21T20:35:00,38.92
964,2016-08-21T20:40:00,39.08
965,2016-08-21T20:45:00,39.13
966,2016-08-21T20:50:00,39.18
967,2016-08-21T20:55:00,39.12
968,2016-08-21T21:00:00,39.25
969,2016-08-21T21:05:00,39.23
970,2016-08-21T21:10:00,39.33
971,2016-08-21T21:15:00,39.33
972,2016-08-21T21:20:00,39.34
973,2016-08-21T21:25:00,39.36
974,2016-08-21T21:30:00,39.44
975,2016-08-21T21:35:00,39.38
976,2016-08-21T21:40:00,39.52
977,2016-08-21T21:45:00,39.44
978,2016-08-21T21:50:00,39.54
979,2016-08-21T21:55:00,39.58
980,2016-08-21T22:00:00,39.6
981,2016-08-21T22:05:00,39.62
982,2016-08-21T22:10:00,39.6
983,2016-08-21T22:15:00,39.68
984,2016-08-21T22:20:00,39.7
985,2016-08-21T22:25:00,39.72
986,2016-08-21T22:30:00,39.73
987,2016-08-21T22:35:00,39.77
988,2016-08-21T22:40:00,39.71
989,2016-08-21T22:45:00,39.73
990,2016-08-21T22:50:00,39.82
991,2016-08-21T22:55:00,39.85
992,2016-08-21T23:00:00,39.9
993,2016-08-21T23:05:00,39.98
994,2016-08-21T23:10:00,40.05
995,2016-08-21T23:15:00,40.02
996,2016-08-21T23:20:00,40.1
997,2016-08-21T23:25:00,40.06
998,2016-08-21T23:30:00,40.13
999,2016-08-21T23:35:00,40.19
1000,2016-08-21T23:40:00,40.2
1001,2016-08-21T23:45:00,40.24
1002,2016-08-21T23:50:00,40.28
1003,2016-08-21T23:55:00,40.28
1004,2016-08-22T00:00:00,40.26
1005,2016-08-22T00:05:00,40.38
1006,2016-08-22T00:10:00,40.39
1007,2016-08-22T00:15:00,40.34
1008,2016-08-22T00:20:00,40.47
1009,2016-08-22T00:25:00,40.49
1010,2016-08-22T00:30:00,40.47
1011,2016-08-22T00:35:00,40.5
1012,2016-08-22T00:40:00,40.46
1013,2016-08-22T00:45:00,40.53
1014,2016-08-22T00:50:00,40.58
1015,2016-08-22T00:55:00,40.6
1016,2016-08-22T01:00:00,40.67
1017,2016-08-22T01:05:00,40.62
1018,2016-08-22T01:10:00,40.71
1019,2016-08-22T01:15:00,40.7
1020,2016-08-22T01:20:00,40.77
1021,2016-08-22T01:25:00,40.76
1022,2016-08-22T01:30:00,40.79
1023,2016-08-22T01:35:00,40.77
1024,2016-08-22T01:40:00,40.82
1025,2016-08-22T01:45:00,40.89
1026,2016-08-22T01:50:00,40.9
1027,2016-08-22T01:55:00,40.9
1028,2016-08-22T02:00:00,40.95
1029,2016-08-22T02:05:00,41.03
1030,2016-08-22T02:10:00,41.1
1031,2016-08-22T02:15:00,41.24
1032,2016-08-22T02:20:00,41.2
1033,2016-08-22T02:25:00,41.24
1034,2016-08-22T02:30:00,41.34
1035,2016-08-22T02:35:00,41.3
1036,2016-08-22T02:40:00,41.38
1037,2016-08-22T02:45:00,41.44
1038,2016-08-22T02:50:00,41.46
1039,2016-08-22T02:55:00,41.51
1040,2016-08-22T03:00:00,41.56
1041,2016-08-22T03:05:00,41.58
1042,2016-08-22T03:10:00,41.58
1043,2016-08-22T03:15:00,41.63
1044,2016-08-22T03:20:00,41.69
1045,2016-08-22T03:25:00,41.66
1046,2016-08-22T03:30:00,41.75
1047,2016-08-22T03:35:00,41.67
1048,2016-08-22T03:40:00,41.75
1049,2016-08-22T03:45:00,41.76
1050,2016-08-22T03:50:00,41.75
1051,2016-08-22T03:55:00,41.79
1052,2016-08-22T04:00:00,41.73
1053,2016-08-22T04:05:00,41.88
1054,2016-08-22T04:10:00,41.84
1055,2016-08-22T04:15:00,41.87
1056,2016-08-22T04:20:00,41.88
1057,2016-08-22T04:25:00,41.9
1058,2016-08-22T04:30:00,41.88
1059,2016-08-22T04:35:00,41.91
1060,2016-08-22T04:40:00,41.95
1061,2016-08-22T04:45:00,41.89
1062,2016-08-22T04:50:00,41.94
1063,2016-08-22T04:55:00,41.92
1064,2016-08-22T05:00:00,41.9
1065,2016-08-22T05:05:00,41.94
1066,2016-08-22T05:10:00,41.95
1067,2016-08-22T05:15:00,41.95
1068,2016-08-22T05:20:00,41.95
1069,2016-08-22T05:25:00,41.95
1070,2016-08-22T05:30:00,41.86
1071,2016-08-22T05:35:00,41.93
1072,2016-08-22T05:40:00,41.91
1073,2016-08-22T05:45:00,41.89
1074,2016-08-22T05:50:00,41.91
1075,2016-08-22T05:55:00,41.86
1076,2016-08-22T06:00:00,41.85
1077,2016-08-22T06:05:00,41.84
1078,2016-08-22T06:10:00,41.8
1079,2016-08-22T06:15:00,41.8
1080,2016-08-22T06:20:00,41.75
1081,2016-08-22T06:25:00,41.76
1082,2016-08-22T06:30:00,41.77
1083,2016-08-22T06:35:00,41.69
1084,2016-08-22T06:40:00,41.65
1085,2016-08-22T06:45:00,41.56
1086,2016-08-22T06:50:00,41.53
1087,2016-08-22T06:55:00,41.47
1088,2016-08-22T07:00:00,41.49
1089,2016-08-22T07:05:00,41.45
1090,2016-08-22T07:10:00,41.47
1091,2016-08-22T07:15:00,41.39
1092,2016-08-22T07:20:00,41.37
1093,2016-08-22T07:25:00,41.38
1094,2016-08-22T07:30:00,41.44
1095,2016-08-22T07:35:00,41.34
1096,2016-08-22T07:40:00,41.41
1097,2016-08-22T07:45:00,41.35
1098,2016-08-22T07:50:00,41.35
1099,2016-08-22T07:55:00,41.32
1100,2016-08-22T08:00:00,41.34
1101,2016-08-22T08:05:00,41.44
1102,2016-08-22T08:10:00,41.5
1103,2016-08-22T08:15:00,41.55
1104,2016-08-22T08:20:00,41.65
1105,2016-08-22T08:25:00,41.72
1106,2016-08-22T08:30:00,41.78
1107,2016-08-22T08:35:00,41.77
1108,2016-08-22T08:40:00,41.88
1109,2016-08-22T08:45:00,41.97
1110,2016-08-22T08:50:00,42
1111,2016-08-22T08:55:00,41.96
1112,2016-08-22T09:00:00,42.06
1113,2016-08-22T09:05:00,42.05
1114,2016-08-22T09:10:00,42.12
1115,2016-08-22T09:15:00,42.18
1116,2016-08-22T09:20:00,42.15
1117,2016-08-22T09:25:00,42.16
1118,2016-08-22T09:30:00,42.19
1119,2016-08-22T09:35:00,42.27
1120,2016-08-22T09:40:00,42.17
1121,2016-08-22T09:45:00,42.19
1122,2016-08-22T09:50:00,42.12
1123,2016-08-22T09:55:00,42.08
1124,2016-08-22T10:00:00,41.89
1125,2016-08-22T10:05:00,41.68
1126,2016-08-22T10:10:00,41.57
1127,2016-08-22T10:15:00,41.5
1128,2016-08-22T10:20:00,41.42
1129,2016-08-22T10:25:00,41.35
1130,2016-08-22T10:30:00,41.17
1131,2016-08-22T10:35:00,41.08
1132,2016-08-22T10:40:00,40.97
1133,2016-08-22T10:45:00,40.93
1134,2016-08-22T10:50:00,40.79
1135,2016-08-22T10:55:00,40.72
1136,2016-08-22T11:00:00,40.52
1137,2016-08-22T11:05:00,40.47
1138,2016-08-22T11:10:00,40.39
1139,2016-08-22T11:15:00,40.31
1140,2016-08-22T11:20:00,40.14
1141,2016-08-22T11:25:00,39.97
1142,2016-08-22T11:30:00,40.25
1143,2016-08-22T11:35:00,40.4
1144,2016-08-22T11:40:00,40.49
1145,2016-08-22T11:45:00,40.58
1146,2016-08-22T11:50:00,40.66
1147,2016-08-22T11:55:00,40.75
1148,2016-08-22T12:00:00,40.87
1149,2016-08-22T12:05:00,40.96
1150,2016-08-22T12:10:00,41.07
1151,2016-08-22T12:15:00,41.1
1152,2016-08-22T12:20:00,41.11
1153,2016-08-22T12:25:00,41.19
1154,2016-08-22T12:30:00,41.22
1155,2016-08-22T12:35:00,41.07
1156,2016-08-22T12:40:00,41.18
1157,2016-08-22T12:45:00,41.21
1158,2016-08-22T12:50:00,40.96
1159,2016-08-22T12:55:00,40.97
1160,2016-08-22T13:00:00,41.13
1161,2016-08-22T13:05:00,41.48
1162,2016-08-22T13:10:00,41.77
1163,2016-08-22T13:15:00,42.13
1164,2016-08-22T13:20:00,42.44
1165,2016-08-22T13:25:00,42.72
1166,2016-08-22T13:30:00,42.95
1167,2016-08-22T13:35:00,43.3
1168,2016-08-22T13:40:00,43.43
1169,2016-08-22T13:45:00,43.33
1170,2016-08-22T13:50:00,42.94
1171,2016-08-22T13:55:00,42.5
1172,2016-08-22T14:00:00,42.52
1173,2016-08-22T14:05:00,42.6
1174,2016-08-22T14:10:00,42.63
1175,2016-08-22T14:15:00,42.56
1176,2016-08-22T14:20:00,42.58
1177,2016-08-22T14:25:00,42.38
1178,2016-08-22T14:30:00,42.11
1179,2016-08-22T14:35:00,41.99
1180,2016-08-22T14:40:00,41.85
1181,2016-08-22T14:45:00,41.85
1182,2016-08-22T14:50:00,41.88
1183,2016-08-22T14:55:00,42.1
1184,2016-08-22T15:00:00,42.13
1185,2016-08-22T15:05:00,41.93
1186,2016-08-22T15:15:00,40.9
1187,2016-08-22T15:20:00,41.1
1188,2016-08-22T15:25:00,41.56
1189,2016-08-22T15:30:00,41.94
1190,2016-08-22T15:35:00,42.19
1191,2016-08-22T15:40:00,42.33
1192,2016-08-22T15:45:00,42.48
1193,2016-08-22T15:50:00,42.64
1194,2016-08-22T15:55:00,42.79
1195,2016-08-22T16:00:00,42.98
1196,2016-08-22T16:05:00,43.06
1197,2016-08-22T16:10:00,43.15
1198,2016-08-22T16:15:00,43.11
1199,2016-08-22T16:20:00,43.29
1200,2016-08-22T16:25:00,43.41
1201,2016-08-22T16:30:00,43.48
1202,2016-08-22T16:35:00,43.22
1203,2016-08-22T16:40:00,43.35
1204,2016-08-22T16:45:00,43.42
1205,2016-08-22T16:50:00,43.41
1206,2016-08-22T16:55:00,43.43
1207,2016-08-22T17:00:00,43.39
1208,2016-08-22T17:05:00,43.15
1209,2016-08-22T17:10:00,42.96
1210,2016-08-22T17:15:00,42.79
1211,2016-08-22T17:20:00,42.83
1212,2016-08-22T17:25:00,43.08
1213,2016-08-22T17:30:00,43.07
1214,2016-08-22T17:35:00,43.27
1215,2016-08-22T17:40:00,43.22
1216,2016-08-22T17:45:00,43.24
1217,2016-08-22T17:50:00,43.21
1218,2016-08-22T17:55:00,43.04
1219,2016-08-22T18:00:00,43.12
1220,2016-08-22T18:05:00,43.11
1221,2016-08-22T18:10:00,42.97
1222,2016-08-22T18:15:00,43.02
1223,2016-08-22T18:20:00,43.02
1224,2016-08-22T18:25:00,42.96
1225,2016-08-22T18:30:00,43.03
1226,2016-08-22T18:35:00,43.14
1227,2016-08-22T18:40:00,43.13
1228,2016-08-22T18:45:00,43.22
1229,2016-08-22T18:50:00,43.25
1230,2016-08-22T18:55:00,43.28
1231,2016-08-22T19:00:00,43.31
1232,2016-08-22T19:05:00,43.37
1233,2016-08-22T19:10:00,43.44
1234,2016-08-22T19:15:00,43.38
1235,2016-08-22T19:20:00,43.51
1236,2016-08-22T19:25:00,43.6
1237,2016-08-22T19:30:00,43.59
1238,2016-08-22T19:35:00,43.67
1239,2016-08-22T19:40:00,43.66
1240,2016-08-22T19:45:00,43.71
1241,2016-08-22T19:50:00,43.66
1242,2016-08-22T19:55:00,43.82
1243,2016-08-22T20:00:00,43.75
1244,2016-08-22T20:05:00,43.8
1245,2016-08-22T20:10:00,43.79
1246,2016-08-22T20:15:00,43.81
1247,2016-08-22T20:20:00,43.86
1248,2016-08-22T20:25:00,43.91
1249,2016-08-22T20:30:00,43.92
1250,2016-08-22T20:35:00,44.05
1251,2016-08-22T20:40:00,44.1
1252,2016-08-22T20:45:00,43.97
1253,2016-08-22T20:50:00,44.07
1254,2016-08-22T20:55:00,44.16
1255,2016-08-22T21:00:00,44.09
1256,2016-08-22T21:05:00,44.18
1257,2016-08-22T21:10:00,44.16
1258,2016-08-22T21:15:00,44.14
1259,2016-08-22T21:20:00,44.21
1260,2016-08-22T21:25:00,44.25
1261,2016-08-22T21:30:00,44.28
1262,2016-08-22T21:35:00,44.26
1263,2016-08-22T21:40:00,44.38
1264,2016-08-22T21:45:00,44.22
1265,2016-08-22T21:50:00,44.32
1266,2016-08-22T21:55:00,44.44
1267,2016-08-22T22:00:00,44.39
1268,2016-08-22T22:05:00,44.49
1269,2016-08-22T22:10:00,44.49
1270,2016-08-22T22:15:00,44.54
1271,2016-08-22T22:20:00,44.5
1272,2016-08-22T22:25:00,44.6
1273,2016-08-22T22:30:00,44.51
1274,2016-08-22T22:35:00,44.54
1275,2016-08-22T22:40:00,44.61
1276,2016-08-22T22:45:00,44.58
1277,2016-08-22T22:50:00,44.69
1278,2016-08-22T22:55:00,44.66
1279,2016-08-22T23:00:00,44.73
1280,2016-08-22T23:05:00,44.78
1281,2016-08-22T23:10:00,44.84
1282,2016-08-22T23:15:00,44.81
1283,2016-08-22T23:20:00,44.88
1284,2016-08-22T23:25:00,44.9
1285,2016-08-22T23:30:00,44.96
1286,2016-08-22T23:35:00,45
1287,2016-08-22T23:40:00,45.04
1288,2016-08-22T23:45:00,45.02
1289,2016-08-22T23:50:00,45.14
1290,2016-08-22T23:55:00,45.06
1291,2016-08-23T00:00:00,45.23
1292,2016-08-23T00:05:00,45.21
1293,2016-08-23T00:10:00,45.38
1294,2016-08-23T00:15:00,45.46
1295,2016-08-23T00:20:00,45.43
1296,2016-08-23T00:25:00,45.58
1297,2016-08-23T00:30:00,45.67
1298,2016-08-23T00:35:00,45.51
1299,2016-08-23T00:40:00,45.63
1300,2016-08-23T00:45:00,45.72
1301,2016-08-23T00:50:00,45.79
1302,2016-08-23T00:55:00,45.78
1303,2016-08-23T01:00:00,45.84
1304,2016-08-23T01:05:00,45.97
1305,2016-08-23T01:10:00,45.97
1306,2016-08-23T01:15:00,45.94
1307,2016-08-23T01:20:00,46.04
1308,2016-08-23T01:25:00,46.06
1309,2016-08-23T01:30:00,46.1
1310,2016-08-23T01:35:00,46.01
1311,2016-08-23T01:40:00,46
1312,2016-08-23T01:45:00,46.11
1313,2016-08-23T01:50:00,46.13
1314,2016-08-23T01:55:00,46.06
1315,2016-08-23T02:00:00,46.23
1316,2016-08-23T02:05:00,46.34
1317,2016-08-23T02:10:00,46.23
1318,2016-08-23T02:15:00,46.21
1319,2016-08-23T02:20:00,46.28
1320,2016-08-23T02:25:00,46.33
1321,2016-08-23T02:30:00,46.39
1322,2016-08-23T02:35:00,46.43
1323,2016-08-23T02:40:00,46.39
1324,2016-08-23T02:45:00,46.44
1325,2016-08-23T02:50:00,46.44
1326,2016-08-23T02:55:00,46.45
1327,2016-08-23T03:00:00,46.49
1328,2016-08-23T03:05:00,46.53
1329,2016-08-23T03:10:00,46.59
1330,2016-08-23T03:15:00,46.55
1331,2016-08-23T03:20:00,46.63
1332,2016-08-23T03:25:00,46.67
1333,2016-08-23T03:30:00,46.67
1334,2016-08-23T03:35:00,46.67
1335,2016-08-23T03:40:00,46.65
1336,2016-08-23T03:45:00,46.67
1337,2016-08-23T03:50:00,46.72
1338,2016-08-23T03:55:00,46.74
1339,2016-08-23T04:00:00,46.79
1340,2016-08-23T04:05:00,46.79
1341,2016-08-23T04:10:00,46.66
1342,2016-08-23T04:15:00,46.77
1343,2016-08-23T04:20:00,46.79
1344,2016-08-23T04:25:00,46.71
1345,2016-08-23T04:30:00,46.75
1346,2016-08-23T04:35:00,46.74
1347,2016-08-23T04:40:00,46.78
1348,2016-08-23T04:45:00,46.83
1349,2016-08-23T04:50:00,46.76
1350,2016-08-23T04:55:00,46.74
1351,2016-08-23T05:00:00,46.81
1352,2016-08-23T05:05:00,46.79
1353,2016-08-23T05:10:00,46.79
1354,2016-08-23T05:15:00,46.85
1355,2016-08-23T05:20:00,46.83
1356,2016-08-23T05:25:00,46.86
1357,2016-08-23T05:30:00,46.81
1358,2016-08-23T05:35:00,46.82
1359,2016-08-23T05:40:00,46.94
1360,2016-08-23T05:45:00,46.99
1361,2016-08-23T05:50:00,47
1362,2016-08-23T05:55:00,47.01
1363,2016-08-23T06:00:00,46.95
1364,2016-08-23T06:05:00,47.09
1365,2016-08-23T06:10:00,46.97
1366,2016-08-23T06:15:00,46.98
1367,2016-08-23T06:20:00,47.02
1368,2016-08-23T06:25:00,47.04
1369,2016-08-23T06:30:00,47.11
1370,2016-08-23T06:35:00,47.25
1371,2016-08-23T06:40:00,47.22
1372,2016-08-23T06:45:00,47.37
1373,2016-08-23T06:50:00,47.42
1374,2016-08-23T06:55:00,47.41
1375,2016-08-23T07:00:00,47.48
1376,2016-08-23T07:05:00,47.54
1377,2016-08-23T07:10:00,47.53
1378,2016-08-23T07:15:00,47.45
1379,2016-08-23T07:20:00,47.5
1380,2016-08-23T07:25:00,47.46
1381,2016-08-23T07:30:00,47.5
1382,2016-08-23T07:35:00,47.61
1383,2016-08-23T07:40:00,47.78
1384,2016-08-23T07:45:00,47.96
1385,2016-08-23T07:50:00,48.1
1386,2016-08-23T07:55:00,48.03
1387,2016-08-23T08:00:00,48.22
1388,2016-08-23T08:05:00,48.45
1389,2016-08-23T08:10:00,48.74
1390,2016-08-23T08:15:00,48.84
1391,2016-08-23T08:20:00,49.11
1392,2016-08-23T08:25:00,49.37
1393,2016-08-23T08:30:00,49.36
1394,2016-08-23T08:35:00,49.35
1395,2016-08-23T08:40:00,49.57
1396,2016-08-23T08:45:00,49.39
1397,2016-08-23T08:50:00,49.58
1398,2016-08-23T08:55:00,49.44
1399,2016-08-23T09:00:00,49.36
1400,2016-08-23T09:05:00,49.3
1401,2016-08-23T09:10:00,49.46
1402,2016-08-23T09:15:00,49.3
1403,2016-08-23T09:20:00,49.25
1404,2016-08-23T09:25:00,49.45
1405,2016-08-23T09:30:00,49.51
1406,2016-08-23T09:35:00,49.4
1407,2016-08-23T09:40:00,49.21
1408,2016-08-23T09:45:00,49.09
1409,2016-08-23T09:50:00,49
1410,2016-08-23T09:55:00,48.93
1411,2016-08-23T10:00:00,48.74
1412,2016-08-23T10:05:00,48.69
1413,2016-08-23T10:10:00,48.39
1414,2016-08-23T10:15:00,48.34
1415,2016-08-23T10:20:00,48.3
1416,2016-08-23T10:25:00,48.24
1417,2016-08-23T10:30:00,48.15
1418,2016-08-23T10:35:00,48.19
1419,2016-08-23T10:40:00,47.95
1420,2016-08-23T10:45:00,47.89
1421,2016-08-23T10:50:00,47.93
1422,2016-08-23T10:55:00,47.76
1423,2016-08-23T11:00:00,47.6
1424,2016-08-23T11:05:00,47.48
1425,2016-08-23T11:10:00,47.18
1426,2016-08-23T11:15:00,47.21
1427,2016-08-23T11:20:00,47
1428,2016-08-23T11:25:00,46.67
1429,2016-08-23T11:30:00,46.42
1430,2016-08-23T11:35:00,46.41
1431,2016-08-23T11:40:00,46.29
1432,2016-08-23T11:45:00,46.18
1433,2016-08-23T11:50:00,45.98
1434,2016-08-23T11:55:00,46.16
1435,2016-08-23T12:00:00,45.96
1436,2016-08-23T12:05:00,45.96
1437,2016-08-23T12:10:00,45.97
1438,2016-08-23T12:15:00,45.96
1439,2016-08-23T12:20:00,45.91
1440,2016-08-23T12:25:00,45.79
1441,2016-08-23T12:30:00,45.82
1442,2016-08-23T12:35:00,45.9
1443,2016-08-23T12:40:00,45.8
1444,2016-08-23T12:45:00,45.94
1445,2016-08-23T12:50:00,45.87
1446,2016-08-23T12:55:00,45.88
1447,2016-08-23T13:00:00,45.73
1448,2016-08-23T13:05:00,45.73
1449,2016-08-23T13:10:00,45.7
1450,2016-08-23T13:15:00,45.44
1451,2016-08-23T13:20:00,45.25
1452,2016-08-23T13:25:00,45.18
1453,2016-08-23T13:30:00,45.2
1454,2016-08-23T13:35:00,45.07
1455,2016-08-23T13:40:00,45.06
1456,2016-08-23T13:45:00,45.1
1457,2016-08-23T13:50:00,44.89
1458,2016-08-23T13:55:00,45.1
1459,2016-08-23T14:00:00,45.03
1460,2016-08-23T14:05:00,45.09
1461,2016-08-23T14:10:00,44.97
1462,2016-08-23T14:15:00,45.14
1463,2016-08-23T14:20:00,45.13
1464,2016-08-23T14:25:00,45.24
1465,2016-08-23T14:30:00,45.3
1466,2016-08-23T14:35:00,45.35
1467,2016-08-23T14:40:00,45.33
1468,2016-08-23T14:45:00,45.33
1469,2016-08-23T14:50:00,45.31
1470,2016-08-23T14:55:00,45.32
1471,2016-08-23T15:00:00,45.18
1472,2016-08-23T15:05:00,45.01
1473,2016-08-23T15:10:00,45.07
1474,2016-08-23T15:15:00,44.66
1475,2016-08-23T15:20:00,44.34
1476,2016-08-23T15:25:00,44.71
1477,2016-08-23T15:30:00,45.15
1478,2016-08-23T15:35:00,45.4
1479,2016-08-23T15:40:00,45.5
1480,2016-08-23T15:45:00,45.72
1481,2016-08-23T15:50:00,45.77
1482,2016-08-23T15:55:00,45.93
1483,2016-08-23T16:00:00,45.93
1484,2016-08-23T16:05:00,45.93
1485,2016-08-23T16:10:00,45.91
1486,2016-08-23T16:15:00,46.03
1487,2016-08-23T16:20:00,45.99
1488,2016-08-23T16:25:00,45.89
1489,2016-08-23T16:30:00,46.01
1490,2016-08-23T16:35:00,45.69
1491,2016-08-23T16:40:00,45.37
1492,2016-08-23T16:45:00,45.44
1493,2016-08-23T16:50:00,45.49
1494,2016-08-23T16:55:00,45.52
1495,2016-08-23T17:00:00,45.47
1496,2016-08-23T17:05:00,45.6
1497,2016-08-23T17:10:00,45.54
1498,2016-08-23T17:15:00,45.54
1499,2016-08-23T17:20:00,45.62
1500,2016-08-23T17:25:00,45.48
1501,2016-08-23T17:30:00,45.53
1502,2016-08-23T17:35:00,45.51
1503,2016-08-23T17:40:00,45.56
1504,2016-08-23T17:45:00,45.63
1505,2016-08-23T17:50:00,45.59
1506,2016-08-23T17:55:00,45.46
1507,2016-08-23T18:00:00,45.54
1508,2016-08-23T18:05:00,45.51
1509,2016-08-23T18:10:00,45.53
1510,2016-08-23T18:15:00,45.56
1511,2016-08-23T18:20:00,45.53
1512,2016-08-23T18:25:00,45.46
1513,2016-08-23T18:30:00,45.53
1514,2016-08-23T18:35:00,45.51
1515,2016-08-23T18:40:00,45.67
1516,2016-08-23T18:45:00,45.54
1517,2016-08-23T18:50:00,45.43
1518,2016-08-23T18:55:00,45.44
1519,2016-08-23T19:00:00,45.46
1520,2016-08-23T19:05:00,45.39
1521,2016-08-23T19:10:00,45.24
1522,2016-08-23T19:15:00,45.33
1523,2016-08-23T19:20:00,45.35
1524,2016-08-23T19:25:00,45.42
1525,2016-08-23T19:30:00,45.33
1526,2016-08-23T19:35:00,45.37
1527,2016-08-23T19:40:00,45.51
1528,2016-08-23T19:45:00,45.48
1529,2016-08-23T19:50:00,45.46
1530,2016-08-23T19:55:00,45.52
1531,2016-08-23T20:00:00,45.5
1532,2016-08-23T20:05:00,45.51
1533,2016-08-23T20:10:00,45.46
1534,2016-08-23T20:15:00,45.5
1535,2016-08-23T20:20:00,45.55
1536,2016-08-23T20:25:00,45.6
1537,2016-08-23T20:30:00,45.56
1538,2016-08-23T20:35:00,45.57
1539,2016-08-23T20:40:00,45.57
1540,2016-08-23T20:45:00,45.59
1541,2016-08-23T20:50:00,45.63
1542,2016-08-23T20:55:00,45.76
1543,2016-08-23T21:00:00,45.68
1544,2016-08-23T21:05:00,45.88
1545,2016-08-23T21:10:00,45.87
1546,2016-08-23T21:15:00,45.97
1547,2016-08-23T21:20:00,45.9
1548,2016-08-23T21:25:00,45.84
1549,2016-08-23T21:30:00,45.97
1550,2016-08-23T21:35:00,46.08
1551,2016-08-23T21:40:00,46.08
1552,2016-08-23T21:45:00,45.98
1553,2016-08-23T21:50:00,46.02
1554,2016-08-23T21:55:00,46.12
1555,2016-08-23T22:00:00,46.16
1556,2016-08-23T22:05:00,46.2
1557,2016-08-23T22:10:00,46.1
1558,2016-08-23T22:15:00,46.42
1559,2016-08-23T22:20:00,46.34
1560,2016-08-23T22:25:00,46.28
1561,2016-08-23T22:30:00,46.34
1562,2016-08-23T22:35:00,46.38
1563,2016-08-23T22:40:00,46.48
1564,2016-08-23T22:45:00,46.45
1565,2016-08-23T22:50:00,46.44
1566,2016-08-23T22:55:00,46.5
1567,2016-08-23T23:00:00,46.61
1568,2016-08-23T23:05:00,46.58
1569,2016-08-23T23:10:00,46.65
1570,2016-08-23T23:15:00,46.61
1571,2016-08-23T23:20:00,46.77
1572,2016-08-23T23:25:00,46.64
1573,2016-08-23T23:30:00,46.62
1574,2016-08-23T23:35:00,46.58
1575,2016-08-23T23:40:00,46.78
1576,2016-08-23T23:45:00,46.68
1577,2016-08-23T23:50:00,46.78
1578,2016-08-23T23:55:00,46.74
1579,2016-08-24T00:00:00,46.71
1580,2016-08-24T00:05:00,46.8
1581,2016-08-24T00:10:00,46.73
1582,2016-08-24T00:15:00,46.85
1583,2016-08-24T00:20:00,46.82
1584,2016-08-24T00:25:00,46.83
1585,2016-08-24T00:30:00,46.88
1586,2016-08-24T00:35:00,46.69
1587,2016-08-24T00:40:00,46.84
1588,2016-08-24T00:45:00,46.77
1589,2016-08-24T00:50:00,46.8
1590,2016-08-24T00:55:00,46.88
1591,2016-08-24T01:00:00,46.88
1592,2016-08-24T01:05:00,46.79
1593,2016-08-24T01:10:00,46.75
1594,2016-08-24T01:15:00,46.74
1595,2016-08-24T01:20:00,46.76
1596,2016-08-24T01:25:00,46.74
1597,2016-08-24T01:30:00,46.78
1598,2016-08-24T01:35:00,46.75
1599,2016-08-24T01:40:00,46.62
1600,2016-08-24T01:45:00,46.64
1601,2016-08-24T01:50:00,46.74
1602,2016-08-24T01:55:00,46.75
1603,2016-08-24T02:00:00,46.62
1604,2016-08-24T02:05:00,46.7
1605,2016-08-24T02:10:00,46.7
1606,2016-08-24T02:15:00,46.72
1607,2016-08-24T02:20:00,46.7
1608,2016-08-24T02:25:00,46.66
1609,2016-08-24T02:30:00,46.71
1610,2016-08-24T02:35:00,46.63
1611,2016-08-24T02:40:00,46.75
1612,2016-08-24T02:45:00,46.59
1613,2016-08-24T02:50:00,46.64
1614,2016-08-24T02:55:00,46.65
1615,2016-08-24T03:00:00,46.53
1616,2016-08-24T03:05:00,46.65
1617,2016-08-24T03:10:00,46.67
1618,2016-08-24T03:15:00,46.61
1619,2016-08-24T03:20:00,46.66
1620,2016-08-24T03:25:00,46.66
1621,2016-08-24T03:30:00,46.54
1622,2016-08-24T03:35:00,46.69
1623,2016-08-24T03:40:00,46.67
1624,2016-08-24T03:45:00,46.53
1625,2016-08-24T03:50:00,46.49
1626,2016-08-24T03:55:00,46.46
1627,2016-08-24T04:00:00,46.66
1628,2016-08-24T04:05:00,46.55
1629,2016-08-24T04:10:00,46.51
1630,2016-08-24T04:15:00,46.59
1631,2016-08-24T04:20:00,46.41
1632,2016-08-24T04:25:00,46.43
1633,2016-08-24T04:30:00,46.43
1634,2016-08-24T04:35:00,46.46
1635,2016-08-24T04:40:00,46.47
1636,2016-08-24T04:45:00,46.5
1637,2016-08-24T04:50:00,46.4
1638,2016-08-24T04:55:00,46.38
1639,2016-08-24T05:00:00,46.48
1640,2016-08-24T05:05:00,46.29
1641,2016-08-24T05:10:00,46.41
1642,2016-08-24T05:15:00,46.32
1643,2016-08-24T05:20:00,46.46
1644,2016-08-24T05:25:00,46.25
1645,2016-08-24T05:30:00,46.43
1646,2016-08-24T05:35:00,46.36
1647,2016-08-24T05:40:00,46.27
1648,2016-08-24T05:45:00,46.37
1649,2016-08-24T05:50:00,46.3
1650,2016-08-24T05:55:00,46.36
1651,2016-08-24T06:00:00,46.21
1652,2016-08-24T06:05:00,46.19
1653,2016-08-24T06:10:00,46.18
1654,2016-08-24T06:15:00,46.1
1655,2016-08-24T06:20:00,46.19
1656,2016-08-24T06:25:00,46.06
1657,2016-08-24T06:30:00,45.99
1658,2016-08-24T06:35:00,46.01
1659,2016-08-24T06:40:00,46.04
1660,2016-08-24T06:45:00,45.8
1661,2016-08-24T06:50:00,45.99
1662,2016-08-24T06:55:00,45.99
1663,2016-08-24T07:00:00,45.85
1664,2016-08-24T07:05:00,45.85
1665,2016-08-24T07:10:00,45.86
1666,2016-08-24T07:15:00,45.91
1667,2016-08-24T07:20:00,45.94
1668,2016-08-24T07:25:00,45.97
1669,2016-08-24T07:30:00,46
1670,2016-08-24T07:35:00,46.11
1671,2016-08-24T07:40:00,46.29
1672,2016-08-24T07:45:00,46.22
1673,2016-08-24T07:50:00,46.21
1674,2016-08-24T07:55:00,46.36
1675,2016-08-24T08:00:00,46.85
1676,2016-08-24T08:05:00,47.06
1677,2016-08-24T08:10:00,47.06
1678,2016-08-24T08:15:00,47.17
1679,2016-08-24T08:20:00,47.29
1680,2016-08-24T08:25:00,47.41
1681,2016-08-24T08:30:00,47.66
1682,2016-08-24T08:35:00,47.91
1683,2016-08-24T08:40:00,48.25
1684,2016-08-24T08:45:00,48.22
1685,2016-08-24T08:50:00,47.91
1686,2016-08-24T08:55:00,47.93
1687,2016-08-24T09:00:00,47.7
1688,2016-08-24T09:05:00,47.59
1689,2016-08-24T09:10:00,47.5
1690,2016-08-24T09:15:00,47.33
1691,2016-08-24T09:20:00,47.36
1692,2016-08-24T09:25:00,47.21
1693,2016-08-24T09:30:00,47.3
1694,2016-08-24T09:35:00,47.18
1695,2016-08-24T09:40:00,46.98
1696,2016-08-24T09:45:00,47.03
1697,2016-08-24T09:50:00,46.97
1698,2016-08-24T09:55:00,46.91
1699,2016-08-24T10:00:00,46.92
1700,2016-08-24T10:05:00,47.04
1701,2016-08-24T10:10:00,47.13
1702,2016-08-24T10:15:00,47.01
1703,2016-08-24T10:20:00,47.15
1704,2016-08-24T10:25:00,47.34
1705,2016-08-24T10:30:00,47.36
1706,2016-08-24T10:35:00,47.49
1707,2016-08-24T10:40:00,47.4
1708,2016-08-24T10:45:00,47.49
1709,2016-08-24T10:50:00,47.63
1710,2016-08-24T10:55:00,47.6
1711,2016-08-24T11:00:00,47.52
1712,2016-08-24T11:05:00,47.6
1713,2016-08-24T11:10:00,47.61
1714,2016-08-24T11:15:00,47.62
1715,2016-08-24T11:20:00,47.75
1716,2016-08-24T11:25:00,47.78
1717,2016-08-24T11:30:00,47.67
1718,2016-08-24T11:35:00,47.56
1719,2016-08-24T11:40:00,47.5
1720,2016-08-24T11:45:00,47.29
1721,2016-08-24T11:50:00,47.28
1722,2016-08-24T11:55:00,47.22
1723,2016-08-24T12:00:00,47.11
1724,2016-08-24T12:05:00,47.24
1725,2016-08-24T12:10:00,47.13
1726,2016-08-24T12:15:00,47.07
1727,2016-08-24T12:20:00,46.94
1728,2016-08-24T12:25:00,47.07
1729,2016-08-24T12:30:00,47.09
1730,2016-08-24T12:35:00,47.04
1731,2016-08-24T12:40:00,47.07
1732,2016-08-24T12:45:00,47.15
1733,2016-08-24T12:50:00,47.23
1734,2016-08-24T12:55:00,47.21
1735,2016-08-24T13:00:00,47.27
1736,2016-08-24T13:05:00,47.36
1737,2016-08-24T13:10:00,47.33
1738,2016-08-24T13:15:00,47.27
1739,2016-08-24T13:20:00,47.24
1740,2016-08-24T13:25:00,47.28
1741,2016-08-24T13:30:00,47.3
1742,2016-08-24T13:35:00,47.35
1743,2016-08-24T13:40:00,47.45
1744,2016-08-24T13:45:00,47.45
1745,2016-08-24T13:50:00,47.54
1746,2016-08-24T13:55:00,47.64
1747,2016-08-24T14:00:00,47.57
1748,2016-08-24T14:05:00,47.61
1749,2016-08-24T14:10:00,47.68
1750,2016-08-24T14:15:00,47.71
1751,2016-08-24T14:20:00,47.85
1752,2016-08-24T14:25:00,47.82
1753,2016-08-24T14:30:00,47.93
1754,2016-08-24T14:35:00,47.94
1755,2016-08-24T14:40:00,47.92
1756,2016-08-24T14:45:00,47.79
1757,2016-08-24T14:50:00,47.77
1758,2016-08-24T14:55:00,47.46
1759,2016-08-24T15:00:00,46.03
1760,2016-08-24T15:05:00,45.1
1761,2016-08-24T15:10:00,44.66
1762,2016-08-24T15:15:00,44.49
1763,2016-08-24T15:20:00,44.32
1764,2016-08-24T15:25:00,44.11
1765,2016-08-24T15:30:00,43.84
1766,2016-08-24T15:35:00,43.84
1767,2016-08-24T15:40:00,43.88
1768,2016-08-24T15:45:00,44.25
1769,2016-08-24T15:50:00,43.84
1770,2016-08-24T15:55:00,43.38
1771,2016-08-24T16:00:00,43.34
1772,2016-08-24T16:05:00,43.14
1773,2016-08-24T16:10:00,43.24
1774,2016-08-24T16:15:00,43.3
1775,2016-08-24T16:20:00,43.01
1776,2016-08-24T16:25:00,42.91
1777,2016-08-24T16:30:00,42.97
1778,2016-08-24T16:35:00,42.96
1779,2016-08-24T16:40:00,42.98
1780,2016-08-24T16:45:00,42.88
1781,2016-08-24T16:50:00,42.73
1782,2016-08-24T16:55:00,42.59
1783,2016-08-24T17:00:00,42.52
1784,2016-08-24T17:05:00,42.26
1785,2016-08-24T17:10:00,42.17
1786,2016-08-24T17:15:00,42.13
1787,2016-08-24T17:20:00,42.03
1788,2016-08-24T17:25:00,42.17
1789,2016-08-24T17:30:00,42.54
1790,2016-08-24T17:35:00,43.19
1791,2016-08-24T17:40:00,43.63
1792,2016-08-24T17:45:00,43.8
1793,2016-08-24T17:50:00,43.85
1794,2016-08-24T17:55:00,43.79
1795,2016-08-24T18:00:00,43.72
1796,2016-08-24T18:05:00,43.67
1797,2016-08-24T18:10:00,43.59
1798,2016-08-24T18:15:00,43.61
1799,2016-08-24T18:20:00,43.62
1800,2016-08-24T18:25:00,43.55
1801,2016-08-24T18:30:00,43.55
1802,2016-08-24T18:35:00,43.6
1803,2016-08-24T18:40:00,43.55
1804,2016-08-24T18:45:00,43.62
1805,2016-08-24T18:50:00,43.55
1806,2016-08-24T18:55:00,43.63
1807,2016-08-24T19:00:00,43.59
1808,2016-08-24T19:05:00,43.56
1809,2016-08-24T19:10:00,43.49
1810,2016-08-24T19:15:00,43.53
1811,2016-08-24T19:20:00,43.53
1812,2016-08-24T19:25:00,43.57
1813,2016-08-24T19:30:00,43.66
1814,2016-08-24T19:35:00,43.67
1815,2016-08-24T19:40:00,43.7
1816,2016-08-24T19:45:00,43.75
1817,2016-08-24T19:50:00,43.82
1818,2016-08-24T19:55:00,43.86
1819,2016-08-24T20:00:00,43.89
1820,2016-08-24T20:05:00,43.96
1821,2016-08-24T20:10:00,44.09
1822,2016-08-24T20:15:00,44.07
1823,2016-08-24T20:20:00,44.21
1824,2016-08-24T20:25:00,44.19
1825,2016-08-24T20:30:00,44.31
1826,2016-08-24T20:35:00,44.12
1827,2016-08-24T20:40:00,44.15
1828,2016-08-24T20:45:00,44.06
1829,2016-08-24T20:50:00,43.88
1830,2016-08-24T20:55:00,43.99
1831,2016-08-24T21:00:00,44.05
1832,2016-08-24T21:05:00,44.18
1833,2016-08-24T21:10:00,44.12
1834,2016-08-24T21:15:00,44.15
1835,2016-08-24T21:20:00,44.28
1836,2016-08-24T21:25:00,44.38
1837,2016-08-24T21:30:00,44.22
1838,2016-08-24T21:35:00,44.33
1839,2016-08-24T21:40:00,44.37
1840,2016-08-24T21:45:00,44.5
1841,2016-08-24T21:50:00,44.51
1842,2016-08-24T21:55:00,44.6
1843,2016-08-24T22:00:00,44.58
1844,2016-08-24T22:05:00,44.53
1845,2016-08-24T22:10:00,44.73
1846,2016-08-24T22:15:00,44.67
1847,2016-08-24T22:20:00,44.75
1848,2016-08-24T22:25:00,44.78
1849,2016-08-24T22:30:00,44.92
1850,2016-08-24T22:35:00,44.8
1851,2016-08-24T22:40:00,44.81
1852,2016-08-24T22:45:00,44.96
1853,2016-08-24T22:50:00,44.95
1854,2016-08-24T22:55:00,45.16
1855,2016-08-24T23:00:00,45.17
1856,2016-08-24T23:05:00,45.24
1857,2016-08-24T23:10:00,45.19
1858,2016-08-24T23:15:00,45.35
1859,2016-08-24T23:20:00,45.28
1860,2016-08-24T23:25:00,45.42
1861,2016-08-24T23:30:00,45.45
1862,2016-08-24T23:35:00,45.49
1863,2016-08-24T23:40:00,45.64
1864,2016-08-24T23:45:00,45.69
1865,2016-08-24T23:50:00,45.62
1866,2016-08-24T23:55:00,45.67
1867,2016-08-25T00:00:00,45.73
1868,2016-08-25T00:05:00,45.76
1869,2016-08-25T00:10:00,45.8
1870,2016-08-25T00:15:00,45.86
1871,2016-08-25T00:20:00,45.77
1872,2016-08-25T00:25:00,45.83
1873,2016-08-25T00:30:00,45.76
1874,2016-08-25T00:35:00,45.83
1875,2016-08-25T00:40:00,45.93
1876,2016-08-25T00:45:00,45.93
1877,2016-08-25T00:50:00,46.1
1878,2016-08-25T00:55:00,46.04
1879,2016-08-25T01:00:00,46.04
1880,2016-08-25T01:05:00,46.12
1881,2016-08-25T01:10:00,46.16
1882,2016-08-25T01:15:00,46
1883,2016-08-25T01:20:00,46.21
1884,2016-08-25T01:25:00,46.21
1885,2016-08-25T01:30:00,46.25
1886,2016-08-25T01:35:00,46.25
1887,2016-08-25T01:40:00,46.23
1888,2016-08-25T01:45:00,46.31
1889,2016-08-25T01:50:00,46.31
1890,2016-08-25T01:55:00,46.41
1891,2016-08-25T02:00:00,46.38
1892,2016-08-25T02:05:00,46.47
1893,2016-08-25T02:10:00,46.45
1894,2016-08-25T02:15:00,46.51
1895,2016-08-25T02:20:00,46.4
1896,2016-08-25T02:25:00,46.5
1897,2016-08-25T02:30:00,46.65
1898,2016-08-25T02:35:00,46.74
1899,2016-08-25T02:40:00,46.68
1900,2016-08-25T02:45:00,46.64
1901,2016-08-25T02:50:00,46.71
1902,2016-08-25T02:55:00,46.77
1903,2016-08-25T03:00:00,46.88
1904,2016-08-25T03:05:00,46.87
1905,2016-08-25T03:10:00,46.85
1906,2016-08-25T03:15:00,46.78
1907,2016-08-25T03:20:00,46.92
1908,2016-08-25T03:25:00,46.98
1909,2016-08-25T03:30:00,46.94
1910,2016-08-25T03:35:00,46.96
1911,2016-08-25T03:40:00,47.03
1912,2016-08-25T03:45:00,47.04
1913,2016-08-25T03:50:00,47.15
1914,2016-08-25T03:55:00,47.05
1915,2016-08-25T04:00:00,47.19
1916,2016-08-25T04:05:00,47.1
1917,2016-08-25T04:10:00,47.24
1918,2016-08-25T04:15:00,47.24
1919,2016-08-25T04:20:00,47.27
1920,2016-08-25T04:25:00,47.22
1921,2016-08-25T04:30:00,47.32
1922,2016-08-25T04:35:00,47.34
1923,2016-08-25T04:40:00,47.33
1924,2016-08-25T04:45:00,47.27
1925,2016-08-25T04:50:00,47.38
1926,2016-08-25T04:55:00,47.35
1927,2016-08-25T05:00:00,47.48
1928,2016-08-25T05:05:00,47.47
1929,2016-08-25T05:10:00,47.53
1930,2016-08-25T05:15:00,47.55
1931,2016-08-25T05:20:00,47.6
1932,2016-08-25T05:25:00,47.67
1933,2016-08-25T05:30:00,47.67
1934,2016-08-25T05:35:00,47.7
1935,2016-08-25T05:40:00,47.7
1936,2016-08-25T05:45:00,47.7
1937,2016-08-25T05:50:00,47.79
1938,2016-08-25T05:55:00,47.77
1939,2016-08-25T06:00:00,47.88
1940,2016-08-25T06:05:00,47.88
1941,2016-08-25T06:10:00,47.85
1942,2016-08-25T06:15:00,47.84
1943,2016-08-25T06:20:00,47.83
1944,2016-08-25T06:25:00,47.86
1945,2016-08-25T06:30:00,48.1
1946,2016-08-25T06:35:00,48.1
1947,2016-08-25T06:40:00,48.17
1948,2016-08-25T06:45:00,48.28
1949,2016-08-25T06:50:00,48.48
1950,2016-08-25T06:55:00,48.56
1951,2016-08-25T07:00:00,48.82
1952,2016-08-25T07:05:00,48.96
1953,2016-08-25T07:10:00,49.14
1954,2016-08-25T07:15:00,49.18
1955,2016-08-25T07:20:00,49.26
1956,2016-08-25T07:25:00,49.38
1957,2016-08-25T07:30:00,49.46
1958,2016-08-25T07:35:00,49.53
1959,2016-08-25T07:40:00,49.6
1960,2016-08-25T07:45:00,49.64
1961,2016-08-25T07:50:00,49.6
1962,2016-08-25T07:55:00,49.85
1963,2016-08-25T08:00:00,49.93
1964,2016-08-25T08:05:00,49.94
1965,2016-08-25T08:10:00,49.89
1966,2016-08-25T08:15:00,50
1967,2016-08-25T08:20:00,49.94
1968,2016-08-25T08:25:00,50
1969,2016-08-25T08:30:00,50.1
1970,2016-08-25T08:35:00,50
1971,2016-08-25T08:40:00,50.1
1972,2016-08-25T08:45:00,50.38
1973,2016-08-25T08:50:00,50.48
1974,2016-08-25T08:55:00,50.55
1975,2016-08-25T09:00:00,50.46
1976,2016-08-25T09:05:00,50.48
1977,2016-08-25T09:10:00,50.36
1978,2016-08-25T09:15:00,50.42
1979,2016-08-25T09:20:00,50.47
1980,2016-08-25T09:25:00,50.4
1981,2016-08-25T09:30:00,50.3
1982,2016-08-25T09:35:00,50.36
1983,2016-08-25T09:40:00,50.25
1984,2016-08-25T09:45:00,50.17
1985,2016-08-25T09:50:00,50.04
1986,2016-08-25T09:55:00,50.04
1987,2016-08-25T10:00:00,49.94
1988,2016-08-25T10:05:00,49.97
1989,2016-08-25T10:10:00,49.96
1990,2016-08-25T10:15:00,49.9
1991,2016-08-25T10:20:00,49.82
1992,2016-08-25T10:25:00,49.73
1993,2016-08-25T10:30:00,49.6
1994,2016-08-25T10:35:00,49.55
1995,2016-08-25T10:40:00,49.47
1996,2016-08-25T10:45:00,49.44
1997,2016-08-25T10:50:00,49.51
1998,2016-08-25T10:55:00,49.35
1999,2016-08-25T11:00:00,49.32
2000,2016-08-25T11:05:00,49.13
2001,2016-11-16T01:30:00,71.2
2002,2016-11-16T01:50:00,71
2003,2016-11-16T02:10:00,71.5
2004,2016-11-16T02:30:00,72.1
2005,2016-11-16T02:50:00,71.6
2006,2016-11-16T03:10:00,71.8
2007,2016-11-16T03:30:00,71.9
2008,2016-11-16T03:50:00,71.9
2009,2016-11-16T04:10:00,72.1
2010,2016-11-16T04:30:00,71.8
2011,2016-11-16T04:50:00,71.6
2012,2016-11-16T05:10:00,71.3
2013,2016-11-16T05:30:00,71.5
2014,2016-11-16T05:50:00,70.4
2015,2016-11-16T06:10:00,69.9
2016,2016-11-16T06:30:00,69.1
2017,2016-11-16T06:50:00,67.8
2018,2016-11-16T07:10:00,68
2019,2016-11-16T07:30:00,68.2
2020,2016-11-16T07:50:00,67.8
2021,2016-11-16T08:10:00,68.5
2022,2016-11-16T08:30:00,69.1
2023,2016-11-16T08:50:00,68.9
2024,2016-11-16T09:10:00,68.9
2025,2016-11-16T09:30:00,68.8
2026,2016-11-16T09:50:00,68.5
2027,2016-11-16T10:10:00,68.8
2028,2016-11-16T10:30:00,67.8
2029,2016-11-16T10:50:00,67.8
2030,2016-11-16T11:10:00,67.4
2031,2016-11-16T11:30:00,67.8
2032,2016-11-16T11:50:00,67.4
2033,2016-11-16T12:15:00,70.2
2034,2016-11-16T12:35:00,70.5
2035,2016-11-16T12:55:00,71.2
2036,2016-11-16T13:15:00,71.3
2037,2016-11-16T13:35:00,71.2
2038,2016-08-25T11:10:00,49.13
2039,2016-08-25T11:15:00,49.15
2040,2016-08-25T11:20:00,49.04
2041,2016-08-25T11:25:00,48.94
2042,2016-08-25T11:30:00,48.79
2043,2016-08-25T11:35:00,48.79
2044,2016-08-25T11:40:00,48.65
2045,2016-08-25T11:45:00,48.45
2046,2016-08-25T11:50:00,48.51
2047,2016-08-25T11:55:00,48.35
2048,2016-08-25T12:00:00,48.27
2049,2016-08-25T12:05:00,48.08
2050,2016-08-25T12:10:00,48.25
2051,2016-08-25T12:15:00,48.16
2052,2016-08-25T12:20:00,48.09
2053,2016-08-25T12:25:00,48.09
2054,2016-08-25T12:30:00,48.12
2055,2016-08-25T12:35:00,48.13
2056,2016-08-25T12:40:00,48.19
2057,2016-08-25T12:45:00,48.18
2058,2016-08-25T12:50:00,48.2
2059,2016-08-25T12:55:00,48.23
2060,2016-08-25T13:00:00,48.18
2061,2016-08-25T13:05:00,48.14
2062,2016-08-25T13:10:00,48.12
2063,2016-08-25T13:15:00,47.99
2064,2016-08-25T13:20:00,47.88
2065,2016-08-25T13:25:00,47.84
2066,2016-08-25T13:30:00,47.9
2067,2016-08-25T13:35:00,47.78
2068,2016-08-25T13:40:00,47.76
2069,2016-08-25T13:45:00,47.88
2070,2016-08-25T13:50:00,47.89
2071,2016-08-25T13:55:00,47.86
2072,2016-08-25T14:00:00,47.88
2073,2016-08-25T14:05:00,47.91
2074,2016-08-25T14:10:00,47.75
2075,2016-08-25T14:15:00,47.69
2076,2016-08-25T14:20:00,47.65
2077,2016-08-25T14:25:00,47.55
2078,2016-08-25T14:30:00,47.41
2079,2016-08-25T14:35:00,47.51
2080,2016-08-25T14:40:00,47.18
2081,2016-08-25T14:45:00,47.12
2082,2016-08-25T14:50:00,46.73
2083,2016-08-25T14:55:00,45.74
2084,2016-08-25T15:00:00,44.53
2085,2016-08-25T15:05:00,43.76
2086,2016-08-25T15:10:00,43.45
2087,2016-08-25T15:15:00,43.06
2088,2016-08-25T15:20:00,43
2089,2016-08-25T15:25:00,42.77
2090,2016-08-25T15:30:00,42.46
2091,2016-08-25T15:35:00,42.23
2092,2016-08-25T15:40:00,42.08
2093,2016-08-25T15:45:00,41.82
2094,2016-08-25T15:50:00,41.65
2095,2016-08-25T15:55:00,41.79
2096,2016-08-25T16:00:00,41.67
2097,2016-08-25T16:05:00,41.63
2098,2016-08-25T16:10:00,41.62
2099,2016-08-25T16:15:00,41.57
2100,2016-08-25T16:20:00,41.43
2101,2016-08-25T16:25:00,41.2
2102,2016-08-25T16:30:00,41.26
2103,2016-08-25T16:35:00,41.35
2104,2016-08-25T16:40:00,41.28
2105,2016-08-25T16:45:00,41.03
2106,2016-08-25T16:50:00,40.94
2107,2016-08-25T16:55:00,41.28
2108,2016-08-25T17:00:00,41.57
2109,2016-08-25T17:05:00,41.72
2110,2016-08-25T17:10:00,41.62
2111,2016-08-25T17:15:00,41.54
2112,2016-08-25T17:20:00,41.45
2113,2016-08-25T17:25:00,41.33
2114,2016-08-25T17:30:00,41.39
2115,2016-08-25T17:35:00,42.17
2116,2016-08-25T17:40:00,42.56
2117,2016-08-25T17:45:00,42.7
2118,2016-08-25T17:50:00,42.87
2119,2016-08-25T17:55:00,42.86
2120,2016-08-25T18:00:00,42.93
2121,2016-08-25T18:05:00,43.02
2122,2016-08-25T18:10:00,43.12
2123,2016-08-25T18:15:00,43.13
2124,2016-08-25T18:20:00,42.98
2125,2016-08-25T18:25:00,43
2126,2016-08-25T18:30:00,42.96
2127,2016-08-25T18:35:00,43.02
2128,2016-08-25T18:40:00,43.06
2129,2016-08-25T18:45:00,43.08
2130,2016-08-25T18:50:00,43.14
2131,2016-08-25T18:55:00,43.04
2132,2016-08-25T19:00:00,43.2
2133,2016-08-25T19:05:00,43.26
2134,2016-08-25T19:10:00,43.32
2135,2016-08-25T19:15:00,43.27
2136,2016-08-25T19:20:00,43.45
2137,2016-08-25T19:25:00,43.51
2138,2016-08-25T19:30:00,43.53
2139,2016-08-25T19:35:00,43.65
2140,2016-08-25T19:40:00,43.65
2141,2016-08-25T19:45:00,43.79
2142,2016-08-25T19:50:00,43.69
2143,2016-08-25T19:55:00,43.78
2144,2016-08-25T20:00:00,43.77
2145,2016-08-25T20:05:00,43.82
2146,2016-08-25T20:10:00,43.94
2147,2016-08-25T20:15:00,44.06
2148,2016-08-25T20:20:00,43.94
2149,2016-08-25T20:25:00,44.05
2150,2016-08-25T20:30:00,44.11
2151,2016-08-25T20:35:00,44.14
2152,2016-08-25T20:40:00,43.91
2153,2016-08-25T20:45:00,43.9
2154,2016-08-25T20:50:00,43.8
2155,2016-08-25T20:55:00,43.86
2156,2016-08-25T21:00:00,43.94
2157,2016-08-25T21:05:00,43.92
2158,2016-08-25T21:10:00,44.02
2159,2016-08-25T21:15:00,44.06
2160,2016-08-25T21:20:00,44.08
2161,2016-08-25T21:25:00,44.2
2162,2016-08-25T21:30:00,44.19
2163,2016-08-25T21:35:00,44.15
2164,2016-08-25T21:40:00,44.29
2165,2016-08-25T21:45:00,44.4
2166,2016-08-25T21:50:00,44.38
2167,2016-08-25T21:55:00,44.38
2168,2016-08-25T22:00:00,44.45
2169,2016-08-25T22:05:00,44.35
2170,2016-08-25T22:10:00,44.56
2171,2016-08-25T22:15:00,44.66
2172,2016-08-25T22:20:00,44.7
2173,2016-08-25T22:25:00,44.65
2174,2016-08-25T22:30:00,44.77
2175,2016-08-25T22:35:00,44.83
2176,2016-08-25T22:40:00,44.69
2177,2016-08-25T22:45:00,44.79
2178,2016-08-25T22:50:00,44.88
2179,2016-08-25T22:55:00,44.9
2180,2016-08-25T23:00:00,44.89
2181,2016-08-25T23:05:00,44.93
2182,2016-08-25T23:10:00,44.92
2183,2016-08-25T23:15:00,44.94
2184,2016-08-25T23:20:00,44.92
2185,2016-08-25T23:25:00,44.91
2186,2016-08-25T23:30:00,44.97
2187,2016-08-25T23:35:00,45.05
2188,2016-08-25T23:40:00,44.88
2189,2016-08-25T23:45:00,44.98
2190,2016-08-25T23:50:00,44.95
2191,2016-08-25T23:55:00,44.99
2192,2016-08-26T00:00:00,44.91
2193,2016-08-26T00:05:00,45.07
2194,2016-08-26T00:10:00,45.04
2195,2016-08-26T00:15:00,45.07
2196,2016-08-26T00:20:00,45.11
2197,2016-08-26T00:25:00,45.23
2198,2016-08-26T00:30:00,45.04
2199,2016-08-26T00:35:00,45.15
2200,2016-08-26T00:40:00,45.24
2201,2016-08-26T00:45:00,45.19
2202,2016-08-26T00:50:00,45.25
2203,2016-08-26T00:55:00,45.32
2204,2016-08-26T01:00:00,45.21
2205,2016-08-26T01:05:00,45.23
2206,2016-08-26T01:10:00,45.17
2207,2016-08-26T01:15:00,45.33
2208,2016-08-26T01:20:00,45.24
2209,2016-08-26T01:25:00,45.32
2210,2016-08-26T01:30:00,45.31
2211,2016-08-26T01:35:00,45.36
2212,2016-08-26T01:40:00,45.26
2213,2016-08-26T01:45:00,45.41
2214,2016-08-26T01:50:00,45.39
2215,2016-08-26T01:55:00,45.38
2216,2016-08-26T02:00:00,45.41
2217,2016-08-26T02:05:00,45.22
2218,2016-08-26T02:10:00,45.44
2219,2016-08-26T02:15:00,45.4
2220,2016-08-26T02:20:00,45.45
2221,2016-08-26T02:25:00,45.51
2222,2016-08-26T02:30:00,45.36
2223,2016-08-26T02:35:00,45.36
2224,2016-08-26T02:40:00,45.5
2225,2016-08-26T02:45:00,45.42
2226,2016-08-26T02:50:00,45.49
2227,2016-08-26T02:55:00,45.58
2228,2016-08-26T03:00:00,45.49
2229,2016-08-26T03:05:00,45.58
2230,2016-08-26T03:10:00,45.68
2231,2016-08-26T03:15:00,45.62
2232,2016-08-26T03:20:00,45.72
2233,2016-08-26T03:25:00,45.67
2234,2016-08-26T03:30:00,45.68
2235,2016-08-26T03:35:00,45.7
2236,2016-08-26T03:40:00,45.77
2237,2016-08-26T03:45:00,45.8
2238,2016-08-26T03:50:00,45.83
2239,2016-08-26T03:55:00,45.79
2240,2016-08-26T04:00:00,45.91
2241,2016-08-26T04:05:00,45.92
2242,2016-08-26T04:10:00,46.01
2243,2016-08-26T04:15:00,45.99
2244,2016-08-26T04:20:00,45.96
2245,2016-08-26T04:25:00,46.08
2246,2016-08-26T04:30:00,46.13
2247,2016-08-26T04:35:00,46.02
2248,2016-08-26T04:40:00,46.04
2249,2016-08-26T04:45:00,46.09
2250,2016-08-26T04:50:00,46.12
2251,2016-08-26T04:55:00,46.17
2252,2016-08-26T05:00:00,46.13
2253,2016-08-26T05:05:00,46.2
2254,2016-08-26T05:10:00,46.26
2255,2016-08-26T05:15:00,46.28
2256,2016-08-26T05:20:00,46.18
2257,2016-08-26T05:25:00,46.31
2258,2016-08-26T05:30:00,46.27
2259,2016-08-26T05:35:00,46.16
2260,2016-08-26T05:40:00,46.15
2261,2016-08-26T05:45:00,46.24
2262,2016-08-26T05:50:00,46.27
2263,2016-08-26T05:55:00,46.25
2264,2016-08-26T06:00:00,46.23
2265,2016-08-26T06:05:00,46.28
2266,2016-08-26T06:10:00,46.24
2267,2016-08-26T06:15:00,46.2
2268,2016-08-26T06:20:00,46.18
2269,2016-08-26T06:25:00,46.17
2270,2016-08-26T06:30:00,46.19
2271,2016-08-26T06:35:00,46.13
2272,2016-08-26T06:40:00,46.05
2273,2016-08-26T06:45:00,46.12
2274,2016-08-26T06:50:00,46.07
2275,2016-08-26T06:55:00,45.95
2276,2016-08-26T07:00:00,45.78
2277,2016-08-26T07:05:00,45.79
2278,2016-08-26T07:10:00,45.83
2279,2016-08-26T07:15:00,45.82
2280,2016-08-26T07:20:00,45.71
2281,2016-08-26T07:25:00,45.62
2282,2016-08-26T07:30:00,45.58
2283,2016-08-26T07:35:00,45.55
2284,2016-08-26T07:40:00,45.59
2285,2016-08-26T07:45:00,45.54
2286,2016-08-26T07:50:00,45.64
2287,2016-08-26T07:55:00,45.56
2288,2016-08-26T08:00:00,45.75
2289,2016-08-26T08:05:00,45.66
2290,2016-08-26T08:10:00,45.68
2291,2016-08-26T08:15:00,45.82
2292,2016-08-26T08:20:00,45.94
2293,2016-08-26T08:25:00,46.1
2294,2016-08-26T08:30:00,46.36
2295,2016-08-26T08:35:00,46.41
2296,2016-08-26T08:40:00,46.37
2297,2016-08-26T08:45:00,46.41
2298,2016-08-26T08:50:00,46.27
2299,2016-08-26T08:55:00,46.02
2300,2016-08-26T09:00:00,45.91
2301,2016-08-26T09:05:00,45.98
2302,2016-08-26T09:10:00,46.02
2303,2016-08-26T09:15:00,45.88
2304,2016-08-26T09:20:00,45.97
2305,2016-08-26T09:25:00,46.03
2306,2016-08-26T09:30:00,45.92
2307,2016-08-26T09:35:00,45.91
2308,2016-08-26T09:40:00,45.81
2309,2016-08-26T09:45:00,45.91
2310,2016-08-26T09:50:00,45.89
2311,2016-08-26T09:55:00,45.89
2312,2016-08-26T10:00:00,46
2313,2016-08-26T10:05:00,46.04
2314,2016-08-26T10:10:00,46.17
2315,2016-08-26T10:15:00,46.26
2316,2016-08-26T10:20:00,46.2
2317,2016-08-26T10:25:00,46.44
2318,2016-08-26T10:30:00,46.44
2319,2016-08-26T10:35:00,46.46
2320,2016-08-26T10:40:00,46.5
2321,2016-08-26T10:45:00,46.71
2322,2016-08-26T10:50:00,46.67
2323,2016-08-26T10:55:00,46.66
2324,2016-08-26T11:00:00,46.83
2325,2016-08-26T11:05:00,46.93
2326,2016-08-26T11:10:00,46.85
2327,2016-08-26T11:15:00,46.85
2328,2016-08-26T11:20:00,46.9
2329,2016-08-26T11:25:00,47.04
2330,2016-08-26T11:30:00,47.14
2331,2016-08-26T11:35:00,47.1
2332,2016-08-26T11:40:00,47.09
2333,2016-08-26T11:45:00,47.28
2334,2016-08-26T11:50:00,47.27
2335,2016-08-26T11:55:00,47.42
2336,2016-08-26T12:00:00,47.35
2337,2016-08-26T12:05:00,47.22
2338,2016-08-26T12:10:00,47.31
2339,2016-08-26T12:15:00,47.28
2340,2016-08-26T12:20:00,47.41
2341,2016-08-26T12:25:00,47.31
2342,2016-08-26T12:30:00,47.29
2343,2016-08-26T12:35:00,47.45
2344,2016-08-26T12:40:00,47.58
2345,2016-08-26T12:45:00,47.52
2346,2016-08-26T12:50:00,47.48
2347,2016-08-26T12:55:00,47.54
2348,2016-08-26T13:00:00,47.71
2349,2016-08-26T13:05:00,47.63
2350,2016-08-26T13:10:00,47.71
2351,2016-08-26T13:15:00,47.68
2352,2016-08-26T13:20:00,47.88
2353,2016-08-26T13:25:00,47.92
2354,2016-08-26T13:30:00,47.98
2355,2016-08-26T13:35:00,48.02
2356,2016-08-26T13:40:00,48.22
2357,2016-08-26T13:45:00,48.27
2358,2016-08-26T13:50:00,48.16
2359,2016-08-26T13:55:00,48.09
2360,2016-08-26T14:00:00,48.21
2361,2016-08-26T14:05:00,48.14
2362,2016-08-26T14:10:00,48.13
2363,2016-08-26T14:15:00,47.9
2364,2016-08-26T14:20:00,47.68
2365,2016-08-26T14:25:00,47.3
2366,2016-08-26T14:30:00,47.03
2367,2016-08-26T14:35:00,46.93
2368,2016-08-26T14:40:00,46.68
2369,2016-08-26T14:45:00,46.53
2370,2016-08-26T14:50:00,45.83
2371,2016-08-26T14:55:00,44.76
2372,2016-08-26T15:00:00,43.97
2373,2016-08-26T15:05:00,43.58
2374,2016-08-26T15:10:00,43.42
2375,2016-08-26T15:15:00,43.17
2376,2016-08-26T15:20:00,42.9
2377,2016-08-26T15:25:00,42.79
2378,2016-08-26T15:30:00,42.84
2379,2016-08-26T15:35:00,42.72
2380,2016-08-26T15:40:00,42.25
2381,2016-08-26T15:45:00,41.81
2382,2016-08-26T15:50:00,41.41
2383,2016-08-26T15:55:00,41.09
2384,2016-08-26T16:00:00,41.09
2385,2016-08-26T16:05:00,41
2386,2016-08-26T16:10:00,41.01
2387,2016-08-26T16:15:00,40.74
2388,2016-08-26T16:20:00,40.54
2389,2016-08-26T16:25:00,40.61
2390,2016-08-26T16:30:00,40.89
2391,2016-08-26T16:35:00,41.66
2392,2016-08-26T16:40:00,42.04
2393,2016-08-26T16:45:00,41.91
2394,2016-08-26T16:50:00,41.95
2395,2016-08-26T16:55:00,41.86
2396,2016-08-26T17:00:00,41.94
2397,2016-08-26T17:05:00,41.84
2398,2016-08-26T17:10:00,41.83
2399,2016-08-26T17:15:00,41.92
2400,2016-08-26T17:20:00,41.94
2401,2016-08-26T17:25:00,42.04
2402,2016-08-26T17:30:00,41.94
2403,2016-08-26T17:35:00,41.98
2404,2016-08-26T17:40:00,41.97
2405,2016-08-26T17:45:00,42.04
2406,2016-08-26T17:50:00,42.04
2407,2016-08-26T17:55:00,42.04
2408,2016-08-26T18:00:00,41.95
2409,2016-08-26T18:05:00,42.04
2410,2016-08-26T18:10:00,42.08
2411,2016-08-26T18:15:00,41.93
2412,2016-08-26T18:20:00,41.99
2413,2016-08-26T18:25:00,42.12
2414,2016-08-26T18:30:00,42.03
2415,2016-08-26T18:35:00,42.04
2416,2016-08-26T18:40:00,42.06
2417,2016-08-26T18:45:00,42.2
2418,2016-08-26T18:50:00,42.07
2419,2016-08-26T18:55:00,42.19
2420,2016-08-26T19:00:00,42.02
2421,2016-08-26T19:05:00,42.11
2422,2016-08-26T19:10:00,42.21
2423,2016-08-26T19:15:00,42.27
2424,2016-08-26T19:20:00,42.21
2425,2016-08-26T19:25:00,42.09
2426,2016-08-26T19:30:00,42.24
2427,2016-08-26T19:35:00,42.28
2428,2016-08-26T19:40:00,42.31
2429,2016-08-26T19:45:00,42.27
2430,2016-08-26T19:50:00,42.25
2431,2016-08-26T19:55:00,42.44
2432,2016-08-26T20:00:00,42.56
2433,2016-08-26T20:05:00,42.54
2434,2016-08-26T20:10:00,42.48
2435,2016-08-26T20:15:00,42.58
2436,2016-08-26T20:20:00,42.64
2437,2016-08-26T20:25:00,42.6
2438,2016-08-26T20:30:00,42.63
2439,2016-08-26T20:35:00,42.63
2440,2016-08-26T20:40:00,42.64
2441,2016-08-26T20:45:00,42.68
2442,2016-08-26T20:50:00,42.67
2443,2016-08-26T20:55:00,42.84
2444,2016-08-26T21:00:00,42.82
2445,2016-08-26T21:05:00,42.89
2446,2016-08-26T21:10:00,43.11
2447,2016-08-26T21:15:00,43
2448,2016-08-26T21:20:00,43.2
2449,2016-08-26T21:25:00,43.2
2450,2016-08-26T21:30:00,43.29
2451,2016-08-26T21:35:00,43.18
2452,2016-08-26T21:40:00,43.32
2453,2016-08-26T21:45:00,43.37
2454,2016-08-26T21:50:00,43.48
2455,2016-08-26T21:55:00,43.53
2456,2016-08-26T22:00:00,43.64
2457,2016-08-26T22:05:00,43.77
2458,2016-08-26T22:10:00,43.74
2459,2016-08-26T22:15:00,43.87
2460,2016-08-26T22:20:00,43.93
2461,2016-08-26T22:25:00,43.92
2462,2016-08-26T22:30:00,44.06
2463,2016-08-26T22:35:00,44.21
2464,2016-08-26T22:40:00,44.34
2465,2016-08-26T22:45:00,44.34
2466,2016-08-26T22:50:00,44.49
2467,2016-08-26T22:55:00,44.47
2468,2016-08-26T23:00:00,44.61
2469,2016-08-26T23:05:00,44.59
2470,2016-08-26T23:10:00,44.71
2471,2016-08-26T23:15:00,44.7
2472,2016-08-26T23:20:00,44.85
2473,2016-08-26T23:25:00,44.8
2474,2016-08-26T23:30:00,44.89
2475,2016-08-26T23:35:00,44.87
2476,2016-08-26T23:40:00,44.9
2477,2016-08-26T23:45:00,44.89
2478,2016-08-26T23:50:00,44.88
2479,2016-08-26T23:55:00,44.85
2480,2016-08-27T00:00:00,44.89
2481,2016-08-27T00:05:00,44.87
2482,2016-08-27T00:10:00,44.8
2483,2016-08-27T00:15:00,44.62
2484,2016-08-27T00:20:00,44.7
2485,2016-08-27T00:25:00,44.63
2486,2016-08-27T00:30:00,44.65
2487,2016-08-27T00:35:00,44.54
2488,2016-08-27T00:40:00,44.62
2489,2016-08-27T00:45:00,44.54
2490,2016-08-27T00:50:00,44.66
2491,2016-08-27T00:55:00,44.42
2492,2016-08-27T01:00:00,44.48
2493,2016-08-27T01:05:00,44.44
2494,2016-08-27T01:10:00,44.49
2495,2016-08-27T01:15:00,44.49
2496,2016-08-27T01:20:00,44.38
2497,2016-08-27T01:25:00,44.37
2498,2016-08-27T01:30:00,44.44
2499,2016-08-27T01:35:00,44.39
2500,2016-08-27T01:40:00,44.46
2501,2016-08-27T01:45:00,44.38
2502,2016-08-27T01:50:00,44.35
2503,2016-08-27T01:55:00,44.3
2504,2016-08-27T02:00:00,44.34
2505,2016-08-27T02:05:00,44.22
2506,2016-08-27T02:10:00,44.18
2507,2016-08-27T02:15:00,44.21
2508,2016-08-27T02:20:00,44.27
2509,2016-08-27T02:25:00,44.18
2510,2016-08-27T02:30:00,44.17
2511,2016-08-27T02:35:00,44.26
2512,2016-08-27T02:40:00,44.23
2513,2016-08-27T02:45:00,44.16
2514,2016-08-27T02:50:00,44.1
2515,2016-08-27T02:55:00,44.14
2516,2016-08-27T03:00:00,44.18
2517,2016-08-27T03:05:00,44.08
2518,2016-08-27T03:10:00,44.12
2519,2016-08-27T03:15:00,44.16
2520,2016-08-27T03:20:00,44.14
2521,2016-08-27T03:25:00,44.12
2522,2016-08-27T03:30:00,44.12
2523,2016-08-27T03:35:00,44.08
2524,2016-08-27T03:40:00,44.03
2525,2016-08-27T03:45:00,44.1
2526,2016-08-27T03:50:00,44.01
2527,2016-08-27T03:55:00,43.96
2528,2016-08-27T04:00:00,43.97
2529,2016-08-27T04:05:00,43.95
2530,2016-08-27T04:10:00,43.99
2531,2016-08-27T04:15:00,43.94
2532,2016-08-27T04:20:00,44.08
2533,2016-08-27T04:25:00,43.96
2534,2016-08-27T04:30:00,43.91
2535,2016-08-27T04:35:00,43.88
2536,2016-08-27T04:40:00,43.84
2537,2016-08-27T04:45:00,43.93
2538,2016-08-27T04:50:00,43.93
2539,2016-08-27T04:55:00,43.89
2540,2016-08-27T05:00:00,43.91
2541,2016-08-27T05:05:00,43.92
2542,2016-08-27T05:10:00,44.04
2543,2016-08-27T05:15:00,43.99
2544,2016-08-27T05:20:00,43.91
2545,2016-08-27T05:25:00,43.87
2546,2016-08-27T05:30:00,43.85
2547,2016-08-27T05:35:00,43.87
2548,2016-08-27T05:40:00,43.9
2549,2016-08-27T05:45:00,43.91
2550,2016-08-27T05:50:00,43.99
2551,2016-08-27T05:55:00,43.97
2552,2016-08-27T06:00:00,43.85
2553,2016-08-27T06:05:00,43.81
2554,2016-08-27T06:10:00,43.88
2555,2016-08-27T06:15:00,43.86
2556,2016-08-27T06:20:00,43.75
2557,2016-08-27T06:25:00,43.73
2558,2016-08-27T06:30:00,43.63
2559,2016-08-27T06:35:00,43.44
2560,2016-08-27T06:40:00,43.29
2561,2016-08-27T06:45:00,43.21
2562,2016-08-27T06:50:00,43.09
2563,2016-08-27T06:55:00,42.98
2564,2016-08-27T07:00:00,42.77
2565,2016-08-27T07:05:00,42.71
2566,2016-08-27T07:10:00,42.59
2567,2016-08-27T07:15:00,42.47
2568,2016-08-27T07:20:00,42.32
2569,2016-08-27T07:25:00,42.15
2570,2016-08-27T07:30:00,42.07
2571,2016-08-27T07:35:00,42.01
2572,2016-08-27T07:40:00,41.71
2573,2016-08-27T07:45:00,41.62
2574,2016-08-27T07:50:00,41.44
2575,2016-08-27T07:55:00,41.31
2576,2016-08-27T08:00:00,41.08
2577,2016-08-27T08:05:00,41
2578,2016-08-27T08:10:00,40.95
2579,2016-08-27T08:15:00,40.79
2580,2016-08-27T08:20:00,40.79
2581,2016-08-27T08:25:00,40.57
2582,2016-08-27T08:30:00,40.62
2583,2016-08-27T08:35:00,40.43
2584,2016-08-27T08:40:00,40.48
2585,2016-08-27T08:45:00,40.49
2586,2016-08-27T08:50:00,40.49
2587,2016-08-27T08:55:00,40.49
2588,2016-08-27T09:00:00,40.5
2589,2016-08-27T09:05:00,40.47
2590,2016-08-27T09:10:00,40.35
2591,2016-08-27T09:15:00,40.51
2592,2016-08-27T09:20:00,40.52
2593,2016-08-27T09:25:00,40.52
2594,2016-08-27T09:30:00,40.4
2595,2016-08-27T09:35:00,40.42
2596,2016-08-27T09:40:00,40.56
2597,2016-08-27T09:45:00,40.47
2598,2016-08-27T09:50:00,40.53
2599,2016-08-27T09:55:00,40.38
2600,2016-08-27T10:00:00,40.34
2601,2016-08-27T10:05:00,40.3
2602,2016-08-27T10:10:00,40.15
2603,2016-08-27T10:15:00,39.93
2604,2016-08-27T10:20:00,39.87
2605,2016-08-27T10:25:00,39.8
2606,2016-08-27T10:30:00,39.71
2607,2016-08-27T10:35:00,39.55
2608,2016-08-27T10:40:00,39.51
2609,2016-08-27T10:45:00,39.31
2610,2016-08-27T10:50:00,39.17
2611,2016-08-27T10:55:00,38.98
2612,2016-08-27T11:00:00,38.88
2613,2016-08-27T11:05:00,38.79
2614,2016-08-27T11:10:00,38.64
2615,2016-08-27T11:15:00,38.55
2616,2016-08-27T11:20:00,38.35
2617,2016-08-27T11:25:00,38.22
2618,2016-08-27T11:30:00,38.18
2619,2016-08-27T11:35:00,38.09
2620,2016-08-27T11:40:00,37.91
2621,2016-08-27T11:45:00,37.76
2622,2016-08-27T11:50:00,37.63
2623,2016-08-27T11:55:00,37.46
2624,2016-08-27T12:00:00,37.2
2625,2016-08-27T12:05:00,37.04
2626,2016-08-27T12:10:00,36.94
2627,2016-08-27T12:15:00,36.8
2628,2016-08-27T12:20:00,36.75
2629,2016-08-27T12:25:00,36.76
2630,2016-08-27T12:30:00,36.57
2631,2016-08-27T12:35:00,36.65
2632,2016-08-27T12:40:00,36.46
2633,2016-08-27T12:45:00,36.4
2634,2016-08-27T12:50:00,36.23
2635,2016-08-27T12:55:00,36.33
2636,2016-08-27T13:00:00,36.13
2637,2016-08-27T13:05:00,36.15
2638,2016-08-27T13:10:00,36.01
2639,2016-08-27T13:15:00,35.87
2640,2016-08-27T13:20:00,35.68
2641,2016-08-27T13:25:00,35.69
2642,2016-08-27T13:30:00,35.59
2643,2016-08-27T13:35:00,35.48
2644,2016-08-27T13:40:00,35.35
2645,2016-08-27T13:45:00,35.36
2646,2016-08-27T13:50:00,35.3
2647,2016-08-27T13:55:00,35.26
2648,2016-08-27T14:00:00,35.25
2649,2016-08-27T14:05:00,35.3
2650,2016-08-27T14:10:00,35.22
2651,2016-08-27T14:15:00,35.18
2652,2016-08-27T14:20:00,35.13
2653,2016-08-27T14:25:00,34.92
2654,2016-08-27T14:30:00,34.83
2655,2016-08-27T14:35:00,34.82
2656,2016-08-27T14:40:00,34.93
2657,2016-08-27T14:45:00,34.87
2658,2016-08-27T14:50:00,34.69
2659,2016-08-27T14:55:00,34.79
2660,2016-08-27T15:00:00,34.72
2661,2016-08-27T15:05:00,34.73
2662,2016-08-27T15:10:00,34.38
2663,2016-08-27T15:15:00,34.08
2664,2016-08-27T15:20:00,33.9
2665,2016-08-27T15:25:00,33.69
2666,2016-08-27T15:30:00,33.74
2667,2016-08-27T15:35:00,33.8
2668,2016-08-27T15:40:00,33.87
2669,2016-08-27T15:45:00,34
2670,2016-08-27T15:50:00,34.17
2671,2016-08-27T15:55:00,34.54
2672,2016-08-27T16:00:00,34.86
2673,2016-08-27T16:05:00,34.95
2674,2016-08-27T16:10:00,35.23
2675,2016-08-27T16:15:00,35.04
2676,2016-08-27T16:20:00,34.69
2677,2016-08-27T16:25:00,34.63
2678,2016-08-27T16:30:00,34.69
2679,2016-08-27T16:35:00,34.64
2680,2016-08-27T16:40:00,34.52
2681,2016-08-27T16:45:00,34.87
2682,2016-08-27T16:50:00,34.81
2683,2016-08-27T16:55:00,34.82
2684,2016-08-27T17:00:00,34.76
2685,2016-08-27T17:05:00,34.63
2686,2016-08-27T17:10:00,34.66
2687,2016-08-27T17:15:00,34.52
2688,2016-08-27T17:20:00,34.44
2689,2016-08-27T17:25:00,34.53
2690,2016-08-27T17:30:00,34.44
2691,2016-08-27T17:35:00,34.57
2692,2016-08-27T17:40:00,34.33
2693,2016-08-27T17:45:00,34.42
2694,2016-08-27T17:50:00,34.99
2695,2016-08-27T17:55:00,35.21
2696,2016-08-27T18:00:00,35.38
2697,2016-08-27T18:05:00,35.51
2698,2016-08-27T18:10:00,35.37
2699,2016-08-27T18:15:00,35.29
2700,2016-08-27T18:20:00,35.4
2701,2016-08-27T18:25:00,35.64
2702,2016-08-27T18:30:00,35.4
2703,2016-08-27T18:35:00,35.51
2704,2016-08-27T18:40:00,35.41
2705,2016-08-27T18:45:00,35.42
2706,2016-08-27T18:50:00,35.42
2707,2016-08-27T18:55:00,35.63
2708,2016-08-27T19:00:00,35.75
2709,2016-08-27T19:05:00,35.78
2710,2016-08-27T19:10:00,35.83
2711,2016-08-27T19:15:00,35.87
2712,2016-08-27T19:20:00,36.02
2713,2016-08-27T19:25:00,35.88
2714,2016-08-27T19:30:00,36.1
2715,2016-08-27T19:35:00,36.17
2716,2016-08-27T19:40:00,36.28
2717,2016-08-27T19:45:00,36.32
2718,2016-08-27T19:50:00,36.36
2719,2016-08-27T19:55:00,36.34
2720,2016-08-27T20:00:00,36.51
2721,2016-08-27T20:05:00,36.58
2722,2016-08-27T20:10:00,36.62
2723,2016-08-27T20:15:00,36.65
2724,2016-08-27T20:20:00,36.67
2725,2016-08-27T20:25:00,36.66
2726,2016-08-27T20:30:00,36.7
2727,2016-08-27T20:35:00,36.76
2728,2016-08-27T20:40:00,36.75
2729,2016-08-27T20:45:00,36.76
2730,2016-08-27T20:50:00,36.84
2731,2016-08-27T20:55:00,37.05
2732,2016-08-27T21:00:00,36.96
2733,2016-08-27T21:05:00,37.12
2734,2016-08-27T21:10:00,37.19
2735,2016-08-27T21:15:00,37.27
2736,2016-08-27T21:20:00,37.22
2737,2016-08-27T21:25:00,37.27
2738,2016-08-27T21:30:00,37.26
2739,2016-08-27T21:35:00,37.43
2740,2016-08-27T21:40:00,37.52
2741,2016-08-27T21:45:00,37.62
2742,2016-08-27T21:50:00,37.52
2743,2016-08-27T21:55:00,37.71
2744,2016-08-27T22:00:00,37.57
2745,2016-08-27T22:05:00,37.78
2746,2016-08-27T22:10:00,37.87
2747,2016-08-27T22:15:00,37.98
2748,2016-08-27T22:20:00,37.93
2749,2016-08-27T22:25:00,38.06
2750,2016-08-27T22:30:00,38.06
2751,2016-08-27T22:35:00,38.09
2752,2016-08-27T22:40:00,38.26
2753,2016-08-27T22:45:00,38.35
2754,2016-08-27T22:50:00,38.48
2755,2016-08-27T22:55:00,38.53
2756,2016-08-27T23:00:00,38.44
2757,2016-08-27T23:05:00,38.61
2758,2016-08-27T23:10:00,38.57
2759,2016-08-27T23:15:00,38.61
2760,2016-08-27T23:20:00,38.72
2761,2016-08-27T23:25:00,38.72
2762,2016-08-27T23:30:00,38.86
2763,2016-08-27T23:35:00,38.8
2764,2016-08-27T23:40:00,38.83
2765,2016-08-27T23:45:00,38.9
2766,2016-08-27T23:50:00,38.94
2767,2016-08-27T23:55:00,38.97
2768,2016-08-28T00:00:00,38.98
2769,2016-08-28T00:05:00,39.06
2770,2016-08-28T00:10:00,39.16
2771,2016-08-28T00:15:00,39.13
2772,2016-08-28T00:20:00,39.15
2773,2016-08-28T00:25:00,39.26
2774,2016-08-28T00:30:00,39.41
2775,2016-08-28T00:35:00,39.38
2776,2016-08-28T00:40:00,39.52
2777,2016-08-28T00:45:00,39.49
2778,2016-08-28T00:50:00,39.52
2779,2016-08-28T00:55:00,39.53
2780,2016-08-28T01:00:00,39.56
2781,2016-08-28T01:05:00,39.62
2782,2016-08-28T01:10:00,39.69
2783,2016-08-28T01:15:00,39.68
2784,2016-08-28T01:20:00,39.79
2785,2016-08-28T01:25:00,39.75
2786,2016-08-28T01:30:00,39.82
2787,2016-08-28T01:35:00,39.92
2788,2016-08-28T01:40:00,39.95
2789,2016-08-28T01:45:00,39.97
2790,2016-08-28T01:50:00,40.06
2791,2016-08-28T01:55:00,40.06
2792,2016-08-28T02:00:00,40.08
2793,2016-08-28T02:05:00,40.12
2794,2016-08-28T02:10:00,40.27
2795,2016-08-28T02:15:00,40.12
2796,2016-08-28T02:20:00,40.21
2797,2016-08-28T02:25:00,40.22
2798,2016-08-28T02:30:00,40.24
2799,2016-08-28T02:35:00,40.36
2800,2016-08-28T02:40:00,40.3
2801,2016-08-28T02:45:00,40.31
2802,2016-08-28T02:50:00,40.42
2803,2016-08-28T02:55:00,40.5
2804,2016-08-28T03:00:00,40.46
2805,2016-08-28T03:05:00,40.52
2806,2016-08-28T03:10:00,40.52
2807,2016-08-28T03:15:00,40.54
2808,2016-08-28T03:20:00,40.53
2809,2016-08-28T03:25:00,40.55
2810,2016-08-28T03:30:00,40.53
2811,2016-08-28T03:35:00,40.47
2812,2016-08-28T03:40:00,40.47
2813,2016-08-28T03:45:00,40.45
2814,2016-08-28T03:50:00,40.48
2815,2016-08-28T03:55:00,40.61
2816,2016-08-28T04:00:00,40.66
2817,2016-08-28T04:05:00,40.62
2818,2016-08-28T04:10:00,40.61
2819,2016-08-28T04:15:00,40.62
2820,2016-08-28T04:20:00,40.69
2821,2016-08-28T04:25:00,40.56
2822,2016-08-28T04:30:00,40.69
2823,2016-08-28T04:35:00,40.77
2824,2016-08-28T04:40:00,40.81
2825,2016-08-28T04:45:00,40.73
2826,2016-08-28T04:50:00,40.83
2827,2016-08-28T04:55:00,40.85
2828,2016-08-28T05:00:00,40.83
2829,2016-08-28T05:05:00,40.84
2830,2016-08-28T05:10:00,40.85
2831,2016-08-28T05:15:00,40.9
2832,2016-08-28T05:20:00,40.92
2833,2016-08-28T05:25:00,40.91
2834,2016-08-28T05:30:00,40.92
2835,2016-08-28T05:35:00,40.95
2836,2016-08-28T05:40:00,40.92
2837,2016-08-28T05:45:00,40.96
2838,2016-08-28T05:50:00,41.02
2839,2016-08-28T05:55:00,40.92
2840,2016-08-28T06:00:00,41.1
2841,2016-08-28T06:05:00,40.99
2842,2016-08-28T06:10:00,41.09
2843,2016-08-28T06:15:00,41.13
2844,2016-08-28T06:20:00,41
2845,2016-08-28T06:25:00,41.11
2846,2016-08-28T06:30:00,41.21
2847,2016-08-28T06:35:00,41.05
2848,2016-08-28T06:40:00,40.98
2849,2016-08-28T06:45:00,40.96
2850,2016-08-28T06:50:00,40.99
2851,2016-08-28T06:55:00,40.86
2852,2016-08-28T07:00:00,40.72
2853,2016-08-28T07:05:00,40.78
2854,2016-08-28T07:10:00,40.82
2855,2016-08-28T07:15:00,40.66
2856,2016-08-28T07:20:00,40.66
2857,2016-08-28T07:25:00,40.57
2858,2016-08-28T07:30:00,40.47
2859,2016-08-28T07:35:00,40.47
2860,2016-08-28T07:40:00,40.46
2861,2016-08-28T07:45:00,40.28
2862,2016-08-28T07:50:00,40.24
2863,2016-08-28T07:55:00,40.04
2864,2016-08-28T08:00:00,39.94
2865,2016-08-28T08:05:00,39.78
2866,2016-08-28T08:10:00,39.84
2867,2016-08-28T08:15:00,39.76
2868,2016-08-28T08:20:00,39.69
2869,2016-08-28T08:25:00,39.67
2870,2016-08-28T08:30:00,39.5
2871,2016-08-28T08:35:00,39.5
2872,2016-08-28T08:40:00,39.62
2873,2016-08-28T08:45:00,39.57
2874,2016-08-28T08:50:00,39.65
2875,2016-08-28T08:55:00,39.59
2876,2016-08-28T09:00:00,39.63
2877,2016-08-28T09:05:00,39.67
2878,2016-08-28T09:10:00,39.67
2879,2016-08-28T09:15:00,39.69
2880,2016-08-28T09:20:00,39.66
2881,2016-08-28T09:25:00,39.68
2882,2016-08-28T09:30:00,39.7
2883,2016-08-28T09:35:00,39.88
2884,2016-08-28T09:40:00,39.93
2885,2016-08-28T09:45:00,39.88
2886,2016-08-28T09:50:00,39.97
2887,2016-08-28T09:55:00,39.93
2888,2016-08-28T10:00:00,40.1
2889,2016-08-28T10:05:00,40.15
2890,2016-08-28T10:10:00,40.22
2891,2016-08-28T10:15:00,40.44
2892,2016-08-28T10:20:00,40.53
2893,2016-08-28T10:25:00,40.6
2894,2016-08-28T10:30:00,40.78
2895,2016-08-28T10:35:00,40.88
2896,2016-08-28T10:40:00,40.97
2897,2016-08-28T10:45:00,41.14
2898,2016-08-28T10:50:00,41.2
2899,2016-08-28T10:55:00,41.37
2900,2016-08-28T11:00:00,41.63
2901,2016-08-28T11:05:00,41.55
2902,2016-08-28T11:10:00,41.81
2903,2016-08-28T11:15:00,41.83
2904,2016-08-28T11:20:00,41.87
2905,2016-08-28T11:25:00,42.09
2906,2016-08-28T11:30:00,42.2
2907,2016-08-28T11:35:00,42.33
2908,2016-08-28T11:40:00,42.34
2909,2016-08-28T11:45:00,42.46
2910,2016-08-28T11:50:00,42.34
2911,2016-08-28T11:55:00,42.5
2912,2016-08-28T12:00:00,42.57
2913,2016-08-28T12:05:00,42.63
2914,2016-08-28T12:10:00,42.62
2915,2016-08-28T12:15:00,42.78
2916,2016-08-28T12:20:00,42.9
2917,2016-08-28T12:25:00,43.07
2918,2016-08-28T12:30:00,43.25
2919,2016-08-28T12:35:00,43.27
2920,2016-08-28T12:40:00,43.4
2921,2016-08-28T12:45:00,43.43
2922,2016-08-28T12:50:00,43.64
2923,2016-08-28T12:55:00,43.81
2924,2016-08-28T13:00:00,43.93
2925,2016-08-28T13:05:00,44.01
2926,2016-08-28T13:10:00,44.23
2927,2016-08-28T13:15:00,44.22
2928,2016-08-28T13:20:00,44.23
2929,2016-08-28T13:25:00,44.28
2930,2016-08-28T13:30:00,44.55
2931,2016-08-28T13:35:00,44.89
2932,2016-08-28T13:40:00,44.94
2933,2016-08-28T13:45:00,45.14
2934,2016-08-28T13:50:00,45.39
2935,2016-08-28T13:55:00,45.6
2936,2016-08-28T14:00:00,45.84
2937,2016-08-28T14:05:00,45.93
2938,2016-08-28T14:10:00,45.98
2939,2016-08-28T14:15:00,46.18
2940,2016-08-28T14:20:00,46.53
2941,2016-08-28T14:25:00,46.65
2942,2016-08-28T14:30:00,46.71
2943,2016-08-28T14:35:00,46.94
2944,2016-08-28T14:40:00,46.96
2945,2016-08-28T14:45:00,47.1
2946,2016-08-28T14:50:00,47.33
2947,2016-08-28T14:55:00,47.44
2948,2016-08-28T15:00:00,47.68
2949,2016-08-28T15:05:00,47.68
2950,2016-08-28T15:10:00,47.48
2951,2016-08-28T15:15:00,47.7
2952,2016-08-28T15:20:00,47.87
2953,2016-08-28T15:25:00,47.93
2954,2016-08-28T15:30:00,48.09
2955,2016-08-28T15:35:00,48.37
2956,2016-08-28T15:40:00,48.34
2957,2016-08-28T15:45:00,48.2
2958,2016-08-28T15:50:00,48.32
2959,2016-08-28T15:55:00,48.46
2960,2016-08-28T16:00:00,48.63
2961,2016-08-28T16:05:00,48.86
2962,2016-08-28T16:10:00,48.85
2963,2016-08-28T16:15:00,48.86
2964,2016-08-28T16:20:00,48.99
2965,2016-08-28T16:25:00,49.08
2966,2016-08-28T16:30:00,48.76
2967,2016-08-28T16:35:00,48.22
2968,2016-08-28T16:40:00,48.23
2969,2016-08-28T16:45:00,48.24
2970,2016-08-28T16:50:00,48.25
2971,2016-08-28T16:55:00,48.2
2972,2016-08-28T17:00:00,48.14
2973,2016-08-28T17:05:00,48.13
2974,2016-08-28T17:10:00,47.99
2975,2016-08-28T17:15:00,47.69
2976,2016-08-28T17:20:00,47.51
2977,2016-08-28T17:25:00,47.13
2978,2016-08-28T17:30:00,46.87
2979,2016-08-28T17:35:00,46.64
2980,2016-08-28T17:40:00,46.57
2981,2016-08-28T17:45:00,46.3
2982,2016-08-28T17:50:00,46.28
2983,2016-08-28T17:55:00,46.1
2984,2016-08-28T18:00:00,46.23
2985,2016-08-28T18:05:00,46.31
2986,2016-08-28T18:10:00,46.23
2987,2016-08-28T18:15:00,46.12
2988,2016-08-28T18:20:00,45.96
2989,2016-08-28T18:25:00,45.93
2990,2016-08-28T18:30:00,45.89
2991,2016-08-28T18:35:00,46.2
2992,2016-08-28T18:40:00,46.1
2993,2016-08-28T18:45:00,46.24
2994,2016-08-28T18:50:00,46.2
2995,2016-08-28T18:55:00,46.24
2996,2016-08-28T19:00:00,46.29
2997,2016-08-28T19:05:00,46.19
2998,2016-08-28T19:10:00,46.09
2999,2016-08-28T19:15:00,46.01
3000,2016-08-28T19:20:00,46.01
3001,2016-08-28T19:25:00,46.05
3002,2016-08-28T19:30:00,46.02
3003,2016-08-28T19:35:00,45.95
3004,2016-08-28T19:40:00,46.15
3005,2016-08-28T19:45:00,46.06
3006,2016-08-28T19:50:00,46.05
3007,2016-08-28T19:55:00,46.08
3008,2016-08-28T20:00:00,46.05
3009,2016-08-28T20:05:00,46.12
3010,2016-08-28T20:10:00,46.18
3011,2016-08-28T20:15:00,46.16
3012,2016-08-28T20:20:00,46.17
3013,2016-08-28T20:25:00,46.26
3014,2016-08-28T20:30:00,46.23
3015,2016-08-28T20:35:00,46.24
3016,2016-08-28T20:40:00,46.18
3017,2016-08-28T20:45:00,46.33
3018,2016-08-28T20:50:00,46.27
3019,2016-08-28T20:55:00,46.29
3020,2016-08-28T21:00:00,46.36
3021,2016-08-28T21:05:00,46.42
3022,2016-08-28T21:10:00,46.35
3023,2016-08-28T21:15:00,46.44
3024,2016-08-28T21:20:00,46.38
3025,2016-08-28T21:25:00,46.43
3026,2016-08-28T21:30:00,46.43
3027,2016-08-28T21:35:00,46.38
3028,2016-08-28T21:40:00,46.53
3029,2016-08-28T21:45:00,46.57
3030,2016-08-28T21:50:00,46.54
3031,2016-08-28T21:55:00,46.56
3032,2016-08-28T22:00:00,46.62
3033,2016-08-28T22:05:00,46.62
3034,2016-08-28T22:10:00,46.52
3035,2016-08-28T22:15:00,46.69
3036,2016-08-28T22:20:00,46.7
3037,2016-08-28T22:25:00,46.64
3038,2016-08-28T22:30:00,46.74
3039,2016-08-28T22:35:00,46.78
3040,2016-08-28T22:40:00,46.82
3041,2016-08-28T22:45:00,46.82
3042,2016-08-28T22:50:00,46.77
3043,2016-08-28T22:55:00,46.9
3044,2016-08-28T23:00:00,46.83
3045,2016-08-28T23:05:00,46.95
3046,2016-08-28T23:10:00,46.94
3047,2016-08-28T23:15:00,47.13
3048,2016-08-28T23:20:00,47.12
3049,2016-08-28T23:25:00,47.17
3050,2016-08-28T23:30:00,47.05
3051,2016-08-28T23:35:00,47.16
3052,2016-08-28T23:40:00,47.17
3053,2016-08-28T23:45:00,47.21
3054,2016-08-28T23:50:00,47.32
3055,2016-08-28T23:55:00,47.43
3056,2016-08-29T00:00:00,47.38
3057,2016-08-29T00:05:00,47.55
3058,2016-08-29T00:10:00,47.64
3059,2016-08-29T00:15:00,47.7
3060,2016-08-29T00:20:00,47.9
3061,2016-08-29T00:25:00,47.93
3062,2016-08-29T00:30:00,48.08
3063,2016-08-29T00:35:00,48.19
3064,2016-08-29T00:40:00,48.28
3065,2016-08-29T00:45:00,48.38
3066,2016-08-29T00:50:00,48.44
3067,2016-08-29T00:55:00,48.5
3068,2016-08-29T01:00:00,48.7
3069,2016-08-29T01:05:00,48.81
3070,2016-08-29T01:10:00,48.95
3071,2016-08-29T01:15:00,49.04
3072,2016-08-29T01:20:00,49.11
3073,2016-08-29T01:25:00,49.15
3074,2016-08-29T01:30:00,49.28
3075,2016-08-29T01:35:00,49.42
3076,2016-08-29T01:40:00,49.45
3077,2016-08-29T01:45:00,49.56
3078,2016-08-29T01:50:00,49.65
3079,2016-08-29T01:55:00,49.84
3080,2016-08-29T02:00:00,49.86
3081,2016-08-29T02:05:00,49.93
3082,2016-08-29T02:10:00,50.05
3083,2016-08-29T02:15:00,50.13
3084,2016-08-29T02:20:00,50.28
3085,2016-08-29T02:25:00,50.36
3086,2016-08-29T02:30:00,50.37
3087,2016-08-29T02:35:00,50.54
3088,2016-08-29T02:40:00,50.6
3089,2016-08-29T02:45:00,50.69
3090,2016-08-29T02:50:00,50.8
3091,2016-08-29T02:55:00,50.94
3092,2016-08-29T03:00:00,50.94
3093,2016-08-29T03:05:00,51.08
3094,2016-08-29T03:10:00,51.03
3095,2016-08-29T03:15:00,51.2
3096,2016-08-29T03:20:00,51.28
3097,2016-08-29T03:25:00,51.34
3098,2016-08-29T03:30:00,51.49
3099,2016-08-29T03:35:00,51.44
3100,2016-08-29T03:40:00,51.54
3101,2016-08-29T03:45:00,51.72
3102,2016-08-29T03:50:00,51.78
3103,2016-08-29T03:55:00,51.92
3104,2016-08-29T04:00:00,52.04
3105,2016-08-29T04:05:00,52.12
3106,2016-08-29T04:10:00,52.05
3107,2016-08-29T04:15:00,52.11
3108,2016-08-29T04:20:00,52.23
3109,2016-08-29T04:25:00,52.41
3110,2016-08-29T04:30:00,52.38
3111,2016-08-29T04:35:00,52.54
3112,2016-08-29T04:40:00,52.59
3113,2016-08-29T04:45:00,52.64
3114,2016-08-29T04:50:00,52.72
3115,2016-08-29T04:55:00,52.88
3116,2016-08-29T05:00:00,52.95
3117,2016-08-29T05:05:00,53.13
3118,2016-08-29T05:10:00,53.11
3119,2016-08-29T05:15:00,53.34
3120,2016-08-29T05:20:00,53.49
3121,2016-08-29T05:25:00,53.6
3122,2016-08-29T05:30:00,53.68
3123,2016-08-29T05:35:00,53.72
3124,2016-08-29T05:40:00,53.88
3125,2016-08-29T05:45:00,53.99
3126,2016-08-29T05:50:00,54.13
3127,2016-08-29T05:55:00,54.24
3128,2016-08-29T06:00:00,54.38
3129,2016-08-29T06:05:00,54.73
3130,2016-08-29T06:10:00,54.75
3131,2016-08-29T06:15:00,55.31
3132,2016-08-29T06:20:00,55.87
3133,2016-08-29T06:25:00,55.97
3134,2016-08-29T06:30:00,56.01
3135,2016-08-29T06:35:00,56.28
3136,2016-08-29T06:40:00,56.43
3137,2016-08-29T06:45:00,56.69
3138,2016-08-29T06:50:00,56.68
3139,2016-08-29T06:55:00,56.8
3140,2016-08-29T07:00:00,57.02
3141,2016-08-29T07:05:00,57.01
3142,2016-08-29T07:10:00,57.02
3143,2016-08-29T07:15:00,57.07
3144,2016-08-29T07:20:00,57.29
3145,2016-08-29T07:25:00,57.33
3146,2016-08-29T07:30:00,57.39
3147,2016-08-29T07:35:00,57.28
3148,2016-08-29T07:40:00,57.45
3149,2016-08-29T07:45:00,57.73
3150,2016-08-29T07:50:00,57.75
3151,2016-08-29T07:55:00,58.02
3152,2016-08-29T08:00:00,58.23
3153,2016-08-29T08:05:00,58.81
3154,2016-08-29T08:10:00,59.11
3155,2016-08-29T08:15:00,59.38
3156,2016-08-29T08:20:00,59.78
3157,2016-08-29T08:25:00,60.02
3158,2016-08-29T08:30:00,60.03
3159,2016-08-29T09:40:00,58.8
3160,2016-08-29T09:55:00,58.8
3161,2016-08-29T10:00:00,58.15
3162,2016-08-29T10:05:00,57.85
3163,2016-08-29T10:10:00,57.25
3164,2016-09-27T10:25:00,39.05
3165,2016-09-27T10:30:00,39.1
3166,2016-09-27T10:35:00,39.64
3167,2016-09-27T10:50:00,45.5
3168,2016-09-27T11:20:00,24.8
3169,2016-09-27T11:50:00,25.1
3170,2016-09-27T12:20:00,24.5
3171,2016-09-27T12:50:00,25.1
3172,2016-09-27T13:20:00,25
3173,2016-09-27T13:50:00,26.2
3174,2016-09-27T14:25:00,28.7
3175,2016-09-27T14:55:00,27.8
3176,2016-09-27T15:25:00,31.7
3177,2016-09-27T15:55:00,33.5
3178,2016-09-27T16:25:00,34.7
3179,2016-09-27T16:55:00,35.1
3180,2016-09-27T17:25:00,35.4
3181,2016-09-27T17:55:00,34.4
3182,2016-09-27T18:25:00,32.7
3183,2016-09-27T18:55:00,32.4
3184,2016-09-27T19:25:00,33.8
3185,2016-09-27T19:55:00,34.9
3186,2016-09-27T20:25:00,36.8
3187,2016-09-27T20:55:00,36.2
3188,2016-09-27T21:25:00,36
3189,2016-09-27T21:55:00,36.5
3190,2016-09-27T22:25:00,36.3
3191,2016-09-27T22:55:00,38.8
3192,2016-09-27T23:25:00,39.8
3193,2016-09-27T23:55:00,43.6
3194,2016-09-28T00:25:00,46.2
3195,2016-09-28T00:55:00,46.2
3196,2016-09-28T01:25:00,45.8
3197,2016-09-28T01:55:00,46.2
3198,2016-09-28T02:25:00,46.2
3199,2016-09-28T02:55:00,46.2
3200,2016-09-28T03:25:00,46.2
3201,2016-09-28T03:55:00,46.2
3202,2016-09-28T04:25:00,45.3
3203,2016-09-28T04:55:00,44.4
3204,2016-09-28T05:25:00,45.3
3205,2016-09-28T05:55:00,45.5
3206,2016-09-28T06:25:00,42.8
3207,2016-09-28T06:55:00,41.2
3208,2016-09-28T07:25:00,39.2
3209,2016-09-28T07:55:00,37.7
3210,2016-09-28T08:25:00,35.4
3211,2016-09-28T08:55:00,36.5
3212,2016-09-28T09:25:00,35.4
3213,2016-09-28T09:55:00,35.7
3214,2016-09-28T10:25:00,33.2
3215,2016-09-28T10:55:00,36.9
3216,2016-09-28T11:25:00,36.5
3217,2016-09-28T12:25:00,33.2
3218,2016-09-28T12:55:00,33.2
3219,2016-09-28T13:25:00,33.2
3220,2016-09-28T13:55:00,39.3
3221,2016-09-28T14:25:00,36.3
3222,2016-09-28T14:55:00,35.1
3223,2016-09-28T15:25:00,35.5
3224,2016-09-28T15:55:00,35.7
3225,2016-09-28T16:30:00,36.5
3226,2016-09-28T17:00:00,37.7
3227,2016-09-28T17:30:00,39.2
3228,2016-09-28T18:00:00,40.3
3229,2016-09-28T18:30:00,40.6
3230,2016-09-28T19:00:00,40.3
3231,2016-09-28T19:30:00,40.7
3232,2016-09-28T20:00:00,41.7
3233,2016-09-28T20:30:00,42.8
3234,2016-09-28T21:00:00,43.9
3235,2016-09-28T21:30:00,44.5
3236,2016-09-28T22:00:00,42.9
3237,2016-09-28T22:30:00,45.6
3238,2016-09-28T23:00:00,45.5
3239,2016-09-28T23:30:00,45.1
3240,2016-09-29T00:00:00,46.2
3241,2016-09-29T00:30:00,46.2
3242,2016-09-29T01:00:00,46.2
3243,2016-09-29T01:30:00,46.4
3244,2016-09-29T02:00:00,46.4
3245,2016-09-29T02:30:00,46.4
3246,2016-09-29T03:00:00,46.4
3247,2016-09-29T03:30:00,46.4
3248,2016-09-29T04:00:00,46.4
3249,2016-09-29T04:30:00,46.4
3250,2016-09-29T05:00:00,45.1
3251,2016-09-29T05:30:00,45
3252,2016-09-29T06:00:00,44.8
3253,2016-09-29T06:30:00,45.8
3254,2016-09-29T07:00:00,44.7
3255,2016-09-29T07:30:00,44.2
3256,2016-09-29T08:00:00,46.4
3257,2016-09-29T08:30:00,46.4
3258,2016-09-29T09:00:00,46.4
3259,2016-09-29T09:30:00,46.4
3260,2016-09-29T10:00:00,46.4
3261,2016-09-29T10:30:00,46.4
3262,2016-09-29T11:30:00,46.2
3263,2016-09-29T11:35:00,82.4
3264,2016-09-29T11:40:00,82.5
3265,2016-09-29T11:45:00,82.9
3266,2016-09-29T11:55:00,82.5
3267,2016-09-29T12:15:00,80.6
3268,2016-09-29T12:35:00,64.9
3269,2016-09-29T12:55:00,58.2
3270,2016-09-29T13:15:00,59.6
3271,2016-09-29T13:35:00,52.6
3272,2016-09-29T13:55:00,53.7
3273,2016-09-29T14:15:00,52.4
3274,2016-09-29T14:35:00,50
3275,2016-09-29T14:55:00,47.2
3276,2016-09-29T15:15:00,49.7
3277,2016-09-29T15:35:00,51.3
3278,2016-09-29T15:55:00,53.2
3279,2016-09-29T16:15:00,53.5
3280,2016-09-29T16:35:00,55.2
3281,2016-09-29T16:55:00,56.2
3282,2016-09-29T17:15:00,56.7
3283,2016-09-29T17:35:00,56.5
3284,2016-09-29T17:55:00,57.4
3285,2016-09-29T18:15:00,58.9
3286,2016-09-29T18:35:00,58.1
3287,2016-09-29T18:55:00,58.4
3288,2016-09-29T19:15:00,58.7
3289,2016-09-29T19:35:00,58.1
3290,2016-09-29T20:00:00,57.3
3291,2016-09-29T20:20:00,56.7
3292,2016-09-29T20:40:00,59.6
3293,2016-09-29T21:00:00,64.7
3294,2016-09-29T21:20:00,68.8
3295,2016-09-29T21:40:00,63
3296,2016-09-29T22:00:00,61.1
3297,2016-09-29T22:20:00,60.4
3298,2016-09-29T22:40:00,64.9
3299,2016-09-29T23:00:00,65.6
3300,2016-09-29T23:20:00,73.5
3301,2016-09-29T23:40:00,72.6
3302,2016-09-30T00:00:00,71.9
3303,2016-09-30T00:20:00,68.6
3304,2016-09-30T00:40:00,69.1
3305,2016-09-30T01:00:00,68.2
3306,2016-09-30T01:20:00,67.4
3307,2016-09-30T01:40:00,68.8
3308,2016-09-30T02:00:00,68.5
3309,2016-09-30T02:20:00,67.4
3310,2016-09-30T02:40:00,67.2
3311,2016-09-30T03:00:00,67.4
3312,2016-09-30T03:20:00,66
3313,2016-09-30T03:40:00,67.5
3314,2016-09-30T04:00:00,68.5
3315,2016-09-30T04:20:00,68.3
3316,2016-09-30T04:40:00,69.1
3317,2016-09-30T05:00:00,68
3318,2016-09-30T05:20:00,69.6
3319,2016-09-30T05:40:00,75.4
3320,2016-09-30T06:00:00,74.6
3321,2016-09-30T06:20:00,74
3322,2016-09-30T06:40:00,73.4
3323,2016-09-30T07:00:00,69.7
3324,2016-09-30T07:25:00,64.4
3325,2016-09-30T07:45:00,59.2
3326,2016-09-30T08:05:00,51.3
3327,2016-09-30T08:25:00,53.5
3328,2016-09-30T08:45:00,50.8
3329,2016-09-30T09:05:00,50
3330,2016-09-30T09:25:00,53.5
3331,2016-09-30T09:45:00,53
3332,2016-09-30T10:05:00,60.4
3333,2016-09-30T10:25:00,58.9
3334,2016-09-30T10:45:00,51.6
3335,2016-09-30T11:05:00,61.2
3336,2016-09-30T11:25:00,62
3337,2016-09-30T11:45:00,45.6
3338,2016-09-30T12:05:00,48.9
3339,2016-09-30T12:25:00,42
3340,2016-09-30T12:45:00,56.3
3341,2016-09-30T13:05:00,60.1
3342,2016-09-30T13:25:00,55.2
3343,2016-09-30T13:45:00,52.7
3344,2016-09-30T14:05:00,51.9
3345,2016-09-30T14:25:00,46.7
3346,2016-09-30T14:45:00,50.3
3347,2016-09-30T15:05:00,75.9
3348,2016-09-30T15:25:00,72.9
3349,2016-09-30T15:45:00,70.5
3350,2016-09-30T16:05:00,73.4
3351,2016-09-30T16:25:00,74
3352,2016-09-30T16:45:00,69.6
3353,2016-09-30T17:05:00,71
3354,2016-09-30T17:25:00,71.8
3355,2016-09-30T17:45:00,69.9
3356,2016-09-30T18:05:00,67.2
3357,2016-09-30T18:25:00,67.4
3358,2016-09-30T18:50:00,65
3359,2016-09-30T19:10:00,70.2
3360,2016-09-30T19:30:00,70.1
3361,2016-09-30T19:50:00,70.2
3362,2016-09-30T20:10:00,71.5
3363,2016-09-30T20:30:00,72.7
3364,2016-09-30T20:50:00,72.6
3365,2016-09-30T21:10:00,72.4
3366,2016-09-30T21:30:00,72.4
3367,2016-09-30T21:50:00,73.2
3368,2016-09-30T22:10:00,72.6
3369,2016-09-30T22:30:00,72.6
3370,2016-09-30T22:50:00,73
3371,2016-09-30T23:10:00,72.7
3372,2016-09-30T23:30:00,73.4
3373,2016-09-30T23:50:00,72.7
3374,2016-10-01T00:10:00,72.6
3375,2016-10-01T00:30:00,72.4
3376,2016-10-01T00:50:00,72.6
3377,2016-10-01T01:10:00,72.6
3378,2016-10-01T01:30:00,72.9
3379,2016-10-01T01:50:00,72.7
3380,2016-10-01T02:10:00,72.1
3381,2016-10-01T02:30:00,73.4
3382,2016-10-01T02:50:00,72.3
3383,2016-10-01T03:10:00,72.7
3384,2016-10-01T03:30:00,72.7
3385,2016-10-01T03:50:00,72.3
3386,2016-10-01T04:10:00,72.4
3387,2016-10-01T04:30:00,73
3388,2016-10-01T04:50:00,72.6
3389,2016-10-01T05:10:00,73.2
3390,2016-10-01T05:30:00,73
3391,2016-10-01T05:50:00,72.4
3392,2016-10-01T06:15:00,70.8
3393,2016-10-01T06:35:00,67.5
3394,2016-10-01T06:55:00,63.3
3395,2016-10-01T07:15:00,57.8
3396,2016-10-01T07:35:00,57.1
3397,2016-10-01T07:55:00,51.9
3398,2016-10-01T08:15:00,51
3399,2016-10-01T08:35:00,55.4
3400,2016-10-01T08:55:00,50.5
3401,2016-10-01T09:15:00,48.5
3402,2016-10-01T09:35:00,48.8
3403,2016-10-01T09:55:00,47
3404,2016-10-01T10:15:00,48.8
3405,2016-10-01T10:35:00,49.4
3406,2016-10-01T10:55:00,46.7
3407,2016-10-01T11:15:00,50.7
3408,2016-10-01T11:35:00,51.8
3409,2016-10-01T11:55:00,54.4
3410,2016-10-01T12:15:00,59.8
3411,2016-10-01T12:35:00,64.9
3412,2016-10-01T12:55:00,61.1
3413,2016-10-01T13:15:00,56.5
3414,2016-10-01T13:35:00,57.1
3415,2016-10-01T13:55:00,57.1
3416,2016-10-01T14:15:00,58.1
3417,2016-10-01T14:35:00,55.4
3418,2016-10-01T14:55:00,52.6
3419,2016-10-01T15:15:00,61.2
3420,2016-10-01T15:35:00,63.1
3421,2016-10-01T15:55:00,63.9
3422,2016-10-01T16:15:00,63.4
3423,2016-10-01T16:35:00,61.9
3424,2016-10-01T16:55:00,61.7
3425,2016-10-01T17:15:00,64.4
3426,2016-10-01T17:40:00,63.6
3427,2016-10-01T18:00:00,61.1
3428,2016-10-01T18:20:00,62.3
3429,2016-10-01T18:40:00,58.9
3430,2016-10-01T19:00:00,58.4
3431,2016-10-01T19:20:00,60
3432,2016-10-01T19:40:00,60.8
3433,2016-10-01T20:00:00,61.2
3434,2016-10-01T20:20:00,60.6
3435,2016-10-01T20:40:00,60.6
3436,2016-10-01T21:00:00,61.7
3437,2016-10-01T21:20:00,62.3
3438,2016-10-01T21:40:00,63.4
3439,2016-10-01T22:00:00,64.5
3440,2016-10-01T22:20:00,66.3
3441,2016-10-01T22:40:00,67.1
3442,2016-10-01T23:00:00,69.4
3443,2016-10-01T23:20:00,71.6
3444,2016-10-01T23:40:00,72.4
3445,2016-10-02T00:00:00,73.4
3446,2016-10-02T00:20:00,73.8
3447,2016-10-02T00:40:00,73.2
3448,2016-10-02T01:00:00,73.8
3449,2016-10-02T01:20:00,73.8
3450,2016-10-02T01:40:00,74.3
3451,2016-10-02T02:00:00,75.7
3452,2016-10-02T02:20:00,75.6
3453,2016-10-02T02:40:00,74.6
3454,2016-10-02T03:00:00,74.6
3455,2016-10-02T03:20:00,74.5
3456,2016-10-02T03:40:00,74.5
3457,2016-10-02T04:00:00,74.5
3458,2016-10-02T04:20:00,74.6
3459,2016-10-02T04:45:00,74.5
3460,2016-10-02T05:05:00,75.3
3461,2016-10-02T05:25:00,76
3462,2016-10-02T05:45:00,77.1
3463,2016-10-02T06:05:00,76.8
3464,2016-10-02T06:25:00,76.8
3465,2016-10-02T06:45:00,76.7
3466,2016-10-02T07:05:00,77
3467,2016-10-02T07:25:00,76.2
3468,2016-10-02T07:45:00,73
3469,2016-10-02T08:05:00,70.2
3470,2016-10-02T08:25:00,70.5
3471,2016-10-02T08:45:00,71.2
3472,2016-10-02T09:05:00,67.1
3473,2016-10-02T09:25:00,61.5
3474,2016-10-02T09:45:00,65.5
3475,2016-10-02T10:05:00,64.4
3476,2016-10-02T10:25:00,65.6
3477,2016-10-02T10:45:00,60
3478,2016-10-02T11:05:00,66
3479,2016-10-02T11:25:00,65
3480,2016-10-02T11:45:00,63.7
3481,2016-10-02T12:05:00,63.3
3482,2016-10-02T12:25:00,63.7
3483,2016-10-02T12:45:00,64.9
3484,2016-10-02T13:05:00,68.2
3485,2016-10-02T13:25:00,67.2
3486,2016-10-02T13:45:00,69.9
3487,2016-10-02T14:05:00,73.8
3488,2016-10-02T14:25:00,71.3
3489,2016-10-02T14:45:00,69.3
3490,2016-10-02T15:05:00,70.5
3491,2016-10-02T15:25:00,70.5
3492,2016-10-02T15:45:00,72.6
3493,2016-10-02T16:10:00,76.2
3494,2016-10-02T16:30:00,76.2
3495,2016-10-02T16:50:00,76.7
3496,2016-10-02T17:10:00,76.7
3497,2016-10-02T17:30:00,76.8
3498,2016-10-02T17:50:00,77
3499,2016-10-02T18:10:00,76.7
3500,2016-10-02T18:30:00,77
3501,2016-10-02T18:50:00,77.3
3502,2016-10-02T19:10:00,77.1
3503,2016-10-02T19:30:00,77.3
3504,2016-10-02T19:50:00,77.8
3505,2016-10-02T20:10:00,78.3
3506,2016-10-02T20:30:00,77.9
3507,2016-10-02T20:50:00,77.9
3508,2016-10-02T21:10:00,78.1
3509,2016-10-02T21:30:00,78.4
3510,2016-10-02T21:50:00,78.3
3511,2016-10-02T22:10:00,78.3
3512,2016-10-02T22:30:00,78.4
3513,2016-10-02T22:50:00,78.3
3514,2016-10-02T23:10:00,78.6
3515,2016-10-02T23:30:00,78.6
3516,2016-10-02T23:50:00,78.9
3517,2016-10-03T00:10:00,79
3518,2016-10-03T00:30:00,79.2
3519,2016-10-03T00:50:00,79.5
3520,2016-10-03T01:10:00,79.5
3521,2016-10-03T01:30:00,79.4
3522,2016-10-03T01:50:00,79.5
3523,2016-10-03T02:10:00,78.9
3524,2016-10-03T02:30:00,78.7
3525,2016-10-03T02:50:00,79
3526,2016-10-03T03:10:00,78.6
3527,2016-10-03T03:35:00,78.6
3528,2016-10-03T03:55:00,77.9
3529,2016-10-03T04:15:00,77.8
3530,2016-10-03T04:35:00,77.5
3531,2016-10-03T04:55:00,77.3
3532,2016-10-03T05:15:00,77.1
3533,2016-10-03T05:35:00,77.1
3534,2016-10-03T05:55:00,77.1
3535,2016-10-03T06:15:00,76.8
3536,2016-10-03T06:35:00,77.1
3537,2016-10-03T06:55:00,76.2
3538,2016-10-03T07:15:00,76
3539,2016-10-03T07:35:00,75.3
3540,2016-10-03T07:55:00,69.4
3541,2016-10-03T08:15:00,62
3542,2016-10-03T08:35:00,61.4
3543,2016-10-03T08:55:00,62.3
3544,2016-10-03T09:15:00,62
3545,2016-10-03T09:35:00,63.9
3546,2016-10-03T09:55:00,64.2
3547,2016-10-03T10:15:00,62
3548,2016-10-03T10:35:00,61.9
3549,2016-10-03T10:55:00,58.2
3550,2016-10-03T11:15:00,56.3
3551,2016-10-03T11:35:00,54.3
3552,2016-10-03T11:55:00,55.2
3553,2016-10-03T12:15:00,52.1
3554,2016-10-03T12:35:00,49.6
3555,2016-10-03T12:55:00,51.4
3556,2016-10-03T13:15:00,50.8
3557,2016-10-03T13:35:00,51
3558,2016-10-03T13:55:00,53.7
3559,2016-10-03T14:15:00,50.3
3560,2016-10-03T14:35:00,50
3561,2016-10-03T15:00:00,46.6
3562,2016-10-03T15:20:00,47.7
3563,2016-10-03T15:40:00,50
3564,2016-10-03T16:00:00,50.3
3565,2016-10-03T16:20:00,53.3
3566,2016-10-03T16:40:00,56.8
3567,2016-10-03T17:00:00,57.6
3568,2016-10-03T17:20:00,58.4
3569,2016-10-03T17:40:00,57.9
3570,2016-10-03T18:00:00,57
3571,2016-10-03T18:20:00,57
3572,2016-10-03T18:40:00,56.7
3573,2016-10-03T19:00:00,59.5
3574,2016-10-03T19:20:00,59.8
3575,2016-10-03T19:40:00,60.1
3576,2016-10-03T20:00:00,60.6
3577,2016-10-03T20:20:00,61.1
3578,2016-10-03T20:40:00,62.2
3579,2016-10-03T21:00:00,61.1
3580,2016-10-03T21:20:00,60
3581,2016-10-03T21:40:00,61.1
3582,2016-10-03T22:00:00,60.4
3583,2016-10-03T22:20:00,59.8
3584,2016-10-03T22:40:00,62.2
3585,2016-10-03T23:00:00,63.7
3586,2016-10-03T23:20:00,64.4
3587,2016-10-03T23:40:00,64.4
3588,2016-10-04T00:00:00,64.9
3589,2016-10-04T00:20:00,65.8
3590,2016-10-04T00:40:00,65.2
3591,2016-10-04T01:00:00,66
3592,2016-10-04T01:20:00,66.7
3593,2016-10-04T01:40:00,67.1
3594,2016-10-04T02:05:00,65.2
3595,2016-10-04T02:25:00,66.6
3596,2016-10-04T02:45:00,67.7
3597,2016-10-04T03:05:00,66.9
3598,2016-10-04T03:25:00,66.7
3599,2016-10-04T03:45:00,66.9
3600,2016-10-04T04:05:00,66.9
3601,2016-10-04T04:25:00,63
3602,2016-10-04T04:45:00,64.4
3603,2016-10-04T05:05:00,64.1
3604,2016-10-04T05:25:00,62.8
3605,2016-10-04T05:45:00,61.1
3606,2016-10-04T06:05:00,57.6
3607,2016-10-04T06:25:00,53.8
3608,2016-10-04T06:45:00,51.1
3609,2016-10-04T07:05:00,49.4
3610,2016-10-04T07:25:00,49.4
3611,2016-10-04T07:45:00,46.6
3612,2016-10-04T08:05:00,45
3613,2016-10-04T08:25:00,43.7
3614,2016-10-04T08:45:00,42.1
3615,2016-10-04T09:05:00,41.4
3616,2016-10-04T09:25:00,38.8
3617,2016-10-04T09:45:00,39.2
3618,2016-10-04T10:05:00,40.9
3619,2016-10-04T10:25:00,36
3620,2016-10-04T10:45:00,39.3
3621,2016-10-04T11:05:00,39.3
3622,2016-10-04T11:25:00,39.2
3623,2016-10-04T11:45:00,37.7
3624,2016-10-04T12:05:00,41
3625,2016-10-04T12:25:00,40.7
3626,2016-10-04T12:45:00,39.6
3627,2016-10-04T13:05:00,41.7
3628,2016-10-04T13:30:00,41
3629,2016-10-04T13:50:00,41.8
3630,2016-10-04T14:10:00,44.2
3631,2016-10-04T14:30:00,44.5
3632,2016-10-04T14:50:00,49.4
3633,2016-10-04T15:10:00,49.2
3634,2016-10-04T15:30:00,46.2
3635,2016-10-04T15:50:00,48.8
3636,2016-10-04T16:10:00,46.6
3637,2016-10-04T16:30:00,48.3
3638,2016-10-04T16:50:00,48.8
3639,2016-10-04T17:10:00,51
3640,2016-10-04T17:30:00,51
3641,2016-10-04T17:50:00,50.3
3642,2016-10-04T18:10:00,52.6
3643,2016-10-04T18:30:00,51.4
3644,2016-10-04T18:50:00,48.8
3645,2016-10-04T19:10:00,49.4
3646,2016-10-04T19:30:00,48.9
3647,2016-10-04T19:50:00,46.9
3648,2016-10-04T20:10:00,47.8
3649,2016-10-04T20:30:00,48.1
3650,2016-10-04T20:50:00,47.7
3651,2016-10-04T21:10:00,47
3652,2016-10-04T21:30:00,46.2
3653,2016-10-04T21:50:00,46.7
3654,2016-10-04T22:10:00,47.3
3655,2016-10-04T22:30:00,48.8
3656,2016-10-04T22:50:00,50.2
3657,2016-10-04T23:10:00,51.8
3658,2016-10-04T23:30:00,50
3659,2016-10-04T23:50:00,52.7
3660,2016-10-05T00:10:00,53
3661,2016-10-05T00:30:00,52.1
3662,2016-10-05T00:55:00,56.3
3663,2016-10-05T01:15:00,57.3
3664,2016-10-05T01:35:00,57.1
3665,2016-10-05T01:55:00,58.1
3666,2016-10-05T02:15:00,58.5
3667,2016-10-05T02:35:00,58.9
3668,2016-10-05T02:55:00,58.4
3669,2016-10-05T03:15:00,59.2
3670,2016-10-05T03:35:00,59.3
3671,2016-10-05T03:55:00,60
3672,2016-10-05T04:15:00,58.1
3673,2016-10-05T04:35:00,60.1
3674,2016-10-05T04:55:00,62.5
3675,2016-10-05T05:15:00,62.3
3676,2016-10-05T05:35:00,62.6
3677,2016-10-05T05:55:00,59.5
3678,2016-10-05T06:15:00,57.1
3679,2016-10-05T06:35:00,53.3
3680,2016-10-05T06:55:00,54.3
3681,2016-10-05T07:15:00,52.1
3682,2016-10-05T07:35:00,49.2
3683,2016-10-05T07:55:00,46.6
3684,2016-10-05T08:15:00,45.8
3685,2016-10-05T08:35:00,47.2
3686,2016-10-11T07:05:00,47.7
3687,2016-10-11T07:25:00,48.9
3688,2016-10-11T07:45:00,49.9
3689,2016-10-11T08:05:00,48.3
3690,2016-10-11T08:25:00,48.6
3691,2016-10-11T08:45:00,48.8
3692,2016-10-11T09:05:00,48.6
3693,2016-10-11T09:25:00,48.6
3694,2016-10-11T09:45:00,49.4
3695,2016-10-11T10:05:00,49.7
3696,2016-10-11T10:25:00,49.1
3697,2016-10-11T10:45:00,49.2
3698,2016-10-11T11:05:00,49.6
3699,2016-10-11T11:25:00,50.5
3700,2016-10-11T11:45:00,48.3
3701,2016-10-11T12:05:00,49.2
3702,2016-10-11T12:25:00,49.6
3703,2016-10-11T12:45:00,49.1
3704,2016-10-11T13:05:00,49.7
3705,2016-10-11T13:25:00,48.9
3706,2016-10-11T13:50:00,48.6
3707,2016-10-11T14:10:00,49.7
3708,2016-10-11T14:30:00,51.6
3709,2016-10-11T14:50:00,52.2
3710,2016-10-11T15:10:00,54
3711,2016-10-11T15:30:00,55.4
3712,2016-10-11T15:50:00,55.5
3713,2016-10-11T16:10:00,56.2
3714,2016-10-11T16:30:00,57.1
3715,2016-10-11T16:50:00,56.3
3716,2016-10-11T17:10:00,56.8
3717,2016-10-11T17:30:00,56
3718,2016-10-11T17:50:00,54.6
3719,2016-10-11T18:10:00,54.6
3720,2016-10-11T18:30:00,54.9
3721,2016-10-11T18:50:00,55.5
3722,2016-10-11T19:10:00,54.8
3723,2016-10-11T19:30:00,56.8
3724,2016-10-11T19:50:00,54.1
3725,2016-10-11T20:10:00,52.1
3726,2016-10-11T20:30:00,49.4
3727,2016-10-11T20:50:00,48.9
3728,2016-10-11T21:10:00,49.7
3729,2016-10-11T21:30:00,49.7
3730,2016-10-11T21:50:00,51.9
3731,2016-10-11T22:10:00,52.9
3732,2016-10-11T22:30:00,52.7
3733,2016-10-11T22:50:00,52.6
3734,2016-10-11T23:10:00,51
3735,2016-10-11T23:30:00,51.6
3736,2016-10-11T23:50:00,51.4
3737,2016-10-12T00:10:00,53.2
3738,2016-10-12T00:30:00,53.2
3739,2016-10-12T00:50:00,54.3
3740,2016-10-12T01:15:00,54.4
3741,2016-10-12T01:35:00,54
3742,2016-10-12T01:55:00,52.4
3743,2016-10-12T02:15:00,51.6
3744,2016-10-12T02:35:00,52.4
3745,2016-10-12T02:55:00,52.9
3746,2016-10-12T03:15:00,52.4
3747,2016-10-12T03:35:00,54.6
3748,2016-10-12T04:15:00,59.5
3749,2016-10-12T04:35:00,57.9
3750,2016-10-12T04:55:00,58.7
3751,2016-10-12T05:15:00,60.6
3752,2016-10-12T05:35:00,57.6
3753,2016-10-12T05:55:00,56.5
3754,2016-10-12T06:15:00,57.1
3755,2016-10-12T06:35:00,57.8
3756,2016-10-12T06:55:00,57.4
3757,2016-10-12T07:15:00,58.5
3758,2016-10-12T07:35:00,59.8
3759,2016-10-12T07:55:00,59.8
3760,2016-10-12T08:15:00,59.3
3761,2016-10-12T08:35:00,58.5
3762,2016-10-12T08:55:00,57.9
3763,2016-10-12T09:15:00,57.9
3764,2016-10-12T09:35:00,57.1
3765,2016-10-12T09:55:00,57.8
3766,2016-10-12T10:15:00,56.8
3767,2016-10-12T10:40:00,56.7
3768,2016-10-12T11:00:00,57.6
3769,2016-10-12T11:20:00,57.9
3770,2016-10-12T11:40:00,55.1
3771,2016-10-12T12:00:00,53.8
3772,2016-10-12T12:20:00,49.7
3773,2016-10-12T12:40:00,49.6
3774,2016-10-12T13:00:00,51
3775,2016-10-12T13:20:00,52.4
3776,2016-10-12T13:40:00,52.9
3777,2016-10-12T14:00:00,52.4
3778,2016-10-12T14:20:00,53
3779,2016-10-12T14:40:00,56
3780,2016-10-12T15:00:00,57.9
3781,2016-10-12T15:20:00,58.4
3782,2016-10-12T15:40:00,58.4
3783,2016-10-12T16:00:00,58.5
3784,2016-10-12T16:20:00,59.2
3785,2016-10-12T16:40:00,58.5
3786,2016-10-12T17:00:00,59.2
3787,2016-10-12T17:20:00,58.2
3788,2016-10-12T17:40:00,58.1
3789,2016-10-12T18:00:00,59.2
3790,2016-10-12T18:20:00,59.3
3791,2016-10-12T18:40:00,59.2
3792,2016-10-12T19:05:00,59.6
3793,2016-10-12T19:25:00,60.1
3794,2016-10-12T19:45:00,59.6
3795,2016-10-12T20:05:00,60.3
3796,2016-10-12T20:25:00,60.6
3797,2016-10-12T20:45:00,59.5
3798,2016-10-12T21:05:00,59.6
3799,2016-10-12T21:25:00,60.3
3800,2016-10-12T21:45:00,59.8
3801,2016-10-12T22:05:00,61.1
3802,2016-10-12T22:25:00,61.1
3803,2016-10-12T22:45:00,61.2
3804,2016-10-12T23:05:00,61.4
3805,2016-10-12T23:25:00,61.2
3806,2016-10-12T23:45:00,61.5
3807,2016-10-13T00:05:00,61.4
3808,2016-10-13T00:25:00,61.7
3809,2016-10-13T00:45:00,63
3810,2016-10-13T01:05:00,62.3
3811,2016-10-13T01:25:00,62.8
3812,2016-10-13T01:45:00,63.6
3813,2016-10-13T02:05:00,63.9
3814,2016-10-13T02:25:00,63.9
3815,2016-10-13T02:45:00,65
3816,2016-10-13T03:05:00,65
3817,2016-10-13T03:25:00,65
3818,2016-10-13T03:45:00,63
3819,2016-10-13T04:05:00,64.2
3820,2016-10-13T04:25:00,63.3
3821,2016-10-13T04:45:00,63.6
3822,2016-10-13T05:05:00,62.2
3823,2016-10-13T05:25:00,62.6
3824,2016-10-13T05:45:00,65.2
3825,2016-10-13T06:05:00,64.9
3826,2016-10-13T06:30:00,64.9
3827,2016-10-13T06:50:00,66.7
3828,2016-10-13T07:10:00,66.3
3829,2016-10-13T07:30:00,64.9
3830,2016-10-13T07:50:00,63.9
3831,2016-10-13T08:10:00,63.7
3832,2016-10-13T08:30:00,62.8
3833,2016-10-13T08:50:00,60.4
3834,2016-10-13T09:10:00,60.8
3835,2016-10-13T09:30:00,61.4
3836,2016-10-13T09:50:00,60.3
3837,2016-10-13T10:10:00,60.3
3838,2016-10-13T10:30:00,59.3
3839,2016-10-13T10:50:00,59.8
3840,2016-10-13T11:10:00,60
3841,2016-10-13T11:30:00,60.4
3842,2016-10-13T11:50:00,60.3
3843,2016-10-13T12:10:00,59.2
3844,2016-10-13T12:30:00,60.8
3845,2016-10-13T12:50:00,58.5
3846,2016-10-13T13:10:00,58.1
3847,2016-10-13T13:30:00,59.5
3848,2016-10-13T13:50:00,58.1
3849,2016-10-13T14:10:00,58.4
3850,2016-10-13T14:30:00,57.3
3851,2016-10-13T14:50:00,58.2
3852,2016-10-13T15:10:00,53.8
3853,2016-10-13T15:30:00,56
3854,2016-10-13T15:50:00,55.1
3855,2016-10-13T16:10:00,54.1
3856,2016-10-13T16:30:00,50.7
3857,2016-10-13T16:50:00,52.4
3858,2016-10-13T17:35:00,50.7
3859,2016-10-13T17:55:00,51.4
3860,2016-10-13T18:15:00,49.6
3861,2016-10-13T18:35:00,53
3862,2016-10-13T18:55:00,56.3
3863,2016-10-13T19:15:00,54.1
3864,2016-10-13T19:35:00,55.2
3865,2016-10-13T19:55:00,52.7
3866,2016-10-13T20:15:00,53.7
3867,2016-10-13T20:35:00,54.9
3868,2016-10-13T20:55:00,53.3
3869,2016-10-13T21:15:00,54.3
3870,2016-10-13T21:35:00,55.1
3871,2016-10-13T21:55:00,55.9
3872,2016-10-13T22:15:00,57.8
3873,2016-10-13T22:35:00,57
3874,2016-10-13T22:55:00,58.7
3875,2016-10-13T23:15:00,58.9
3876,2016-10-13T23:35:00,60
3877,2016-10-13T23:55:00,59.6
3878,2016-10-14T00:15:00,59.5
3879,2016-10-14T00:35:00,60
3880,2016-10-14T00:55:00,60.4
3881,2016-10-14T01:15:00,60.6
3882,2016-10-14T01:35:00,60.8
3883,2016-10-14T01:55:00,60.9
3884,2016-10-14T02:15:00,61.1
3885,2016-10-14T02:35:00,61.5
3886,2016-10-14T02:55:00,60
3887,2016-10-14T03:15:00,60.1
3888,2016-10-14T03:35:00,60.4
3889,2016-10-14T03:55:00,63
3890,2016-10-14T04:15:00,63.3
3891,2016-10-14T04:35:00,63.3
3892,2016-10-14T05:00:00,62.6
3893,2016-10-14T05:20:00,62.8
3894,2016-10-14T05:40:00,62.3
3895,2016-10-14T06:00:00,61.7
3896,2016-10-14T06:20:00,59.2
3897,2016-10-14T06:40:00,59.5
3898,2016-10-14T07:00:00,58.9
3899,2016-10-14T07:20:00,57.1
3900,2016-10-14T07:40:00,57.6
3901,2016-10-14T08:00:00,56.2
3902,2016-10-14T08:20:00,58.1
3903,2016-10-14T08:40:00,54.3
3904,2016-10-14T09:00:00,53.8
3905,2016-10-14T09:20:00,54.8
3906,2016-10-14T09:40:00,54.3
3907,2016-10-14T10:00:00,53.2
3908,2016-10-14T10:20:00,55.2
3909,2016-10-14T10:40:00,54.3
3910,2016-10-14T11:00:00,54.1
3911,2016-10-14T11:20:00,51.1
3912,2016-10-14T11:40:00,50.2
3913,2016-10-14T12:00:00,49.7
3914,2016-10-14T12:20:00,49.7
3915,2016-10-14T12:40:00,50.5
3916,2016-10-14T13:00:00,51.3
3917,2016-10-14T13:20:00,50
3918,2016-10-14T13:40:00,50.3
3919,2016-10-14T14:00:00,51.8
3920,2016-10-14T14:40:00,50.3
3921,2016-10-14T15:00:00,50.8
3922,2016-10-14T15:20:00,52.1
3923,2016-10-14T15:40:00,52.9
3924,2016-10-14T16:00:00,53.8
3925,2016-10-14T16:25:00,54.8
3926,2016-10-14T16:45:00,55.5
3927,2016-10-14T17:05:00,55.2
3928,2016-10-14T17:25:00,54.3
3929,2016-10-14T17:45:00,54.9
3930,2016-10-14T18:05:00,55.9
3931,2016-10-14T18:25:00,57.4
3932,2016-10-14T18:45:00,56.3
3933,2016-10-14T19:05:00,56.3
3934,2016-10-14T19:25:00,56.8
3935,2016-10-14T19:45:00,57.1
3936,2016-10-14T20:05:00,57.3
3937,2016-10-14T20:25:00,58.7
3938,2016-10-14T20:45:00,58.4
3939,2016-10-14T21:05:00,57.6
3940,2016-10-14T21:25:00,57.4
3941,2016-10-14T21:45:00,57.1
3942,2016-10-14T22:05:00,57.3
3943,2016-10-14T22:25:00,57.4
3944,2016-10-14T22:45:00,57.1
3945,2016-10-14T23:05:00,57.6
3946,2016-10-14T23:25:00,58.4
3947,2016-10-14T23:45:00,58.4
3948,2016-10-15T00:05:00,59.2
3949,2016-10-15T00:25:00,59
3950,2016-10-15T00:45:00,61.7
3951,2016-10-15T01:05:00,60.8
3952,2016-10-15T01:25:00,60.8
3953,2016-10-15T01:45:00,60.9
3954,2016-10-15T02:05:00,60.6
3955,2016-10-15T02:25:00,61.4
3956,2016-10-15T02:45:00,62.3
3957,2016-10-15T03:05:00,62.2
3958,2016-10-15T03:25:00,62
3959,2016-10-15T03:50:00,61.7
3960,2016-11-01T15:15:00,53.8
3961,2016-10-15T04:10:00,62
3962,2016-10-15T04:30:00,62.5
3963,2016-10-15T04:50:00,62.5
3964,2016-10-15T05:10:00,57.8
3965,2016-10-15T05:30:00,57
3966,2016-10-15T05:50:00,58.4
3967,2016-10-15T06:10:00,58.7
3968,2016-10-15T06:30:00,59.8
3969,2016-10-15T06:50:00,58.4
3970,2016-10-15T07:10:00,58.9
3971,2016-10-15T07:30:00,58.5
3972,2016-10-15T07:50:00,58.9
3973,2016-10-15T08:10:00,58.4
3974,2016-10-15T08:30:00,59
3975,2016-10-15T08:50:00,56.7
3976,2016-10-15T09:10:00,57
3977,2016-10-15T09:30:00,57.1
3978,2016-10-15T09:50:00,57.4
3979,2016-10-15T10:10:00,57.6
3980,2016-10-15T10:30:00,56.7
3981,2016-10-15T10:50:00,56.5
3982,2016-10-15T11:10:00,56.3
3983,2016-10-15T11:30:00,56.8
3984,2016-10-15T11:50:00,54.6
3985,2016-10-15T12:10:00,53.3
3986,2016-10-15T12:30:00,54.4
3987,2016-10-15T12:50:00,56.5
3988,2016-10-15T13:10:00,56
3989,2016-10-15T13:30:00,57.3
3990,2016-10-15T13:50:00,56.2
3991,2016-10-15T14:10:00,60.6
3992,2016-10-15T14:30:00,62.5
3993,2016-10-15T14:50:00,64.5
3994,2016-10-15T15:15:00,63.7
3995,2016-10-15T15:35:00,65.5
3996,2016-10-15T15:55:00,67.4
3997,2016-10-15T16:15:00,69.1
3998,2016-10-15T16:35:00,70.5
3999,2016-10-15T16:55:00,70.7
4000,2016-10-15T17:15:00,71
4001,2016-10-15T17:35:00,71.2
4002,2016-10-15T17:55:00,71.3
4003,2016-10-15T18:15:00,71.5
4004,2016-10-15T18:35:00,71.6
4005,2016-10-15T18:55:00,71.6
4006,2016-10-15T19:15:00,71.8
4007,2016-10-15T19:35:00,72.1
4008,2016-10-15T19:55:00,72.1
4009,2016-10-15T20:15:00,72.1
4010,2016-10-15T20:35:00,72.3
4011,2016-10-15T20:55:00,72.6
4012,2016-10-15T21:15:00,72.4
4013,2016-10-15T21:35:00,72.7
4014,2016-10-15T21:55:00,72.9
4015,2016-10-15T22:15:00,72.7
4016,2016-10-15T22:35:00,72.7
4017,2016-10-15T22:55:00,73
4018,2016-10-15T23:15:00,73.4
4019,2016-10-15T23:35:00,73.7
4020,2016-10-15T23:55:00,73.4
4021,2016-10-16T00:15:00,73.8
4022,2016-10-16T00:35:00,73.8
4023,2016-10-16T00:55:00,73.7
4024,2016-10-16T01:15:00,73.2
4025,2016-10-16T01:35:00,73
4026,2016-10-16T01:55:00,72.4
4027,2016-10-16T02:20:00,72.6
4028,2016-10-16T02:40:00,72.9
4029,2016-10-16T03:00:00,72.7
4030,2016-10-16T03:20:00,72.7
4031,2016-10-16T03:40:00,72.9
4032,2016-10-16T04:00:00,73
4033,2016-10-16T04:20:00,73.4
4034,2016-10-16T04:40:00,73.2
4035,2016-10-16T05:00:00,73.4
4036,2016-10-16T05:20:00,74
4037,2016-10-16T05:40:00,74
4038,2016-10-16T06:00:00,73.8
4039,2016-10-16T06:20:00,73.5
4040,2016-10-16T06:40:00,72.6
4041,2016-10-16T07:00:00,71.9
4042,2016-10-16T07:20:00,71.6
4043,2016-10-16T07:40:00,71.3
4044,2016-10-16T08:00:00,71.6
4045,2016-10-16T08:20:00,71.5
4046,2016-10-16T08:40:00,70.8
4047,2016-10-16T09:00:00,71
4048,2016-10-16T09:20:00,71
4049,2016-10-16T09:40:00,70.8
4050,2016-10-16T10:00:00,70.8
4051,2016-10-16T10:20:00,71
4052,2016-10-16T10:40:00,69.3
4053,2016-10-16T11:00:00,69.4
4054,2016-10-16T11:20:00,69.4
4055,2016-10-16T11:40:00,68.9
4056,2016-10-16T12:00:00,66.7
4057,2016-10-16T12:20:00,66.4
4058,2016-10-16T12:40:00,67.1
4059,2016-10-16T13:00:00,67.2
4060,2016-10-16T13:20:00,67.8
4061,2016-10-16T13:45:00,67.5
4062,2016-10-16T14:05:00,67.4
4063,2016-10-16T14:25:00,67.1
4064,2016-10-16T14:45:00,67.7
4065,2016-10-16T15:05:00,68
4066,2016-10-16T15:25:00,67.5
4067,2016-10-16T15:45:00,67.1
4068,2016-10-16T16:05:00,66.1
4069,2016-10-16T16:25:00,65.8
4070,2016-10-16T16:45:00,65.2
4071,2016-10-16T17:05:00,65.5
4072,2016-10-16T17:25:00,65.8
4073,2016-10-16T17:45:00,65.8
4074,2016-10-16T18:05:00,66.4
4075,2016-10-16T18:25:00,66
4076,2016-10-16T18:45:00,66
4077,2016-10-16T19:05:00,65.5
4078,2016-10-16T19:25:00,66.1
4079,2016-10-16T19:45:00,66.6
4080,2016-10-16T20:05:00,66.9
4081,2016-10-16T20:25:00,67.2
4082,2016-10-16T20:45:00,67.4
4083,2016-10-16T21:05:00,67.5
4084,2016-10-16T21:25:00,68
4085,2016-10-16T21:45:00,67.7
4086,2016-10-16T22:05:00,68.5
4087,2016-10-16T22:25:00,68.9
4088,2016-10-16T22:45:00,68
4089,2016-10-16T23:05:00,68.5
4090,2016-10-16T23:25:00,68.2
4091,2016-10-16T23:45:00,68.2
4092,2016-10-17T00:05:00,67.8
4093,2016-10-17T00:25:00,68.3
4094,2016-10-17T00:45:00,68.8
4095,2016-10-17T01:10:00,68.6
4096,2016-10-17T01:30:00,69.4
4097,2016-10-17T01:50:00,69.4
4098,2016-10-17T02:10:00,69.9
4099,2016-10-17T02:30:00,72.3
4100,2016-10-17T02:50:00,72.3
4101,2016-10-17T03:10:00,72.4
4102,2016-10-17T03:30:00,73.2
4103,2016-10-17T03:50:00,73.7
4104,2016-10-17T04:10:00,73.5
4105,2016-10-17T04:30:00,73.2
4106,2016-10-17T04:50:00,73.2
4107,2016-10-17T05:10:00,72.6
4108,2016-10-17T05:30:00,72.7
4109,2016-10-17T05:50:00,72.4
4110,2016-10-17T06:10:00,72.4
4111,2016-10-17T06:30:00,72.3
4112,2016-10-17T06:50:00,73.4
4113,2016-10-17T07:10:00,73.4
4114,2016-10-17T07:30:00,73.7
4115,2016-10-17T07:50:00,72.7
4116,2016-10-17T08:10:00,73.7
4117,2016-10-17T08:30:00,73.7
4118,2016-10-17T08:50:00,73
4119,2016-10-17T09:10:00,72.3
4120,2016-10-17T09:30:00,71.8
4121,2016-10-17T09:50:00,71.5
4122,2016-10-17T10:10:00,72.1
4123,2016-10-17T10:30:00,70.7
4124,2016-10-17T10:50:00,70.4
4125,2016-10-17T11:10:00,69.7
4126,2016-10-17T11:30:00,70.7
4127,2016-10-17T11:50:00,71.3
4128,2016-10-17T12:10:00,70.2
4129,2016-10-17T12:35:00,69.9
4130,2016-10-17T12:55:00,69.6
4131,2016-10-17T13:15:00,69.6
4132,2016-10-17T13:35:00,69.1
4133,2016-10-17T13:55:00,69.1
4134,2016-10-17T14:15:00,68.9
4135,2016-10-17T14:35:00,68.8
4136,2016-10-17T14:55:00,68.3
4137,2016-10-17T15:15:00,68.5
4138,2016-10-17T15:35:00,68
4139,2016-10-17T15:55:00,68.9
4140,2016-10-17T16:15:00,68.9
4141,2016-10-17T16:35:00,70.2
4142,2016-10-17T16:55:00,70.7
4143,2016-10-17T17:15:00,71.2
4144,2016-10-17T17:35:00,71.3
4145,2016-10-17T17:55:00,71.8
4146,2016-10-17T18:15:00,71.9
4147,2016-10-17T18:35:00,73.4
4148,2016-10-17T18:55:00,73.4
4149,2016-10-17T19:15:00,72.9
4150,2016-10-17T19:35:00,72.1
4151,2016-10-17T19:55:00,70.5
4152,2016-10-17T20:15:00,69.9
4153,2016-10-17T20:55:00,70.5
4154,2016-10-17T21:15:00,69.9
4155,2016-10-17T21:35:00,69.3
4156,2016-10-17T21:55:00,69.4
4157,2016-10-17T22:15:00,69.9
4158,2016-10-17T22:35:00,69.4
4159,2016-10-17T22:55:00,70.1
4160,2016-10-17T23:15:00,69.4
4161,2016-10-17T23:40:00,71.2
4162,2016-10-18T00:00:00,73.2
4163,2016-10-18T00:20:00,74.6
4164,2016-10-18T00:40:00,74.9
4165,2016-10-18T01:00:00,74.8
4166,2016-10-18T01:20:00,74.8
4167,2016-10-18T01:40:00,75.3
4168,2016-10-18T02:00:00,75.4
4169,2016-10-18T02:20:00,75.7
4170,2016-10-18T02:40:00,75.4
4171,2016-10-18T03:00:00,75.1
4172,2016-10-18T03:20:00,74.8
4173,2016-10-18T03:40:00,74.9
4174,2016-10-18T04:00:00,75.7
4175,2016-10-18T04:20:00,75.9
4176,2016-10-18T04:40:00,75.9
4177,2016-10-18T05:00:00,75.7
4178,2016-10-18T05:20:00,75.9
4179,2016-10-18T05:40:00,76.5
4180,2016-10-18T06:00:00,76.2
4181,2016-10-18T06:20:00,76.8
4182,2016-10-18T06:40:00,76.5
4183,2016-10-18T07:00:00,76.5
4184,2016-10-18T07:20:00,76.7
4185,2016-10-18T07:40:00,76.2
4186,2016-10-18T08:00:00,75.4
4187,2016-10-18T08:20:00,75.1
4188,2016-10-18T08:40:00,75.4
4189,2016-10-18T09:00:00,76.2
4190,2016-10-18T09:20:00,75.4
4191,2016-10-18T09:40:00,75.7
4192,2016-10-18T10:00:00,75.4
4193,2016-10-18T10:20:00,75.4
4194,2016-10-18T10:40:00,75.7
4195,2016-10-18T11:05:00,75.9
4196,2016-10-18T11:25:00,76.2
4197,2016-10-18T11:45:00,75.6
4198,2016-10-18T12:05:00,75.7
4199,2016-10-18T12:25:00,75.1
4200,2016-10-18T12:45:00,74.9
4201,2016-10-18T13:05:00,75.6
4202,2016-10-18T13:25:00,75.7
4203,2016-10-18T13:45:00,75.3
4204,2016-10-18T14:05:00,75.9
4205,2016-10-18T14:25:00,75.9
4206,2016-10-18T14:45:00,75.6
4207,2016-10-18T15:05:00,75.3
4208,2016-10-18T15:25:00,75.7
4209,2016-10-18T15:45:00,75.9
4210,2016-10-18T16:05:00,75.9
4211,2016-10-18T16:25:00,75.9
4212,2016-10-18T16:45:00,75.7
4213,2016-10-18T17:05:00,74.8
4214,2016-10-18T17:25:00,74.8
4215,2016-10-18T17:45:00,74.3
4216,2016-10-18T18:05:00,74.9
4217,2016-10-18T18:25:00,76.4
4218,2016-10-18T18:45:00,76.2
4219,2016-10-18T19:05:00,75.7
4220,2016-10-18T19:25:00,75.4
4221,2016-10-18T19:45:00,75.6
4222,2016-10-18T20:05:00,76.2
4223,2016-10-18T20:25:00,76.4
4224,2016-10-18T20:45:00,76.4
4225,2016-10-18T21:05:00,77
4226,2016-10-18T21:25:00,76.5
4227,2016-10-18T21:45:00,75.9
4228,2016-10-18T22:05:00,76
4229,2016-10-18T22:30:00,76.2
4230,2016-10-18T22:50:00,75.7
4231,2016-10-18T23:10:00,76
4232,2016-10-18T23:30:00,75.7
4233,2016-10-18T23:50:00,76
4234,2016-10-19T00:10:00,76
4235,2016-10-19T00:30:00,76
4236,2016-10-19T00:50:00,76.2
4237,2016-10-19T01:10:00,76
4238,2016-10-19T01:30:00,75.7
4239,2016-10-19T01:50:00,75.9
4240,2016-10-19T02:10:00,76
4241,2016-10-19T02:50:00,76.2
4242,2016-10-19T03:10:00,76.5
4243,2016-10-19T03:30:00,76.7
4244,2016-10-19T03:50:00,76.5
4245,2016-10-19T04:10:00,76.4
4246,2016-10-19T04:30:00,76.5
4247,2016-10-19T04:50:00,76.4
4248,2016-10-19T05:10:00,76.5
4249,2016-10-19T05:30:00,76
4250,2016-10-19T05:50:00,75.9
4251,2016-10-19T06:10:00,75.9
4252,2016-10-19T06:30:00,76.5
4253,2016-10-19T06:50:00,76.2
4254,2016-10-19T07:10:00,76
4255,2016-10-19T07:30:00,76.2
4256,2016-10-19T07:50:00,76.4
4257,2016-10-19T08:10:00,76.5
4258,2016-10-19T08:30:00,76
4259,2016-10-19T08:50:00,75.7
4260,2016-10-19T09:10:00,76.2
4261,2016-10-19T09:30:00,76
4262,2016-10-19T09:55:00,75.9
4263,2016-10-19T10:15:00,75.7
4264,2016-10-19T10:35:00,75.9
4265,2016-10-19T10:55:00,75.9
4266,2016-10-19T11:15:00,75.6
4267,2016-10-19T11:35:00,75.6
4268,2016-10-19T11:55:00,75.3
4269,2016-10-19T12:15:00,74.9
4270,2016-10-19T12:35:00,74.8
4271,2016-10-19T12:55:00,74.8
4272,2016-10-19T13:15:00,74.8
4273,2016-10-19T13:35:00,74.9
4274,2016-10-19T13:55:00,74.5
4275,2016-10-19T14:15:00,74
4276,2016-10-19T14:35:00,73.5
4277,2016-10-19T14:55:00,73.8
4278,2016-10-19T15:15:00,73.7
4279,2016-10-19T15:35:00,74.8
4280,2016-10-19T15:55:00,74.3
4281,2016-10-19T16:15:00,74.2
4282,2016-10-19T16:35:00,74
4283,2016-10-19T16:55:00,70.1
4284,2016-10-19T17:15:00,70.7
4285,2016-10-19T17:35:00,71.3
4286,2016-10-19T17:55:00,68.5
4287,2016-10-19T18:15:00,68
4288,2016-10-19T18:35:00,68.5
4289,2016-10-19T18:55:00,68.3
4290,2016-10-19T19:15:00,68.2
4291,2016-10-19T19:35:00,68.2
4292,2016-10-19T19:55:00,67.5
4293,2016-10-19T20:15:00,68.3
4294,2016-10-19T20:35:00,67.8
4295,2016-10-19T20:55:00,68
4296,2016-10-19T21:20:00,67.8
4297,2016-10-19T21:40:00,67.7
4298,2016-10-19T22:00:00,68.3
4299,2016-10-19T22:20:00,67.7
4300,2016-10-19T22:40:00,67.1
4301,2016-10-19T23:00:00,67.4
4302,2016-10-19T23:20:00,67.4
4303,2016-10-19T23:40:00,67.5
4304,2016-10-20T00:00:00,70.7
4305,2016-10-20T00:20:00,70.4
4306,2016-10-20T00:40:00,71.6
4307,2016-10-20T01:00:00,73
4308,2016-10-20T01:20:00,73.4
4309,2016-10-20T01:40:00,74.3
4310,2016-10-20T02:00:00,74.8
4311,2016-10-20T02:20:00,75.4
4312,2016-10-20T02:40:00,75.4
4313,2016-10-20T03:00:00,75.6
4314,2016-10-20T03:20:00,75.6
4315,2016-10-20T03:40:00,75.9
4316,2016-10-20T04:00:00,76
4317,2016-10-20T04:20:00,76.2
4318,2016-10-20T04:40:00,76.2
4319,2016-10-20T05:00:00,76
4320,2016-10-20T05:20:00,76
4321,2016-10-20T05:40:00,76.4
4322,2016-10-20T06:00:00,76.4
4323,2016-10-20T06:20:00,75.6
4324,2016-10-20T06:40:00,72.3
4325,2016-10-20T07:00:00,71
4326,2016-10-20T07:20:00,68.3
4327,2016-10-20T07:40:00,63.9
4328,2016-10-20T08:00:00,68.3
4329,2016-10-20T08:25:00,66.9
4330,2016-10-20T08:45:00,68.5
4331,2016-10-20T09:05:00,69.4
4332,2016-10-20T09:25:00,68.5
4333,2016-10-20T09:45:00,65.6
4334,2016-10-20T10:05:00,64.5
4335,2016-10-20T10:25:00,63.7
4336,2016-10-20T10:45:00,61.1
4337,2016-10-20T11:05:00,58.2
4338,2016-10-20T11:25:00,56.5
4339,2016-10-20T11:45:00,57.9
4340,2016-10-20T12:05:00,60.4
4341,2016-10-20T12:25:00,61.4
4342,2016-10-20T12:45:00,60.8
4343,2016-10-20T13:05:00,60.6
4344,2016-10-20T13:25:00,60.3
4345,2016-10-20T13:45:00,58.5
4346,2016-10-20T14:05:00,58.9
4347,2016-10-20T14:25:00,59.3
4348,2016-10-20T14:45:00,61.5
4349,2016-10-20T15:05:00,61.5
4350,2016-10-20T15:25:00,63.1
4351,2016-10-20T15:45:00,63.1
4352,2016-10-20T16:05:00,65.2
4353,2016-10-20T16:25:00,66
4354,2016-10-20T16:45:00,65.6
4355,2016-10-20T17:05:00,66.3
4356,2016-10-20T17:25:00,66.6
4357,2016-10-20T17:45:00,68.6
4358,2016-10-20T18:05:00,69.3
4359,2016-10-20T18:25:00,69.6
4360,2016-10-20T18:45:00,69.9
4361,2016-10-20T19:05:00,70.2
4362,2016-10-20T19:25:00,70.1
4363,2016-10-20T19:50:00,69.4
4364,2016-10-20T20:10:00,68.6
4365,2016-10-20T20:30:00,68.8
4366,2016-10-20T20:50:00,68.8
4367,2016-10-20T21:10:00,68.6
4368,2016-10-20T21:30:00,68.5
4369,2016-10-20T21:50:00,69.1
4370,2016-10-20T22:10:00,68.9
4371,2016-10-20T22:30:00,67.7
4372,2016-10-20T22:50:00,67.1
4373,2016-10-20T23:10:00,67.1
4374,2016-10-20T23:30:00,67.4
4375,2016-10-20T23:50:00,66.6
4376,2016-10-21T00:10:00,66.7
4377,2016-10-21T00:30:00,66.7
4378,2016-10-21T00:50:00,66.4
4379,2016-10-21T01:10:00,66.4
4380,2016-10-21T01:30:00,66
4381,2016-10-21T01:50:00,65.2
4382,2016-10-21T02:10:00,65.3
4383,2016-10-21T02:30:00,65
4384,2016-10-21T02:50:00,65.8
4385,2016-10-21T03:10:00,66.3
4386,2016-10-21T03:30:00,64.9
4387,2016-10-21T03:50:00,65.2
4388,2016-10-21T04:10:00,65.6
4389,2016-10-21T04:30:00,69.3
4390,2016-10-21T04:50:00,69.6
4391,2016-10-21T05:10:00,69.9
4392,2016-10-21T05:30:00,71
4393,2016-10-21T05:50:00,71.6
4394,2016-10-21T06:10:00,72.6
4395,2016-10-21T06:30:00,72.9
4396,2016-10-21T06:50:00,73.4
4397,2016-10-21T07:15:00,73.4
4398,2016-10-21T07:35:00,72.9
4399,2016-10-21T07:55:00,73.2
4400,2016-10-21T08:15:00,74
4401,2016-10-21T08:35:00,73.7
4402,2016-10-21T08:55:00,73.4
4403,2016-10-21T09:15:00,72.9
4404,2016-10-21T09:35:00,72.9
4405,2016-10-21T09:55:00,72.7
4406,2016-10-21T10:15:00,71.5
4407,2016-10-21T10:35:00,71.5
4408,2016-10-21T10:55:00,71.6
4409,2016-10-21T11:15:00,71.9
4410,2016-10-21T11:35:00,71.2
4411,2016-10-21T11:55:00,71.6
4412,2016-10-21T12:15:00,72.4
4413,2016-10-21T12:35:00,71.8
4414,2016-10-21T12:55:00,71.9
4415,2016-10-21T13:15:00,72.3
4416,2016-10-21T13:35:00,71.9
4417,2016-10-21T13:55:00,72.1
4418,2016-10-21T14:15:00,71.8
4419,2016-10-21T14:35:00,72.3
4420,2016-10-21T14:55:00,71.9
4421,2016-10-21T15:15:00,72.3
4422,2016-10-21T15:35:00,72.3
4423,2016-10-21T15:55:00,72.3
4424,2016-10-21T16:15:00,72.1
4425,2016-10-21T16:35:00,71.9
4426,2016-10-21T16:55:00,72.6
4427,2016-10-21T17:15:00,73.2
4428,2016-10-21T17:35:00,73.4
4429,2016-10-21T17:55:00,73.7
4430,2016-10-21T18:15:00,73.7
4431,2016-10-21T18:40:00,74.2
4432,2016-10-21T19:00:00,74.6
4433,2016-10-21T19:20:00,74.6
4434,2016-10-21T19:40:00,74.9
4435,2016-10-21T20:00:00,75.1
4436,2016-10-21T20:20:00,75.1
4437,2016-10-21T20:40:00,75.1
4438,2016-10-21T21:00:00,75.3
4439,2016-10-21T21:20:00,75.3
4440,2016-10-21T21:40:00,75.4
4441,2016-10-21T22:00:00,74.6
4442,2016-10-21T22:20:00,73.4
4443,2016-10-21T22:40:00,71
4444,2016-10-21T23:00:00,69.1
4445,2016-10-21T23:20:00,68.9
4446,2016-10-21T23:40:00,67.8
4447,2016-10-22T00:00:00,70.1
4448,2016-10-22T00:20:00,70.1
4449,2016-10-22T00:40:00,69.4
4450,2016-10-22T01:00:00,69.3
4451,2016-10-22T01:20:00,69.1
4452,2016-10-22T01:40:00,66.7
4453,2016-10-22T02:00:00,65.6
4454,2016-10-22T02:20:00,64.5
4455,2016-10-22T02:40:00,64.2
4456,2016-10-22T03:00:00,65.2
4457,2016-10-22T03:20:00,65.3
4458,2016-10-22T03:40:00,63.7
4459,2016-10-22T04:00:00,65.3
4460,2016-10-22T04:20:00,64.9
4461,2016-10-22T04:40:00,65
4462,2016-10-22T05:00:00,64.7
4463,2016-10-22T05:20:00,64.4
4464,2016-10-22T05:45:00,65.5
4465,2016-10-22T06:05:00,64.5
4466,2016-10-22T06:25:00,63
4467,2016-10-22T06:45:00,63
4468,2016-10-22T07:05:00,63.9
4469,2016-10-22T07:25:00,67.4
4470,2016-10-22T07:45:00,68.8
4471,2016-10-22T08:05:00,68.8
4472,2016-10-22T08:25:00,69.9
4473,2016-10-22T08:45:00,69.7
4474,2016-10-22T09:05:00,69.3
4475,2016-10-22T09:25:00,68.9
4476,2016-10-22T09:45:00,70.5
4477,2016-10-22T10:05:00,71
4478,2016-10-22T10:25:00,70.5
4479,2016-10-22T10:45:00,71
4480,2016-10-22T11:05:00,69.3
4481,2016-10-22T11:25:00,69.9
4482,2016-10-22T11:45:00,69.6
4483,2016-10-22T12:05:00,69.1
4484,2016-10-22T12:25:00,69.4
4485,2016-10-22T12:45:00,69.9
4486,2016-10-22T13:05:00,70.4
4487,2016-10-22T13:25:00,70.5
4488,2016-10-22T13:45:00,71
4489,2016-10-22T14:05:00,71.9
4490,2016-10-22T14:25:00,71.9
4491,2016-10-22T14:45:00,72.3
4492,2016-10-22T15:05:00,72.7
4493,2016-10-22T15:25:00,72.6
4494,2016-10-22T15:45:00,72.9
4495,2016-10-22T16:05:00,73.2
4496,2016-10-22T16:25:00,73
4497,2016-10-22T16:45:00,73.4
4498,2016-10-22T17:10:00,73.7
4499,2016-10-22T17:30:00,74
4500,2016-10-22T17:50:00,73.8
4501,2016-10-22T18:10:00,73.8
4502,2016-10-22T18:30:00,74.2
4503,2016-10-22T18:50:00,74.2
4504,2016-10-22T19:10:00,74.8
4505,2016-10-22T19:30:00,74.6
4506,2016-10-22T19:50:00,75.3
4507,2016-10-22T20:10:00,75.1
4508,2016-10-22T20:30:00,72.7
4509,2016-10-22T20:50:00,71.9
4510,2016-10-22T21:10:00,73
4511,2016-10-22T21:30:00,71.9
4512,2016-10-22T21:50:00,71.9
4513,2016-10-22T22:10:00,71.9
4514,2016-10-22T22:30:00,73.2
4515,2016-10-22T22:50:00,72.7
4516,2016-10-22T23:10:00,70.8
4517,2016-10-22T23:30:00,70.2
4518,2016-10-22T23:50:00,71.2
4519,2016-10-23T00:10:00,72.4
4520,2016-10-23T00:30:00,72.3
4521,2016-10-23T00:50:00,70.2
4522,2016-10-23T01:10:00,69.9
4523,2016-10-23T01:30:00,69.9
4524,2016-10-23T01:50:00,71.5
4525,2016-10-23T02:10:00,72.6
4526,2016-10-23T02:30:00,73
4527,2016-10-23T02:50:00,72.3
4528,2016-10-23T03:10:00,70.8
4529,2016-10-23T03:30:00,71
4530,2016-10-23T03:50:00,71.2
4531,2016-10-23T04:10:00,70.5
4532,2016-10-23T04:35:00,69.4
4533,2016-10-23T04:55:00,68.8
4534,2016-10-23T05:15:00,69.1
4535,2016-10-23T05:35:00,69.6
4536,2016-10-23T05:55:00,69.1
4537,2016-10-23T06:15:00,69.7
4538,2016-10-23T06:35:00,69.9
4539,2016-10-23T06:55:00,69.4
4540,2016-10-23T07:15:00,69.6
4541,2016-10-23T07:35:00,67.2
4542,2016-10-23T07:55:00,67.7
4543,2016-10-23T08:15:00,67.1
4544,2016-10-23T08:35:00,66.6
4545,2016-10-23T08:55:00,67.8
4546,2016-10-23T09:15:00,66
4547,2016-10-23T09:35:00,65.5
4548,2016-10-23T09:55:00,65.3
4549,2016-10-23T10:15:00,64.7
4550,2016-10-23T10:35:00,64.5
4551,2016-10-23T10:55:00,63.4
4552,2016-10-23T11:15:00,64.4
4553,2016-10-23T11:35:00,63.3
4554,2016-10-23T11:55:00,64.5
4555,2016-10-23T12:15:00,64.4
4556,2016-10-23T12:35:00,64.9
4557,2016-10-23T12:55:00,65.5
4558,2016-10-23T13:15:00,65
4559,2016-10-23T13:35:00,65.5
4560,2016-10-23T13:55:00,66.4
4561,2016-10-23T14:15:00,66.3
4562,2016-10-23T14:35:00,64.2
4563,2016-10-23T14:55:00,64.4
4564,2016-10-23T15:15:00,63.7
4565,2016-10-23T15:35:00,65.2
4566,2016-10-23T16:00:00,64.5
4567,2016-10-23T16:20:00,64.7
4568,2016-10-23T16:40:00,65.3
4569,2016-10-23T17:00:00,65.8
4570,2016-10-23T17:20:00,66.3
4571,2016-10-23T17:40:00,66.9
4572,2016-10-23T18:00:00,66.7
4573,2016-10-23T18:20:00,64.7
4574,2016-10-23T18:40:00,66
4575,2016-10-23T19:00:00,64.2
4576,2016-10-23T19:20:00,61.2
4577,2016-10-23T19:40:00,61.2
4578,2016-10-23T20:00:00,62.2
4579,2016-10-23T20:20:00,63
4580,2016-10-23T20:40:00,62.3
4581,2016-10-23T21:00:00,62.8
4582,2016-10-23T21:20:00,63.6
4583,2016-10-23T21:40:00,64.5
4584,2016-10-23T22:00:00,64.7
4585,2016-10-23T22:20:00,64.5
4586,2016-10-23T22:40:00,65
4587,2016-10-23T23:00:00,65
4588,2016-10-23T23:20:00,63.7
4589,2016-10-23T23:40:00,66.7
4590,2016-10-24T00:00:00,68.6
4591,2016-10-24T00:20:00,67.7
4592,2016-10-24T00:40:00,67.5
4593,2016-10-24T01:00:00,67.2
4594,2016-10-24T01:20:00,66.6
4595,2016-10-24T01:40:00,66.1
4596,2016-10-24T02:00:00,68.3
4597,2016-10-24T02:20:00,70.2
4598,2016-10-24T02:40:00,70.8
4599,2016-10-24T03:00:00,72.3
4600,2016-10-24T03:25:00,69.3
4601,2016-10-24T03:45:00,71.8
4602,2016-10-24T04:05:00,71.6
4603,2016-10-24T04:25:00,71.5
4604,2016-10-24T04:45:00,71.9
4605,2016-10-24T05:05:00,72.1
4606,2016-10-24T05:25:00,71.3
4607,2016-10-24T05:45:00,69.9
4608,2016-10-24T06:05:00,70.4
4609,2016-10-24T06:25:00,70.7
4610,2016-10-24T06:45:00,71
4611,2016-10-24T07:05:00,70.8
4612,2016-10-24T07:25:00,68
4613,2016-10-24T07:45:00,69.9
4614,2016-10-24T08:05:00,69.6
4615,2016-10-24T08:25:00,68
4616,2016-10-24T08:45:00,66.7
4617,2016-10-24T09:05:00,68.6
4618,2016-10-24T09:25:00,67.8
4619,2016-10-24T09:45:00,68
4620,2016-10-24T10:05:00,67.7
4621,2016-10-24T10:25:00,65.5
4622,2016-10-24T10:45:00,65.8
4623,2016-10-24T11:05:00,65.3
4624,2016-10-24T11:25:00,65.3
4625,2016-10-24T11:45:00,62.5
4626,2016-10-24T12:05:00,63.3
4627,2016-10-24T12:25:00,63.4
4628,2016-10-24T12:45:00,61.1
4629,2016-10-24T13:05:00,61.7
4630,2016-10-24T13:25:00,61.9
4631,2016-10-24T13:45:00,61.2
4632,2016-10-24T14:05:00,60.9
4633,2016-10-24T14:30:00,60.8
4634,2016-10-24T14:50:00,61.9
4635,2016-10-24T15:10:00,62.2
4636,2016-10-24T15:30:00,60.8
4637,2016-10-24T15:50:00,61.2
4638,2016-10-24T16:10:00,62.3
4639,2016-10-24T16:30:00,63.1
4640,2016-10-24T16:50:00,63.6
4641,2016-10-24T17:10:00,64.1
4642,2016-10-24T17:30:00,64.4
4643,2016-10-24T17:50:00,64.5
4644,2016-10-24T18:10:00,64.5
4645,2016-10-24T18:30:00,64.1
4646,2016-10-24T18:50:00,63.6
4647,2016-10-24T19:10:00,63
4648,2016-10-24T19:30:00,63.7
4649,2016-10-24T19:50:00,63.9
4650,2016-10-24T20:10:00,63.7
4651,2016-10-24T20:30:00,63.4
4652,2016-10-24T20:50:00,64.2
4653,2016-10-24T21:10:00,65.3
4654,2016-10-24T21:30:00,65.8
4655,2016-10-24T21:50:00,66.3
4656,2016-10-24T22:10:00,66.6
4657,2016-10-24T22:30:00,66.7
4658,2016-10-24T22:50:00,66.3
4659,2016-10-24T23:10:00,66.9
4660,2016-10-24T23:30:00,67.4
4661,2016-10-24T23:50:00,67.8
4662,2016-10-25T00:10:00,68.8
4663,2016-10-25T00:30:00,69.6
4664,2016-10-25T00:50:00,70.2
4665,2016-10-25T01:10:00,69.9
4666,2016-10-25T01:30:00,69.7
4667,2016-10-25T01:55:00,69.3
4668,2016-10-25T02:15:00,70.1
4669,2016-10-25T02:35:00,70.8
4670,2016-10-25T02:55:00,70.7
4671,2016-10-25T03:15:00,70.8
4672,2016-10-25T03:35:00,70.7
4673,2016-10-25T03:55:00,70.4
4674,2016-10-25T04:15:00,70.4
4675,2016-10-25T04:35:00,71
4676,2016-10-25T04:55:00,70.5
4677,2016-10-25T05:15:00,71.5
4678,2016-10-25T05:35:00,71.2
4679,2016-10-25T05:55:00,71
4680,2016-10-25T06:15:00,71.3
4681,2016-10-25T06:35:00,70.4
4682,2016-10-25T06:55:00,64.2
4683,2016-10-25T07:15:00,65
4684,2016-10-25T07:35:00,65
4685,2016-10-25T07:55:00,64.1
4686,2016-10-25T08:15:00,66
4687,2016-10-25T08:35:00,62
4688,2016-10-25T08:55:00,62.3
4689,2016-10-25T09:15:00,51.9
4690,2016-10-25T09:35:00,49.6
4691,2016-10-25T09:55:00,46.1
4692,2016-10-25T10:15:00,54.6
4693,2016-10-25T10:35:00,54.8
4694,2016-10-25T10:55:00,56.7
4695,2016-10-25T11:15:00,57.8
4696,2016-10-25T11:35:00,63.9
4697,2016-10-25T11:55:00,63
4698,2016-10-25T12:15:00,63.3
4699,2016-10-25T12:35:00,61.7
4700,2016-10-25T12:55:00,59.8
4701,2016-10-25T13:20:00,61.9
4702,2016-10-25T13:40:00,61.9
4703,2016-10-25T14:00:00,60.9
4704,2016-10-25T14:20:00,63
4705,2016-10-25T14:40:00,64.4
4706,2016-10-25T15:00:00,63.7
4707,2016-10-25T15:20:00,65.2
4708,2016-10-25T15:40:00,65.3
4709,2016-10-25T16:00:00,65
4710,2016-10-25T16:20:00,64.7
4711,2016-10-25T16:40:00,64.9
4712,2016-10-25T17:00:00,64.5
4713,2016-10-25T17:20:00,65.6
4714,2016-10-25T17:40:00,65.5
4715,2016-10-25T18:00:00,66.6
4716,2016-10-25T18:20:00,67.1
4717,2016-10-25T18:40:00,66.6
4718,2016-10-25T19:00:00,66.1
4719,2016-10-25T19:20:00,66.3
4720,2016-10-25T19:40:00,65.5
4721,2016-10-25T20:00:00,65
4722,2016-10-25T20:20:00,65
4723,2016-10-25T20:40:00,65.3
4724,2016-10-25T21:00:00,65
4725,2016-10-25T21:20:00,64.4
4726,2016-10-25T21:40:00,65.2
4727,2016-10-25T22:00:00,64.5
4728,2016-10-25T22:20:00,65.2
4729,2016-10-25T22:40:00,65
4730,2016-10-25T23:00:00,64.7
4731,2016-10-25T23:20:00,64.5
4732,2016-10-25T23:40:00,65.2
4733,2016-10-26T00:00:00,64.2
4734,2016-10-26T00:20:00,66
4735,2016-10-26T00:45:00,67.2
4736,2016-10-26T01:05:00,67.5
4737,2016-10-26T01:25:00,67.7
4738,2016-10-26T01:45:00,67.4
4739,2016-10-26T02:05:00,66.9
4740,2016-10-26T02:25:00,67.4
4741,2016-10-26T02:45:00,67.7
4742,2016-10-26T03:05:00,67.4
4743,2016-10-26T03:25:00,67.7
4744,2016-10-26T03:45:00,68.6
4745,2016-10-26T04:05:00,68.2
4746,2016-10-26T04:25:00,68.5
4747,2016-10-26T04:45:00,68
4748,2016-10-26T05:05:00,66.6
4749,2016-10-26T05:25:00,65.3
4750,2016-10-26T05:45:00,66.7
4751,2016-10-26T06:05:00,68.2
4752,2016-10-26T06:25:00,68.8
4753,2016-10-26T06:45:00,68.9
4754,2016-10-26T07:05:00,70.7
4755,2016-10-26T07:25:00,71
4756,2016-10-26T07:45:00,68.8
4757,2016-10-26T08:05:00,68.2
4758,2016-10-26T08:25:00,67.2
4759,2016-10-26T08:45:00,67.1
4760,2016-10-26T09:05:00,65.6
4761,2016-10-26T09:25:00,65.3
4762,2016-10-26T09:45:00,63.4
4763,2016-10-26T10:05:00,62.6
4764,2016-10-26T10:25:00,61.4
4765,2016-10-26T10:45:00,61.2
4766,2016-10-26T11:05:00,62.3
4767,2016-10-26T11:25:00,58.4
4768,2016-10-26T11:50:00,58.7
4769,2016-10-26T12:10:00,60.4
4770,2016-10-26T12:30:00,62.2
4771,2016-10-26T12:50:00,63.6
4772,2016-10-26T13:10:00,64.2
4773,2016-10-26T13:30:00,64.5
4774,2016-10-26T13:50:00,65.6
4775,2016-10-26T14:10:00,66.1
4776,2016-10-26T14:30:00,66.3
4777,2016-10-26T14:50:00,65.6
4778,2016-10-26T15:10:00,65.5
4779,2016-10-26T15:30:00,65.5
4780,2016-10-26T15:50:00,65.5
4781,2016-10-26T16:10:00,65.8
4782,2016-10-26T16:30:00,65.5
4783,2016-10-26T16:50:00,66.7
4784,2016-10-26T17:10:00,67.7
4785,2016-10-26T17:30:00,67.1
4786,2016-10-26T17:50:00,69.1
4787,2016-10-26T18:10:00,70.5
4788,2016-10-26T18:30:00,71.5
4789,2016-10-26T18:50:00,71.3
4790,2016-10-26T19:10:00,71.5
4791,2016-10-26T19:30:00,70.4
4792,2016-10-26T19:50:00,69.6
4793,2016-10-26T20:10:00,69.9
4794,2016-10-26T20:30:00,69.6
4795,2016-10-26T20:50:00,69.7
4796,2016-10-26T21:10:00,70.2
4797,2016-10-26T21:30:00,72.4
4798,2016-10-26T21:50:00,73
4799,2016-10-26T22:10:00,72.9
4800,2016-10-26T22:30:00,72.7
4801,2016-10-26T22:50:00,72.6
4802,2016-10-26T23:15:00,73
4803,2016-10-26T23:35:00,72.9
4804,2016-10-26T23:55:00,73.2
4805,2016-10-27T00:15:00,73.4
4806,2016-10-27T00:35:00,73.4
4807,2016-10-27T00:55:00,73.8
4808,2016-10-27T01:15:00,74.6
4809,2016-10-27T01:35:00,74.9
4810,2016-10-27T01:55:00,74.6
4811,2016-10-27T02:15:00,74.6
4812,2016-10-27T02:35:00,74.8
4813,2016-10-27T02:55:00,74.9
4814,2016-10-27T03:15:00,75.4
4815,2016-10-27T03:35:00,75.3
4816,2016-10-27T03:55:00,75.1
4817,2016-10-27T04:15:00,75.4
4818,2016-10-27T04:35:00,75.4
4819,2016-10-27T04:55:00,75.1
4820,2016-10-27T05:15:00,74.9
4821,2016-10-27T05:35:00,75.6
4822,2016-10-27T05:55:00,75.1
4823,2016-10-27T06:15:00,74.8
4824,2016-10-27T06:35:00,74.9
4825,2016-10-27T06:55:00,68.2
4826,2016-10-27T07:15:00,60.1
4827,2016-10-27T07:35:00,55.4
4828,2016-10-27T07:55:00,51.8
4829,2016-10-27T08:15:00,51.8
4830,2016-10-27T08:35:00,52.6
4831,2016-10-27T08:55:00,52.7
4832,2016-10-27T09:15:00,56.3
4833,2016-10-27T09:35:00,55.2
4834,2016-10-27T09:55:00,52.6
4835,2016-10-27T10:15:00,51.3
4836,2016-10-27T10:40:00,53.2
4837,2016-10-27T11:00:00,51.8
4838,2016-10-27T11:20:00,50.8
4839,2016-10-27T11:40:00,56.2
4840,2016-10-27T12:00:00,58.9
4841,2016-10-27T12:20:00,54.6
4842,2016-10-27T12:40:00,58.2
4843,2016-10-27T13:00:00,51
4844,2016-10-27T13:20:00,55.9
4845,2016-10-27T13:40:00,54.9
4846,2016-10-27T14:00:00,54.9
4847,2016-10-27T14:20:00,55.2
4848,2016-10-27T14:40:00,57.8
4849,2016-10-27T15:00:00,59.6
4850,2016-10-27T15:20:00,62.2
4851,2016-10-27T15:40:00,62.5
4852,2016-10-27T16:00:00,64.1
4853,2016-10-27T16:20:00,63.9
4854,2016-10-27T16:40:00,65.3
4855,2016-10-27T17:00:00,66.1
4856,2016-10-27T17:20:00,67.2
4857,2016-10-27T17:40:00,67.2
4858,2016-10-27T18:00:00,67.1
4859,2016-10-27T18:20:00,66.9
4860,2016-10-27T18:40:00,66.4
4861,2016-10-27T19:00:00,65.8
4862,2016-10-27T19:20:00,66.4
4863,2016-10-27T19:40:00,66.3
4864,2016-10-27T20:00:00,65.2
4865,2016-10-27T20:20:00,63.4
4866,2016-10-27T20:40:00,63.3
4867,2016-10-27T21:00:00,64.2
4868,2016-10-27T21:20:00,63.1
4869,2016-10-27T21:40:00,63.6
4870,2016-10-27T22:05:00,64.4
4871,2016-10-27T22:25:00,64.9
4872,2016-10-27T22:45:00,65
4873,2016-10-27T23:05:00,65
4874,2016-10-27T23:25:00,65.6
4875,2016-10-27T23:45:00,67.1
4876,2016-10-28T00:05:00,67.5
4877,2016-10-28T00:25:00,66.9
4878,2016-10-28T00:45:00,67.2
4879,2016-10-28T01:05:00,66.7
4880,2016-10-28T01:25:00,66.7
4881,2016-10-28T01:45:00,69.1
4882,2016-10-28T02:05:00,69.6
4883,2016-10-28T02:25:00,71.9
4884,2016-10-28T02:45:00,71.6
4885,2016-10-28T03:05:00,71.2
4886,2016-10-28T03:25:00,70.2
4887,2016-10-28T03:45:00,72.6
4888,2016-10-28T04:05:00,74.2
4889,2016-10-28T04:25:00,74.9
4890,2016-10-28T04:45:00,75.6
4891,2016-10-28T05:05:00,75.1
4892,2016-10-28T05:25:00,74.2
4893,2016-10-28T05:45:00,74.6
4894,2016-10-28T06:05:00,71.8
4895,2016-10-28T06:25:00,70.1
4896,2016-10-28T06:45:00,70.4
4897,2016-10-28T07:05:00,70.2
4898,2016-10-28T07:25:00,62.2
4899,2016-10-28T07:45:00,57.3
4900,2016-10-28T08:05:00,51.8
4901,2016-10-28T08:25:00,48.6
4902,2016-10-28T08:45:00,46.6
4903,2016-10-28T09:05:00,44.2
4904,2016-10-28T09:30:00,41.4
4905,2016-10-28T09:50:00,40.9
4906,2016-10-28T10:10:00,42
4907,2016-10-28T10:30:00,44.4
4908,2016-10-28T10:50:00,46.6
4909,2016-10-28T11:10:00,41.4
4910,2016-10-28T11:30:00,43.9
4911,2016-10-28T11:50:00,49.9
4912,2016-10-28T12:10:00,43.3
4913,2016-10-28T12:30:00,45.3
4914,2016-10-28T12:50:00,45.3
4915,2016-10-28T13:10:00,43.4
4916,2016-10-28T13:30:00,48.9
4917,2016-10-28T13:50:00,47.3
4918,2016-10-28T14:10:00,48.5
4919,2016-10-28T14:30:00,50.8
4920,2016-10-28T14:50:00,49.7
4921,2016-10-31T08:40:00,72.6
4922,2016-10-31T09:00:00,71.6
4923,2016-10-31T09:20:00,71.5
4924,2016-10-31T09:40:00,71.5
4925,2016-10-31T10:00:00,73.8
4926,2016-10-31T10:20:00,72.6
4927,2016-10-31T10:45:00,70.5
4928,2016-10-31T11:05:00,70.8
4929,2016-10-31T11:25:00,70.1
4930,2016-10-31T11:45:00,66.4
4931,2016-10-31T12:05:00,66.4
4932,2016-10-31T12:25:00,63.9
4933,2016-10-31T12:45:00,63.9
4934,2016-10-31T13:05:00,60.1
4935,2016-10-31T13:25:00,60.6
4936,2016-10-31T13:45:00,60.4
4937,2016-10-31T14:05:00,61.5
4938,2016-10-31T14:25:00,61.9
4939,2016-10-31T14:45:00,63.4
4940,2016-10-31T15:05:00,63.6
4941,2016-10-31T15:25:00,64.1
4942,2016-10-31T15:45:00,65.3
4943,2016-10-31T16:05:00,66.9
4944,2016-10-31T16:25:00,68.2
4945,2016-10-31T16:45:00,68.6
4946,2016-10-31T17:05:00,70.5
4947,2016-10-31T17:25:00,71
4948,2016-10-31T17:45:00,71.3
4949,2016-10-31T18:05:00,70.8
4950,2016-10-31T18:25:00,71.5
4951,2016-10-31T18:45:00,71
4952,2016-10-31T19:05:00,71.5
4953,2016-10-31T19:25:00,72.4
4954,2016-10-31T19:45:00,73.5
4955,2016-10-31T20:05:00,72.9
4956,2016-10-31T20:25:00,71.9
4957,2016-10-31T20:45:00,71.5
4958,2016-10-31T21:05:00,70.2
4959,2016-10-31T21:25:00,69.7
4960,2016-10-31T21:45:00,69.3
4961,2016-10-31T22:10:00,69.7
4962,2016-10-31T22:30:00,69.4
4963,2016-10-31T22:50:00,69.6
4964,2016-10-31T23:10:00,68.6
4965,2016-10-31T23:30:00,68.3
4966,2016-10-31T23:50:00,68.5
4967,2016-11-01T00:10:00,68.6
4968,2016-11-01T00:30:00,68.9
4969,2016-11-01T00:50:00,69.6
4970,2016-11-01T01:10:00,69.7
4971,2016-11-01T01:30:00,70.2
4972,2016-11-01T01:50:00,69.7
4973,2016-11-01T02:10:00,69.3
4974,2016-11-01T02:30:00,68.9
4975,2016-11-01T02:50:00,68.8
4976,2016-11-01T03:10:00,68.2
4977,2016-11-01T03:30:00,67.2
4978,2016-11-01T03:50:00,66.6
4979,2016-11-01T04:10:00,66
4980,2016-11-01T04:30:00,67.1
4981,2016-11-01T04:50:00,68.5
4982,2016-11-01T05:10:00,71.2
4983,2016-11-01T05:30:00,72.1
4984,2016-11-01T05:50:00,69.1
4985,2016-11-01T06:10:00,67.5
4986,2016-11-01T06:30:00,67.8
4987,2016-11-01T06:50:00,67.1
4988,2016-11-01T07:10:00,66.3
4989,2016-11-01T07:30:00,64.5
4990,2016-11-01T07:50:00,64.7
4991,2016-11-01T08:10:00,63.9
4992,2016-11-01T08:50:00,58.2
4993,2016-11-01T09:10:00,57.3
4994,2016-11-01T09:35:00,54.9
4995,2016-11-01T10:15:00,50.2
4996,2016-11-01T10:35:00,45.1
4997,2016-11-01T10:55:00,44.4
4998,2016-11-01T11:15:00,40.9
4999,2016-11-01T11:35:00,39.8
5000,2016-11-01T11:55:00,43.4
5001,2016-11-01T12:15:00,44.7
5002,2016-11-01T12:35:00,39.8
5003,2016-11-01T12:55:00,46.1
5004,2016-11-01T13:15:00,45.1
5005,2016-11-01T13:35:00,42.9
5006,2016-11-01T13:55:00,42.9
5007,2016-11-01T14:15:00,54.8
5008,2016-11-01T14:35:00,50.7
5009,2016-11-01T14:55:00,51.6
5010,2016-11-01T15:35:00,56.5
5011,2016-11-01T15:55:00,58.1
5012,2016-11-01T16:15:00,57.8
5013,2016-11-01T16:35:00,57.3
5014,2016-11-01T16:55:00,57.3
5015,2016-11-01T17:15:00,57.4
5016,2016-11-01T17:35:00,56.3
5017,2016-11-01T17:55:00,57.1
5018,2016-11-01T18:15:00,59
5019,2016-11-01T18:35:00,59.3
5020,2016-11-01T18:55:00,60.1
5021,2016-11-01T19:15:00,60.1
5022,2016-11-01T19:35:00,60.1
5023,2016-11-01T19:55:00,60.1
5024,2016-11-01T20:15:00,60.1
5025,2016-11-01T20:40:00,60.6
5026,2016-11-01T21:00:00,60.8
5027,2016-11-01T21:20:00,61.4
5028,2016-11-01T21:40:00,60.3
5029,2016-11-01T22:00:00,59.3
5030,2016-11-01T22:20:00,58.7
5031,2016-11-01T22:40:00,58.4
5032,2016-11-01T23:00:00,58.7
5033,2016-11-01T23:20:00,58.4
5034,2016-11-01T23:40:00,59.2
5035,2016-11-02T00:00:00,59.5
5036,2016-11-02T00:20:00,60.3
5037,2016-11-02T00:40:00,60
5038,2016-11-02T01:00:00,60.6
5039,2016-11-02T01:20:00,61.5
5040,2016-11-02T01:40:00,61.7
5041,2016-11-02T02:00:00,60.1
5042,2016-11-02T02:20:00,61.2
5043,2016-11-02T02:40:00,60.4
5044,2016-11-02T03:00:00,59.3
5045,2016-11-02T03:20:00,61.1
5046,2016-11-02T03:40:00,61.7
5047,2016-11-02T04:00:00,59.2
5048,2016-11-02T04:20:00,58.5
5049,2016-11-02T04:40:00,58.5
5050,2016-11-02T05:00:00,59.5
5051,2016-11-02T05:20:00,60
5052,2016-11-02T05:40:00,60.3
5053,2016-11-02T06:00:00,61.5
5054,2016-11-02T06:20:00,62.2
5055,2016-11-02T06:40:00,63
5056,2016-11-02T07:00:00,63
5057,2016-11-02T07:20:00,58.2
5058,2016-11-02T07:40:00,60.3
5059,2016-11-02T08:05:00,55.2
5060,2016-11-02T08:25:00,49.9
5061,2016-11-02T08:45:00,42.8
5062,2016-11-02T09:05:00,40.3
5063,2016-11-02T09:25:00,47.2
5064,2016-11-02T09:45:00,51
5065,2016-11-02T10:05:00,44.7
5066,2016-11-02T10:25:00,45.1
5067,2016-11-02T10:45:00,38.5
5068,2016-11-02T11:05:00,46.1
5069,2016-11-02T11:25:00,47.5
5070,2016-11-02T11:45:00,39
5071,2016-11-02T12:05:00,42.9
5072,2016-11-02T12:25:00,48
5073,2016-11-02T12:45:00,48.3
5074,2016-11-02T13:05:00,41.4
5075,2016-11-02T13:25:00,49.4
5076,2016-11-02T13:45:00,49.4
5077,2016-11-02T14:05:00,41.2
5078,2016-11-02T14:25:00,48.5
5079,2016-11-02T14:45:00,50.5
5080,2016-11-02T15:05:00,51.1
5081,2016-11-02T15:25:00,50.5
5082,2016-11-02T15:45:00,50.8
5083,2016-11-02T16:05:00,50.5
5084,2016-11-02T16:25:00,51.4
5085,2016-11-02T16:45:00,54.6
5086,2016-11-02T17:05:00,56.5
5087,2016-11-02T17:25:00,57.8
5088,2016-11-02T17:45:00,58.5
5089,2016-11-02T18:05:00,58.2
5090,2016-11-02T18:25:00,56.8
5091,2016-11-02T18:45:00,57.6
5092,2016-11-02T19:05:00,58.7
5093,2016-11-02T19:30:00,58.9
5094,2016-11-02T19:50:00,59
5095,2016-11-02T20:10:00,59
5096,2016-11-02T20:30:00,58.4
5097,2016-11-02T20:50:00,58.7
5098,2016-11-02T21:10:00,57.9
5099,2016-11-02T21:30:00,58.1
5100,2016-11-02T21:50:00,58.9
5101,2016-11-02T22:10:00,60
5102,2016-11-02T22:30:00,59
5103,2016-11-02T22:50:00,58.9
5104,2016-11-02T23:10:00,58.7
5105,2016-11-02T23:30:00,59.2
5106,2016-11-02T23:50:00,58.1
5107,2016-11-03T00:10:00,57.6
5108,2016-11-03T00:30:00,58.5
5109,2016-11-03T00:50:00,57.6
5110,2016-11-03T01:10:00,58.2
5111,2016-11-03T01:30:00,59
5112,2016-11-03T01:50:00,58.4
5113,2016-11-03T02:10:00,58.7
5114,2016-11-03T02:30:00,61.1
5115,2016-11-03T02:50:00,61.2
5116,2016-11-03T03:10:00,62
5117,2016-11-03T03:30:00,61.2
5118,2016-11-03T03:50:00,61.5
5119,2016-11-03T04:10:00,62
5120,2016-11-03T04:30:00,61.9
5121,2016-11-03T04:50:00,62.2
5122,2016-11-03T05:10:00,62
5123,2016-11-03T05:30:00,63.1
5124,2016-11-03T05:50:00,63.9
5125,2016-11-03T06:10:00,63.7
5126,2016-11-03T06:30:00,63.4
5127,2016-11-03T06:55:00,59
5128,2016-11-03T07:15:00,51
5129,2016-11-03T07:35:00,45.5
5130,2016-11-03T07:55:00,42.5
5131,2016-11-03T08:15:00,44
5132,2016-11-03T08:35:00,38.7
5133,2016-11-03T08:55:00,41.7
5134,2016-11-03T09:15:00,37.7
5135,2016-11-03T09:35:00,38.7
5136,2016-11-03T09:55:00,42.6
5137,2016-11-03T10:15:00,47
5138,2016-11-03T10:35:00,48.6
5139,2016-11-03T10:55:00,47.5
5140,2016-11-03T11:15:00,45.9
5141,2016-11-03T11:35:00,45.5
5142,2016-11-03T11:55:00,44.7
5143,2016-11-03T12:15:00,42.8
5144,2016-11-03T12:35:00,41.8
5145,2016-11-03T12:55:00,42.1
5146,2016-11-03T13:15:00,42.1
5147,2016-11-03T13:35:00,41.4
5148,2016-11-03T13:55:00,42.8
5149,2016-11-03T14:15:00,44.7
5150,2016-11-03T14:35:00,45
5151,2016-11-03T14:55:00,45.3
5152,2016-11-03T15:15:00,46.1
5153,2016-11-03T15:35:00,47.3
5154,2016-11-03T15:55:00,49.7
5155,2016-11-03T16:15:00,49.1
5156,2016-11-03T16:35:00,54.6
5157,2016-11-03T16:55:00,54.8
5158,2016-11-03T17:15:00,54.9
5159,2016-11-03T17:35:00,54.1
5160,2016-11-03T18:00:00,53.7
5161,2016-11-03T18:20:00,53.5
5162,2016-11-03T18:40:00,54.1
5163,2016-11-03T19:00:00,54.8
5164,2016-11-03T19:20:00,54.9
5165,2016-11-03T19:40:00,55.4
5166,2016-11-03T20:00:00,56.2
5167,2016-11-03T20:20:00,57.6
5168,2016-11-03T20:40:00,59.2
5169,2016-11-03T21:00:00,60.8
5170,2016-11-03T21:20:00,61.5
5171,2016-11-03T21:40:00,63.1
5172,2016-11-03T22:00:00,63.9
5173,2016-11-03T22:20:00,64.5
5174,2016-11-03T22:40:00,64.5
5175,2016-11-03T23:00:00,65.2
5176,2016-11-03T23:20:00,65.8
5177,2016-11-03T23:40:00,66.4
5178,2016-11-04T00:00:00,66.9
5179,2016-11-04T00:20:00,67.7
5180,2016-11-04T00:40:00,67.7
5181,2016-11-04T01:00:00,66.4
5182,2016-11-04T01:20:00,66.6
5183,2016-11-04T01:40:00,66.9
5184,2016-11-04T02:00:00,67.8
5185,2016-11-04T02:20:00,67.7
5186,2016-11-04T02:40:00,68.2
5187,2016-11-04T03:00:00,68.6
5188,2016-11-04T03:20:00,68.8
5189,2016-11-04T03:40:00,68.5
5190,2016-11-04T04:00:00,68.3
5191,2016-11-04T04:20:00,67.7
5192,2016-11-04T04:40:00,67.2
5193,2016-11-04T05:00:00,67.8
5194,2016-11-04T05:25:00,67.7
5195,2016-11-04T05:45:00,67.5
5196,2016-11-04T06:05:00,68
5197,2016-11-04T06:25:00,67.1
5198,2016-11-04T06:45:00,67.8
5199,2016-11-04T07:05:00,68.9
5200,2016-11-04T07:25:00,69.6
5201,2016-11-04T07:45:00,69.6
5202,2016-11-04T08:05:00,69.3
5203,2016-11-04T08:25:00,68.9
5204,2016-11-04T08:45:00,68.5
5205,2016-11-04T09:05:00,68.9
5206,2016-11-04T09:25:00,70.1
5207,2016-11-04T09:45:00,70.2
5208,2016-11-04T10:05:00,70.2
5209,2016-11-04T10:25:00,70.5
5210,2016-11-04T10:45:00,68.9
5211,2016-11-04T11:05:00,67.1
5212,2016-11-04T11:25:00,65.3
5213,2016-11-04T11:45:00,63.7
5214,2016-11-04T12:05:00,63.9
5215,2016-11-04T12:25:00,62.8
5216,2016-11-04T12:45:00,63.1
5217,2016-11-04T13:05:00,65.2
5218,2016-11-04T13:25:00,65.6
5219,2016-11-04T13:45:00,65.5
5220,2016-11-04T14:05:00,65.8
5221,2016-11-04T14:25:00,64.5
5222,2016-11-04T14:45:00,63.6
5223,2016-11-04T15:05:00,63
5224,2016-11-04T15:25:00,67.1
5225,2016-11-04T15:45:00,67.7
5226,2016-11-04T16:05:00,68
5227,2016-11-04T16:25:00,68.9
5228,2016-11-04T16:50:00,69.4
5229,2016-11-04T17:10:00,69.9
5230,2016-11-04T17:30:00,70.2
5231,2016-11-04T17:50:00,69.3
5232,2016-11-04T18:10:00,68.5
5233,2016-11-04T18:30:00,67.7
5234,2016-11-04T18:50:00,68.9
5235,2016-11-04T19:10:00,69.1
5236,2016-11-04T19:30:00,69.4
5237,2016-11-04T19:50:00,69.7
5238,2016-11-04T20:10:00,67.5
5239,2016-11-04T20:30:00,68.3
5240,2016-11-04T20:50:00,68.5
5241,2016-11-04T21:10:00,68.3
5242,2016-11-04T21:30:00,68.9
5243,2016-11-04T21:50:00,70.1
5244,2016-11-04T22:10:00,71
5245,2016-11-04T22:30:00,71
5246,2016-11-04T22:50:00,71.6
5247,2016-11-04T23:10:00,72.3
5248,2016-11-04T23:30:00,72.4
5249,2016-11-04T23:50:00,72.6
5250,2016-11-05T00:10:00,72.4
5251,2016-11-05T00:30:00,72.4
5252,2016-11-05T00:50:00,71.9
5253,2016-11-05T01:10:00,72.1
5254,2016-11-05T01:30:00,72.6
5255,2016-11-05T01:50:00,72.4
5256,2016-11-05T02:10:00,72.1
5257,2016-11-05T02:30:00,71.6
5258,2016-11-05T02:50:00,70.8
5259,2016-11-05T03:10:00,70.5
5260,2016-11-05T03:30:00,70.4
5261,2016-11-05T03:50:00,69.7
5262,2016-11-05T04:15:00,69.6
5263,2016-11-05T04:35:00,69.4
5264,2016-11-05T04:55:00,69.9
5265,2016-11-05T05:15:00,69.4
5266,2016-11-05T05:35:00,69.7
5267,2016-11-05T05:55:00,69.3
5268,2016-11-05T06:15:00,71
5269,2016-11-05T06:35:00,71.3
5270,2016-11-05T06:55:00,71.8
5271,2016-11-05T07:15:00,71.2
5272,2016-11-05T07:35:00,71.5
5273,2016-11-05T07:55:00,71
5274,2016-11-05T08:15:00,69.6
5275,2016-11-05T08:35:00,68.8
5276,2016-11-05T08:55:00,68.3
5277,2016-11-05T09:15:00,71.3
5278,2016-11-05T09:35:00,69.4
5279,2016-11-05T09:55:00,69.9
5280,2016-11-05T10:15:00,69.7
5281,2016-11-05T10:35:00,68.2
5282,2016-11-05T10:55:00,68.6
5283,2016-11-05T11:15:00,68.8
5284,2016-11-05T11:35:00,68.2
5285,2016-11-05T11:55:00,69.3
5286,2016-11-05T12:15:00,70.2
5287,2016-11-05T12:35:00,70.7
5288,2016-11-05T12:55:00,70.4
5289,2016-11-05T13:15:00,70.2
5290,2016-11-05T13:35:00,70.4
5291,2016-11-05T13:55:00,70.1
5292,2016-11-05T14:15:00,70.7
5293,2016-11-05T14:35:00,70.8
5294,2016-11-05T14:55:00,70.4
5295,2016-11-05T15:15:00,70.2
5296,2016-11-05T15:40:00,71
5297,2016-11-05T16:00:00,70.5
5298,2016-11-05T16:20:00,70.2
5299,2016-11-05T16:40:00,71.3
5300,2016-11-05T17:00:00,72.1
5301,2016-11-05T17:20:00,72.3
5302,2016-11-05T17:40:00,71.3
5303,2016-11-05T18:00:00,72.3
5304,2016-11-05T18:20:00,72.6
5305,2016-11-05T18:40:00,72.7
5306,2016-11-05T19:00:00,72.4
5307,2016-11-05T19:20:00,71.5
5308,2016-11-05T19:40:00,71.8
5309,2016-11-05T20:00:00,71.5
5310,2016-11-05T20:20:00,70.8
5311,2016-11-05T20:40:00,70.4
5312,2016-11-05T21:00:00,70.1
5313,2016-11-05T21:20:00,71.8
5314,2016-11-05T21:40:00,71.2
5315,2016-11-05T22:00:00,72.6
5316,2016-11-05T22:20:00,72.7
5317,2016-11-05T22:40:00,73.4
5318,2016-11-05T23:00:00,73
5319,2016-11-05T23:20:00,72.4
5320,2016-11-05T23:40:00,71.8
5321,2016-11-06T00:00:00,71
5322,2016-11-06T00:20:00,71.8
5323,2016-11-06T00:40:00,71.2
5324,2016-11-06T01:00:00,72.4
5325,2016-11-06T01:20:00,70.8
5326,2016-11-06T01:40:00,71.8
5327,2016-11-06T02:00:00,71.3
5328,2016-11-06T02:20:00,70.4
5329,2016-11-06T02:45:00,69.7
5330,2016-11-06T03:05:00,69.1
5331,2016-11-06T03:25:00,69.9
5332,2016-11-06T03:45:00,69.6
5333,2016-11-06T04:05:00,71.6
5334,2016-11-06T04:25:00,71
5335,2016-11-06T04:45:00,70.5
5336,2016-11-06T05:05:00,70.8
5337,2016-11-06T05:25:00,70.5
5338,2016-11-06T05:45:00,70.4
5339,2016-11-06T06:05:00,69.9
5340,2016-11-06T06:25:00,68.9
5341,2016-11-06T06:45:00,68.8
5342,2016-11-06T07:05:00,67.7
5343,2016-11-06T07:25:00,65.6
5344,2016-11-06T07:45:00,65.2
5345,2016-11-06T08:05:00,65.3
5346,2016-11-06T08:25:00,68.2
5347,2016-11-06T08:45:00,68.3
5348,2016-11-06T09:05:00,66.6
5349,2016-11-06T09:25:00,68
5350,2016-11-06T09:45:00,68.2
5351,2016-11-06T10:05:00,68.5
5352,2016-11-06T10:25:00,69.3
5353,2016-11-06T10:45:00,69.1
5354,2016-11-06T11:05:00,67.7
5355,2016-11-06T11:25:00,67.4
5356,2016-11-06T11:45:00,66
5357,2016-11-06T12:05:00,65.5
5358,2016-11-06T12:25:00,64.4
5359,2016-11-06T12:45:00,64.2
5360,2016-11-06T13:05:00,64.1
5361,2016-11-06T13:45:00,65
5362,2016-11-06T14:10:00,64.7
5363,2016-11-06T14:30:00,64.2
5364,2016-11-06T14:50:00,63
5365,2016-11-06T15:10:00,62.8
5366,2016-11-06T15:30:00,64.9
5367,2016-11-06T15:50:00,64.1
5368,2016-11-06T16:10:00,61.5
5369,2016-11-06T16:30:00,62.2
5370,2016-11-06T16:50:00,58.1
5371,2016-11-06T17:10:00,58.4
5372,2016-11-06T17:30:00,57.6
5373,2016-11-06T17:50:00,56.7
5374,2016-11-06T18:10:00,56.7
5375,2016-11-06T18:30:00,56.5
5376,2016-11-06T18:50:00,55.7
5377,2016-11-06T19:10:00,56.7
5378,2016-11-06T19:30:00,57.1
5379,2016-11-06T19:50:00,57.4
5380,2016-11-06T20:10:00,57.9
5381,2016-11-06T20:30:00,59.2
5382,2016-11-06T20:50:00,61.9
5383,2016-11-06T21:10:00,61.5
5384,2016-11-06T21:30:00,61.7
5385,2016-11-06T21:50:00,60.9
5386,2016-11-06T22:10:00,58.7
5387,2016-11-06T22:30:00,57.9
5388,2016-11-06T22:50:00,56.8
5389,2016-11-06T23:10:00,55.5
5390,2016-11-06T23:30:00,54.9
5391,2016-11-06T23:50:00,58.2
5392,2016-11-07T00:10:00,59.2
5393,2016-11-07T00:30:00,57.9
5394,2016-11-07T00:50:00,56.8
5395,2016-11-07T01:10:00,56.5
5396,2016-11-07T01:35:00,55.5
5397,2016-11-07T01:55:00,55.2
5398,2016-11-07T02:15:00,55.1
5399,2016-11-07T02:35:00,54.4
5400,2016-11-07T02:55:00,54.1
5401,2016-11-07T03:15:00,54.8
5402,2016-11-07T03:35:00,55.4
5403,2016-11-07T03:55:00,55.2
5404,2016-11-07T04:15:00,53.8
5405,2016-11-07T04:35:00,54.6
5406,2016-11-07T04:55:00,55.2
5407,2016-11-07T05:15:00,55.7
5408,2016-11-07T05:35:00,55.7
5409,2016-11-07T05:55:00,55.7
5410,2016-11-07T06:15:00,55.9
5411,2016-11-07T06:35:00,56.2
5412,2016-11-07T06:55:00,55.9
5413,2016-11-07T07:15:00,55.7
5414,2016-11-07T07:35:00,56.2
5415,2016-11-07T07:55:00,54.8
5416,2016-11-07T08:15:00,52.4
5417,2016-11-07T08:35:00,51.8
5418,2016-11-07T08:55:00,50.8
5419,2016-11-07T09:15:00,50.2
5420,2016-11-07T09:35:00,52.6
5421,2016-11-07T09:55:00,53
5422,2016-11-07T10:15:00,53.2
5423,2016-11-07T10:35:00,50.2
5424,2016-11-07T10:55:00,50
5425,2016-11-07T11:15:00,50.2
5426,2016-11-07T11:35:00,48.3
5427,2016-11-07T11:55:00,48.3
5428,2016-11-07T12:15:00,48.1
5429,2016-11-07T12:35:00,51
5430,2016-11-07T13:00:00,50.3
5431,2016-11-07T13:20:00,51
5432,2016-11-07T13:40:00,49.6
5433,2016-11-07T14:00:00,50.3
5434,2016-11-07T14:20:00,48
5435,2016-11-07T14:40:00,47.3
5436,2016-11-07T15:00:00,46.7
5437,2016-11-07T15:20:00,52.2
5438,2016-11-07T15:40:00,53
5439,2016-11-07T16:00:00,52.2
5440,2016-11-07T16:20:00,49.2
5441,2016-11-07T16:40:00,46.2
5442,2016-11-07T17:00:00,47.8
5443,2016-11-07T17:20:00,46.2
5444,2016-11-07T17:40:00,46.9
5445,2016-11-07T18:00:00,47.5
5446,2016-11-07T18:20:00,48.9
5447,2016-11-07T18:40:00,49.2
5448,2016-11-07T19:00:00,49.7
5449,2016-11-07T19:20:00,55.2
5450,2016-11-07T19:40:00,54.4
5451,2016-11-07T20:00:00,53.3
5452,2016-11-07T20:20:00,55.4
5453,2016-11-07T20:40:00,56.8
5454,2016-11-07T21:00:00,56
5455,2016-11-07T21:20:00,55.9
5456,2016-11-07T21:40:00,56
5457,2016-11-07T22:00:00,55.2
5458,2016-11-07T22:20:00,55.1
5459,2016-11-07T22:40:00,54.9
5460,2016-11-07T23:00:00,55.5
5461,2016-11-07T23:20:00,55.9
5462,2016-11-07T23:40:00,56.8
5463,2016-11-08T00:05:00,58.9
5464,2016-11-08T00:25:00,58.5
5465,2016-11-08T00:45:00,57.8
5466,2016-11-08T01:05:00,59.2
5467,2016-11-08T01:25:00,60.4
5468,2016-11-08T01:45:00,60.8
5469,2016-11-08T02:05:00,61.1
5470,2016-11-08T02:25:00,60.6
5471,2016-11-08T02:45:00,60.6
5472,2016-11-08T03:05:00,60
5473,2016-11-08T03:25:00,60.1
5474,2016-11-08T03:45:00,60.4
5475,2016-11-08T04:05:00,59.6
5476,2016-11-08T04:25:00,60
5477,2016-11-08T04:45:00,59.5
5478,2016-11-08T05:05:00,60
5479,2016-11-08T05:25:00,59.5
5480,2016-11-08T05:45:00,60.3
5481,2016-11-08T06:05:00,61.1
5482,2016-11-08T06:25:00,61.7
5483,2016-11-08T06:45:00,61.7
5484,2016-11-08T07:05:00,60.9
5485,2016-11-08T07:25:00,52.4
5486,2016-11-08T07:45:00,44.7
5487,2016-11-08T08:05:00,40.1
5488,2016-11-08T08:25:00,37.9
5489,2016-11-08T08:45:00,36.2
5490,2016-11-08T09:05:00,35.1
5491,2016-11-08T09:25:00,35.1
5492,2016-11-08T09:45:00,42.5
5493,2016-11-08T10:05:00,36.9
5494,2016-11-08T10:25:00,46.9
5495,2016-11-08T10:45:00,45.3
5496,2016-11-08T11:05:00,41.2
5497,2016-11-08T11:30:00,50.3
5498,2016-11-08T11:50:00,45.1
5499,2016-11-08T12:10:00,37.3
5500,2016-11-08T12:30:00,36.6
5501,2016-11-08T12:50:00,34.6
5502,2016-11-08T13:10:00,41.5
5503,2016-11-08T13:30:00,38.7
5504,2016-11-08T13:50:00,50.7
5505,2016-11-08T14:10:00,51.9
5506,2016-11-08T14:30:00,52.7
5507,2016-11-08T14:50:00,53.3
5508,2016-11-08T15:10:00,54.6
5509,2016-11-08T15:30:00,54.8
5510,2016-11-08T15:50:00,55.5
5511,2016-11-08T16:10:00,55.4
5512,2016-11-08T16:30:00,55.7
5513,2016-11-08T16:50:00,56.5
5514,2016-11-08T17:10:00,55.5
5515,2016-11-08T17:30:00,52.9
5516,2016-11-08T17:50:00,52.7
5517,2016-11-08T18:10:00,50.8
5518,2016-11-08T18:30:00,48
5519,2016-11-08T18:50:00,47.3
5520,2016-11-08T19:10:00,50.7
5521,2016-11-08T19:30:00,51.6
5522,2016-11-08T19:50:00,52.2
5523,2016-11-08T20:10:00,51.3
5524,2016-11-08T20:30:00,50.2
5525,2016-11-08T20:50:00,49.1
5526,2016-11-08T21:10:00,49.1
5527,2016-11-08T21:30:00,48.9
5528,2016-11-08T21:50:00,49.1
5529,2016-11-08T22:10:00,49.7
5530,2016-11-08T22:30:00,48.9
5531,2016-11-08T22:55:00,48.8
5532,2016-11-08T23:15:00,48.3
5533,2016-11-08T23:35:00,50
5534,2016-11-08T23:55:00,49.7
5535,2016-11-09T00:15:00,50.5
5536,2016-11-09T00:35:00,51.6
5537,2016-11-09T00:55:00,53.8
5538,2016-11-09T01:15:00,56.8
5539,2016-11-09T01:35:00,57.6
5540,2016-11-09T01:55:00,59.8
5541,2016-11-09T02:15:00,61.4
5542,2016-11-09T02:35:00,62
5543,2016-11-09T02:55:00,62
5544,2016-11-09T03:15:00,61.4
5545,2016-11-09T03:35:00,61.2
5546,2016-11-09T03:55:00,62.2
5547,2016-11-09T04:15:00,62.2
5548,2016-11-09T04:35:00,63
5549,2016-11-09T04:55:00,64.9
5550,2016-11-09T05:15:00,66.9
5551,2016-11-09T05:35:00,66.9
5552,2016-11-09T05:55:00,67.7
5553,2016-11-09T06:15:00,68.5
5554,2016-11-09T06:35:00,68.9
5555,2016-11-09T06:55:00,69.6
5556,2016-11-09T07:15:00,67.1
5557,2016-11-09T07:35:00,68
5558,2016-11-09T07:55:00,69.1
5559,2016-11-09T08:15:00,69.1
5560,2016-11-09T08:35:00,69.4
5561,2016-11-09T08:55:00,70.2
5562,2016-11-09T09:15:00,70.1
5563,2016-11-09T09:35:00,69.7
5564,2016-11-09T09:55:00,69.9
5565,2016-11-09T10:20:00,70.1
5566,2016-11-09T10:40:00,70.4
5567,2016-11-09T11:00:00,70.2
5568,2016-11-09T11:20:00,69.7
5569,2016-11-09T11:40:00,70.5
5570,2016-11-09T12:00:00,69.9
5571,2016-11-09T12:20:00,70.7
5572,2016-11-09T12:40:00,68.2
5573,2016-11-09T13:00:00,69.3
5574,2016-11-09T13:20:00,67.8
5575,2016-11-09T13:40:00,70.2
5576,2016-11-09T14:00:00,68.5
5577,2016-11-09T14:20:00,67.1
5578,2016-11-09T14:40:00,67.5
5579,2016-11-09T15:00:00,66.9
5580,2016-11-09T15:20:00,66.7
5581,2016-11-09T15:40:00,67.2
5582,2016-11-09T16:00:00,66.6
5583,2016-11-09T16:20:00,66.4
5584,2016-11-09T16:40:00,66.9
5585,2016-11-09T17:00:00,66.9
5586,2016-11-09T17:20:00,68.3
5587,2016-11-09T17:40:00,68.3
5588,2016-11-09T18:00:00,67.2
5589,2016-11-09T18:20:00,66.4
5590,2016-11-09T18:40:00,66.1
5591,2016-11-09T19:00:00,66.4
5592,2016-11-09T19:20:00,66
5593,2016-11-09T19:40:00,66.1
5594,2016-11-09T20:00:00,66
5595,2016-11-09T20:20:00,65
5596,2016-11-09T20:40:00,66.1
5597,2016-11-09T21:00:00,64.7
5598,2016-11-09T21:20:00,64.2
5599,2016-11-09T21:45:00,64.1
5600,2016-11-09T22:05:00,63.9
5601,2016-11-09T22:25:00,64.7
5602,2016-11-09T22:45:00,64.9
5603,2016-11-09T23:05:00,65
5604,2016-11-09T23:25:00,65.2
5605,2016-11-09T23:45:00,65
5606,2016-11-10T00:05:00,65.8
5607,2016-11-10T00:25:00,60
5608,2016-11-10T00:45:00,59.6
5609,2016-11-10T01:05:00,56.5
5610,2016-11-10T01:25:00,54.6
5611,2016-11-10T01:45:00,55.4
5612,2016-11-10T02:05:00,55.2
5613,2016-11-10T02:25:00,54.6
5614,2016-11-10T02:45:00,52.7
5615,2016-11-10T03:05:00,52.1
5616,2016-11-10T03:25:00,53.7
5617,2016-11-10T03:45:00,53.2
5618,2016-11-10T04:05:00,54.4
5619,2016-11-10T04:25:00,59.3
5620,2016-11-10T04:45:00,57.9
5621,2016-11-10T05:05:00,54.3
5622,2016-11-10T05:25:00,54.4
5623,2016-11-10T05:45:00,52.6
5624,2016-11-10T06:05:00,54
5625,2016-11-10T06:25:00,61.7
5626,2016-11-10T06:45:00,55.4
5627,2016-11-10T07:05:00,54
5628,2016-11-10T07:25:00,52.9
5629,2016-11-10T07:45:00,52.1
5630,2016-11-10T08:05:00,45.6
5631,2016-11-10T08:25:00,45
5632,2016-11-10T08:50:00,43.3
5633,2016-11-10T09:10:00,41.4
5634,2016-11-10T09:30:00,44.2
5635,2016-11-10T09:50:00,47.3
5636,2016-11-10T10:10:00,50.8
5637,2016-11-10T10:30:00,50.5
5638,2016-11-10T10:50:00,49.1
5639,2016-11-10T11:10:00,51.1
5640,2016-11-10T11:30:00,49.7
5641,2016-11-10T11:50:00,50
5642,2016-11-10T12:10:00,49.7
5643,2016-11-10T12:30:00,48
5644,2016-11-10T12:50:00,50
5645,2016-11-10T13:10:00,53
5646,2016-11-10T13:30:00,54.9
5647,2016-11-10T13:50:00,54.8
5648,2016-11-10T14:10:00,54.3
5649,2016-11-10T14:30:00,52.1
5650,2016-11-10T14:50:00,52.9
5651,2016-11-10T15:10:00,53.7
5652,2016-11-10T15:30:00,54.8
5653,2016-11-10T15:50:00,56
5654,2016-11-10T16:10:00,56.8
5655,2016-11-10T16:30:00,57
5656,2016-11-10T16:50:00,58.5
5657,2016-11-10T17:10:00,57.6
5658,2016-11-10T17:30:00,59.2
5659,2016-11-10T17:50:00,60.8
5660,2016-11-10T18:10:00,61.2
5661,2016-11-10T18:30:00,62.3
5662,2016-11-10T18:50:00,57.8
5663,2016-11-10T19:10:00,58.9
5664,2016-11-10T19:30:00,58.4
5665,2016-11-10T19:50:00,57.8
5666,2016-11-10T20:15:00,57.1
5667,2016-11-10T20:35:00,57
5668,2016-11-10T20:55:00,57.4
5669,2016-11-10T21:15:00,57.6
5670,2016-11-10T21:35:00,60
5671,2016-11-10T21:55:00,62.8
5672,2016-11-10T22:15:00,64.2
5673,2016-11-10T22:35:00,65.3
5674,2016-11-10T22:55:00,64.4
5675,2016-11-10T23:15:00,64.2
5676,2016-11-10T23:35:00,64.9
5677,2016-11-10T23:55:00,64.9
5678,2016-11-11T00:15:00,63.4
5679,2016-11-11T00:35:00,63
5680,2016-11-11T00:55:00,61.7
5681,2016-11-11T01:15:00,61.5
5682,2016-11-11T01:35:00,61.9
5683,2016-11-11T01:55:00,61.7
5684,2016-11-11T02:15:00,61.5
5685,2016-11-11T02:35:00,61.5
5686,2016-11-11T02:55:00,60.9
5687,2016-11-11T03:15:00,61.2
5688,2016-11-11T03:35:00,62.3
5689,2016-11-11T03:55:00,62.5
5690,2016-11-11T04:15:00,60.3
5691,2016-11-11T04:35:00,59.8
5692,2016-11-11T04:55:00,59.5
5693,2016-11-11T05:15:00,61.9
5694,2016-11-11T05:35:00,60.9
5695,2016-11-11T05:55:00,60.6
5696,2016-11-11T06:15:00,60.8
5697,2016-11-11T06:35:00,61.2
5698,2016-11-11T06:55:00,60.6
5699,2016-11-11T07:15:00,59.5
5700,2016-11-11T07:40:00,59.5
5701,2016-11-11T08:00:00,54.8
5702,2016-11-11T08:20:00,56.2
5703,2016-11-11T08:40:00,58.7
5704,2016-11-11T09:00:00,45.3
5705,2016-11-11T09:20:00,44.7
5706,2016-11-11T09:40:00,46.1
5707,2016-11-11T10:00:00,43.4
5708,2016-11-11T10:20:00,42.8
5709,2016-11-11T10:40:00,44.5
5710,2016-11-11T11:00:00,45.3
5711,2016-11-11T11:20:00,42.6
5712,2016-11-11T11:40:00,40.6
5713,2016-11-11T12:00:00,42.9
5714,2016-11-11T12:20:00,43.1
5715,2016-11-11T12:40:00,43.1
5716,2016-11-11T13:00:00,41.2
5717,2016-11-11T13:20:00,43.3
5718,2016-11-11T13:40:00,46.2
5719,2016-11-11T14:00:00,44.7
5720,2016-11-11T14:20:00,48.8
5721,2016-11-11T14:40:00,49.2
5722,2016-11-11T15:00:00,52.1
5723,2016-11-11T15:20:00,54
5724,2016-11-11T15:40:00,56.3
5725,2016-11-11T16:00:00,56.8
5726,2016-11-11T16:20:00,58.1
5727,2016-11-11T16:40:00,57.9
5728,2016-11-11T17:00:00,59.5
5729,2016-11-11T17:20:00,59.8
5730,2016-11-11T17:40:00,59.6
5731,2016-11-11T18:00:00,60.3
5732,2016-11-11T18:20:00,61.1
5733,2016-11-11T18:40:00,62.2
5734,2016-11-11T19:05:00,62.3
5735,2016-11-11T19:25:00,63.3
5736,2016-11-11T19:45:00,63.6
5737,2016-11-11T20:05:00,63.1
5738,2016-11-11T20:25:00,63.9
5739,2016-11-11T20:45:00,63.7
5740,2016-11-11T21:05:00,64.5
5741,2016-11-11T21:25:00,64.9
5742,2016-11-11T21:45:00,65
5743,2016-11-11T22:05:00,64.9
5744,2016-11-11T22:25:00,64.7
5745,2016-11-11T22:45:00,64.7
5746,2016-11-11T23:05:00,65.3
5747,2016-11-11T23:25:00,65.6
5748,2016-11-11T23:45:00,64.5
5749,2016-11-12T00:05:00,64.2
5750,2016-11-12T00:25:00,64.5
5751,2016-11-12T00:45:00,64.2
5752,2016-11-12T01:05:00,63.9
5753,2016-11-12T01:25:00,63.7
5754,2016-11-12T01:45:00,63.9
5755,2016-11-12T02:05:00,63.6
5756,2016-11-12T02:25:00,63.7
5757,2016-11-12T02:45:00,65
5758,2016-11-12T03:05:00,64.5
5759,2016-11-12T03:25:00,66
5760,2016-11-12T03:45:00,65
5761,2016-11-12T04:05:00,67.5
5762,2016-11-12T04:25:00,66.1
5763,2016-11-12T04:45:00,68
5764,2016-11-12T05:05:00,67.2
5765,2016-11-12T05:25:00,66.3
5766,2016-11-12T05:45:00,66.7
5767,2016-11-12T06:10:00,67.4
5768,2016-11-12T06:30:00,67.2
5769,2016-11-12T06:50:00,66.9
5770,2016-11-12T07:10:00,67.5
5771,2016-11-12T07:30:00,64.5
5772,2016-11-12T07:50:00,53.7
5773,2016-11-12T08:10:00,43.1
5774,2016-11-12T08:30:00,41.8
5775,2016-11-12T08:50:00,42
5776,2016-11-12T09:10:00,43.3
5777,2016-11-12T09:30:00,46.2
5778,2016-11-12T09:50:00,48
5779,2016-11-12T10:10:00,48.9
5780,2016-11-12T10:30:00,52.1
5781,2016-11-12T10:50:00,54
5782,2016-11-12T11:10:00,51.3
5783,2016-11-12T11:30:00,54.1
5784,2016-11-12T11:50:00,55.7
5785,2016-11-12T12:10:00,50.3
5786,2016-11-12T12:30:00,48.3
5787,2016-11-12T12:50:00,48.5
5788,2016-11-12T13:10:00,46.7
5789,2016-11-12T13:30:00,46.2
5790,2016-11-12T13:50:00,48.8
5791,2016-11-12T14:10:00,52.9
5792,2016-11-12T14:30:00,54
5793,2016-11-12T14:50:00,54.4
5794,2016-11-12T15:10:00,54.9
5795,2016-11-12T15:30:00,54.8
5796,2016-11-12T15:50:00,55.4
5797,2016-11-12T16:10:00,55.2
5798,2016-11-12T16:30:00,56
5799,2016-11-12T16:50:00,56.5
5800,2016-11-12T17:10:00,56.8
5801,2016-11-12T17:35:00,56.5
5802,2016-11-12T17:55:00,57.4
5803,2016-11-12T18:15:00,57.3
5804,2016-11-12T18:35:00,56.8
5805,2016-11-12T18:55:00,57
5806,2016-11-12T19:15:00,56.5
5807,2016-11-12T19:35:00,56
5808,2016-11-12T19:55:00,56.7
5809,2016-11-12T20:15:00,56.2
5810,2016-11-12T20:35:00,55.7
5811,2016-11-12T20:55:00,55.9
5812,2016-11-12T21:15:00,55.4
5813,2016-11-12T21:35:00,55.1
5814,2016-11-12T21:55:00,55.4
5815,2016-11-12T22:15:00,56
5816,2016-11-12T22:35:00,56.5
5817,2016-11-12T22:55:00,58.1
5818,2016-11-12T23:15:00,58.5
5819,2016-11-12T23:35:00,59
5820,2016-11-12T23:55:00,59.5
5821,2016-11-13T00:15:00,59.3
5822,2016-11-13T00:35:00,58.5
5823,2016-11-13T00:55:00,57.4
5824,2016-11-13T01:15:00,56.8
5825,2016-11-13T01:35:00,56.5
5826,2016-11-13T01:55:00,56
5827,2016-11-13T02:15:00,56.2
5828,2016-11-13T02:35:00,55.9
5829,2016-11-13T02:55:00,55.9
5830,2016-11-13T03:15:00,55.7
5831,2016-11-13T03:35:00,55.1
5832,2016-11-13T03:55:00,54.4
5833,2016-11-13T04:15:00,52.9
5834,2016-11-13T04:35:00,52.9
5835,2016-11-13T05:00:00,53.3
5836,2016-11-13T05:20:00,53.2
5837,2016-11-13T05:40:00,53.7
5838,2016-11-13T06:00:00,53.8
5839,2016-11-13T06:20:00,55.1
5840,2016-11-13T06:40:00,55.4
5841,2016-11-13T07:00:00,55.9
5842,2016-11-13T07:20:00,57
5843,2016-11-13T07:40:00,56.7
5844,2016-11-13T08:00:00,55.7
5845,2016-11-13T08:20:00,53
5846,2016-11-13T08:40:00,53.7
5847,2016-11-13T09:00:00,54.9
5848,2016-11-13T09:20:00,55.1
5849,2016-11-13T09:40:00,55.1
5850,2016-11-13T10:00:00,53.8
5851,2016-11-13T10:20:00,55.5
5852,2016-11-13T10:40:00,55.2
5853,2016-11-13T11:00:00,54.4
5854,2016-11-13T11:20:00,52.4
5855,2016-11-13T11:40:00,48.8
5856,2016-11-13T12:00:00,46.9
5857,2016-11-13T12:20:00,47.3
5858,2016-11-13T12:40:00,47.2
5859,2016-11-13T13:00:00,47
5860,2016-11-13T13:20:00,47.2
5861,2016-11-13T13:40:00,48
5862,2016-11-13T14:00:00,49.6
5863,2016-11-13T14:20:00,50.8
5864,2016-11-13T14:40:00,51.8
5865,2016-11-13T15:00:00,54
5866,2016-11-13T15:20:00,54.1
5867,2016-11-13T15:40:00,54.3
5868,2016-11-13T16:25:00,55.2
5869,2016-11-13T16:45:00,57
5870,2016-11-13T17:05:00,56.7
5871,2016-11-13T17:25:00,57.3
5872,2016-11-13T17:45:00,57.6
5873,2016-11-13T18:05:00,57.9
5874,2016-11-13T18:25:00,59.3
5875,2016-11-13T18:45:00,60.3
5876,2016-11-13T19:05:00,59.8
5877,2016-11-13T19:25:00,60.4
5878,2016-11-13T19:45:00,60.4
5879,2016-11-13T20:05:00,60.8
5880,2016-11-13T20:25:00,60.6
5881,2016-11-13T20:45:00,60
5882,2016-11-13T21:05:00,58.5
5883,2016-11-13T21:25:00,57.8
5884,2016-11-13T21:45:00,57.6
5885,2016-11-13T22:05:00,57.6
5886,2016-11-13T22:25:00,58.1
5887,2016-11-13T22:45:00,58.5
5888,2016-11-13T23:05:00,58.5
5889,2016-11-13T23:25:00,58.7
5890,2016-11-13T23:45:00,58.9
5891,2016-11-14T00:05:00,59.3
5892,2016-11-14T00:25:00,60.3
5893,2016-11-14T00:45:00,60.9
5894,2016-11-14T01:05:00,60.3
5895,2016-11-14T01:25:00,60.6
5896,2016-11-14T01:45:00,60.9
5897,2016-11-14T02:05:00,61.1
5898,2016-11-14T02:25:00,61.7
5899,2016-11-14T02:45:00,62
5900,2016-11-14T03:05:00,62.2
5901,2016-11-14T03:30:00,63.1
5902,2016-11-14T03:50:00,62.8
5903,2016-11-14T04:10:00,62.6
5904,2016-11-14T04:30:00,63.1
5905,2016-11-14T04:50:00,63.1
5906,2016-11-14T05:10:00,63.6
5907,2016-11-14T05:30:00,63.6
5908,2016-11-14T05:50:00,63.6
5909,2016-11-14T06:10:00,63.7
5910,2016-11-14T06:30:00,64.2
5911,2016-11-14T06:50:00,64.1
5912,2016-11-14T07:10:00,63.6
5913,2016-11-14T07:30:00,62.3
5914,2016-11-14T07:50:00,60.3
5915,2016-11-14T08:10:00,58.4
5916,2016-11-14T08:30:00,54.3
5917,2016-11-14T08:50:00,54.9
5918,2016-11-14T09:10:00,58.9
5919,2016-11-14T09:30:00,57.9
5920,2016-11-14T09:50:00,60.3
5921,2016-11-14T10:10:00,61.7
5922,2016-11-14T10:30:00,65.2
5923,2016-11-14T10:50:00,66.4
5924,2016-11-14T11:10:00,65.6
5925,2016-11-14T11:30:00,65
5926,2016-11-14T11:50:00,64.9
5927,2016-11-14T12:10:00,64.4
5928,2016-11-14T12:30:00,64.4
5929,2016-11-14T12:50:00,65
5930,2016-11-14T13:10:00,66.3
5931,2016-11-14T13:30:00,67.7
5932,2016-11-14T13:50:00,68.6
5933,2016-11-14T14:10:00,69.1
5934,2016-11-14T14:30:00,69.7
5935,2016-11-14T14:55:00,69.9
5936,2016-11-14T15:15:00,70.1
5937,2016-11-14T15:35:00,70.1
5938,2016-11-14T15:55:00,70.1
5939,2016-11-14T16:15:00,70.5
5940,2016-11-14T16:35:00,70.2
5941,2016-11-14T16:55:00,70.4
5942,2016-11-14T17:15:00,70.2
5943,2016-11-14T17:35:00,70.4
5944,2016-11-14T17:55:00,70.5
5945,2016-11-14T18:15:00,70.5
5946,2016-11-14T18:35:00,70.7
5947,2016-11-14T18:55:00,70.4
5948,2016-11-14T19:15:00,70.8
5949,2016-11-14T19:35:00,70.7
5950,2016-11-14T19:55:00,70.4
5951,2016-11-14T20:15:00,70.5
5952,2016-11-14T20:35:00,71
5953,2016-11-14T20:55:00,70.8
5954,2016-11-14T21:15:00,70.5
5955,2016-11-14T21:35:00,71.2
5956,2016-11-14T21:55:00,71.2
5957,2016-11-14T22:15:00,71.2
5958,2016-11-14T22:35:00,71.2
5959,2016-11-14T22:55:00,71.2
5960,2016-11-14T23:15:00,71.6
5961,2016-11-14T23:35:00,71.6
5962,2016-11-14T23:55:00,72.1
5963,2016-11-15T00:15:00,71.8
5964,2016-11-15T00:35:00,72.3
5965,2016-11-15T00:55:00,72.1
5966,2016-11-15T01:15:00,72.1
5967,2016-11-15T01:35:00,72.6
5968,2016-11-15T01:55:00,72.7
5969,2016-11-15T02:20:00,73
5970,2016-11-15T02:40:00,72.9
5971,2016-11-15T03:00:00,73.2
5972,2016-11-15T03:20:00,73.4
5973,2016-11-15T03:40:00,73.7
5974,2016-11-15T04:00:00,73.4
5975,2016-11-15T04:20:00,74
5976,2016-11-15T04:40:00,73.7
5977,2016-11-15T05:00:00,74.3
5978,2016-11-15T05:20:00,74.5
5979,2016-11-15T05:40:00,74.8
5980,2016-11-15T06:00:00,74.6
5981,2016-11-15T06:20:00,74.5
5982,2016-11-15T06:40:00,74.5
5983,2016-11-15T07:00:00,74.8
5984,2016-11-15T07:20:00,74.9
5985,2016-11-15T07:40:00,75.3
5986,2016-11-15T08:00:00,75.4
5987,2016-11-15T08:20:00,75.7
5988,2016-11-15T08:40:00,75.7
5989,2016-11-15T09:00:00,75.7
5990,2016-11-15T09:20:00,75.6
5991,2016-11-15T09:40:00,76.2
5992,2016-11-15T10:00:00,76.2
5993,2016-11-15T10:20:00,76
5994,2016-11-15T10:40:00,76
5995,2016-11-15T11:00:00,76
5996,2016-11-15T11:20:00,75.7
5997,2016-11-15T11:40:00,75.4
5998,2016-11-15T12:00:00,75.6
5999,2016-11-15T12:20:00,75.6
6000,2016-11-15T12:40:00,75.7
6001,2016-11-15T13:00:00,75.6
6002,2016-11-15T13:20:00,74.3
6003,2016-11-15T13:45:00,74.3
6004,2016-11-15T14:05:00,74.3
6005,2016-11-15T14:25:00,73.5
6006,2016-11-15T14:45:00,73
6007,2016-11-15T15:05:00,72.4
6008,2016-11-15T15:25:00,71.8
6009,2016-11-15T15:45:00,71.5
6010,2016-11-15T16:05:00,71.2
6011,2016-11-15T16:25:00,71.8
6012,2016-11-15T16:45:00,72.1
6013,2016-11-15T17:05:00,71.8
6014,2016-11-15T17:25:00,69.9
6015,2016-11-15T17:45:00,70.1
6016,2016-11-15T18:05:00,70.4
6017,2016-11-15T18:25:00,69.6
6018,2016-11-15T18:45:00,67.7
6019,2016-11-15T19:05:00,67.4
6020,2016-11-15T19:25:00,67.1
6021,2016-11-15T19:45:00,67.7
6022,2016-11-15T20:05:00,67.1
6023,2016-11-15T20:25:00,67.2
6024,2016-11-15T20:45:00,67.2
6025,2016-11-15T21:05:00,68
6026,2016-11-15T21:25:00,67.8
6027,2016-11-15T21:45:00,68
6028,2016-11-15T22:05:00,67.5
6029,2016-11-15T22:25:00,68.5
6030,2016-11-15T22:45:00,68.5
6031,2016-11-15T23:05:00,69.1
6032,2016-11-15T23:25:00,69.3
6033,2016-11-15T23:45:00,69.3
6034,2016-11-16T00:05:00,69.4
6035,2016-11-16T00:25:00,70.1
6036,2016-11-16T00:45:00,69.9
6037,2016-11-16T01:10:00,70.8
6038,2016-11-16T13:55:00,70.7
6039,2016-11-16T14:15:00,71.5
6040,2016-11-16T14:35:00,72.3
6041,2016-11-16T14:55:00,71.8
6042,2016-11-16T15:15:00,71.9
6043,2016-11-16T15:35:00,72.1
6044,2016-11-16T15:55:00,71.3
6045,2016-11-16T16:15:00,70.8
6046,2016-11-16T16:35:00,70.8
6047,2016-11-16T16:55:00,71.9
6048,2016-11-16T17:15:00,70.8
6049,2016-11-16T17:35:00,70.5
6050,2016-11-16T17:55:00,70.2
6051,2016-11-16T18:15:00,69.7
6052,2016-11-16T18:35:00,69.1
6053,2016-11-16T18:55:00,68.8
6054,2016-11-16T19:15:00,68.8
6055,2016-11-16T19:35:00,68.9
6056,2016-11-16T19:55:00,69.3
6057,2016-11-16T20:15:00,68.8
6058,2016-11-16T20:35:00,69.1
6059,2016-11-16T20:55:00,69.6
6060,2016-11-16T21:15:00,66.7
6061,2016-11-16T21:35:00,65.6
6062,2016-11-16T21:55:00,65.2
6063,2016-11-16T22:15:00,64.9
6064,2016-11-16T22:35:00,65.6
6065,2016-11-16T22:55:00,64.7
6066,2016-11-16T23:15:00,65.2
6067,2016-11-16T23:40:00,65
6068,2016-11-17T00:00:00,65
6069,2016-11-17T00:20:00,64.7
6070,2016-11-17T00:40:00,64.7
6071,2016-11-17T01:00:00,64.9
6072,2016-11-17T01:20:00,65
6073,2016-11-17T01:40:00,65.3
6074,2016-11-17T02:00:00,65
6075,2016-11-17T02:20:00,64.5
6076,2016-11-17T02:40:00,63.1
6077,2016-11-17T03:00:00,64.4
6078,2016-11-17T03:20:00,65
6079,2016-11-17T03:40:00,64.5
6080,2016-11-17T04:00:00,65
6081,2016-11-17T04:20:00,64.7
6082,2016-11-17T04:40:00,64.4
6083,2016-11-17T05:00:00,64.5
6084,2016-11-17T05:20:00,65.3
6085,2016-11-17T05:40:00,65.2
6086,2016-11-17T06:00:00,65.8
6087,2016-11-17T06:20:00,65
6088,2016-11-17T06:40:00,65.6
6089,2016-11-17T07:00:00,65.2
6090,2016-11-17T07:20:00,65.8
6091,2016-11-17T07:40:00,64.5
6092,2016-11-17T08:00:00,60.8
6093,2016-11-17T08:20:00,61.7
6094,2016-11-17T08:40:00,54.1
6095,2016-11-17T09:00:00,60.1
6096,2016-11-17T09:20:00,60.3
6097,2016-11-17T09:40:00,62
6098,2016-11-17T10:00:00,59.8
6099,2016-11-17T10:20:00,60.1
6100,2016-11-17T10:40:00,60.6
6101,2016-11-17T11:05:00,61.1
6102,2016-11-17T11:25:00,60.6
6103,2016-11-17T11:45:00,54.4
6104,2016-11-17T12:05:00,57.9
6105,2016-11-17T12:25:00,58.1
6106,2016-11-17T12:45:00,60.3
6107,2016-11-17T13:05:00,60
6108,2016-11-17T13:25:00,57
6109,2016-11-17T13:45:00,59.8
6110,2016-11-17T14:05:00,61.4
6111,2016-11-17T14:25:00,63.4
6112,2016-11-17T14:45:00,62.8
6113,2016-11-17T15:05:00,61.4
6114,2016-11-17T15:25:00,61.1
6115,2016-11-17T15:45:00,61.7
6116,2016-11-17T16:05:00,63.4
6117,2016-11-17T16:25:00,63.3
6118,2016-11-17T16:45:00,63.7
6119,2016-11-17T17:05:00,64.2
6120,2016-11-17T17:25:00,63.9
6121,2016-11-17T17:45:00,63.1
6122,2016-11-17T18:05:00,62.8
6123,2016-11-17T18:25:00,62.5
6124,2016-11-17T18:45:00,63.6
6125,2016-11-17T19:05:00,65.5
6126,2016-11-17T19:25:00,65.8
6127,2016-11-17T19:45:00,65.3
6128,2016-11-17T20:05:00,65.2
6129,2016-11-17T20:25:00,66.9
6130,2016-11-17T20:45:00,66.4
6131,2016-11-17T21:05:00,66.3
6132,2016-11-17T21:25:00,68.5
6133,2016-11-17T21:45:00,70.5
6134,2016-11-17T22:05:00,71.3
6135,2016-11-17T22:30:00,72.6
6136,2016-11-17T22:50:00,72.9
6137,2016-11-17T23:10:00,71.8
6138,2016-11-17T23:30:00,71.3
6139,2016-11-17T23:50:00,70.8
6140,2016-11-18T00:10:00,69.6
6141,2016-11-18T00:30:00,68.5
6142,2016-11-18T00:50:00,67.4
6143,2016-11-18T01:10:00,67.2
6144,2016-11-18T01:30:00,67.2
6145,2016-11-18T01:50:00,66.1
6146,2016-11-18T02:10:00,65.5
6147,2016-11-18T02:30:00,64.9
6148,2016-11-18T02:50:00,64.2
6149,2016-11-18T03:10:00,63.9
6150,2016-11-18T03:30:00,64.5
6151,2016-11-18T03:50:00,64.1
6152,2016-11-18T04:10:00,65.8
6153,2016-11-18T04:30:00,66
6154,2016-11-18T04:50:00,67.2
6155,2016-11-18T05:10:00,67.4
6156,2016-11-18T05:30:00,67.7
6157,2016-11-18T05:50:00,67.1
6158,2016-11-18T06:10:00,66.9
6159,2016-11-18T06:30:00,67.8
6160,2016-11-18T06:50:00,67.4
6161,2016-11-18T07:10:00,67.4
6162,2016-11-18T07:30:00,67.8
6163,2016-11-18T07:50:00,66.7
6164,2016-11-18T08:10:00,67.1
6165,2016-11-18T08:30:00,69.3
6166,2016-11-18T08:50:00,68.1
6167,2016-11-18T09:15:00,70.1
6168,2016-11-18T09:35:00,70.7
6169,2016-11-18T09:55:00,70.5
6170,2016-11-18T10:15:00,70.5
6171,2016-11-18T10:35:00,70.5
6172,2016-11-18T10:55:00,70.2
6173,2016-11-18T11:15:00,70.1
6174,2016-11-18T11:35:00,70.2
6175,2016-11-18T11:55:00,72.1
6176,2016-11-18T12:15:00,66.4
6177,2016-11-18T12:35:00,66.7
6178,2016-11-18T12:55:00,69.1
6179,2016-11-18T13:15:00,68.2
6180,2016-11-18T13:35:00,67.5
6181,2016-11-18T13:55:00,66.1
6182,2016-11-18T14:15:00,66.1
6183,2016-11-18T14:35:00,67.4
6184,2016-11-18T14:55:00,68.8
6185,2016-11-18T15:15:00,68.8
6186,2016-11-18T15:35:00,69.6
6187,2016-11-18T15:55:00,68.5
6188,2016-11-18T16:15:00,68.5
6189,2016-11-18T16:35:00,65.2
6190,2016-11-18T16:55:00,66.3
6191,2016-11-18T17:15:00,66.4
6192,2016-11-18T17:35:00,66.1
6193,2016-11-18T17:55:00,65.5
6194,2016-11-18T18:15:00,66
6195,2016-11-18T18:35:00,65.6
6196,2016-11-18T18:55:00,61.9
6197,2016-11-18T19:15:00,59
6198,2016-11-18T19:35:00,59.2
6199,2016-11-18T19:55:00,60
6200,2016-11-18T20:15:00,60.1
6201,2016-11-18T20:40:00,60.4
6202,2016-11-18T21:00:00,60
6203,2016-11-18T21:20:00,58.7
6204,2016-11-18T21:40:00,61.2
6205,2016-11-18T22:00:00,61.4
6206,2016-11-18T22:20:00,61.4
6207,2016-11-18T22:40:00,60.8
6208,2016-11-18T23:00:00,60.9
6209,2016-11-18T23:20:00,60.4
6210,2016-11-18T23:40:00,64.1
6211,2016-11-19T00:00:00,66.7
6212,2016-11-19T00:20:00,65.3
6213,2016-11-19T00:40:00,64.9
6214,2016-11-19T01:00:00,64.9
6215,2016-11-19T01:20:00,65.2
6216,2016-11-19T01:40:00,65
6217,2016-11-19T02:00:00,64.7
6218,2016-11-19T02:20:00,64.4
6219,2016-11-19T02:40:00,63.4
6220,2016-11-19T03:00:00,63.6
6221,2016-11-19T03:20:00,64.2
6222,2016-11-19T03:40:00,64.7
6223,2016-11-19T04:00:00,65.3
6224,2016-11-19T04:20:00,66.9
6225,2016-11-19T04:40:00,67.1
6226,2016-11-19T05:00:00,66.4
6227,2016-11-19T05:20:00,64.9
6228,2016-11-19T05:40:00,63.4
6229,2016-11-19T06:00:00,64.9
6230,2016-11-19T06:20:00,68.3
6231,2016-11-19T06:40:00,68.5
6232,2016-11-19T07:00:00,68.3
6233,2016-11-19T07:20:00,68
6234,2016-11-19T07:40:00,67.8
6235,2016-11-19T08:05:00,67.2
6236,2016-11-19T08:25:00,67.8
6237,2016-11-19T08:45:00,66.9
6238,2016-11-19T09:05:00,65.6
6239,2016-11-19T09:25:00,66.1
6240,2016-11-19T09:45:00,63.7
6241,2016-11-19T10:05:00,63.9
6242,2016-11-19T10:25:00,65.3
6243,2016-11-19T10:45:00,65.2
6244,2016-11-19T11:05:00,64.9
6245,2016-11-19T11:25:00,63.3
6246,2016-11-19T11:45:00,62
6247,2016-11-19T12:05:00,61.7
6248,2016-11-19T12:25:00,61.4
6249,2016-11-19T12:45:00,60.9
6250,2016-11-19T13:05:00,60.6
6251,2016-11-19T13:25:00,60
6252,2016-11-19T13:45:00,60
6253,2016-11-19T14:05:00,60
6254,2016-11-19T14:25:00,60.1
6255,2016-11-19T14:45:00,60.6
6256,2016-11-19T15:05:00,61.2
6257,2016-11-19T15:25:00,61.2
6258,2016-11-19T15:45:00,61.7
6259,2016-11-19T16:05:00,64.1
6260,2016-11-19T16:25:00,65.5
6261,2016-11-19T16:45:00,65.5
6262,2016-11-19T17:05:00,64.9
6263,2016-11-19T17:25:00,64.7
6264,2016-11-19T17:45:00,65.2
6265,2016-11-19T18:05:00,64.4
6266,2016-11-19T18:25:00,62.6
6267,2016-11-19T18:45:00,66.7
6268,2016-11-19T19:05:00,67.1
6269,2016-11-19T19:30:00,65.6
6270,2016-11-19T19:50:00,63.7
6271,2016-11-19T20:10:00,64.1
6272,2016-11-19T20:30:00,65.2
6273,2016-11-19T20:50:00,65.6
6274,2016-11-19T21:10:00,65.6
6275,2016-11-19T21:30:00,66.4
6276,2016-11-19T21:50:00,67.8
6277,2016-11-19T22:10:00,67.7
6278,2016-11-19T22:30:00,67.4
6279,2016-11-19T22:50:00,67.4
6280,2016-11-19T23:10:00,67.2
6281,2016-11-19T23:30:00,66.1
6282,2016-11-19T23:50:00,67.7
6283,2016-11-20T00:10:00,68
6284,2016-11-20T00:30:00,66.7
6285,2016-11-20T00:50:00,67.4
6286,2016-11-20T01:10:00,67.5
6287,2016-11-20T01:30:00,68.3
6288,2016-11-20T01:50:00,68.5
6289,2016-11-20T02:10:00,67.8
6290,2016-11-20T02:30:00,68.3
6291,2016-11-20T02:50:00,68.5
6292,2016-11-20T03:10:00,68
6293,2016-11-20T03:30:00,68.2
6294,2016-11-20T03:50:00,68.5
6295,2016-11-20T04:10:00,68
6296,2016-11-20T04:30:00,67.7
6297,2016-11-20T04:50:00,68
6298,2016-11-20T05:10:00,68.2
6299,2016-11-20T05:30:00,66.9
6300,2016-11-20T05:50:00,66.4
6301,2016-11-20T06:10:00,66.3
6302,2016-11-20T06:35:00,66.7
6303,2016-11-20T06:55:00,66.4
6304,2016-11-20T07:15:00,66
6305,2016-11-20T07:35:00,66.4
6306,2016-11-20T07:55:00,66.1
6307,2016-11-20T08:15:00,65.2
6308,2016-11-20T08:35:00,63.3
6309,2016-11-20T08:55:00,64.5
6310,2016-11-20T09:15:00,60.4
6311,2016-11-20T09:35:00,63.4
6312,2016-11-20T09:55:00,62
6313,2016-11-20T10:15:00,63.1
6314,2016-11-20T10:35:00,62
6315,2016-11-20T10:55:00,62.2
6316,2016-11-20T11:15:00,61.7
6317,2016-11-20T11:35:00,60.9
6318,2016-11-20T11:55:00,59.2
6319,2016-11-20T12:15:00,57.6
6320,2016-11-20T12:35:00,57.4
6321,2016-11-20T12:55:00,57.1
6322,2016-11-20T13:15:00,61.5
6323,2016-11-20T13:35:00,67.5
6324,2016-11-20T13:55:00,68.9
6325,2016-11-20T14:15:00,69.9
6326,2016-11-20T14:35:00,71.3
6327,2016-11-20T14:55:00,70.5
6328,2016-11-20T15:15:00,70.2
6329,2016-11-20T15:35:00,71.2
6330,2016-11-20T15:55:00,71.8
6331,2016-11-20T16:15:00,72.3
6332,2016-11-20T16:35:00,72.7
6333,2016-11-20T16:55:00,72.6
6334,2016-11-20T17:15:00,73.2
6335,2016-11-20T17:35:00,69.7
6336,2016-11-20T18:00:00,68.3
6337,2016-11-20T18:20:00,69.3
6338,2016-11-20T18:40:00,69.9
6339,2016-11-20T19:00:00,71.3
6340,2016-11-20T19:20:00,73
6341,2016-11-20T19:40:00,73.8
6342,2016-11-20T20:00:00,74
6343,2016-11-20T20:20:00,73.8
6344,2016-11-20T20:40:00,73.7
6345,2016-11-20T21:00:00,74
6346,2016-11-20T21:20:00,74.5
6347,2016-11-20T21:40:00,73.7
6348,2016-11-20T22:00:00,74
6349,2016-11-20T22:20:00,74.2
6350,2016-11-20T22:40:00,73.8
6351,2016-11-20T23:00:00,71.8
6352,2016-11-20T23:20:00,71.2
6353,2016-11-20T23:40:00,71.2
6354,2016-11-21T00:00:00,71.2
6355,2016-11-21T00:20:00,66
6356,2016-11-21T00:40:00,67.2
6357,2016-11-21T01:00:00,65.3
6358,2016-11-21T01:20:00,63.3
6359,2016-11-21T01:40:00,63.6
6360,2016-11-21T02:00:00,63.1
6361,2016-11-21T02:20:00,63.7
6362,2016-11-21T02:40:00,63.9
6363,2016-11-21T03:00:00,64.5
6364,2016-11-21T03:20:00,65
6365,2016-11-21T03:40:00,64.7
6366,2016-11-21T04:00:00,64.9
6367,2016-11-21T04:20:00,65
6368,2016-11-21T04:40:00,64.9
6369,2016-11-21T05:00:00,65.3
6370,2016-11-21T05:25:00,65.5
6371,2016-11-21T05:45:00,66.6
6372,2016-11-21T06:05:00,66.3
6373,2016-11-21T06:25:00,67.5
6374,2016-11-21T06:45:00,68
6375,2016-11-21T07:05:00,68
6376,2016-11-21T07:25:00,68.5
6377,2016-11-21T07:45:00,67.7
6378,2016-11-21T08:05:00,67.2
6379,2016-11-21T08:25:00,66.6
6380,2016-11-21T08:45:00,66.4
6381,2016-11-21T09:05:00,67.5
6382,2016-11-21T09:25:00,66.7
6383,2016-11-21T09:45:00,68.2
6384,2016-11-21T10:05:00,69.7
6385,2016-11-21T10:25:00,69.9
6386,2016-11-21T10:45:00,72.3
6387,2016-11-21T11:05:00,72.1
6388,2016-11-21T11:25:00,71.2
6389,2016-11-21T11:45:00,71.3
6390,2016-11-21T12:05:00,69.9
6391,2016-11-21T12:25:00,69.7
6392,2016-11-21T12:45:00,69.3
6393,2016-11-21T13:05:00,69.4
6394,2016-11-21T13:25:00,68.5
6395,2016-11-21T13:45:00,69.6
6396,2016-11-21T14:05:00,68
6397,2016-11-21T14:25:00,67.8
6398,2016-11-21T14:45:00,68.5
6399,2016-11-21T15:05:00,67.8
6400,2016-11-21T15:25:00,67.8
6401,2016-12-07T14:20:00,71.9
6402,2016-12-07T14:40:00,72.4
6403,2016-12-07T15:00:00,72.7
6404,2016-12-07T15:40:00,73.2
6405,2016-12-07T16:00:00,73.2
6406,2016-12-07T16:20:00,73.2
6407,2016-12-07T16:40:00,73.2
6408,2016-12-07T17:00:00,73.7
6409,2016-12-07T17:20:00,73.4
6410,2016-12-07T17:40:00,73.7
6411,2016-12-07T18:05:00,73.5
6412,2016-12-07T18:25:00,74
6413,2016-12-07T18:45:00,73.8
6414,2016-12-07T19:05:00,74.2
6415,2016-12-07T19:25:00,73.8
6416,2016-12-07T19:45:00,73.8
6417,2016-12-07T20:05:00,74.5
6418,2016-12-07T20:45:00,73.8
6419,2016-12-07T21:05:00,73.7
6420,2016-12-07T21:25:00,72.7
6421,2016-12-07T21:45:00,72.7
6422,2016-12-07T22:05:00,71.6
6423,2016-12-07T22:25:00,70.7
6424,2016-12-07T22:45:00,70.5
6425,2016-12-07T23:05:00,70.7
6426,2016-12-07T23:25:00,73
6427,2016-12-07T23:45:00,74.2
6428,2016-12-08T00:05:00,74.6
6429,2016-12-08T00:25:00,74.2
6430,2016-12-08T00:45:00,74.8
6431,2016-12-08T01:05:00,74.3
6432,2016-12-08T01:25:00,74.6
6433,2016-12-08T01:45:00,74.8
6434,2016-12-08T02:05:00,74.3
6435,2016-12-08T02:25:00,73.5
6436,2016-12-08T02:45:00,73.7
6437,2016-12-08T03:05:00,73.2
6438,2016-12-08T03:25:00,73.7
6439,2016-12-08T03:45:00,73.7
6440,2016-12-08T04:05:00,73.2
6441,2016-12-08T04:25:00,73.8
6442,2016-12-08T04:45:00,73.7
6443,2016-12-08T05:10:00,73.7
6444,2016-12-08T05:30:00,71.8
6445,2016-12-08T05:50:00,71.9
6446,2016-12-08T06:10:00,69.6
6447,2016-12-08T06:30:00,69.6
6448,2016-12-08T06:50:00,68.9
6449,2016-12-08T07:10:00,67.8
6450,2016-12-08T07:30:00,67.8
6451,2016-12-08T07:50:00,67.1
6452,2016-12-08T08:10:00,66.7
6453,2016-12-08T08:30:00,66.4
6454,2016-12-08T08:50:00,65.8
6455,2016-12-08T09:10:00,62.5
6456,2016-12-08T09:30:00,65.6
6457,2016-12-08T09:50:00,65.6
6458,2016-12-08T10:10:00,66
6459,2016-12-08T10:30:00,57.3
6460,2016-12-08T10:50:00,59.6
6461,2016-12-08T11:10:00,58.4
6462,2016-12-08T11:30:00,57.1
6463,2016-12-08T11:50:00,59.2
6464,2016-12-08T12:10:00,61.5
6465,2016-12-08T12:30:00,62.8
6466,2016-12-08T13:10:00,64.7
6467,2016-12-08T13:30:00,65.5
6468,2016-12-08T13:50:00,66.1
6469,2016-12-08T14:10:00,66.1
6470,2016-12-08T14:30:00,66.1
6471,2016-12-08T14:50:00,67.1
6472,2016-12-08T15:10:00,67.7
6473,2016-12-08T15:30:00,67.7
6474,2016-12-08T15:50:00,68
6475,2016-12-08T16:10:00,68.6
6476,2016-12-08T16:35:00,68.6
6477,2016-12-08T16:55:00,69.1
6478,2016-12-08T17:15:00,69.9
6479,2016-12-08T17:35:00,70.4
6480,2016-12-08T17:55:00,70.5
6481,2016-12-08T18:15:00,70.2
6482,2016-12-08T18:35:00,70.7
6483,2016-12-08T18:55:00,71
6484,2016-12-08T19:15:00,70.7
6485,2016-12-08T19:35:00,71
6486,2016-12-08T19:55:00,70.8
6487,2016-12-08T20:15:00,70.2
6488,2016-12-08T20:35:00,69.9
6489,2016-12-08T20:55:00,70.1
6490,2016-12-08T21:15:00,69.3
6491,2016-12-08T21:35:00,69.3
6492,2016-12-08T21:55:00,68.6
6493,2016-12-08T22:15:00,68.9
6494,2016-12-08T22:35:00,69.3
6495,2016-12-08T22:55:00,68.6
6496,2016-12-08T23:15:00,68.9
6497,2016-12-08T23:35:00,69.3
6498,2016-12-08T23:55:00,68.8
6499,2016-12-09T00:15:00,68.8
6500,2016-12-09T00:35:00,69.1
6501,2016-12-09T00:55:00,69.1
6502,2016-12-09T01:15:00,69.9
6503,2016-12-09T01:35:00,69.1
6504,2016-12-09T01:55:00,69.1
6505,2016-12-09T02:15:00,69.4
6506,2016-12-09T02:35:00,69.3
6507,2016-12-09T02:55:00,69.1
6508,2016-12-09T03:15:00,68.6
6509,2016-12-09T03:35:00,70.1
6510,2016-12-09T04:00:00,70.7
6511,2016-12-09T04:20:00,70.7
6512,2016-12-09T04:40:00,70.2
6513,2016-12-09T05:00:00,70.4
6514,2016-12-09T05:20:00,69.6
6515,2016-12-09T05:40:00,69.4
6516,2016-12-09T06:00:00,70.1
6517,2016-12-09T06:20:00,71.3
6518,2016-12-09T06:40:00,70.2
6519,2016-12-09T07:00:00,69.1
6520,2016-12-09T07:20:00,68.3
6521,2016-12-09T07:40:00,68
6522,2016-12-09T08:00:00,67.2
6523,2016-12-09T08:20:00,66.9
6524,2016-12-09T08:40:00,63.3
6525,2016-12-09T09:00:00,62.5
6526,2016-12-09T09:20:00,63.1
6527,2016-12-09T09:40:00,65.6
6528,2016-12-09T10:00:00,65.3
6529,2016-12-09T10:20:00,66
6530,2016-12-09T10:40:00,66.6
6531,2016-12-09T11:00:00,65.8
6532,2016-12-09T11:20:00,65.5
6533,2016-12-09T11:40:00,65.3
6534,2016-12-09T12:00:00,65.6
6535,2016-12-09T12:20:00,65.8
6536,2016-12-09T12:40:00,66.3
6537,2016-12-09T13:00:00,66.1
6538,2016-12-09T13:20:00,66.4
6539,2016-12-09T13:40:00,66.4
6540,2016-12-09T14:00:00,66
6541,2016-12-09T14:20:00,65.6
6542,2016-12-09T14:40:00,66
6543,2016-12-09T15:00:00,66.3
6544,2016-12-09T15:25:00,66
6545,2016-12-09T15:45:00,65.8
6546,2016-12-09T16:05:00,66.1
6547,2016-12-09T16:25:00,66.9
6548,2016-12-09T16:45:00,67.5
6549,2016-12-09T17:05:00,68
6550,2016-12-09T17:25:00,67.7
6551,2016-12-09T17:45:00,67.7
6552,2016-12-09T18:05:00,68.3
6553,2016-12-09T18:25:00,69.9
6554,2016-12-09T18:45:00,70.7
6555,2016-12-09T19:05:00,72.3
6556,2016-12-09T19:25:00,73.2
6557,2016-12-09T19:45:00,74.9
6558,2016-12-09T20:05:00,75.1
6559,2016-12-09T20:25:00,75.4
6560,2016-12-09T20:45:00,75.3
6561,2016-12-09T21:05:00,75.1
6562,2016-12-09T21:25:00,75.4
6563,2016-12-09T21:45:00,75.6
6564,2016-12-09T22:05:00,75.7
6565,2016-12-09T22:25:00,75.4
6566,2016-12-09T22:45:00,75.9
6567,2016-12-09T23:05:00,75.9
6568,2016-12-09T23:25:00,75.7
6569,2016-12-09T23:45:00,75.6
6570,2016-12-10T00:05:00,75.9
6571,2016-12-10T00:25:00,75.9
6572,2016-12-10T00:45:00,75.9
6573,2016-12-10T01:05:00,75.9
6574,2016-12-10T01:25:00,75.6
6575,2016-12-10T01:45:00,75.6
6576,2016-12-10T02:05:00,75.4
6577,2016-12-10T02:30:00,75.6
6578,2016-12-10T02:50:00,75.3
6579,2016-12-10T03:10:00,74.8
6580,2016-12-10T03:30:00,74.9
6581,2016-12-10T03:50:00,74.9
6582,2016-12-10T04:10:00,74.9
6583,2016-12-10T04:30:00,74.8
6584,2016-12-10T04:50:00,74.8
6585,2016-12-10T05:10:00,75.1
6586,2016-12-10T05:30:00,74.9
6587,2016-12-10T05:50:00,74.6
6588,2016-12-10T06:10:00,74.3
6589,2016-12-10T06:30:00,72.9
6590,2016-12-10T06:50:00,72.6
6591,2016-12-10T07:10:00,71.6
6592,2016-12-10T07:30:00,70.4
6593,2016-12-10T07:50:00,70.1
6594,2016-12-10T08:10:00,69.1
6595,2016-12-10T08:30:00,69.1
6596,2016-12-10T08:50:00,68.6
6597,2016-12-10T09:10:00,69.1
6598,2016-12-10T09:30:00,69.3
6599,2016-12-10T09:50:00,68.9
6600,2016-12-10T10:10:00,68.9
6601,2016-12-10T10:30:00,67.5
6602,2016-12-10T10:50:00,65.8
6603,2016-12-10T11:10:00,64.5
6604,2016-12-10T11:30:00,65
6605,2016-12-10T11:50:00,65
6606,2016-12-10T12:10:00,64.5
6607,2016-12-10T12:30:00,65
6608,2016-12-10T12:50:00,65.8
6609,2016-12-10T13:10:00,66
6610,2016-12-10T13:30:00,65.5
6611,2016-12-10T13:55:00,64.9
6612,2016-12-10T14:15:00,64.5
6613,2016-12-10T14:35:00,65
6614,2016-12-10T14:55:00,65
6615,2016-12-10T15:15:00,64.5
6616,2016-12-10T15:35:00,65.3
6617,2016-12-10T15:55:00,64.2
6618,2016-12-10T16:15:00,64.1
6619,2016-12-10T16:35:00,64.4
6620,2016-12-10T16:55:00,64.2
6621,2016-12-10T17:15:00,63.4
6622,2016-12-10T17:35:00,62.3
6623,2016-12-10T17:55:00,62.3
6624,2016-12-10T18:15:00,62.6
6625,2016-12-10T18:35:00,63.1
6626,2016-12-10T18:55:00,63.6
6627,2016-12-10T19:15:00,64.9
6628,2016-12-10T19:35:00,67.4
6629,2016-12-10T19:55:00,67.7
6630,2016-12-10T20:15:00,68.5
6631,2016-12-10T20:35:00,68.8
6632,2016-12-10T20:55:00,68.8
6633,2016-12-10T21:15:00,68.8
6634,2016-12-10T21:35:00,69.1
6635,2016-12-10T21:55:00,69.3
6636,2016-12-10T22:15:00,69.1
6637,2016-12-10T22:35:00,68.9
6638,2016-12-10T22:55:00,68.9
6639,2016-12-10T23:15:00,68.8
6640,2016-12-10T23:35:00,68.8
6641,2016-12-10T23:55:00,68.2
6642,2016-12-11T00:15:00,68.2
6643,2016-12-11T00:35:00,68.2
6644,2016-12-11T00:55:00,68.5
6645,2016-12-11T01:20:00,68.2
6646,2016-12-11T01:40:00,68.3
6647,2016-12-11T02:00:00,67.7
6648,2016-12-11T02:20:00,67.8
6649,2016-12-11T02:40:00,67.7
6650,2016-12-11T03:00:00,67.8
6651,2016-12-11T03:20:00,68
6652,2016-12-11T03:40:00,68.2
6653,2016-12-11T04:00:00,68.9
6654,2016-12-11T04:20:00,68.5
6655,2016-12-11T04:40:00,68.3
6656,2016-12-11T05:00:00,68.8
6657,2016-12-11T05:20:00,68
6658,2016-12-11T05:40:00,68
6659,2016-12-11T06:00:00,68
6660,2016-12-11T06:20:00,69.4
6661,2016-12-11T06:40:00,70.1
6662,2016-12-11T07:00:00,70.2
6663,2016-12-11T07:20:00,70.8
6664,2016-12-11T07:40:00,70.5
6665,2016-12-11T08:00:00,69.9
6666,2016-12-11T08:20:00,69.3
6667,2016-12-11T08:40:00,68
6668,2016-12-11T09:00:00,66.7
6669,2016-12-11T09:20:00,66.4
6670,2016-12-11T09:40:00,65.5
6671,2016-12-11T10:00:00,64.7
6672,2016-12-11T10:20:00,64.2
6673,2016-12-11T10:40:00,56
6674,2016-12-11T11:00:00,54.8
6675,2016-12-11T11:20:00,55.1
6676,2016-12-11T11:40:00,53.8
6677,2016-12-11T12:00:00,57
6678,2016-12-11T12:20:00,60.1
6679,2016-12-11T12:45:00,58.2
6680,2016-12-11T13:05:00,55.1
6681,2016-12-11T13:25:00,55.4
6682,2016-12-11T13:45:00,56.2
6683,2016-12-11T14:05:00,57.9
6684,2016-12-11T14:25:00,61.7
6685,2016-12-11T14:45:00,63
6686,2016-12-11T15:05:00,64.7
6687,2016-12-11T15:25:00,64.5
6688,2016-12-11T15:45:00,65.5
6689,2016-12-11T16:05:00,65.8
6690,2016-12-11T16:25:00,66.1
6691,2016-12-11T16:45:00,66.6
6692,2016-12-11T17:05:00,69.4
6693,2016-12-11T17:25:00,70.8
6694,2016-12-11T17:45:00,71.3
6695,2016-12-11T18:05:00,71.6
6696,2016-12-11T18:25:00,71.2
6697,2016-12-11T18:45:00,70.5
6698,2016-12-11T19:05:00,69.7
6699,2016-12-11T19:25:00,69.7
6700,2016-12-11T19:45:00,69.6
6701,2016-12-11T20:05:00,68.5
6702,2016-12-11T20:45:00,66.4
6703,2016-12-11T21:05:00,66.6
6704,2016-12-11T21:25:00,64.9
6705,2016-12-11T21:45:00,64.2
6706,2016-12-11T22:05:00,63.7
6707,2016-12-11T22:25:00,63.4
6708,2016-12-11T22:45:00,64.1
6709,2016-12-11T23:05:00,64.4
6710,2016-12-11T23:25:00,62.8
6711,2016-12-11T23:45:00,60.9
6712,2016-12-12T00:10:00,58.9
6713,2016-12-12T00:30:00,57.4
6714,2016-12-12T00:50:00,57.6
6715,2016-12-12T01:30:00,58.1
6716,2016-12-12T01:50:00,57.4
6717,2016-12-12T02:10:00,57.4
6718,2016-12-12T02:30:00,56.3
6719,2016-12-12T02:50:00,58.2
6720,2016-12-12T03:10:00,60.1
6721,2016-12-12T03:30:00,61.4
6722,2016-12-12T03:50:00,61.1
6723,2016-12-12T04:10:00,63
6724,2016-12-12T04:30:00,62.2
6725,2016-12-12T04:50:00,61.7
6726,2016-12-12T05:10:00,59
6727,2016-12-12T05:30:00,57.3
6728,2016-12-12T05:50:00,58.9
6729,2016-12-12T06:10:00,55.1
6730,2016-12-12T06:30:00,54.9
6731,2016-12-12T06:50:00,55.4
6732,2016-12-12T07:10:00,56.3
6733,2016-12-12T07:30:00,60.1
6734,2016-12-12T07:50:00,61.7
6735,2016-12-12T08:10:00,60.4
6736,2016-12-12T08:30:00,53.7
6737,2016-12-12T08:50:00,51
6738,2016-12-12T09:10:00,56.5
6739,2016-12-12T09:30:00,55.4
6740,2016-12-12T09:50:00,53.8
6741,2016-12-12T10:15:00,52.2
6742,2016-12-12T10:35:00,53.2
6743,2016-12-12T10:55:00,52.7
6744,2016-12-12T11:15:00,53.5
6745,2016-12-12T11:35:00,53.3
6746,2016-12-12T11:55:00,53.3
6747,2016-12-12T12:15:00,52.4
6748,2016-12-12T12:35:00,54.1
6749,2016-12-12T12:55:00,54.9
6750,2016-12-12T13:15:00,55.4
6751,2016-12-12T13:35:00,55.2
6752,2016-12-12T13:55:00,56
6753,2016-12-12T14:15:00,56.8
6754,2016-12-12T14:35:00,57.4
6755,2016-12-12T14:55:00,57.8
6756,2016-12-12T15:15:00,58.5
6757,2016-12-12T15:35:00,58.7
6758,2016-12-12T15:55:00,59
6759,2016-12-12T16:15:00,60
6760,2016-12-12T16:35:00,60.8
6761,2016-12-12T16:55:00,60.8
6762,2016-12-12T17:15:00,60.6
6763,2016-12-12T17:35:00,61.9
6764,2016-12-12T17:55:00,61.9
6765,2016-12-12T18:15:00,61.7
6766,2016-12-12T18:35:00,62.3
6767,2016-12-12T18:55:00,62.3
6768,2016-12-12T19:15:00,62.3
6769,2016-12-12T19:35:00,62.2
6770,2016-12-12T19:55:00,62
6771,2016-12-12T20:15:00,62.2
6772,2016-12-12T20:35:00,62.6
6773,2016-12-12T20:55:00,63
6774,2016-12-12T21:20:00,62.8
6775,2016-12-12T21:40:00,61.2
6776,2016-12-12T22:00:00,58.4
6777,2016-12-12T22:20:00,58.1
6778,2016-12-12T22:40:00,58.1
6779,2016-12-12T23:00:00,59
6780,2016-12-12T23:20:00,60
6781,2016-12-12T23:40:00,60
6782,2016-12-13T00:00:00,60.1
6783,2016-12-13T00:20:00,60.8
6784,2016-12-13T00:40:00,61.4
6785,2016-12-13T01:00:00,62.3
6786,2016-12-13T01:20:00,63
6787,2016-12-13T01:40:00,63.3
6788,2016-12-13T02:00:00,63.3
6789,2016-12-13T02:20:00,64.1
6790,2016-12-13T02:40:00,64.7
6791,2016-12-13T03:00:00,66.1
6792,2016-12-13T03:20:00,67.5
6793,2016-12-13T03:40:00,68
6794,2016-12-13T04:00:00,68.3
6795,2016-12-13T04:20:00,68.3
6796,2016-12-13T04:40:00,68.9
6797,2016-12-13T05:00:00,68.6
6798,2016-12-13T05:20:00,68.9
6799,2016-12-13T05:40:00,68.5
6800,2016-12-13T06:00:00,68.5
6801,2016-12-13T06:20:00,68.9
6802,2016-12-13T06:40:00,68.8
6803,2016-12-13T07:00:00,69.1
6804,2016-12-13T07:20:00,68.9
6805,2016-12-13T07:40:00,69.3
6806,2016-12-13T08:00:00,69.7
6807,2016-12-13T08:25:00,69.4
6808,2016-12-13T08:45:00,69.6
6809,2016-12-13T09:05:00,69.9
6810,2016-12-13T09:25:00,69.4
6811,2016-12-13T09:45:00,68.8
6812,2016-12-13T10:05:00,68.9
6813,2016-12-13T10:25:00,68.8
6814,2016-12-13T10:45:00,68.5
6815,2016-12-13T11:05:00,68.3
6816,2016-12-13T11:45:00,64.2
6817,2016-12-13T12:05:00,63.9
6818,2016-12-13T12:25:00,65.3
6819,2016-12-13T12:45:00,65.2
6820,2016-12-13T13:05:00,65.5
6821,2016-12-13T13:25:00,65.3
6822,2016-12-13T13:45:00,65.2
6823,2016-12-13T14:05:00,65
6824,2016-12-13T14:25:00,65.3
6825,2016-12-13T14:45:00,65.6
6826,2016-12-13T15:05:00,66.3
6827,2016-12-13T15:25:00,66.4
6828,2016-12-13T15:45:00,66.3
6829,2016-12-13T16:05:00,67.2
6830,2016-12-13T16:25:00,68
6831,2016-12-13T16:45:00,68.3
6832,2016-12-13T17:05:00,68.8
6833,2016-12-13T17:25:00,68.8
6834,2016-12-13T17:45:00,68.8
6835,2016-12-13T18:05:00,68.8
6836,2016-12-13T18:25:00,68.9
6837,2016-12-13T18:45:00,69.1
6838,2016-12-13T19:05:00,69.4
6839,2016-12-13T19:25:00,69.6
6840,2016-12-13T19:50:00,69.4
6841,2016-12-13T20:10:00,69.6
6842,2016-12-13T20:30:00,70.1
6843,2016-12-13T20:50:00,70.1
6844,2016-12-13T21:10:00,69.9
6845,2016-12-13T21:30:00,70.2
6846,2016-12-13T21:50:00,70.2
6847,2016-12-13T22:10:00,69.7
6848,2016-12-13T22:30:00,70.4
6849,2016-12-13T22:50:00,70.2
6850,2016-12-13T23:10:00,70.8
6851,2016-12-13T23:30:00,71.5
6852,2016-12-13T23:50:00,72.3
6853,2016-12-14T00:10:00,71.9
6854,2016-12-14T00:30:00,71.9
6855,2016-12-14T00:50:00,72.4
6856,2016-12-14T01:10:00,72.3
6857,2016-12-14T01:30:00,71
6858,2016-12-14T01:50:00,70.2
6859,2016-12-14T02:10:00,70.4
6860,2016-12-14T02:30:00,70.4
6861,2016-12-14T02:50:00,71
6862,2016-12-14T03:10:00,71.2
6863,2016-12-14T03:30:00,71
6864,2016-12-14T03:50:00,71.6
6865,2016-12-14T04:10:00,71.8
6866,2016-12-14T04:30:00,71.8
6867,2016-12-14T04:50:00,71.8
6868,2016-12-14T05:10:00,71.6
6869,2016-12-14T05:30:00,71.5
6870,2016-12-14T05:50:00,71.2
6871,2016-12-14T06:10:00,71.2
6872,2016-12-14T06:30:00,70.5
6873,2016-12-14T06:50:00,70.7
6874,2016-12-14T07:15:00,71
6875,2016-12-14T07:35:00,70.7
6876,2016-12-14T07:55:00,70.5
6877,2016-12-14T08:15:00,72.3
6878,2016-12-14T08:35:00,61.5
6879,2016-12-14T08:55:00,51.4
6880,2016-12-14T09:15:00,47.5
6881,2016-12-14T09:35:00,47.7
6882,2016-12-14T09:55:00,44.8
6883,2016-12-14T10:15:00,43.6
6884,2016-12-14T10:35:00,38.2
6885,2016-12-14T10:55:00,41.5
6886,2016-12-14T11:15:00,45.9
6887,2016-12-14T11:35:00,48
6888,2016-12-14T11:55:00,48.9
6889,2016-12-14T12:15:00,49.6
6890,2016-12-14T12:35:00,50.3
6891,2016-12-14T12:55:00,50
6892,2016-12-14T13:15:00,49.4
6893,2016-12-14T13:35:00,52.4
6894,2016-12-14T13:55:00,53.3
6895,2016-12-14T14:15:00,57
6896,2016-12-14T14:35:00,59.8
6897,2016-12-14T14:55:00,61.7
6898,2016-12-14T15:15:00,63.6
6899,2016-12-14T15:35:00,63.7
6900,2016-12-14T15:55:00,63.7
6901,2016-12-14T16:15:00,64.5
6902,2016-12-14T16:35:00,64.5
6903,2016-12-14T16:55:00,64.9
6904,2016-12-14T17:15:00,65.3
6905,2016-12-14T17:35:00,65.2
6906,2016-12-14T17:55:00,66.4
6907,2016-12-14T18:15:00,67.4
6908,2016-12-14T18:40:00,66.9
6909,2016-12-14T19:00:00,66.3
6910,2016-12-14T19:20:00,67.2
6911,2016-12-14T19:40:00,66.9
6912,2016-12-14T20:00:00,66.3
6913,2016-12-14T20:20:00,66.7
6914,2016-12-14T20:40:00,67.8
6915,2016-12-14T21:00:00,68.5
6916,2016-12-14T21:20:00,69.4
6917,2016-12-14T21:40:00,69.1
6918,2016-12-14T22:00:00,69.7
6919,2016-12-14T22:20:00,69.4
6920,2016-12-14T22:40:00,69.4
6921,2016-12-14T23:00:00,69.4
6922,2016-12-14T23:20:00,69.7
6923,2016-12-14T23:40:00,69.6
6924,2016-12-15T00:00:00,69.6
6925,2016-12-15T00:20:00,69.1
6926,2016-12-15T00:40:00,69.9
6927,2016-12-15T01:00:00,71.8
6928,2016-12-15T01:20:00,71.3
6929,2016-12-15T01:40:00,71.2
6930,2016-12-15T02:00:00,70.1
6931,2016-12-15T02:20:00,68.5
6932,2016-12-15T02:40:00,66.6
6933,2016-12-15T03:00:00,66.9
6934,2016-12-15T03:20:00,66.3
6935,2016-12-15T03:40:00,65.5
6936,2016-12-15T04:00:00,65.3
6937,2016-12-15T04:20:00,64.1
6938,2016-12-15T04:40:00,65.5
6939,2016-12-15T05:00:00,68.2
6940,2016-12-15T05:20:00,69.4
6941,2016-12-15T05:45:00,69.9
6942,2016-12-15T06:05:00,70.1
6943,2016-12-15T06:25:00,70.2
6944,2016-12-15T06:45:00,69.4
6945,2016-12-15T07:05:00,69.6
6946,2016-12-15T07:25:00,69.9
6947,2016-12-15T07:45:00,69.4
6948,2016-12-15T08:05:00,69.3
6949,2016-12-15T08:25:00,69.3
6950,2016-12-15T08:45:00,69.4
6951,2016-12-15T09:05:00,69.6
6952,2016-12-15T09:25:00,69.4
6953,2016-12-15T09:45:00,69.4
6954,2016-12-15T10:05:00,69.9
6955,2016-12-15T10:25:00,69.3
6956,2016-12-15T10:45:00,69.3
6957,2016-12-15T11:05:00,69.4
6958,2016-12-15T11:25:00,68.9
6959,2016-12-15T11:45:00,69.3
6960,2016-12-15T12:05:00,68.9
6961,2016-12-15T12:25:00,68.2
6962,2016-12-15T12:45:00,67.4
6963,2016-12-15T13:05:00,67.1
6964,2016-12-15T13:25:00,66.4
6965,2016-12-15T13:45:00,66.3
6966,2016-12-15T14:05:00,65.6
6967,2016-12-15T14:25:00,64.9
6968,2016-12-15T14:45:00,64.5
6969,2016-12-15T15:05:00,65.2
6970,2016-12-15T15:25:00,65.6
6971,2016-12-15T15:45:00,65.3
6972,2016-12-15T16:05:00,65.8
6973,2016-12-15T16:25:00,65.2
6974,2016-12-15T16:45:00,66.1
6975,2016-12-15T17:10:00,66.1
6976,2016-12-15T17:30:00,65
6977,2016-12-15T17:50:00,65.2
6978,2016-12-15T18:10:00,64.9
6979,2016-12-15T18:30:00,66
6980,2016-12-15T18:50:00,65.6
6981,2016-12-15T19:10:00,66
6982,2016-12-15T19:30:00,65.6
6983,2016-12-15T19:50:00,65
6984,2016-12-15T20:10:00,64.9
6985,2016-12-15T20:30:00,65.5
6986,2016-12-15T20:50:00,64.9
6987,2016-12-15T21:10:00,64.5
6988,2016-12-15T21:30:00,64.2
6989,2016-12-15T21:50:00,63.9
6990,2016-12-15T22:10:00,63.7
6991,2016-12-15T22:30:00,63.3
6992,2016-12-15T22:50:00,62.6
6993,2016-12-15T23:10:00,62.5
6994,2016-12-15T23:30:00,62.8
6995,2016-12-15T23:50:00,61.9
6996,2016-12-16T00:10:00,61.9
6997,2016-12-16T00:30:00,61.7
6998,2016-12-16T00:50:00,61.9
6999,2016-12-16T01:10:00,62.2
7000,2016-12-16T01:30:00,61.2
7001,2016-12-16T01:50:00,61.9
7002,2016-12-16T02:10:00,61.7
7003,2016-12-16T02:30:00,62.2
7004,2016-12-16T02:50:00,61.9
7005,2016-12-16T03:10:00,62.2
7006,2016-12-16T03:30:00,62.5
7007,2016-12-16T03:50:00,62
7008,2016-12-16T04:10:00,62
7009,2016-12-16T04:55:00,61.2
7010,2016-12-16T05:15:00,60.8
7011,2016-12-16T05:35:00,60.1
7012,2016-12-16T05:55:00,60.6
7013,2016-12-16T06:15:00,60.3
7014,2016-12-16T06:35:00,60.3
7015,2016-12-16T06:55:00,59.6
7016,2016-12-16T07:15:00,60.1
7017,2016-12-16T07:35:00,60
7018,2016-12-16T07:55:00,59.8
7019,2016-12-16T08:15:00,59.6
7020,2016-12-16T08:35:00,59.3
7021,2016-12-16T08:55:00,59.3
7022,2016-12-16T09:15:00,59
7023,2016-12-16T09:35:00,58.9
7024,2016-12-16T09:55:00,59.3
7025,2016-12-16T10:15:00,59.5
7026,2016-12-16T10:35:00,59.8
7027,2016-12-16T10:55:00,59.5
7028,2016-12-16T11:15:00,59.2
7029,2016-12-16T11:35:00,59.2
7030,2016-12-16T11:55:00,59
7031,2016-12-16T12:15:00,58.7
7032,2016-12-16T12:35:00,58.2
7033,2016-12-16T12:55:00,58.5
7034,2016-12-16T13:15:00,58.5
7035,2016-12-16T13:35:00,58.2
7036,2016-12-16T13:55:00,58.7
7037,2016-12-16T14:15:00,58.7
7038,2016-12-16T14:35:00,58.9
7039,2016-12-16T14:55:00,59
7040,2016-12-16T15:15:00,58.7
7041,2016-12-16T15:35:00,58.7
7042,2016-12-16T16:00:00,58.9
7043,2016-12-16T16:20:00,58.9
7044,2016-12-16T16:40:00,59.3
7045,2016-12-16T17:00:00,59.3
7046,2016-12-16T17:20:00,59
7047,2016-12-16T17:40:00,59
7048,2016-12-16T18:00:00,59.3
7049,2016-12-16T18:20:00,59.5
7050,2016-12-16T18:40:00,59.2
7051,2016-12-16T19:00:00,59
7052,2016-12-16T19:20:00,59.3
7053,2016-12-16T19:40:00,59.3
7054,2016-12-16T20:00:00,59.6
7055,2016-12-16T20:20:00,60.1
7056,2016-12-16T20:40:00,59.3
7057,2016-12-16T21:00:00,59.3
7058,2016-12-16T21:20:00,59.8
7059,2016-12-16T21:40:00,59.6
7060,2016-12-16T22:00:00,60.1
7061,2016-12-16T22:20:00,59.8
7062,2016-12-16T22:40:00,59.8
7063,2016-12-16T23:00:00,60.1
7064,2016-12-16T23:20:00,60.3
7065,2016-12-16T23:40:00,60.9
7066,2016-12-17T00:00:00,61.1
7067,2016-12-17T00:20:00,61.2
7068,2016-12-17T00:40:00,61.9
7069,2016-12-17T01:00:00,62.2
7070,2016-12-17T01:20:00,62.6
7071,2016-12-17T01:40:00,63.1
7072,2016-12-17T02:00:00,62.8
7073,2016-12-17T02:20:00,63
7074,2016-12-17T02:40:00,63.1
7075,2016-12-17T03:05:00,64.5
7076,2016-12-17T03:25:00,65.8
7077,2016-12-17T03:45:00,66.1
7078,2016-12-17T04:05:00,66.1
7079,2016-12-17T04:25:00,66.7
7080,2016-12-17T04:45:00,67.2
7081,2016-12-17T05:05:00,67.5
7082,2016-12-17T05:25:00,67.4
7083,2016-12-17T05:45:00,66.9
7084,2016-12-17T06:05:00,66.3
7085,2016-12-17T06:25:00,66
7086,2016-12-17T06:45:00,65.3
7087,2016-12-17T07:05:00,65.5
7088,2016-12-17T07:25:00,65.8
7089,2016-12-17T07:45:00,65.8
7090,2016-12-17T08:05:00,65.8
7091,2016-12-17T08:25:00,65.8
7092,2016-12-17T08:45:00,65.3
7093,2016-12-17T09:05:00,65.3
7094,2016-12-17T09:25:00,65.5
7095,2016-12-17T09:45:00,66.1
7096,2016-12-17T10:05:00,67.4
7097,2016-12-17T10:25:00,66.9
7098,2016-12-17T10:45:00,67.1
7099,2016-12-17T11:05:00,65.5
7100,2016-12-17T11:25:00,66.1
7101,2016-12-17T11:45:00,64.9
7102,2016-12-17T12:05:00,65.5
7103,2016-12-17T12:25:00,65.3
7104,2016-12-17T12:45:00,65.3
7105,2016-12-17T13:05:00,66
7106,2016-12-17T13:25:00,66.3
7107,2016-12-17T13:45:00,66.6
7108,2016-12-17T14:05:00,67.1
7109,2016-12-17T14:30:00,68
7110,2016-12-17T14:50:00,68.2
7111,2016-12-17T15:10:00,68.2
7112,2016-12-17T15:30:00,68
7113,2016-12-17T15:50:00,68
7114,2016-12-17T16:10:00,68.5
7115,2016-12-17T16:30:00,69.4
7116,2016-12-17T16:50:00,70.4
7117,2016-12-17T17:10:00,70.7
7118,2016-12-17T17:30:00,70.7
7119,2016-12-17T17:50:00,71.2
7120,2016-12-17T18:10:00,71.8
7121,2016-12-17T18:30:00,71.8
7122,2016-12-17T18:50:00,72.1
7123,2016-12-17T19:10:00,71.5
7124,2016-12-17T19:30:00,70.5
7125,2016-12-17T19:50:00,69.3
7126,2016-12-17T20:10:00,68.9
7127,2016-12-17T20:30:00,68.8
7128,2016-12-17T20:50:00,68.6
7129,2016-12-17T21:10:00,69.1
7130,2016-12-17T21:30:00,68.5
7131,2016-12-17T21:50:00,68.8
7132,2016-12-17T22:10:00,67.8
7133,2016-12-17T22:30:00,67.4
7134,2016-12-17T22:50:00,67.5
7135,2016-12-17T23:10:00,67.2
7136,2016-12-17T23:30:00,67.7
7137,2016-12-17T23:50:00,68
7138,2016-12-18T00:10:00,70.2
7139,2016-12-18T00:30:00,71.3
7140,2016-12-18T00:50:00,71.8
7141,2016-12-18T01:10:00,72.3
7142,2016-12-18T01:30:00,72.7
7143,2016-12-18T01:55:00,73
7144,2016-12-18T02:15:00,72.9
7145,2016-12-18T02:35:00,72.6
7146,2016-12-18T02:55:00,71.9
7147,2016-12-18T03:15:00,68.9
7148,2016-12-18T03:35:00,69.6
7149,2016-12-18T03:55:00,68.9
7150,2016-12-18T04:15:00,68.8
7151,2016-12-18T04:35:00,69.1
7152,2016-12-18T04:55:00,69.3
7153,2016-12-18T05:15:00,68.2
7154,2016-12-18T05:35:00,68.9
7155,2016-12-18T05:55:00,68.8
7156,2016-12-18T06:15:00,68.8
7157,2016-12-18T06:35:00,68.2
7158,2016-12-18T06:55:00,68.6
7159,2016-12-18T07:15:00,68.2
7160,2016-12-18T07:35:00,68.3
7161,2016-12-18T07:55:00,68.3
7162,2016-12-18T08:15:00,68.5
7163,2016-12-18T08:35:00,68.2
7164,2016-12-18T08:55:00,67.8
7165,2016-12-18T09:15:00,67.7
7166,2016-12-18T09:35:00,68
7167,2016-12-18T09:55:00,68.5
7168,2016-12-18T10:15:00,69.6
7169,2016-12-18T10:35:00,69.1
7170,2016-12-18T10:55:00,67.4
7171,2016-12-18T11:15:00,67.7
7172,2016-12-18T11:35:00,66.9
7173,2016-12-18T11:55:00,68.3
7174,2016-12-18T12:15:00,68.6
7175,2016-12-18T12:35:00,68.8
7176,2016-12-18T12:55:00,69.1
7177,2016-12-18T13:20:00,68.3
7178,2016-12-18T13:40:00,68
7179,2016-12-18T14:00:00,69.1
7180,2016-12-18T14:20:00,68.8
7181,2016-12-18T14:40:00,68.9
7182,2016-12-18T15:00:00,69.4
7183,2016-12-18T15:20:00,69.1
7184,2016-12-18T15:40:00,69.6
7185,2016-12-18T16:00:00,70.1
7186,2016-12-18T16:20:00,70.1
7187,2016-12-18T16:40:00,70.2
7188,2016-12-18T17:00:00,70.7
7189,2016-12-18T17:20:00,71.2
7190,2016-12-18T17:40:00,70.7
7191,2016-12-18T18:00:00,71.2
7192,2016-12-18T18:20:00,71
7193,2016-12-18T18:40:00,71.5
7194,2016-12-18T19:00:00,71.9
7195,2016-12-18T19:20:00,71.3
7196,2016-12-18T19:40:00,71.6
7197,2016-12-18T20:00:00,71.6
7198,2016-12-18T20:20:00,71.5
7199,2016-12-18T20:40:00,71.8
7200,2016-12-18T21:00:00,71.8
7201,2016-12-18T21:20:00,71.9
7202,2016-12-18T21:40:00,71.9
7203,2016-12-18T22:00:00,72.1
7204,2016-12-18T22:20:00,72.3
7205,2016-12-18T22:40:00,71.9
7206,2016-12-18T23:00:00,72.1
7207,2016-12-18T23:20:00,71.9
7208,2016-12-18T23:40:00,71.8
7209,2016-12-19T00:00:00,71.6
7210,2016-12-19T00:20:00,71
7211,2016-12-19T00:45:00,71.3
7212,2016-12-19T01:05:00,71.6
7213,2016-12-19T01:25:00,71.3
7214,2016-12-19T01:45:00,71.5
7215,2016-12-19T02:05:00,71
7216,2016-12-19T02:25:00,70.8
7217,2016-12-19T02:45:00,71.8
7218,2016-12-19T03:05:00,72.1
7219,2016-12-19T03:25:00,72.4
7220,2016-12-19T03:45:00,72.9
7221,2016-12-19T04:05:00,73.2
7222,2016-12-19T04:25:00,72.7
7223,2016-12-19T04:45:00,73
7224,2016-12-19T05:05:00,73
7225,2016-12-19T05:25:00,73
7226,2016-12-19T05:45:00,73
7227,2016-12-19T06:05:00,73
7228,2016-12-19T06:25:00,72.7
7229,2016-12-19T06:45:00,72.4
7230,2016-12-19T07:25:00,71.3
7231,2016-12-19T07:45:00,71.2
7232,2016-12-19T08:05:00,70.8
7233,2016-12-19T08:25:00,70.4
7234,2016-12-19T08:45:00,68.9
7235,2016-12-19T09:05:00,66.6
7236,2016-12-19T09:25:00,65.5
7237,2016-12-19T09:45:00,58.4
7238,2016-12-19T10:05:00,57.6
7239,2016-12-19T10:25:00,62.8
7240,2016-12-19T10:45:00,66.3
7241,2016-12-19T11:05:00,66.9
7242,2016-12-19T11:25:00,66.1
7243,2016-12-19T11:50:00,64.2
7244,2016-12-19T12:10:00,63.7
7245,2016-12-19T12:30:00,64.4
7246,2016-12-19T13:10:00,64.5
7247,2016-12-19T13:30:00,64.4
7248,2016-12-19T13:50:00,64.1
7249,2016-12-19T14:10:00,63.9
7250,2016-12-19T14:30:00,64.1
7251,2016-12-19T14:50:00,64.4
7252,2016-12-19T15:10:00,64.1
7253,2016-12-19T15:30:00,64.4
7254,2016-12-19T15:50:00,64.9
7255,2016-12-19T16:10:00,65.5
7256,2016-12-19T16:50:00,64.9
7257,2016-12-19T17:10:00,64.2
7258,2016-12-19T17:30:00,63.7
7259,2016-12-19T17:50:00,62.8
7260,2016-12-19T18:10:00,61.7
7261,2016-12-19T18:30:00,62.8
7262,2016-12-19T18:50:00,63
7263,2016-12-19T19:10:00,63.6
7264,2016-12-19T19:30:00,64.1
7265,2016-12-19T20:10:00,64.4
7266,2016-12-19T20:30:00,65
7267,2016-12-19T20:50:00,64.9
7268,2016-12-19T21:10:00,64.9
7269,2016-12-19T21:30:00,64.2
7270,2016-12-19T21:50:00,64.1
7271,2016-12-19T22:10:00,63.6
7272,2016-12-19T22:30:00,63.6
7273,2016-12-19T22:50:00,63.7
7274,2016-12-19T23:55:00,63.6
7275,2016-12-20T00:15:00,63.1
7276,2016-12-20T00:35:00,63.3
7277,2016-12-20T00:55:00,62.8
7278,2016-12-20T01:15:00,62.5
7279,2016-12-20T01:35:00,63
7280,2016-12-20T01:55:00,62.5
7281,2016-12-20T02:15:00,62.3
7282,2016-12-20T02:55:00,61.1
7283,2016-12-20T03:15:00,59.8
7284,2016-12-20T03:35:00,59.5
7285,2016-12-20T03:55:00,59.6
7286,2016-12-20T04:15:00,59.8
7287,2016-12-20T04:35:00,60
7288,2016-12-20T04:55:00,59.6
7289,2016-12-20T05:15:00,60.3
7290,2016-12-20T05:35:00,60.9
7291,2016-12-20T06:35:00,61.4
7292,2016-12-20T06:55:00,61.9
7293,2016-12-20T07:15:00,62.2
7294,2016-12-20T07:35:00,62.5
7295,2016-12-20T07:55:00,62.6
7296,2016-12-20T08:15:00,62.2
7297,2016-12-20T08:35:00,61.5
7298,2016-12-20T08:55:00,62.3
7299,2016-12-20T09:15:00,62.3
7300,2016-12-20T09:55:00,61.4
7301,2016-12-20T10:15:00,61.5
7302,2016-12-20T10:40:00,61.4
7303,2016-12-20T11:00:00,61.4
7304,2016-12-20T11:20:00,61.5
7305,2016-12-20T11:40:00,61.5
7306,2016-12-20T12:00:00,61.7
7307,2016-12-20T12:20:00,61.2
7308,2016-12-20T12:40:00,61.9
7309,2016-12-20T13:00:00,61.9
7310,2016-12-20T13:20:00,63
7311,2016-12-20T13:40:00,62.8
7312,2016-12-20T14:00:00,63.3
7313,2016-12-20T14:20:00,64.2
7314,2016-12-20T14:40:00,64.2
7315,2016-12-20T15:00:00,64.1
7316,2016-12-20T15:20:00,64.2
7317,2016-12-20T15:40:00,64.4
7318,2016-12-20T16:00:00,65.3
7319,2016-12-20T16:20:00,64.7
7320,2016-12-20T16:40:00,64.9
7321,2016-12-20T17:00:00,65.8
7322,2016-12-20T17:20:00,64.9
7323,2016-12-20T17:40:00,64.5
7324,2016-12-20T18:00:00,65.2
7325,2016-12-20T18:20:00,65.8
7326,2016-12-20T18:40:00,65.3
7327,2016-12-20T19:00:00,65.2
7328,2016-12-20T19:20:00,66
7329,2016-12-20T19:40:00,66.7
7330,2016-12-20T20:00:00,66.7
7331,2016-12-20T20:20:00,66.3
7332,2016-12-20T20:40:00,66.6
7333,2016-12-20T21:00:00,66.4
7334,2016-12-20T21:20:00,66.3
7335,2016-12-20T21:40:00,66.4
7336,2016-12-20T22:05:00,66.6
7337,2016-12-20T22:25:00,67.4
7338,2016-12-20T22:45:00,65.8
7339,2016-12-20T23:05:00,65.5
7340,2016-12-20T23:25:00,64.7
7341,2016-12-20T23:45:00,63.7
7342,2016-12-21T00:05:00,64.2
7343,2016-12-21T00:25:00,64.1
7344,2016-12-21T00:45:00,63.3
7345,2016-12-21T01:05:00,63
7346,2016-12-21T01:25:00,62.3
7347,2016-12-21T01:45:00,62.2
7348,2016-12-21T02:05:00,62
7349,2016-12-21T02:25:00,61.5
7350,2016-12-21T02:45:00,60.8
7351,2016-12-21T03:05:00,60.9
7352,2016-12-21T03:25:00,60.6
7353,2016-12-21T03:45:00,60.8
7354,2016-12-21T04:05:00,61.2
7355,2016-12-21T04:25:00,61.4
7356,2016-12-21T04:45:00,61.4
7357,2016-12-21T05:05:00,61.4
7358,2016-12-21T05:25:00,61.4
7359,2016-12-21T05:45:00,62.5
7360,2016-12-21T06:05:00,63.6
7361,2016-12-21T06:25:00,64.4
7362,2016-12-21T06:45:00,64.5
7363,2016-12-21T07:05:00,65
7364,2016-12-21T07:25:00,64.7
7365,2016-12-21T07:45:00,64.7
7366,2016-12-21T08:05:00,64.4
7367,2016-12-21T08:25:00,64.7
7368,2016-12-21T08:45:00,65.3
7369,2016-12-21T09:10:00,66.6
7370,2016-12-21T09:30:00,66.6
7371,2016-12-21T09:50:00,65.8
7372,2016-12-21T10:10:00,66
7373,2016-12-21T10:30:00,66.4
7374,2016-12-21T10:50:00,66
7375,2016-12-21T11:10:00,66.4
7376,2016-12-21T11:30:00,66
7377,2016-12-21T11:50:00,65.2
7378,2016-12-21T12:10:00,64.2
7379,2016-12-21T12:30:00,64.1
7380,2016-12-21T12:50:00,63.6
7381,2016-12-21T13:10:00,62.6
7382,2016-12-21T13:30:00,62.6
7383,2016-12-21T13:50:00,63
7384,2016-12-21T14:10:00,65
7385,2016-12-21T14:30:00,65.5
7386,2016-12-21T14:50:00,66.7
7387,2016-12-21T15:10:00,68.5
7388,2016-12-21T15:30:00,68.5
7389,2016-12-21T15:50:00,68.8
7390,2016-12-21T16:10:00,68.6
7391,2016-12-21T16:30:00,69.1
7392,2016-12-21T16:50:00,69.3
7393,2016-12-21T17:10:00,68.9
7394,2016-12-21T17:30:00,68.6
7395,2016-12-21T17:50:00,66.7
7396,2016-12-21T18:10:00,66.4
7397,2016-12-21T18:30:00,66.4
7398,2016-12-21T18:50:00,66.3
7399,2016-12-21T19:10:00,66.1
7400,2016-12-21T19:30:00,66.1
7401,2016-12-21T19:50:00,65.8
7402,2016-12-21T20:10:00,65.6
7403,2016-12-21T20:35:00,65.8
7404,2016-12-21T20:55:00,65.8
7405,2016-12-21T21:15:00,66
7406,2016-12-21T21:35:00,66.1
7407,2016-12-21T21:55:00,66.4
7408,2016-12-21T22:15:00,66.3
7409,2016-12-21T22:35:00,66.6
7410,2016-12-21T22:55:00,66.7
7411,2016-12-21T23:15:00,66.7
7412,2016-12-21T23:35:00,66.6
7413,2016-12-21T23:55:00,67.4
7414,2016-12-22T00:15:00,67.8
7415,2016-12-22T00:35:00,71
7416,2016-12-22T00:55:00,71.8
7417,2016-12-22T01:15:00,72.6
7418,2016-12-22T01:35:00,72.4
7419,2016-12-22T01:55:00,72.6
7420,2016-12-22T02:15:00,72.4
7421,2016-12-22T02:35:00,72.9
7422,2016-12-22T02:55:00,73
7423,2016-12-22T03:15:00,72.4
7424,2016-12-22T03:35:00,72.3
7425,2016-12-22T03:55:00,72.6
7426,2016-12-22T04:15:00,72.6
7427,2016-12-22T04:35:00,72.4
7428,2016-12-22T04:55:00,72.4
7429,2016-12-22T05:15:00,72.9
7430,2016-12-22T05:35:00,72.6
7431,2016-12-22T05:55:00,72.6
7432,2016-12-22T06:15:00,72.4
7433,2016-12-22T06:35:00,72.6
7434,2016-12-22T06:55:00,72.9
7435,2016-12-22T07:15:00,72.7
7436,2016-12-22T07:35:00,73
7437,2016-12-22T08:00:00,72.6
7438,2016-12-22T08:20:00,73
7439,2016-12-22T08:40:00,72.9
7440,2016-12-22T09:00:00,69.7
7441,2016-12-22T09:20:00,65.2
7442,2016-12-22T09:40:00,63.6
7443,2016-12-22T10:00:00,62.6
7444,2016-12-22T10:20:00,61.7
7445,2016-12-22T10:40:00,63.1
7446,2016-12-22T11:00:00,58.9
7447,2016-12-22T11:20:00,60.9
7448,2016-12-22T11:40:00,58.5
7449,2016-12-22T12:00:00,57.9
7450,2016-12-22T12:20:00,56.8
7451,2016-12-22T12:40:00,56.2
7452,2016-12-22T13:00:00,56.3
7453,2016-12-22T13:20:00,57.4
7454,2016-12-22T13:40:00,60.4
7455,2016-12-22T14:00:00,61.1
7456,2016-12-22T14:20:00,63.6
7457,2016-12-22T14:40:00,65.3
7458,2016-12-22T15:00:00,66
7459,2016-12-22T15:20:00,65.6
7460,2016-12-22T15:40:00,65.8
7461,2016-12-22T16:00:00,65.3
7462,2016-12-22T16:20:00,65.3
7463,2016-12-22T16:40:00,65.8
7464,2016-12-22T17:00:00,66.3
7465,2016-12-22T17:20:00,66.3
7466,2016-12-22T17:40:00,65.8
7467,2016-12-22T18:00:00,65.3
7468,2016-12-22T18:20:00,65.5
7469,2016-12-22T18:40:00,64.9
7470,2016-12-22T19:00:00,63.4
7471,2016-12-22T19:25:00,63.9
7472,2016-12-22T19:45:00,64.1
7473,2016-12-22T20:05:00,64.5
7474,2016-12-22T20:25:00,64.7
7475,2016-12-22T20:45:00,69.6
7476,2016-12-22T21:05:00,70.4
7477,2016-12-22T21:25:00,70.5
7478,2016-12-22T21:45:00,71
7479,2016-12-22T22:05:00,71.2
7480,2016-12-22T22:25:00,71.2
7481,2016-12-22T22:45:00,71.3
7482,2016-12-22T23:05:00,71
7483,2016-12-22T23:25:00,71.5
7484,2016-12-22T23:45:00,71.3
7485,2016-12-23T00:05:00,70.4
7486,2016-12-23T00:25:00,68.8
7487,2016-12-23T00:45:00,70.4
7488,2016-12-23T01:05:00,71
7489,2016-12-23T01:25:00,71.6
7490,2016-12-23T01:45:00,69.9
7491,2016-12-23T02:05:00,70.1
7492,2016-12-23T02:25:00,70.7
7493,2016-12-23T02:45:00,71
7494,2016-12-23T03:05:00,70.2
7495,2016-12-23T03:25:00,70.2
7496,2016-12-23T03:45:00,70.1
7497,2016-12-23T04:05:00,70.2
7498,2016-12-23T04:25:00,68.9
7499,2016-12-23T04:45:00,69.7
7500,2016-12-23T05:05:00,69.6
7501,2016-12-23T05:25:00,70.2
7502,2016-12-23T05:45:00,70.7
7503,2016-12-23T06:05:00,70.5
7504,2016-12-23T06:25:00,70.7
7505,2016-12-23T06:50:00,70.4
7506,2016-12-23T07:10:00,71.2
7507,2016-12-23T07:30:00,71.3
7508,2016-12-23T07:50:00,70.7
7509,2016-12-23T08:10:00,71.2
7510,2016-12-23T08:30:00,70.2
7511,2016-12-23T08:50:00,68.6
7512,2016-12-23T09:10:00,64.7
7513,2016-12-23T09:30:00,65.6
7514,2016-12-23T09:50:00,64.2
7515,2016-12-23T10:10:00,60.6
7516,2016-12-23T10:30:00,54
7517,2016-12-23T10:50:00,54.3
7518,2016-12-23T11:10:00,53.8
7519,2016-12-23T11:30:00,56
7520,2016-12-23T11:50:00,60
7521,2016-12-23T12:10:00,60.8
7522,2016-12-23T12:30:00,62
7523,2016-12-23T12:50:00,63.3
7524,2016-12-23T13:10:00,63.3
7525,2016-12-23T13:30:00,63.9
7526,2016-12-23T13:50:00,63.7
7527,2016-12-23T14:10:00,64.4
7528,2016-12-23T14:30:00,65
7529,2016-12-23T14:50:00,65.6
7530,2016-12-23T15:10:00,65.2
7531,2016-12-23T15:30:00,63.9
7532,2016-12-23T15:50:00,61.5
7533,2016-12-23T16:10:00,60.4
7534,2016-12-23T16:30:00,61.9
7535,2016-12-23T16:50:00,62.2
7536,2016-12-23T17:10:00,62
7537,2016-12-23T17:30:00,62.5
7538,2016-12-23T17:55:00,63.9
7539,2016-12-23T18:15:00,64.9
7540,2016-12-23T18:35:00,67.4
7541,2016-12-23T18:55:00,70.4
7542,2016-12-23T19:15:00,71.3
7543,2016-12-23T19:35:00,71.5
7544,2016-12-23T19:55:00,71.5
7545,2016-12-23T20:15:00,68.2
7546,2016-12-23T20:35:00,66.7
7547,2016-12-23T20:55:00,65.8
7548,2016-12-23T21:15:00,64.5
7549,2016-12-23T21:35:00,63.4
7550,2016-12-23T21:55:00,65.2
7551,2016-12-23T22:15:00,69.4
7552,2016-12-23T22:35:00,70.1
7553,2016-12-23T22:55:00,70.5
7554,2016-12-23T23:15:00,71
7555,2016-12-23T23:35:00,71.6
7556,2016-12-23T23:55:00,71.9
7557,2016-12-24T00:15:00,72.4
7558,2016-12-24T00:35:00,72.7
7559,2016-12-24T00:55:00,73.2
7560,2016-12-24T01:15:00,71.9
7561,2016-12-24T01:35:00,71.6
7562,2016-12-24T01:55:00,71
7563,2016-12-24T02:15:00,70.2
7564,2016-12-24T02:35:00,70.2
7565,2016-12-24T02:55:00,70.1
7566,2016-12-24T03:15:00,70.7
7567,2016-12-24T03:35:00,68.3
7568,2016-12-24T03:55:00,65.3
7569,2016-12-24T04:15:00,63.1
7570,2016-12-24T04:35:00,61.1
7571,2016-12-24T04:55:00,59.8
7572,2016-12-24T05:20:00,59.3
7573,2016-12-24T05:40:00,59.5
7574,2016-12-24T06:00:00,59.5
7575,2016-12-24T06:20:00,58.2
7576,2016-12-24T06:40:00,58.5
7577,2016-12-24T07:00:00,58.5
7578,2016-12-24T07:20:00,58.9
7579,2016-12-24T07:40:00,59.6
7580,2016-12-24T08:00:00,60.3
7581,2016-12-24T08:20:00,59.2
7582,2016-12-24T08:40:00,57.1
7583,2016-12-24T09:00:00,55.2
7584,2016-12-24T09:20:00,53
7585,2016-12-24T09:40:00,53.5
7586,2016-12-24T10:00:00,64.7
7587,2016-12-24T10:20:00,66.1
7588,2016-12-24T10:40:00,69.1
7589,2016-12-24T11:00:00,68.3
7590,2016-12-24T11:20:00,68.8
7591,2016-12-24T11:40:00,66.1
7592,2016-12-24T12:00:00,66.9
7593,2016-12-24T12:20:00,68.2
7594,2016-12-24T12:40:00,66.9
7595,2016-12-24T13:00:00,68.3
7596,2016-12-24T13:20:00,68
7597,2016-12-24T13:40:00,62.5
7598,2016-12-24T14:00:00,63
7599,2016-12-24T14:20:00,58.1
7600,2016-12-24T14:40:00,59.5
7601,2016-12-24T15:00:00,64.4
7602,2016-12-24T15:40:00,66.4
7603,2016-12-24T16:00:00,67.1
7604,2016-12-24T16:20:00,67.7
7605,2016-12-24T16:45:00,67.2
7606,2016-12-24T17:05:00,67.1
7607,2016-12-24T17:25:00,66.1
7608,2016-12-24T17:45:00,65.5
7609,2016-12-24T18:05:00,65.6
7610,2016-12-24T18:25:00,68.2
7611,2016-12-24T18:45:00,68.8
7612,2016-12-24T19:05:00,68.2
7613,2016-12-24T19:25:00,68.3
7614,2016-12-24T19:45:00,68.5
7615,2016-12-24T20:05:00,67.4
7616,2016-12-24T20:25:00,66.4
7617,2016-12-24T20:45:00,66.3
7618,2016-12-24T21:05:00,66.3
7619,2016-12-24T21:25:00,64.9
7620,2017-01-08T00:15:00,68.5
7621,2016-12-24T21:45:00,64.4
7622,2016-12-24T22:05:00,63.7
7623,2016-12-24T22:25:00,63.7
7624,2016-12-24T22:45:00,63.7
7625,2016-12-24T23:05:00,63.9
7626,2016-12-24T23:25:00,64.2
7627,2016-12-24T23:45:00,63
7628,2016-12-25T00:05:00,63.1
7629,2016-12-25T00:25:00,63.6
7630,2016-12-25T00:45:00,62.8
7631,2016-12-25T01:05:00,62.3
7632,2016-12-25T01:25:00,60.9
7633,2016-12-25T01:45:00,61.5
7634,2016-12-25T02:05:00,61.9
7635,2016-12-25T02:25:00,62.6
7636,2016-12-25T02:45:00,62.6
7637,2016-12-25T03:05:00,63.1
7638,2016-12-25T03:25:00,63.7
7639,2016-12-25T03:45:00,64.5
7640,2016-12-25T04:10:00,65.2
7641,2016-12-25T04:30:00,63.7
7642,2016-12-25T04:50:00,64.2
7643,2016-12-25T05:10:00,64.1
7644,2016-12-25T05:30:00,65.8
7645,2016-12-25T05:50:00,65.5
7646,2016-12-25T06:10:00,66
7647,2016-12-25T06:30:00,67.1
7648,2016-12-25T06:50:00,67.5
7649,2016-12-25T07:10:00,68.3
7650,2016-12-25T07:30:00,69.4
7651,2016-12-25T07:50:00,68.9
7652,2016-12-25T08:10:00,69.3
7653,2016-12-25T08:30:00,68.9
7654,2016-12-25T08:50:00,69.3
7655,2016-12-25T09:10:00,71.2
7656,2016-12-25T09:30:00,72.3
7657,2016-12-25T09:50:00,73.2
7658,2016-12-25T10:10:00,73.5
7659,2016-12-25T10:30:00,73.7
7660,2016-12-25T10:50:00,74.3
7661,2016-12-25T11:10:00,74.8
7662,2016-12-25T11:30:00,74.9
7663,2016-12-25T11:50:00,75.3
7664,2016-12-25T12:10:00,75.3
7665,2016-12-25T12:30:00,75.1
7666,2016-12-25T12:50:00,74.9
7667,2016-12-25T13:10:00,74.9
7668,2016-12-25T13:30:00,75.1
7669,2016-12-25T13:50:00,74.9
7670,2016-12-25T14:10:00,74.5
7671,2016-12-25T14:30:00,74
7672,2016-12-25T14:50:00,74
7673,2016-12-25T15:15:00,73.7
7674,2016-12-25T15:35:00,73.4
7675,2016-12-25T15:55:00,73.4
7676,2016-12-25T16:15:00,73.2
7677,2016-12-25T16:35:00,73
7678,2016-12-25T16:55:00,72.9
7679,2016-12-25T17:15:00,72.9
7680,2016-12-25T17:35:00,73.8
7681,2016-12-25T17:55:00,71.2
7682,2016-12-25T18:15:00,68.9
7683,2016-12-25T18:35:00,68.2
7684,2016-12-25T18:55:00,68
7685,2016-12-25T19:15:00,68
7686,2016-12-25T19:35:00,68.5
7687,2016-12-25T19:55:00,68
7688,2016-12-25T20:15:00,67.5
7689,2016-12-25T20:35:00,66.9
7690,2016-12-25T20:55:00,66.4
7691,2016-12-25T21:15:00,66.1
7692,2016-12-25T21:35:00,66.1
7693,2016-12-25T21:55:00,65.8
7694,2016-12-25T22:15:00,66.3
7695,2016-12-25T22:35:00,66.7
7696,2016-12-25T22:55:00,66.7
7697,2016-12-25T23:15:00,67.5
7698,2016-12-25T23:35:00,69.7
7699,2016-12-25T23:55:00,73.2
7700,2016-12-26T00:15:00,73.7
7701,2016-12-26T00:35:00,74.2
7702,2016-12-26T00:55:00,72.6
7703,2016-12-26T01:15:00,70.5
7704,2016-12-26T01:35:00,69.3
7705,2016-12-26T01:55:00,68.8
7706,2016-12-26T02:15:00,67.5
7707,2017-01-04T08:00:00,49.2
7708,2017-01-04T08:20:00,49.6
7709,2017-01-04T08:40:00,48.1
7710,2017-01-04T09:00:00,48.9
7711,2017-01-04T09:20:00,49.9
7712,2017-01-04T09:40:00,50
7713,2017-01-04T10:00:00,51
7714,2017-01-04T10:20:00,51.9
7715,2017-01-04T10:40:00,51.4
7716,2017-01-04T11:00:00,50.2
7717,2017-01-04T11:20:00,47.2
7718,2017-01-04T11:40:00,48.9
7719,2017-01-04T12:00:00,48.6
7720,2017-01-04T12:20:00,41.8
7721,2017-01-04T12:40:00,46.7
7722,2017-01-04T13:00:00,49.1
7723,2017-01-04T13:20:00,49.7
7724,2017-01-04T13:40:00,46.7
7725,2017-01-04T14:00:00,45.3
7726,2017-01-04T14:20:00,49.2
7727,2017-01-04T14:40:00,49.4
7728,2017-01-04T15:00:00,50
7729,2017-01-04T15:20:00,48.3
7730,2017-01-04T15:40:00,42.5
7731,2017-01-04T16:00:00,38.2
7732,2017-01-04T16:20:00,38.2
7733,2017-01-04T16:40:00,41
7734,2017-01-04T17:00:00,44.5
7735,2017-01-04T17:20:00,47.3
7736,2017-01-04T17:45:00,54.9
7737,2017-01-04T18:05:00,60.8
7738,2017-01-04T18:25:00,61.4
7739,2017-01-04T18:45:00,61.5
7740,2017-01-04T19:05:00,62
7741,2017-01-04T19:25:00,61.9
7742,2017-01-04T19:45:00,60.9
7743,2017-01-04T20:05:00,60.8
7744,2017-01-04T20:25:00,60.9
7745,2017-01-04T20:45:00,58.1
7746,2017-01-04T21:05:00,56.7
7747,2017-01-04T21:25:00,54
7748,2017-01-04T21:45:00,47.7
7749,2017-01-04T22:05:00,44.8
7750,2017-01-04T22:25:00,49.2
7751,2017-01-04T22:45:00,46.7
7752,2017-01-04T23:05:00,47.3
7753,2017-01-04T23:25:00,46.7
7754,2017-01-04T23:45:00,46.2
7755,2017-01-05T00:05:00,46.2
7756,2017-01-05T00:25:00,46.7
7757,2017-01-05T00:45:00,47.7
7758,2017-01-05T01:05:00,48
7759,2017-01-05T01:25:00,47.8
7760,2017-01-05T01:45:00,47
7761,2017-01-05T02:05:00,45.8
7762,2017-01-05T02:25:00,44.7
7763,2017-01-05T02:45:00,43.7
7764,2017-01-05T03:05:00,44.2
7765,2017-01-05T03:25:00,43.6
7766,2017-01-05T03:45:00,43.1
7767,2017-01-05T04:05:00,43.3
7768,2017-01-05T04:25:00,42.1
7769,2017-01-05T04:45:00,42
7770,2017-01-05T05:10:00,41.8
7771,2017-01-05T05:30:00,42.5
7772,2017-01-05T05:50:00,43.6
7773,2017-01-05T06:10:00,44.8
7774,2017-01-05T06:30:00,45.9
7775,2017-01-05T06:50:00,45.1
7776,2017-01-05T07:10:00,44.7
7777,2017-01-05T07:30:00,44.7
7778,2017-01-05T07:50:00,45.5
7779,2017-01-05T08:10:00,47.3
7780,2017-01-05T08:30:00,45.5
7781,2017-01-05T08:50:00,43.1
7782,2017-01-05T09:10:00,43.6
7783,2017-01-05T09:30:00,40.3
7784,2017-01-05T09:50:00,39.3
7785,2017-01-05T10:10:00,33.5
7786,2017-01-05T10:30:00,37.1
7787,2017-01-05T10:50:00,38.5
7788,2017-01-05T11:10:00,38.2
7789,2017-01-05T11:30:00,38.4
7790,2017-01-05T11:50:00,38.4
7791,2017-01-05T12:10:00,38.8
7792,2017-01-05T12:30:00,39.6
7793,2017-01-05T12:50:00,39.8
7794,2017-01-05T13:10:00,41
7795,2017-01-05T13:30:00,40.4
7796,2017-01-05T13:50:00,40.7
7797,2017-01-05T14:10:00,41.2
7798,2017-01-05T14:30:00,41
7799,2017-01-05T14:50:00,42.9
7800,2017-01-05T15:10:00,44.2
7801,2017-01-05T15:30:00,44.7
7802,2017-01-05T15:50:00,45.8
7803,2017-01-05T16:15:00,46.2
7804,2017-01-05T16:35:00,46.2
7805,2017-01-05T16:55:00,46.1
7806,2017-01-05T17:15:00,45
7807,2017-01-05T17:35:00,43.6
7808,2017-01-05T17:55:00,43.9
7809,2017-01-05T18:15:00,45.6
7810,2017-01-05T18:35:00,45.9
7811,2017-01-05T18:55:00,45.8
7812,2017-01-05T19:15:00,47.5
7813,2017-01-05T19:35:00,48.6
7814,2017-01-05T19:55:00,48.5
7815,2017-01-05T20:15:00,49.1
7816,2017-01-05T20:35:00,47.7
7817,2017-01-05T20:55:00,47.3
7818,2017-01-05T21:15:00,47.8
7819,2017-01-05T21:35:00,48.5
7820,2017-01-05T21:55:00,48.5
7821,2017-01-05T22:15:00,48.6
7822,2017-01-05T22:35:00,48.5
7823,2017-01-05T22:55:00,48.1
7824,2017-01-05T23:15:00,48.3
7825,2017-01-05T23:35:00,48.8
7826,2017-01-05T23:55:00,49.7
7827,2017-01-06T00:15:00,52.4
7828,2017-01-06T00:35:00,53.3
7829,2017-01-06T00:55:00,53.5
7830,2017-01-06T01:15:00,52.7
7831,2017-01-06T01:35:00,52.7
7832,2017-01-06T01:55:00,51.9
7833,2017-01-06T02:15:00,52.7
7834,2017-01-06T02:35:00,52.9
7835,2017-01-06T02:55:00,54.3
7836,2017-01-06T03:15:00,55.1
7837,2017-01-06T03:40:00,54.8
7838,2017-01-06T04:00:00,54.6
7839,2017-01-06T04:20:00,55.2
7840,2017-01-06T04:40:00,55.2
7841,2017-01-06T05:00:00,55.1
7842,2017-01-06T05:20:00,55.1
7843,2017-01-06T05:40:00,54.4
7844,2017-01-06T06:00:00,53.7
7845,2017-01-06T06:20:00,53.3
7846,2017-01-06T06:40:00,53.3
7847,2017-01-06T07:00:00,52.9
7848,2017-01-06T07:20:00,52.7
7849,2017-01-06T07:40:00,51.8
7850,2017-01-06T08:00:00,51
7851,2017-01-06T08:20:00,49.7
7852,2017-01-06T08:40:00,44.4
7853,2017-01-06T09:00:00,41.5
7854,2017-01-06T09:20:00,39.6
7855,2017-01-06T09:40:00,39.2
7856,2017-01-06T10:00:00,37.3
7857,2017-01-06T10:20:00,36.2
7858,2017-01-06T10:40:00,35.5
7859,2017-01-06T11:00:00,36.5
7860,2017-01-06T11:20:00,36.8
7861,2017-01-06T11:40:00,38.4
7862,2017-01-06T12:00:00,37.6
7863,2017-01-06T12:20:00,36.6
7864,2017-01-06T12:40:00,37.1
7865,2017-01-06T13:00:00,41.2
7866,2017-01-06T13:20:00,42.8
7867,2017-01-06T13:40:00,43.4
7868,2017-01-06T14:00:00,43.4
7869,2017-01-06T14:20:00,43.1
7870,2017-01-06T14:40:00,42.5
7871,2017-01-06T15:05:00,42.1
7872,2017-01-06T15:25:00,41.5
7873,2017-01-06T15:45:00,40.7
7874,2017-01-06T16:05:00,41.7
7875,2017-01-06T16:25:00,42
7876,2017-01-06T16:45:00,42.8
7877,2017-01-06T17:05:00,44
7878,2017-01-06T17:25:00,44.8
7879,2017-01-06T17:45:00,45.9
7880,2017-01-06T18:05:00,45.5
7881,2017-01-06T18:25:00,44.8
7882,2017-01-06T18:45:00,43.4
7883,2017-01-06T19:05:00,41.4
7884,2017-01-06T19:25:00,41.5
7885,2017-01-06T19:45:00,41.4
7886,2017-01-06T20:05:00,41
7887,2017-01-06T20:25:00,41
7888,2017-01-06T20:45:00,41.8
7889,2017-01-06T21:05:00,43.3
7890,2017-01-06T21:25:00,44.2
7891,2017-01-06T21:45:00,44.2
7892,2017-01-06T22:05:00,45.1
7893,2017-01-06T22:25:00,45.6
7894,2017-01-06T22:45:00,46.6
7895,2017-01-06T23:05:00,47
7896,2017-01-06T23:25:00,48
7897,2017-01-06T23:45:00,48.8
7898,2017-01-07T00:05:00,54.3
7899,2017-01-07T00:25:00,57
7900,2017-01-07T00:45:00,59.3
7901,2017-01-07T01:05:00,60.3
7902,2017-01-07T01:25:00,61.5
7903,2017-01-07T01:45:00,61.2
7904,2017-01-07T02:05:00,61.4
7905,2017-01-07T02:30:00,61.2
7906,2017-01-07T02:50:00,61.4
7907,2017-01-07T03:10:00,60.4
7908,2017-01-07T03:30:00,59.8
7909,2017-01-07T03:50:00,60.4
7910,2017-01-07T04:10:00,61.1
7911,2017-01-07T04:30:00,62.2
7912,2017-01-07T04:50:00,63.1
7913,2017-01-07T05:10:00,64.4
7914,2017-01-07T05:30:00,65
7915,2017-01-07T05:50:00,65.5
7916,2017-01-07T06:10:00,66.1
7917,2017-01-07T06:30:00,67.7
7918,2017-01-07T06:50:00,67.8
7919,2017-01-07T07:10:00,68.5
7920,2017-01-07T07:30:00,68.9
7921,2017-01-07T07:50:00,69.3
7922,2017-01-07T08:10:00,69.4
7923,2017-01-07T08:30:00,69.7
7924,2017-01-07T08:50:00,69.7
7925,2017-01-07T09:10:00,69.9
7926,2017-01-07T09:30:00,70.2
7927,2017-01-07T09:50:00,70.5
7928,2017-01-07T10:10:00,70.7
7929,2017-01-07T10:30:00,70.5
7930,2017-01-07T10:50:00,70.2
7931,2017-01-07T11:10:00,70.8
7932,2017-01-07T11:30:00,70.7
7933,2017-01-07T11:50:00,69.9
7934,2017-01-07T12:10:00,69.7
7935,2017-01-07T12:30:00,69.7
7936,2017-01-07T12:50:00,70.2
7937,2017-01-07T13:10:00,70.2
7938,2017-01-07T13:35:00,70.2
7939,2017-01-07T13:55:00,70.5
7940,2017-01-07T14:15:00,70.1
7941,2017-01-07T14:35:00,70.4
7942,2017-01-07T14:55:00,70.1
7943,2017-01-07T15:15:00,70.2
7944,2017-01-07T15:35:00,70.2
7945,2017-01-07T15:55:00,70.4
7946,2017-01-07T16:15:00,71.3
7947,2017-01-07T16:35:00,70.8
7948,2017-01-07T16:55:00,70.5
7949,2017-01-07T17:15:00,70.7
7950,2017-01-07T17:35:00,70.5
7951,2017-01-07T17:55:00,70.5
7952,2017-01-07T18:15:00,70.5
7953,2017-01-07T18:35:00,70.5
7954,2017-01-07T18:55:00,70.2
7955,2017-01-07T19:15:00,69.9
7956,2017-01-07T19:35:00,70.4
7957,2017-01-07T19:55:00,70.4
7958,2017-01-07T20:15:00,70.5
7959,2017-01-07T20:35:00,70.4
7960,2017-01-07T20:55:00,70.1
7961,2017-01-07T21:15:00,70.1
7962,2017-01-07T21:35:00,70.1
7963,2017-01-07T21:55:00,69.7
7964,2017-01-07T22:15:00,69.9
7965,2017-01-07T22:35:00,69.6
7966,2017-01-07T22:55:00,69.6
7967,2017-01-07T23:15:00,69.7
7968,2017-01-07T23:35:00,69.3
7969,2017-01-07T23:55:00,69.4
7970,2017-01-08T00:35:00,67.8
7971,2017-01-08T01:00:00,68.2
7972,2017-01-08T01:20:00,68.3
7973,2017-01-08T01:40:00,66.6
7974,2017-01-08T02:00:00,65
7975,2017-01-08T02:20:00,64.7
7976,2017-01-08T02:40:00,64.7
7977,2017-01-08T03:00:00,64.4
7978,2017-01-08T03:20:00,63.7
7979,2017-01-08T03:40:00,64.2
7980,2017-01-08T04:00:00,65
7981,2017-01-08T04:20:00,64.7
7982,2017-01-08T04:40:00,64.5
7983,2017-01-08T05:00:00,65.2
7984,2017-01-08T05:20:00,64.7
7985,2017-01-08T05:40:00,65.6
7986,2017-01-08T06:00:00,65.5
7987,2017-01-08T06:20:00,66
7988,2017-01-08T06:40:00,65.8
7989,2017-01-08T07:00:00,65.8
7990,2017-01-08T07:20:00,65.5
7991,2017-01-08T07:40:00,65.5
7992,2017-01-08T08:00:00,66.1
7993,2017-01-08T08:20:00,65.3
7994,2017-01-08T08:40:00,64.4
7995,2017-01-08T09:00:00,63.4
7996,2017-01-08T09:20:00,62.6
7997,2017-01-08T09:40:00,62.8
7998,2017-01-08T10:00:00,62.5
7999,2017-01-08T10:20:00,61.9
8000,2017-01-08T10:40:00,61.2
8001,2017-01-08T11:00:00,61.5
8002,2017-01-08T11:20:00,62
8003,2017-01-08T11:40:00,61.5
8004,2017-01-08T12:00:00,56.5
8005,2017-01-08T12:25:00,59.3
8006,2017-01-08T12:45:00,56.5
8007,2017-01-08T13:05:00,59.5
8008,2017-01-08T13:25:00,60.9
8009,2017-01-08T13:45:00,61.4
8010,2017-01-08T14:05:00,61.7
8011,2017-01-08T14:25:00,62.3
8012,2017-01-08T14:45:00,63.4
8013,2017-01-08T15:05:00,63.3
8014,2017-01-08T15:25:00,63.7
8015,2017-01-08T15:45:00,63.9
8016,2017-01-08T16:05:00,65.5
8017,2017-01-08T16:25:00,65.8
8018,2017-01-08T16:45:00,65.6
8019,2017-01-08T17:05:00,65.8
8020,2017-01-08T17:25:00,66.1
8021,2017-01-08T17:45:00,66.1
8022,2017-01-08T18:05:00,66.9
8023,2017-01-08T18:25:00,67.7
8024,2017-01-08T18:45:00,67.5
8025,2017-01-08T19:05:00,67.8
8026,2017-01-08T19:25:00,68
8027,2017-01-08T19:45:00,68
8028,2017-01-08T20:05:00,67.5
8029,2017-01-08T20:25:00,67.2
8030,2017-01-08T20:45:00,66.6
8031,2017-01-08T21:05:00,66
8032,2017-01-08T21:25:00,66
8033,2017-01-08T21:45:00,66.3
8034,2017-01-08T22:05:00,66
8035,2017-01-08T22:25:00,66.1
8036,2017-01-08T22:45:00,66.9
8037,2017-01-08T23:05:00,67.4
8038,2017-01-08T23:25:00,67.4
8039,2017-01-08T23:50:00,67.7
8040,2017-01-09T05:30:00,71.2
8041,2017-01-09T05:50:00,71
8042,2017-01-09T06:10:00,71.3
8043,2017-01-09T06:30:00,71.5
8044,2017-01-09T06:50:00,71.2
8045,2017-01-09T07:10:00,70.5
8046,2017-01-09T07:30:00,70.2
8047,2017-01-09T07:50:00,70.4
8048,2017-01-09T08:10:00,70.5
8049,2017-01-09T08:30:00,70.1
8050,2017-01-09T08:50:00,69.4
8051,2017-01-09T09:10:00,70.2
8052,2017-01-09T09:30:00,70.7
8053,2017-01-09T09:50:00,71.3
8054,2017-01-09T10:10:00,71.2
8055,2017-01-09T10:30:00,71.5
8056,2017-01-09T10:50:00,71.5
8057,2017-01-09T11:15:00,71.8
8058,2017-01-09T11:35:00,67.4
8059,2017-01-09T11:55:00,68.2
8060,2017-01-09T12:15:00,69.1
8061,2017-01-09T12:35:00,68.9
8062,2017-01-09T12:55:00,69.3
8063,2017-01-09T13:15:00,68.8
8064,2017-01-09T13:35:00,68.2
8065,2017-01-09T13:55:00,67.8
8066,2017-01-09T14:15:00,67.1
8067,2017-01-09T14:35:00,66.7
8068,2017-01-09T14:55:00,66.3
8069,2017-01-09T15:15:00,65.8
8070,2017-01-09T15:35:00,64.7
8071,2017-01-09T15:55:00,65.3
8072,2017-01-09T16:15:00,65.8
8073,2017-01-09T16:35:00,65.6
8074,2017-01-09T16:55:00,65.3
8075,2017-01-09T17:15:00,65.3
8076,2017-01-09T17:35:00,64.4
8077,2017-01-09T17:55:00,62.8
8078,2017-01-09T18:15:00,61.5
8079,2017-01-09T18:35:00,61.4
8080,2017-01-09T18:55:00,61.7
8081,2017-01-09T19:15:00,61.4
8082,2017-01-09T19:35:00,61.2
8083,2017-01-09T19:55:00,62.2
8084,2017-01-09T20:15:00,63.6
8085,2017-01-09T20:35:00,64.4
8086,2017-01-09T20:55:00,66
8087,2017-01-09T21:15:00,66.4
8088,2017-01-09T21:35:00,66
8089,2017-01-09T21:55:00,66
8090,2017-01-09T22:20:00,65.3
8091,2017-01-09T22:40:00,66
8092,2017-01-09T23:00:00,67.4
8093,2017-01-09T23:20:00,67.2
8094,2017-01-09T23:40:00,67.8
8095,2017-01-10T00:00:00,68
8096,2017-01-10T00:20:00,67.7
8097,2017-01-10T00:40:00,68.6
8098,2017-01-10T01:00:00,68.9
8099,2017-01-10T01:20:00,69.4
8100,2017-01-10T01:40:00,70.1
8101,2017-01-10T02:00:00,70.1
8102,2017-01-10T02:20:00,70.2
8103,2017-01-10T02:40:00,70.2
8104,2017-01-10T03:00:00,70.1
8105,2017-01-10T03:20:00,69.9
8106,2017-01-10T03:40:00,69.9
8107,2017-01-10T04:00:00,69.6
8108,2017-01-10T04:20:00,69.9
8109,2017-01-10T04:40:00,69.9
8110,2017-01-10T05:00:00,70.2
8111,2017-01-10T05:20:00,70.1
8112,2017-01-10T05:40:00,69.7
8113,2017-01-10T06:00:00,70.5
8114,2017-01-10T06:20:00,70.7
8115,2017-01-10T06:40:00,70.5
8116,2017-01-10T07:00:00,70.4
8117,2017-01-10T07:20:00,70.8
8118,2017-01-10T07:40:00,70.7
8119,2017-01-10T08:00:00,70.5
8120,2017-01-10T08:20:00,70.8
8121,2017-01-10T08:40:00,70.5
8122,2017-01-10T09:00:00,70.7
8123,2017-01-10T09:20:00,70.5
8124,2017-01-10T09:45:00,71
8125,2017-01-11T07:55:00,71.9
8126,2017-01-11T08:15:00,71.9
8127,2017-01-11T08:35:00,72.3
8128,2017-01-11T08:55:00,71.9
8129,2017-01-11T09:15:00,71.9
8130,2017-01-13T20:40:00,60.4
8131,2017-01-13T21:00:00,59.8
8132,2017-01-13T21:20:00,60.6
8133,2017-01-13T21:40:00,60.6
8134,2017-01-13T22:00:00,60.4
8135,2017-01-13T22:20:00,61.1
8136,2017-01-13T22:40:00,61.5
8137,2017-01-13T23:00:00,62.2
8138,2017-01-13T23:20:00,62.3
8139,2017-01-13T23:40:00,63.7
8140,2017-01-14T00:00:00,64.1
8141,2017-01-14T00:20:00,65
8142,2017-01-14T00:40:00,65.2
8143,2017-01-14T01:00:00,64.5
8144,2017-01-14T01:25:00,64.5
8145,2017-01-14T01:45:00,65.2
8146,2017-01-14T02:05:00,64.7
8147,2017-01-14T02:25:00,63.9
8148,2017-01-14T02:45:00,64.2
8149,2017-01-14T03:05:00,64.7
8150,2017-01-14T03:25:00,65.8
8151,2017-01-14T03:45:00,66.4
8152,2017-01-14T04:05:00,66.7
8153,2017-01-14T04:25:00,66.1
8154,2017-01-14T04:45:00,64.4
8155,2017-01-14T05:05:00,63.4
8156,2017-01-14T05:25:00,60.8
8157,2017-01-14T05:45:00,59.3
8158,2017-01-14T06:05:00,58.7
8159,2017-01-14T06:25:00,59.3
8160,2017-01-14T06:45:00,59.8
8161,2017-01-14T07:05:00,60.1
8162,2017-01-14T07:25:00,59.5
8163,2017-01-14T07:45:00,60.1
8164,2017-01-14T08:05:00,60
8165,2017-01-14T08:25:00,56.5
8166,2017-01-14T08:45:00,55.7
8167,2017-01-14T09:05:00,59.2
8168,2017-01-14T09:25:00,59.2
8169,2017-01-14T09:45:00,49.9
8170,2017-01-14T10:05:00,53
8171,2017-01-14T10:25:00,54.6
8172,2017-01-14T10:45:00,50.7
8173,2017-01-14T11:05:00,49.4
8174,2017-01-14T11:25:00,49.9
8175,2017-01-14T11:45:00,53.7
8176,2017-01-14T12:05:00,56
8177,2017-01-14T12:25:00,58.1
8178,2017-01-14T12:50:00,59.8
8179,2017-01-14T13:10:00,61.5
8180,2017-01-14T13:30:00,63
8181,2017-01-14T13:50:00,64.2
8182,2017-01-14T14:10:00,65.2
8183,2017-01-14T14:30:00,65.8
8184,2017-01-14T14:50:00,66.3
8185,2017-01-14T15:10:00,66
8186,2017-01-14T15:30:00,66.6
8187,2017-01-14T15:50:00,66.6
8188,2017-01-14T16:10:00,66.3
8189,2017-01-14T16:30:00,66.7
8190,2017-01-14T16:50:00,66.4
8191,2017-01-14T17:10:00,65.8
8192,2017-01-14T17:30:00,65
8193,2017-01-14T17:50:00,64.4
8194,2017-01-14T18:10:00,64.2
8195,2017-01-14T18:30:00,64.2
8196,2017-01-14T18:50:00,63.1
8197,2017-01-14T19:10:00,62.3
8198,2017-01-14T19:30:00,60.8
8199,2017-01-14T19:50:00,60.1
8200,2017-01-14T20:10:00,59.5
8201,2017-01-14T20:30:00,59.6
8202,2017-01-14T20:50:00,60.4
8203,2017-01-14T21:10:00,61.1
8204,2017-01-14T21:30:00,61.7
8205,2017-01-14T21:50:00,62.2
8206,2017-01-14T22:10:00,63
8207,2017-01-14T22:30:00,64.2
8208,2017-01-14T22:50:00,63.6
8209,2017-01-14T23:10:00,63.7
8210,2017-01-14T23:30:00,63.3
8211,2017-01-14T23:50:00,62.3
8212,2017-01-15T00:15:00,62.2
8213,2017-01-15T00:35:00,62.3
8214,2017-01-15T00:55:00,62
8215,2017-01-15T01:15:00,61.9
8216,2017-01-15T01:35:00,61.1
8217,2017-01-15T01:55:00,61.4
8218,2017-01-15T02:15:00,62.8
8219,2017-01-15T02:35:00,63.4
8220,2017-01-15T02:55:00,63.9
8221,2017-01-15T03:15:00,63.4
8222,2017-01-15T03:35:00,63.4
8223,2017-01-15T03:55:00,63.4
8224,2017-01-15T04:15:00,63.4
8225,2017-01-15T04:35:00,62.3
8226,2017-01-15T04:55:00,60.9
8227,2017-01-15T05:15:00,60.4
8228,2017-01-15T05:35:00,60.6
8229,2017-01-15T05:55:00,60.6
8230,2017-01-15T06:15:00,60.1
8231,2017-01-15T06:35:00,58.4
8232,2017-01-15T06:55:00,58.1
8233,2017-01-15T07:15:00,57.8
8234,2017-01-15T07:35:00,57.3
8235,2017-01-15T07:55:00,56.3
8236,2017-01-15T08:15:00,50.7
8237,2017-01-15T08:35:00,43.9
8238,2017-01-15T08:55:00,39.8
8239,2017-01-15T09:15:00,36.9
8240,2017-01-15T09:35:00,35.7
8241,2017-01-15T09:55:00,35.7
8242,2017-01-15T10:15:00,34.7
8243,2017-01-15T10:35:00,36
8244,2017-01-15T10:55:00,37.4
8245,2017-01-15T11:15:00,35.7
8246,2017-01-15T11:40:00,35.8
8247,2017-01-15T12:00:00,36.5
8248,2017-01-15T12:20:00,36.3
8249,2017-01-15T12:40:00,38.2
8250,2017-01-15T13:00:00,39.3
8251,2017-01-15T13:20:00,39.2
8252,2017-01-15T13:40:00,39.9
8253,2017-01-15T14:00:00,40.4
8254,2017-01-15T14:20:00,40.4
8255,2017-01-15T14:40:00,47.5
8256,2017-01-15T15:00:00,51.3
8257,2017-01-15T15:20:00,52.2
8258,2017-01-15T15:40:00,53.8
8259,2017-01-15T16:00:00,54.8
8260,2017-01-15T16:20:00,54.8
8261,2017-01-15T16:40:00,54.6
8262,2017-01-15T17:00:00,54.8
8263,2017-01-15T17:20:00,55.7
8264,2017-01-15T17:40:00,55.5
8265,2017-01-15T18:00:00,55.5
8266,2017-01-15T18:20:00,55.9
8267,2017-01-15T18:40:00,55.1
8268,2017-01-15T19:00:00,54.9
8269,2017-01-15T19:20:00,54.4
8270,2017-01-15T19:40:00,54.1
8271,2017-01-15T20:00:00,53.5
8272,2017-01-15T20:20:00,55.5
8273,2017-01-15T20:40:00,57.4
8274,2017-01-15T21:00:00,57.9
8275,2017-01-15T21:20:00,56.8
8276,2017-01-15T21:40:00,53.8
8277,2017-01-15T22:00:00,53.5
8278,2017-01-15T22:20:00,53.5
8279,2017-01-15T22:45:00,53.2
8280,2017-01-15T23:05:00,53
8281,2017-01-15T23:25:00,53.5
8282,2017-01-15T23:45:00,56.3
8283,2017-01-16T00:05:00,56.7
8284,2017-01-16T00:25:00,55.2
8285,2017-01-16T00:45:00,55.2
8286,2017-01-16T01:05:00,57.3
8287,2017-01-16T01:25:00,57.8
8288,2017-01-16T01:45:00,57.6
8289,2017-01-16T02:05:00,57.1
8290,2017-01-16T02:25:00,58.2
8291,2017-01-16T02:45:00,58.1
8292,2017-01-16T03:05:00,58.5
8293,2017-01-16T03:25:00,57.8
8294,2017-01-16T03:45:00,56.7
8295,2017-01-16T04:05:00,55.9
8296,2017-01-16T04:25:00,56
8297,2017-01-16T04:45:00,55.5
8298,2017-01-16T05:05:00,55.4
8299,2017-01-16T05:25:00,56.3
8300,2017-01-16T05:45:00,56
8301,2017-01-16T06:05:00,56.8
8302,2017-01-16T06:25:00,56
8303,2017-01-16T06:45:00,56.5
8304,2017-01-16T07:05:00,55.9
8305,2017-01-16T07:25:00,55.7
8306,2017-01-16T07:45:00,56.2
8307,2017-01-16T08:05:00,50.3
8308,2017-01-16T08:25:00,46.2
8309,2017-01-16T08:45:00,41.4
8310,2017-01-16T09:05:00,40.1
8311,2017-01-16T09:25:00,36.5
8312,2017-01-16T09:45:00,34.1
8313,2017-01-16T10:10:00,36.2
8314,2017-01-16T10:30:00,34.7
8315,2017-01-16T10:50:00,38.4
8316,2017-01-16T11:10:00,35.1
8317,2017-01-16T11:30:00,34.4
8318,2017-01-16T11:50:00,34.4
8319,2017-01-16T12:10:00,35.2
8320,2017-01-16T12:30:00,33.9
8321,2017-01-16T12:50:00,32.8
8322,2017-01-16T13:10:00,34.7
8323,2017-01-16T13:30:00,35.1
8324,2017-01-16T13:50:00,36.9
8325,2017-01-16T14:10:00,38.5
8326,2017-01-16T14:30:00,40.7
8327,2017-01-16T14:50:00,48.9
8328,2017-01-16T15:10:00,50.7
8329,2017-01-16T15:30:00,51.3
8330,2017-01-16T15:50:00,51.8
8331,2017-01-16T16:10:00,51.3
8332,2017-01-16T16:30:00,52.1
8333,2017-01-16T16:50:00,53.2
8334,2017-01-16T17:10:00,53.8
8335,2017-01-16T17:30:00,54.6
8336,2017-01-16T17:50:00,54.9
8337,2017-01-16T18:10:00,54
8338,2017-01-16T18:30:00,53.5
8339,2017-01-16T18:50:00,53.5
8340,2017-01-16T19:10:00,54.4
8341,2017-01-16T19:30:00,54.6
8342,2017-01-16T19:50:00,54.8
8343,2017-01-16T20:10:00,55.4
8344,2017-01-16T20:30:00,55.5
8345,2017-01-16T20:50:00,55.9
8346,2017-01-16T21:10:00,56.3
8347,2017-01-16T21:35:00,57
8348,2017-01-16T21:55:00,57.8
8349,2017-01-16T22:15:00,58.4
8350,2017-01-16T22:35:00,58.4
8351,2017-01-16T22:55:00,59
8352,2017-01-16T23:15:00,59.2
8353,2017-01-16T23:35:00,59.6
8354,2017-01-16T23:55:00,60.4
8355,2017-01-17T00:15:00,60.3
8356,2017-01-17T00:35:00,60
8357,2017-01-17T00:55:00,60.4
8358,2017-01-17T01:15:00,60.8
8359,2017-01-17T01:35:00,60.8
8360,2017-01-17T01:55:00,61.1
8361,2017-01-17T02:15:00,61.2
8362,2017-01-17T02:35:00,60.9
8363,2017-01-17T02:55:00,60.9
8364,2017-01-17T03:15:00,61.1
8365,2017-01-17T03:35:00,60.9
8366,2017-01-17T03:55:00,60.9
8367,2017-01-17T04:15:00,61.1
8368,2017-01-17T04:35:00,60.9
8369,2017-01-17T04:55:00,60.1
8370,2017-01-17T05:15:00,60.1
8371,2017-01-17T05:35:00,59.8
8372,2017-01-17T05:55:00,60.1
8373,2017-01-17T06:15:00,60.4
8374,2017-01-17T06:35:00,59.8
8375,2017-01-17T06:55:00,59.8
8376,2017-01-17T07:15:00,59
8377,2017-01-17T07:35:00,58.7
8378,2017-01-17T07:55:00,57.4
8379,2017-01-17T08:15:00,57.9
8380,2017-01-17T08:35:00,56.7
8381,2017-01-17T09:00:00,55.9
8382,2017-01-17T09:20:00,55.9
8383,2017-01-17T09:40:00,54.8
8384,2017-01-17T10:00:00,54.9
8385,2017-01-17T10:20:00,54.9
8386,2017-01-17T10:40:00,54.8
8387,2017-01-17T11:00:00,54
8388,2017-01-17T11:20:00,53.7
8389,2017-01-17T11:40:00,53.8
8390,2017-01-17T12:00:00,54.3
8391,2017-01-17T12:20:00,54.1
8392,2017-01-17T12:40:00,54.4
8393,2017-01-17T13:00:00,54.1
8394,2017-01-17T13:20:00,54.4
8395,2017-01-17T13:40:00,54.8
8396,2017-01-17T14:00:00,55.1
8397,2017-01-17T14:20:00,55.4
8398,2017-01-17T14:40:00,56
8399,2017-01-17T15:00:00,55.9
8400,2017-01-17T15:20:00,56.7
8401,2017-01-17T15:40:00,56.2
8402,2017-01-17T16:00:00,56.8
8403,2017-01-17T16:20:00,57
8404,2017-01-17T16:40:00,56.8
8405,2017-01-17T17:00:00,57
8406,2017-01-17T17:20:00,57.3
8407,2017-01-17T17:40:00,57.8
8408,2017-01-17T18:00:00,57.8
8409,2017-01-17T18:20:00,57.6
8410,2017-01-17T18:40:00,57.8
8411,2017-01-17T19:00:00,57.4
8412,2017-01-17T19:20:00,57.3
8413,2017-01-17T19:40:00,57.1
8414,2017-01-17T20:05:00,56.8
8415,2017-01-17T20:25:00,57.3
8416,2017-01-17T20:45:00,57.4
8417,2017-01-17T21:05:00,57.4
8418,2017-01-17T21:25:00,57.4
8419,2017-01-17T21:45:00,57.8
8420,2017-01-17T22:05:00,57.8
8421,2017-01-17T22:25:00,58.5
8422,2017-01-17T22:45:00,58.5
8423,2017-01-17T23:05:00,59.3
8424,2017-01-17T23:25:00,59.6
8425,2017-01-17T23:45:00,60
8426,2017-01-18T00:05:00,60.4
8427,2017-01-18T00:25:00,60.9
8428,2017-01-18T00:45:00,61.4
8429,2017-01-18T01:05:00,60.6
8430,2017-01-18T01:25:00,59.5
8431,2017-01-18T01:45:00,58.7
8432,2017-01-18T02:05:00,58.7
8433,2017-01-18T02:25:00,59
8434,2017-01-18T02:45:00,58.9
8435,2017-01-18T03:05:00,59.3
8436,2017-01-18T03:45:00,59.8
8437,2017-01-18T04:05:00,60
8438,2017-01-18T04:25:00,60
8439,2017-01-18T04:45:00,60.3
8440,2017-01-18T05:05:00,60.1
8441,2017-01-18T05:25:00,60.8
8442,2017-01-18T05:45:00,60.9
8443,2017-01-18T06:05:00,61.1
8444,2017-01-18T06:25:00,62.5
8445,2017-01-18T06:45:00,63
8446,2017-01-18T07:05:00,62
8447,2017-01-18T07:30:00,61.5
8448,2017-01-18T07:50:00,61.7
8449,2017-01-18T08:10:00,61.1
8450,2017-01-18T08:30:00,61.2
8451,2017-01-18T08:50:00,60.9
8452,2017-01-18T09:10:00,61.4
8453,2017-01-18T09:30:00,61.4
8454,2017-01-18T09:50:00,61.9
8455,2017-01-18T10:10:00,61.9
8456,2017-01-18T10:30:00,62.2
8457,2017-01-18T10:50:00,61.9
8458,2017-01-18T11:10:00,62
8459,2017-01-18T11:30:00,61.9
8460,2017-01-18T11:50:00,62.8
8461,2017-01-18T12:10:00,63.6
8462,2017-01-18T12:30:00,64.2
8463,2017-01-18T12:50:00,64.4
8464,2017-01-18T13:10:00,65.5
8465,2017-01-18T13:30:00,66
8466,2017-01-18T13:50:00,66.6
8467,2017-01-18T14:10:00,66.3
8468,2017-01-18T14:30:00,67.2
8469,2017-01-18T14:50:00,67.5
8470,2017-01-18T15:10:00,68.5
8471,2017-01-18T15:30:00,68.2
8472,2017-01-18T15:50:00,68.5
8473,2017-01-18T16:10:00,68.5
8474,2017-01-18T16:30:00,68.9
8475,2017-01-18T16:50:00,69.3
8476,2017-01-18T17:10:00,69.1
8477,2017-01-18T17:30:00,69.3
8478,2017-01-18T17:50:00,69.1
8479,2017-01-18T18:10:00,69.3
8480,2017-01-18T18:30:00,69.1
8481,2017-01-18T18:55:00,69.6
8482,2017-01-18T19:15:00,69.6
8483,2017-01-18T19:35:00,70.4
8484,2017-01-18T19:55:00,71
8485,2017-01-18T20:15:00,71.9
8486,2017-01-18T20:35:00,72.3
8487,2017-01-18T20:55:00,72.4
8488,2017-01-18T21:15:00,71.6
8489,2017-01-18T21:35:00,71.6
8490,2017-01-18T21:55:00,71.5
8491,2017-01-18T22:15:00,71.6
8492,2017-01-18T22:35:00,71.8
8493,2017-01-18T22:55:00,71.9
8494,2017-01-18T23:15:00,72.3
8495,2017-01-18T23:35:00,72.9
8496,2017-01-18T23:55:00,73
8497,2017-01-19T00:15:00,73.5
8498,2017-01-19T00:35:00,73.2
8499,2017-01-19T00:55:00,73.5
8500,2017-01-19T01:15:00,73.2
8501,2017-01-19T01:35:00,73.4
8502,2017-01-19T01:55:00,73.2
8503,2017-01-19T02:15:00,73.2
8504,2017-01-19T02:35:00,73
8505,2017-01-19T02:55:00,73
8506,2017-01-19T03:15:00,73.4
8507,2017-01-19T03:35:00,73.2
8508,2017-01-19T03:55:00,73.5
8509,2017-01-19T04:15:00,73.5
8510,2017-01-19T04:35:00,73.5
8511,2017-01-19T04:55:00,72.9
8512,2017-01-19T05:15:00,73
8513,2017-01-19T05:35:00,72.6
8514,2017-01-19T05:55:00,72.6
8515,2017-01-19T06:20:00,71
8516,2017-01-19T06:40:00,70.4
8517,2017-01-19T07:00:00,69.9
8518,2017-01-19T07:20:00,69.9
8519,2017-01-19T07:40:00,69.7
8520,2017-01-19T08:00:00,69.9
8521,2017-01-19T08:20:00,70.2
8522,2017-01-19T08:40:00,62.5
8523,2017-01-19T09:00:00,59.6
8524,2017-01-19T09:20:00,58.5
8525,2017-01-19T09:40:00,53
8526,2017-01-19T10:00:00,51.6
8527,2017-01-19T10:20:00,51
8528,2017-01-19T10:40:00,53.5
8529,2017-01-19T11:00:00,54
8530,2017-01-19T11:20:00,53
8531,2017-01-19T11:40:00,52.6
8532,2017-01-19T12:00:00,52.6
8533,2017-01-19T12:20:00,52.9
8534,2017-01-19T12:40:00,51.8
8535,2017-01-19T13:00:00,53.7
8536,2017-01-19T13:20:00,54.6
8537,2017-01-19T13:40:00,54.8
8538,2017-01-19T14:00:00,56.7
8539,2017-01-19T14:20:00,58.1
8540,2017-01-19T14:40:00,61.4
8541,2017-01-19T15:00:00,62.8
8542,2017-01-19T15:20:00,63.7
8543,2017-01-19T15:40:00,64.1
8544,2017-01-19T16:00:00,65
8545,2017-01-19T16:20:00,65.8
8546,2017-01-19T16:40:00,66.4
8547,2017-01-19T17:00:00,67.4
8548,2017-01-19T17:20:00,67.8
8549,2017-01-19T17:45:00,68.3
8550,2017-01-19T18:05:00,68.6
8551,2017-01-19T18:25:00,68
8552,2017-01-19T18:45:00,67.7
8553,2017-01-19T19:05:00,68.2
8554,2017-01-19T19:25:00,68.2
8555,2017-01-19T19:45:00,68.8
8556,2017-01-19T20:05:00,69.1
8557,2017-01-19T20:25:00,69.9
8558,2017-01-19T20:45:00,70.7
8559,2017-01-19T21:05:00,70.4
8560,2017-01-19T21:25:00,70.7
8561,2017-01-19T21:45:00,70.8
8562,2017-01-19T22:05:00,70.7
8563,2017-01-19T22:25:00,70.8
8564,2017-01-19T22:45:00,71.2
8565,2017-01-19T23:05:00,71
8566,2017-01-19T23:25:00,70.5
8567,2017-01-19T23:45:00,71.2
8568,2017-01-20T00:05:00,71
8569,2017-01-20T00:25:00,71
8570,2017-01-20T00:45:00,71.5
8571,2017-01-20T01:05:00,71.5
8572,2017-01-20T01:25:00,71.8
8573,2017-01-20T01:45:00,71.6
8574,2017-01-20T02:05:00,71.8
8575,2017-01-20T02:25:00,71.5
8576,2017-01-20T02:45:00,71.3
8577,2017-01-20T03:05:00,71
8578,2017-01-20T03:25:00,71.2
8579,2017-01-20T03:45:00,70.1
8580,2017-01-20T04:05:00,68.3
8581,2017-01-20T04:25:00,67.8
8582,2017-01-20T04:50:00,67.2
8583,2017-01-20T05:10:00,67.1
8584,2017-01-20T05:30:00,67.5
8585,2017-01-20T05:50:00,67.5
8586,2017-01-20T06:10:00,67.7
8587,2017-01-20T06:30:00,68
8588,2017-01-20T06:50:00,68
8589,2017-01-20T07:10:00,68.5
8590,2017-01-20T07:30:00,69.1
8591,2017-01-20T07:50:00,68
8592,2017-01-20T08:10:00,63.3
8593,2017-01-20T08:30:00,59.8
8594,2017-01-20T08:50:00,56.7
8595,2017-01-20T09:10:00,54.9
8596,2017-01-20T09:30:00,52.4
8597,2017-01-20T09:50:00,50.8
8598,2017-01-20T10:10:00,49.4
8599,2017-01-20T10:30:00,48.5
8600,2017-01-20T10:50:00,49.4
8601,2017-01-20T11:10:00,49.6
8602,2017-01-20T11:30:00,49.9
8603,2017-01-20T11:50:00,56.7
8604,2017-01-20T12:10:00,53.8
8605,2017-01-20T12:30:00,52.7
8606,2017-01-20T12:50:00,55.2
8607,2017-01-20T13:10:00,52.6
8608,2017-01-20T13:30:00,52.4
8609,2017-01-20T13:50:00,53.3
8610,2017-01-20T14:10:00,54.4
8611,2017-01-20T14:30:00,56.7
8612,2017-01-20T14:50:00,60.4
8613,2017-01-20T15:10:00,63.3
8614,2017-01-20T15:30:00,64.5
8615,2017-01-20T15:50:00,65.2
8616,2017-01-20T16:15:00,66.1
8617,2017-01-20T16:35:00,66.6
8618,2017-01-20T16:55:00,66.9
8619,2017-01-20T17:15:00,66.7
8620,2017-01-20T17:35:00,67.4
8621,2017-01-20T17:55:00,67.4
8622,2017-01-20T18:15:00,67.1
8623,2017-01-20T18:35:00,67.8
8624,2017-01-20T18:55:00,67.8
8625,2017-01-20T19:15:00,68.3
8626,2017-01-20T19:35:00,68.6
8627,2017-01-20T19:55:00,68.9
8628,2017-01-20T20:15:00,68.9
8629,2017-01-20T20:35:00,69.3
8630,2017-01-20T20:55:00,69.6
8631,2017-01-20T21:15:00,70.4
8632,2017-01-20T21:35:00,69.9
8633,2017-01-20T21:55:00,70.2
8634,2017-01-20T22:15:00,70.5
8635,2017-01-20T22:35:00,71.2
8636,2017-01-20T22:55:00,71.2
8637,2017-01-20T23:15:00,71
8638,2017-01-20T23:35:00,71.5
8639,2017-01-20T23:55:00,71.6
8640,2017-01-21T00:15:00,71.9
8641,2017-01-21T00:35:00,71.9
8642,2017-01-21T00:55:00,71.8
8643,2017-01-21T01:15:00,71.6
8644,2017-01-21T01:35:00,71.8
8645,2017-01-21T01:55:00,71.5
8646,2017-01-21T02:15:00,71.2
8647,2017-01-21T02:35:00,71.6
8648,2017-01-21T02:55:00,71.5
8649,2017-01-21T03:15:00,71.5
8650,2017-01-21T03:40:00,71
8651,2017-01-21T04:00:00,70.5
8652,2017-01-21T04:20:00,70.7
8653,2017-01-21T04:40:00,71.2
8654,2017-01-21T05:00:00,70.8
8655,2017-01-21T05:20:00,71
8656,2017-01-21T05:40:00,71
8657,2017-01-21T06:00:00,70.8
8658,2017-01-21T06:20:00,71.2
8659,2017-01-21T06:40:00,71
8660,2017-01-21T07:00:00,70.5
8661,2017-01-21T07:20:00,70.2
8662,2017-01-21T07:40:00,69.9
8663,2017-01-21T08:00:00,70.2
8664,2017-01-21T08:20:00,69.6
8665,2017-01-21T08:40:00,69.3
8666,2017-01-21T09:00:00,68.9
8667,2017-01-21T09:20:00,68.5
8668,2017-01-21T09:40:00,67.7
8669,2017-01-21T10:00:00,66.6
8670,2017-01-21T10:20:00,65.8
8671,2017-01-21T10:40:00,66.3
8672,2017-01-21T11:00:00,66
8673,2017-01-21T11:20:00,66.3
8674,2017-01-21T11:40:00,65.5
8675,2017-01-21T12:00:00,66.4
8676,2017-01-21T12:20:00,66.7
8677,2017-01-21T12:40:00,65
8678,2017-01-21T13:00:00,64.7
8679,2017-01-21T13:20:00,65
8680,2017-01-21T13:40:00,56.5
8681,2017-01-21T14:00:00,58.5
8682,2017-01-21T14:20:00,64.9
8683,2017-01-21T14:40:00,66.1
8684,2017-01-21T15:05:00,64.2
8685,2017-01-21T15:25:00,63.4
8686,2017-01-21T15:45:00,63
8687,2017-01-21T16:05:00,63.1
8688,2017-01-21T16:25:00,62.6
8689,2017-01-21T16:45:00,66
8690,2017-01-21T17:05:00,66.7
8691,2017-01-21T17:25:00,66.9
8692,2017-01-21T17:45:00,67.4
8693,2017-01-21T18:05:00,67.4
8694,2017-01-21T18:25:00,67.2
8695,2017-01-21T18:45:00,66
8696,2017-01-21T19:05:00,64.4
8697,2017-01-21T19:25:00,64.2
8698,2017-01-21T19:45:00,63.9
8699,2017-01-21T20:05:00,64.2
8700,2017-01-21T20:25:00,64.1
8701,2017-01-21T20:45:00,64.2
8702,2017-01-21T21:05:00,64.4
8703,2017-01-21T21:25:00,63.7
8704,2017-01-21T21:45:00,64.2
8705,2017-01-21T22:05:00,64.2
8706,2017-01-21T22:25:00,64.4
8707,2017-01-21T22:45:00,63.7
8708,2017-01-21T23:05:00,63.4
8709,2017-01-21T23:25:00,63.7
8710,2017-01-21T23:45:00,63.9
8711,2017-01-22T00:05:00,64.4
8712,2017-01-22T00:25:00,64.1
8713,2017-01-22T00:45:00,63.9
8714,2017-01-22T01:05:00,63.1
8715,2017-01-22T01:25:00,63.4
8716,2017-01-22T01:45:00,63
8717,2017-01-22T02:10:00,62.6
8718,2017-01-22T02:30:00,62.2
8719,2017-01-22T02:50:00,61.9
8720,2017-01-22T03:10:00,62.3
8721,2017-01-22T03:30:00,61.2
8722,2017-01-22T03:50:00,60.9
8723,2017-01-22T04:10:00,59.8
8724,2017-01-22T04:30:00,60.3
8725,2017-01-22T04:50:00,60.1
8726,2017-01-22T05:10:00,60.1
8727,2017-01-22T05:30:00,60
8728,2017-01-22T05:50:00,60
8729,2017-01-22T06:10:00,60
8730,2017-01-22T06:30:00,60.1
8731,2017-01-22T06:50:00,60
8732,2017-01-22T07:10:00,60.4
8733,2017-01-22T07:30:00,60.4
8734,2017-01-22T07:50:00,59.8
8735,2017-01-22T08:10:00,59.5
8736,2017-01-22T08:30:00,59.8
8737,2017-01-22T08:50:00,59.5
8738,2017-01-22T09:10:00,59.5
8739,2017-01-22T09:30:00,59.2
8740,2017-01-22T09:50:00,59
8741,2017-01-22T10:10:00,58.9
8742,2017-01-22T10:30:00,58.4
8743,2017-01-22T10:50:00,58.5
8744,2017-01-22T11:10:00,58.4
8745,2017-01-22T11:30:00,57.4
8746,2017-01-22T11:50:00,57
8747,2017-01-22T12:10:00,56.8
8748,2017-01-22T12:30:00,57.1
8749,2017-01-22T12:50:00,57.1
8750,2017-01-22T13:10:00,57.3
8751,2017-01-22T13:35:00,58.2
8752,2017-01-22T13:55:00,58.2
8753,2017-01-22T14:15:00,58.4
8754,2017-01-22T14:35:00,58.1
8755,2017-01-22T14:55:00,57.8
8756,2017-01-22T15:15:00,58.1
8757,2017-01-22T15:35:00,58.2
8758,2017-01-22T15:55:00,58.7
8759,2017-01-22T16:15:00,58.9
8760,2017-01-22T16:35:00,58.7
8761,2017-01-22T16:55:00,58.7
8762,2017-01-22T17:15:00,59
8763,2017-01-22T17:35:00,59
8764,2017-01-22T17:55:00,58.4
8765,2017-01-22T18:15:00,58.2
8766,2017-01-22T18:35:00,58.5
8767,2017-01-22T18:55:00,58.9
8768,2017-01-22T19:15:00,59.2
8769,2017-01-22T19:35:00,59.2
8770,2017-01-22T19:55:00,59.2
8771,2017-01-22T20:15:00,59.8
8772,2017-01-22T20:35:00,60
8773,2017-01-22T20:55:00,60.4
8774,2017-01-22T21:15:00,60.6
8775,2017-01-22T21:35:00,61.1
8776,2017-01-22T21:55:00,61.7
8777,2017-01-22T22:15:00,61.9
8778,2017-01-22T22:35:00,62
8779,2017-01-22T22:55:00,62.2
8780,2017-01-22T23:15:00,61.9
8781,2017-01-22T23:35:00,62
8782,2017-01-22T23:55:00,61.9
8783,2017-01-23T00:15:00,62.2
8784,2017-01-23T00:35:00,62.5
8785,2017-01-23T01:00:00,62.8
8786,2017-01-23T01:20:00,63.6
8787,2017-01-23T01:40:00,63.1
8788,2017-01-23T02:00:00,62.5
8789,2017-01-23T02:20:00,62.8
8790,2017-01-23T02:40:00,63.1
8791,2017-01-23T03:00:00,63.4
8792,2017-01-23T03:20:00,63.1
8793,2017-01-23T03:40:00,63.3
8794,2017-01-23T04:00:00,62.5
8795,2017-01-23T04:20:00,62.8
8796,2017-01-23T04:40:00,62.6
8797,2017-01-23T05:00:00,62.8
8798,2017-01-23T05:20:00,62.5
8799,2017-01-23T05:40:00,62.3
8800,2017-01-23T06:00:00,62.3
8801,2017-01-23T06:20:00,62.2
8802,2017-01-23T06:40:00,62.2
8803,2017-01-23T07:00:00,62.5
8804,2017-01-23T07:20:00,63
8805,2017-01-23T07:40:00,63.1
8806,2017-01-23T08:00:00,61.9
8807,2017-01-23T08:20:00,59.8
8808,2017-01-23T08:40:00,60.1
8809,2017-01-23T09:00:00,54.6
8810,2017-01-23T09:20:00,52.9
8811,2017-01-23T09:40:00,51.6
8812,2017-01-23T10:00:00,51.6
8813,2017-01-23T10:20:00,54
8814,2017-01-23T10:40:00,56
8815,2017-01-23T11:00:00,54.3
8816,2017-01-23T11:20:00,54.6
8817,2017-01-23T11:40:00,58.1
8818,2017-01-23T12:00:00,59
8819,2017-01-23T12:25:00,56
8820,2017-01-23T12:45:00,52.9
8821,2017-01-23T13:05:00,54
8822,2017-01-23T13:25:00,53.8
8823,2017-01-23T13:45:00,54.1
8824,2017-01-23T14:05:00,55.4
8825,2017-01-23T14:25:00,56
8826,2017-01-23T14:45:00,58.7
8827,2017-01-23T15:05:00,62.5
8828,2017-01-23T15:25:00,63.4
8829,2017-01-23T15:45:00,64.2
8830,2017-01-23T16:05:00,64.7
8831,2017-01-23T16:25:00,64.7
8832,2017-01-23T16:45:00,65.5
8833,2017-01-23T17:05:00,65.2
8834,2017-01-23T17:25:00,65.8
8835,2017-01-23T17:45:00,66.1
8836,2017-01-23T18:05:00,66.1
8837,2017-01-23T18:25:00,66.4
8838,2017-01-23T18:45:00,67.4
8839,2017-01-23T19:05:00,67.4
8840,2017-01-23T19:25:00,67.2
8841,2017-01-23T19:45:00,67.8
8842,2017-01-23T20:05:00,67.8
8843,2017-01-23T20:25:00,68.2
8844,2017-01-23T20:45:00,68.3
8845,2017-02-02T15:55:00,70.2
8846,2017-01-23T21:05:00,68
8847,2017-01-23T21:25:00,68.6
8848,2017-01-23T21:45:00,68.5
8849,2017-01-23T22:05:00,68.8
8850,2017-01-23T22:25:00,68.3
8851,2017-01-23T22:45:00,68.8
8852,2017-01-23T23:05:00,69.3
8853,2017-01-23T23:25:00,69.3
8854,2017-01-23T23:50:00,68.6
8855,2017-01-24T00:10:00,68.9
8856,2017-01-24T00:30:00,69.3
8857,2017-01-24T00:50:00,69.4
8858,2017-01-24T01:10:00,69.4
8859,2017-01-24T01:30:00,69.4
8860,2017-01-24T01:50:00,69.6
8861,2017-01-24T02:10:00,69.4
8862,2017-01-24T02:30:00,69.9
8863,2017-01-24T02:50:00,69.4
8864,2017-01-24T03:10:00,69.7
8865,2017-01-24T03:30:00,69.4
8866,2017-01-24T03:50:00,69.9
8867,2017-01-24T04:10:00,69.3
8868,2017-01-24T04:30:00,68.9
8869,2017-01-24T04:50:00,69.3
8870,2017-01-24T05:10:00,68.8
8871,2017-01-24T05:30:00,68.8
8872,2017-01-24T05:50:00,68.8
8873,2017-01-24T06:10:00,68.6
8874,2017-01-24T06:30:00,69.7
8875,2017-01-24T06:50:00,70.1
8876,2017-01-24T07:10:00,71
8877,2017-01-24T07:30:00,70.7
8878,2017-01-24T07:50:00,71.2
8879,2017-01-24T08:10:00,71.2
8880,2017-01-24T08:30:00,71.6
8881,2017-01-24T08:50:00,71.3
8882,2017-01-24T09:10:00,71.2
8883,2017-01-24T09:30:00,71.2
8884,2017-01-24T09:50:00,61.9
8885,2017-01-24T10:10:00,67.5
8886,2017-01-24T10:30:00,68.6
8887,2017-01-24T10:55:00,68.6
8888,2017-01-24T11:15:00,68.2
8889,2017-01-24T11:35:00,66.9
8890,2017-01-24T11:55:00,67.2
8891,2017-01-24T12:15:00,67.8
8892,2017-01-24T12:35:00,67.8
8893,2017-01-24T12:55:00,67.8
8894,2017-01-24T13:15:00,68.5
8895,2017-01-24T13:35:00,68
8896,2017-01-24T13:55:00,67.5
8897,2017-01-24T14:15:00,67.5
8898,2017-01-24T14:35:00,67.8
8899,2017-01-24T14:55:00,68.2
8900,2017-01-24T15:15:00,68.5
8901,2017-01-24T15:35:00,69.1
8902,2017-01-24T15:55:00,68.9
8903,2017-01-24T16:15:00,68.6
8904,2017-01-24T16:35:00,68.3
8905,2017-01-24T16:55:00,68.5
8906,2017-01-24T17:15:00,68.5
8907,2017-01-24T17:35:00,68
8908,2017-01-24T17:55:00,68.8
8909,2017-01-24T18:15:00,68.9
8910,2017-01-24T18:35:00,70.2
8911,2017-01-24T18:55:00,70.8
8912,2017-01-24T19:15:00,71.2
8913,2017-01-24T19:35:00,71
8914,2017-01-24T19:55:00,71.3
8915,2017-01-24T20:15:00,71.2
8916,2017-01-24T20:35:00,70.7
8917,2017-01-24T20:55:00,70.2
8918,2017-01-24T21:15:00,70.1
8919,2017-01-24T21:35:00,70.2
8920,2017-01-24T21:55:00,69.4
8921,2017-01-24T22:20:00,68.9
8922,2017-01-24T22:40:00,68.5
8923,2017-01-24T23:00:00,68.2
8924,2017-01-24T23:20:00,68.5
8925,2017-01-24T23:40:00,68.8
8926,2017-01-25T00:00:00,68.6
8927,2017-01-25T00:20:00,69.3
8928,2017-01-25T00:40:00,69.3
8929,2017-01-25T01:00:00,69.1
8930,2017-01-25T01:20:00,68.2
8931,2017-01-25T01:40:00,67.4
8932,2017-01-25T02:00:00,66.7
8933,2017-01-25T02:20:00,66.4
8934,2017-01-25T02:40:00,65
8935,2017-01-25T03:00:00,64.9
8936,2017-01-25T03:20:00,65.5
8937,2017-01-25T03:40:00,65
8938,2017-01-25T04:00:00,65.6
8939,2017-01-25T04:20:00,65.2
8940,2017-01-25T04:40:00,64.9
8941,2017-01-25T05:00:00,64.5
8942,2017-01-25T05:20:00,64.4
8943,2017-01-25T05:40:00,64.5
8944,2017-01-25T06:00:00,64.5
8945,2017-01-25T06:20:00,64.7
8946,2017-01-25T06:40:00,64.7
8947,2017-01-25T07:00:00,64.4
8948,2017-01-25T07:20:00,64.7
8949,2017-01-25T07:40:00,63.7
8950,2017-01-25T08:00:00,63.6
8951,2017-01-25T08:20:00,63.9
8952,2017-01-25T08:40:00,63.7
8953,2017-01-25T09:00:00,64.1
8954,2017-01-25T09:20:00,63.9
8955,2017-01-25T09:45:00,63.4
8956,2017-01-25T10:05:00,63.6
8957,2017-01-25T10:25:00,63.4
8958,2017-01-25T10:45:00,63.4
8959,2017-01-25T11:05:00,62.8
8960,2017-01-25T11:25:00,62.6
8961,2017-01-25T11:45:00,63
8962,2017-01-25T12:05:00,62.6
8963,2017-01-25T12:25:00,62.8
8964,2017-01-25T12:45:00,62.3
8965,2017-01-25T13:05:00,62.2
8966,2017-01-26T11:55:00,63.4
8967,2017-01-26T12:15:00,63.9
8968,2017-01-26T12:35:00,64.7
8969,2017-01-26T12:55:00,65.3
8970,2017-01-26T13:15:00,66.1
8971,2017-01-26T13:35:00,66.7
8972,2017-01-26T13:55:00,66.1
8973,2017-01-26T14:15:00,67.1
8974,2017-01-26T14:35:00,66.6
8975,2017-01-26T14:55:00,66.1
8976,2017-01-26T15:15:00,65.2
8977,2017-01-26T15:40:00,65
8978,2017-01-26T16:00:00,64.7
8979,2017-01-26T16:20:00,64.5
8980,2017-01-26T16:40:00,63.9
8981,2017-01-26T17:00:00,63.9
8982,2017-01-26T17:20:00,64.1
8983,2017-01-26T17:40:00,63.7
8984,2017-01-26T18:00:00,63.4
8985,2017-01-26T18:20:00,64.7
8986,2017-01-26T18:40:00,65.3
8987,2017-01-26T19:20:00,65.2
8988,2017-01-26T19:40:00,65.2
8989,2017-01-26T20:00:00,66
8990,2017-01-26T20:20:00,65.6
8991,2017-01-26T20:40:00,63.6
8992,2017-01-26T21:00:00,63
8993,2017-01-26T21:20:00,62.2
8994,2017-01-31T14:50:00,66.6
8995,2017-01-31T15:10:00,65.8
8996,2017-01-31T15:30:00,65.8
8997,2017-01-31T15:50:00,65.3
8998,2017-01-31T16:10:00,65.2
8999,2017-01-31T16:30:00,65.3
9000,2017-01-31T16:50:00,65.2
9001,2017-01-31T17:10:00,65.2
9002,2017-01-31T17:30:00,64.9
9003,2017-01-31T17:50:00,64.1
9004,2017-01-31T18:10:00,63.7
9005,2017-01-31T18:30:00,65
9006,2017-01-31T18:55:00,66.1
9007,2017-01-31T19:15:00,66
9008,2017-01-31T19:35:00,65.3
9009,2017-01-31T19:55:00,65.2
9010,2017-01-31T20:15:00,64.5
9011,2017-01-31T20:35:00,64.5
9012,2017-01-31T20:55:00,64.7
9013,2017-01-31T21:15:00,64.7
9014,2017-02-02T13:10:00,70.1
9015,2017-02-02T13:30:00,69.4
9016,2017-02-02T13:50:00,68.9
9017,2017-02-02T14:10:00,68.5
9018,2017-02-02T14:30:00,68
9019,2017-02-02T14:50:00,68.8
9020,2017-02-02T15:10:00,69.6
9021,2017-02-02T15:35:00,69.7
9022,2017-02-02T16:15:00,70.1
9023,2017-02-02T16:35:00,69.9
9024,2017-02-02T16:55:00,68.2
9025,2017-02-02T17:15:00,67.7
9026,2017-02-02T17:35:00,66.6
9027,2017-02-02T17:55:00,67.1
9028,2017-02-02T18:15:00,67.2
9029,2017-02-02T18:35:00,66.4
9030,2017-02-02T18:55:00,66
9031,2017-02-02T19:35:00,65.8
9032,2017-02-02T19:55:00,66
9033,2017-02-02T20:15:00,66.9
9034,2017-02-02T20:35:00,67.2
9035,2017-02-02T20:55:00,67.4
9036,2017-02-02T21:15:00,66.9
9037,2017-02-03T07:40:00,71.5
9038,2017-02-03T08:00:00,71.2
9039,2017-02-03T08:20:00,71.5
9040,2017-02-03T08:40:00,71.6
9041,2017-02-03T09:00:00,71.8
9042,2017-02-03T09:20:00,71.8
9043,2017-02-03T09:40:00,71.9
9044,2017-02-06T09:55:00,58.2
9045,2017-02-06T10:15:00,58.1
9046,2017-02-06T10:35:00,57.8
9047,2017-02-06T10:55:00,57.9
9048,2017-02-06T11:15:00,58.1
9049,2017-02-06T11:35:00,57.8
9050,2017-02-06T11:55:00,57.6
9051,2017-02-06T12:15:00,57.3
9052,2017-02-06T12:35:00,58.9
9053,2017-02-06T12:55:00,59
9054,2017-02-06T13:15:00,59
9055,2017-02-06T13:35:00,59.2
9056,2017-02-06T13:55:00,59.3
9057,2017-02-06T14:15:00,59.3
9058,2017-02-06T14:35:00,59.3
9059,2017-02-06T14:55:00,60.4
9060,2017-02-06T15:15:00,62.2
9061,2017-02-06T15:35:00,63.1
9062,2017-02-06T15:55:00,63.1
9063,2017-02-06T16:15:00,63.6
9064,2017-02-06T16:35:00,61.2
9065,2017-02-06T16:55:00,60.6
9066,2017-02-06T17:15:00,60.6
9067,2017-02-06T17:35:00,58.2
9068,2017-02-06T17:55:00,59.8
9069,2017-02-06T18:15:00,61.4
9070,2017-02-06T18:35:00,66
9071,2017-02-06T18:55:00,62
9072,2017-02-06T19:15:00,58.7
9073,2017-02-06T19:35:00,56.3
9074,2017-02-06T19:55:00,55.7
9075,2017-02-06T20:15:00,57.1
9076,2017-02-06T20:40:00,57.3
9077,2017-02-06T21:00:00,57.3
9078,2017-02-06T21:20:00,57.1
9079,2017-02-06T21:40:00,55.5
9080,2017-02-06T22:00:00,53
9081,2017-02-06T22:20:00,53.5
9082,2017-02-06T22:40:00,53
9083,2017-02-06T23:00:00,54
9084,2017-02-06T23:20:00,54.3
9085,2017-02-06T23:40:00,55.2
9086,2017-02-08T14:35:00,62
9087,2017-02-08T14:55:00,62.2
9088,2017-02-08T15:15:00,61.1
9089,2017-02-08T15:35:00,63
9090,2017-02-08T15:55:00,63
9091,2017-02-08T16:15:00,62.3
9092,2017-02-08T16:35:00,63.6
9093,2017-02-08T17:00:00,62.8
9094,2017-02-08T17:20:00,62.5
9095,2017-02-08T17:40:00,61.9
9096,2017-02-08T18:00:00,61.7
9097,2017-02-08T18:20:00,60.4
9098,2017-02-08T18:40:00,58.5
9099,2017-02-08T19:00:00,57.4
9100,2017-02-08T19:20:00,59.8
9101,2017-02-08T19:40:00,62.3
9102,2017-02-08T20:00:00,63
9103,2017-02-08T20:20:00,62.3
9104,2017-02-08T20:40:00,61.1
9105,2017-02-08T21:00:00,58.5
9106,2017-02-08T21:20:00,60
9107,2017-02-08T21:40:00,60.9
9108,2017-02-08T22:00:00,61.5
9109,2017-02-08T22:20:00,61.7
9110,2017-02-08T22:40:00,61.2
9111,2017-02-08T23:00:00,61.4
9112,2017-02-08T23:20:00,62.6
9113,2017-02-08T23:40:00,61.5
9114,2017-02-09T09:25:00,61.5
9115,2017-02-09T09:45:00,59.2
9116,2017-02-09T10:05:00,58.1
9117,2017-02-09T10:25:00,58.2
9118,2017-02-09T10:45:00,58.5
9119,2017-02-09T11:05:00,58.4
9120,2017-02-09T11:25:00,58.1
9121,2017-02-09T11:45:00,59
9122,2017-02-09T12:05:00,59
9123,2017-02-09T12:25:00,59.3
9124,2017-02-09T12:45:00,58.9
9125,2017-02-09T13:05:00,58.5
9126,2017-02-09T13:25:00,57.1
9127,2017-02-09T13:45:00,56
9128,2017-02-09T14:05:00,55.7
9129,2017-02-09T14:25:00,51.9
9130,2017-02-09T14:45:00,53.3
9131,2017-02-09T15:05:00,56.8
9132,2017-02-09T15:30:00,53
9133,2017-02-09T15:50:00,51
9134,2017-02-09T16:10:00,51
9135,2017-02-09T16:30:00,50
9136,2017-02-09T16:50:00,49.4
9137,2017-02-09T17:10:00,51.9
9138,2017-02-09T17:30:00,52.4
9139,2017-02-09T17:50:00,52.9
9140,2017-02-09T18:10:00,50.2
9141,2017-02-09T18:30:00,50.2
9142,2017-02-09T18:50:00,51.3
9143,2017-02-09T19:10:00,50.7
9144,2017-02-09T19:30:00,51
9145,2017-02-09T19:50:00,51
9146,2017-02-09T20:10:00,50.8
9147,2017-02-09T20:30:00,48.6
9148,2017-02-09T20:50:00,48.6
9149,2017-02-09T21:10:00,48.1
9150,2017-02-09T21:30:00,50.3
9151,2017-02-09T21:50:00,50
9152,2017-02-09T22:10:00,49.2
9153,2017-02-09T22:30:00,48.3
9154,2017-02-09T22:50:00,47.7
9155,2017-02-09T23:10:00,51.3
9156,2017-02-09T23:30:00,51.6
9157,2017-02-09T23:50:00,50
9158,2017-02-10T07:55:00,57.8
9159,2017-02-10T08:15:00,57
9160,2017-02-10T08:35:00,57.4
9161,2017-02-10T08:55:00,58.1
9162,2017-02-10T09:15:00,57.9
9163,2017-02-10T09:35:00,58.4
9164,2017-02-10T09:55:00,58.5
9165,2017-02-10T10:15:00,60.3
9166,2017-02-10T10:35:00,60.8
9167,2017-02-10T10:55:00,61.9
9168,2017-02-10T11:15:00,62.3
9169,2017-02-10T11:35:00,63
9170,2017-02-10T11:55:00,65.2
9171,2017-02-10T12:15:00,66.9
9172,2017-02-10T12:35:00,66.4
9173,2017-02-10T12:55:00,65.2
9174,2017-02-10T13:15:00,63.7
9175,2017-02-10T13:40:00,64.2
9176,2017-02-10T14:00:00,63.4
9177,2017-02-10T14:20:00,60
9178,2017-02-10T14:40:00,59
9179,2017-02-10T15:00:00,58.7
9180,2017-02-10T15:20:00,59.2
9181,2017-02-10T15:40:00,57.4
9182,2017-02-10T16:00:00,57.6
9183,2017-02-10T16:20:00,57.9
9184,2017-02-10T16:40:00,58.7
9185,2017-02-10T17:00:00,58.1
9186,2017-02-10T17:20:00,59.6
9187,2017-02-10T17:40:00,60.3
9188,2017-02-10T18:00:00,60.3
9189,2017-02-10T18:20:00,59.5
9190,2017-02-10T18:40:00,58.9
9191,2017-02-10T19:00:00,59.3
9192,2017-02-10T19:20:00,58.2
9193,2017-02-10T19:40:00,58.4
9194,2017-02-10T20:00:00,58.9
9195,2017-02-10T20:20:00,58.4
9196,2017-02-10T20:40:00,58.7
9197,2017-02-10T21:00:00,59
9198,2017-02-10T21:20:00,58.5
9199,2017-02-10T21:40:00,58.1
9200,2017-02-10T22:00:00,58.7
9201,2017-02-10T22:20:00,57
9202,2017-02-10T22:40:00,57.4
9203,2017-02-10T23:00:00,56.8
9204,2017-02-10T23:20:00,55.7
9205,2017-02-10T23:40:00,54.6
9206,2017-02-13T10:30:00,55.7
9207,2017-02-13T10:50:00,55.7
9208,2017-02-13T11:10:00,54.6
9209,2017-02-13T11:30:00,54.4
9210,2017-02-13T11:50:00,51.4
9211,2017-02-13T12:10:00,52.1
9212,2017-02-13T12:30:00,54.3
9213,2017-02-13T12:50:00,54.8
9214,2017-02-13T13:10:00,53.8
9215,2017-02-13T13:30:00,54.1
9216,2017-02-13T13:50:00,54.3
9217,2017-02-13T14:10:00,54.1
9218,2017-02-13T14:30:00,54.4
9219,2017-02-13T14:50:00,53.7
9220,2017-02-13T15:10:00,52.9
9221,2017-02-13T15:30:00,54.3
9222,2017-02-13T15:50:00,57.4
9223,2017-02-13T16:10:00,58.2
9224,2017-02-13T16:30:00,57.9
9225,2017-02-13T16:50:00,58.2
9226,2017-02-13T17:10:00,57.9
9227,2017-02-13T17:30:00,58.5
9228,2017-02-13T17:50:00,58.4
9229,2017-02-13T18:10:00,58.2
9230,2017-02-13T18:30:00,58.5
9231,2017-02-13T18:50:00,58.9
9232,2017-02-13T19:10:00,59.5
9233,2017-02-13T19:30:00,59.5
9234,2017-02-13T19:50:00,59.8
9235,2017-02-13T20:15:00,60.4
9236,2017-02-13T20:35:00,61.2
9237,2017-02-13T20:55:00,61.1
9238,2017-02-13T21:15:00,61.7
9239,2017-02-13T21:35:00,62.6
9240,2017-02-13T21:55:00,61.1
9241,2017-02-13T22:15:00,60.3
9242,2017-02-13T22:35:00,60.1
9243,2017-02-13T22:55:00,60
9244,2017-02-13T23:15:00,59.6
9245,2017-02-13T23:35:00,59.6
9246,2017-02-13T23:55:00,59.8
9247,2017-02-14T00:15:00,59.3
9248,2017-02-14T00:35:00,59
9249,2017-02-14T00:55:00,59
9250,2017-02-14T01:15:00,59.8
9251,2017-02-14T01:35:00,58.9
9252,2017-02-14T01:55:00,59.6
9253,2017-02-14T02:15:00,60.1
9254,2017-02-14T02:35:00,60.6
9255,2017-02-14T02:55:00,60.1
9256,2017-02-14T03:15:00,60.1
9257,2017-02-14T03:35:00,60
9258,2017-02-14T03:55:00,59.6
9259,2017-02-14T04:15:00,60
9260,2017-02-14T04:35:00,60
9261,2017-02-14T04:55:00,60.3
9262,2017-02-14T05:15:00,60.9
9263,2017-02-14T05:35:00,62.5
9264,2017-02-14T05:55:00,63.1
9265,2017-02-14T06:15:00,63.7
9266,2017-02-14T06:35:00,65.2
9267,2017-02-14T06:55:00,66
9268,2017-02-14T07:15:00,66.1
9269,2017-02-14T07:40:00,57.3
9270,2017-02-14T08:00:00,57.3
9271,2017-02-14T08:20:00,51.1
9272,2017-02-14T08:40:00,50.2
9273,2017-02-14T09:00:00,48.8
9274,2017-02-14T09:20:00,48.3
9275,2017-02-14T09:40:00,48.3
9276,2017-02-14T10:00:00,48
9277,2017-02-14T10:20:00,46.4
9278,2017-02-14T10:40:00,47.3
9279,2017-02-14T11:00:00,47
9280,2017-02-14T11:20:00,46.6
9281,2017-02-14T11:40:00,47
9282,2017-02-14T12:00:00,48.3
9283,2017-02-14T12:20:00,48.3
9284,2017-02-14T12:40:00,48
9285,2017-02-14T13:00:00,48.8
9286,2017-02-14T13:20:00,48.9
9287,2017-02-14T13:40:00,50
9288,2017-02-14T14:00:00,51
9289,2017-02-14T14:20:00,51.6
9290,2017-02-14T14:40:00,54.4
9291,2017-02-14T15:00:00,54.6
9292,2017-02-14T15:20:00,56.8
9293,2017-02-14T15:40:00,58.5
9294,2017-02-14T16:00:00,62.2
9295,2017-02-14T16:20:00,62.8
9296,2017-02-14T16:40:00,63.3
9297,2017-02-14T17:00:00,63.9
9298,2017-02-14T17:20:00,64.4
9299,2017-02-14T17:40:00,64.4
9300,2017-02-14T18:00:00,65.6
9301,2017-02-14T18:20:00,65.6
9302,2017-02-14T18:45:00,66.7
9303,2017-02-14T19:05:00,67.7
9304,2017-02-14T19:25:00,68.3
9305,2017-02-14T19:45:00,68.5
9306,2017-02-14T20:05:00,68.5
9307,2017-02-14T20:25:00,69.3
9308,2017-02-14T20:45:00,68.9
9309,2017-02-14T21:05:00,69.3
9310,2017-02-14T21:25:00,68.9
9311,2017-02-14T21:45:00,68.9
9312,2017-02-14T22:05:00,69.4
9313,2017-02-14T22:25:00,68.9
9314,2017-02-24T01:00:00,71
9315,2017-02-14T22:45:00,68.8
9316,2017-02-14T23:05:00,68.2
9317,2017-02-14T23:25:00,69.6
9318,2017-02-14T23:45:00,68.6
9319,2017-02-15T00:05:00,68.2
9320,2017-02-15T00:25:00,68.3
9321,2017-02-15T00:45:00,68.8
9322,2017-02-15T01:05:00,68.9
9323,2017-02-15T01:25:00,68.5
9324,2017-02-15T01:45:00,69.3
9325,2017-02-15T02:05:00,68.8
9326,2017-02-15T02:25:00,68.8
9327,2017-02-15T02:45:00,68.8
9328,2017-02-15T03:05:00,68.6
9329,2017-02-15T03:25:00,68.9
9330,2017-02-15T03:45:00,68.9
9331,2017-02-15T04:05:00,69.3
9332,2017-02-15T04:25:00,69.7
9333,2017-02-15T04:45:00,69.4
9334,2017-02-15T05:05:00,69.6
9335,2017-02-15T05:25:00,69.3
9336,2017-02-15T05:45:00,69.7
9337,2017-02-15T06:10:00,69.4
9338,2017-02-15T06:30:00,69.4
9339,2017-02-15T06:50:00,69.4
9340,2017-02-15T07:10:00,69.9
9341,2017-02-15T07:30:00,66.3
9342,2017-02-15T07:50:00,60.1
9343,2017-02-15T08:10:00,56.7
9344,2017-02-15T08:30:00,57.4
9345,2017-02-15T08:50:00,51
9346,2017-02-15T09:10:00,44
9347,2017-02-15T09:30:00,44.8
9348,2017-02-15T09:50:00,43.3
9349,2017-02-15T10:10:00,40.9
9350,2017-02-15T13:10:00,47.7
9351,2017-02-15T13:30:00,49.2
9352,2017-02-15T13:50:00,49.9
9353,2017-02-15T14:10:00,50.7
9354,2017-02-15T14:30:00,51.1
9355,2017-02-15T14:50:00,52.9
9356,2017-02-15T15:10:00,55.5
9357,2017-02-15T15:30:00,56.7
9358,2017-02-15T15:50:00,60.1
9359,2017-02-15T16:10:00,61.7
9360,2017-02-15T16:30:00,65
9361,2017-02-15T16:55:00,65.2
9362,2017-02-15T17:15:00,64.4
9363,2017-02-15T17:35:00,64.7
9364,2017-02-15T17:55:00,65
9365,2017-02-15T18:15:00,62.6
9366,2017-02-15T18:35:00,61.1
9367,2017-02-15T18:55:00,60.4
9368,2017-02-15T19:15:00,60.9
9369,2017-02-15T19:35:00,60.8
9370,2017-02-15T19:55:00,60.9
9371,2017-02-15T20:15:00,61.1
9372,2017-02-15T20:35:00,61.2
9373,2017-02-15T20:55:00,61.2
9374,2017-02-15T21:15:00,61.4
9375,2017-02-15T21:35:00,61.7
9376,2017-02-15T21:55:00,60.6
9377,2017-02-15T22:15:00,61.9
9378,2017-02-15T22:35:00,62
9379,2017-02-15T22:55:00,63.3
9380,2017-02-15T23:15:00,64.7
9381,2017-02-15T23:35:00,64.2
9382,2017-02-15T23:55:00,63.1
9383,2017-02-16T00:15:00,63
9384,2017-02-16T00:35:00,63.3
9385,2017-02-16T00:55:00,63.9
9386,2017-02-16T01:15:00,63.7
9387,2017-02-16T01:35:00,63.9
9388,2017-02-16T01:55:00,63.4
9389,2017-02-16T02:15:00,62.8
9390,2017-02-16T02:35:00,63.1
9391,2017-02-16T02:55:00,62.3
9392,2017-02-16T03:15:00,58.4
9393,2017-02-16T03:35:00,59.2
9394,2017-02-16T03:55:00,58.7
9395,2017-02-16T04:20:00,62.8
9396,2017-02-16T04:40:00,63
9397,2017-02-16T05:00:00,62.5
9398,2017-02-16T05:20:00,61.9
9399,2017-02-16T05:40:00,59.5
9400,2017-02-16T06:00:00,58.5
9401,2017-02-16T06:20:00,59.3
9402,2017-02-16T06:40:00,60.8
9403,2017-02-16T07:00:00,62.8
9404,2017-02-16T07:20:00,63.7
9405,2017-02-16T07:40:00,66.9
9406,2017-02-16T08:00:00,68.2
9407,2017-02-16T08:20:00,67.7
9408,2017-02-16T08:40:00,69.6
9409,2017-02-16T09:00:00,69.9
9410,2017-02-16T09:20:00,70.7
9411,2017-02-16T09:40:00,69.9
9412,2017-02-16T10:00:00,70.1
9413,2017-02-16T10:20:00,70.2
9414,2017-02-16T10:40:00,70.7
9415,2017-02-16T11:00:00,71.8
9416,2017-02-16T11:20:00,71.3
9417,2017-02-16T11:40:00,71.9
9418,2017-02-16T12:00:00,71.3
9419,2017-02-16T12:20:00,71.8
9420,2017-02-16T12:40:00,72.1
9421,2017-02-16T13:00:00,72.6
9422,2017-02-16T13:20:00,72.6
9423,2017-02-16T13:40:00,71.8
9424,2017-02-16T14:00:00,72.3
9425,2017-02-16T14:20:00,71.8
9426,2017-02-16T14:40:00,72.3
9427,2017-02-16T15:00:00,72.6
9428,2017-02-16T15:20:00,72.7
9429,2017-02-16T15:45:00,72.1
9430,2017-02-16T16:05:00,72.3
9431,2017-02-16T16:25:00,71.9
9432,2017-02-16T16:45:00,72.7
9433,2017-02-16T17:05:00,72.6
9434,2017-02-16T17:25:00,72.9
9435,2017-02-16T17:45:00,72.4
9436,2017-02-16T18:05:00,72.6
9437,2017-02-16T18:25:00,72.7
9438,2017-02-16T18:45:00,73
9439,2017-02-16T19:05:00,72.9
9440,2017-02-16T19:25:00,72.7
9441,2017-02-16T19:45:00,72.9
9442,2017-02-16T20:05:00,73
9443,2017-02-16T20:25:00,72.7
9444,2017-02-16T20:45:00,72.9
9445,2017-02-16T21:05:00,72.4
9446,2017-02-16T21:25:00,72.6
9447,2017-02-16T21:45:00,72.4
9448,2017-02-16T22:05:00,72.3
9449,2017-02-16T22:25:00,71.6
9450,2017-02-16T22:45:00,70.8
9451,2017-02-16T23:05:00,71.2
9452,2017-02-16T23:25:00,70.8
9453,2017-02-16T23:45:00,70.4
9454,2017-02-17T00:05:00,70.5
9455,2017-02-17T00:25:00,70.4
9456,2017-02-17T00:45:00,70.2
9457,2017-02-17T01:05:00,69.9
9458,2017-02-17T01:25:00,70.2
9459,2017-02-17T01:45:00,70.8
9460,2017-02-17T02:05:00,71.5
9461,2017-02-17T02:25:00,71.5
9462,2017-02-17T02:50:00,71.3
9463,2017-02-17T03:10:00,71.3
9464,2017-02-17T03:30:00,70.4
9465,2017-02-17T03:50:00,70.7
9466,2017-02-17T04:10:00,71.2
9467,2017-02-17T04:30:00,70.7
9468,2017-02-17T04:50:00,70.2
9469,2017-02-17T05:10:00,70.2
9470,2017-02-17T05:30:00,70.7
9471,2017-02-17T05:50:00,70.5
9472,2017-02-17T06:10:00,70.5
9473,2017-02-17T06:30:00,70.4
9474,2017-02-17T06:50:00,70.5
9475,2017-02-17T07:10:00,69.9
9476,2017-02-17T07:30:00,70.4
9477,2017-02-17T07:50:00,70.2
9478,2017-02-17T08:10:00,69.7
9479,2017-02-17T08:30:00,69.4
9480,2017-02-17T08:50:00,69.7
9481,2017-02-17T09:10:00,69.1
9482,2017-02-17T09:30:00,69.3
9483,2017-02-17T09:50:00,69.9
9484,2017-02-17T10:10:00,67.7
9485,2017-02-17T10:30:00,66.9
9486,2017-02-17T10:50:00,64.1
9487,2017-02-17T11:10:00,63.7
9488,2017-02-17T11:30:00,63.3
9489,2017-02-17T11:50:00,60.1
9490,2017-02-17T12:10:00,60.9
9491,2017-02-17T12:30:00,59.3
9492,2017-02-17T12:50:00,57.4
9493,2017-02-17T13:10:00,51.6
9494,2017-02-17T13:30:00,52.2
9495,2017-02-17T13:50:00,55.2
9496,2017-02-17T14:15:00,56.8
9497,2017-02-17T14:35:00,59
9498,2017-02-17T14:55:00,59.6
9499,2017-02-17T15:15:00,61.1
9500,2017-02-17T15:35:00,62.5
9501,2017-02-17T15:55:00,63.1
9502,2017-02-17T16:15:00,63.9
9503,2017-02-17T16:35:00,65.5
9504,2017-02-17T16:55:00,67.1
9505,2017-02-17T17:15:00,67.5
9506,2017-02-17T17:35:00,68.3
9507,2017-02-17T17:55:00,68.3
9508,2017-02-17T18:15:00,69.1
9509,2017-02-17T18:35:00,68.9
9510,2017-02-17T18:55:00,69.4
9511,2017-02-17T19:15:00,69.1
9512,2017-02-17T19:35:00,69.3
9513,2017-02-17T19:55:00,69.4
9514,2017-02-17T20:15:00,69.3
9515,2017-02-17T20:35:00,69.3
9516,2017-02-17T20:55:00,69.4
9517,2017-02-17T21:15:00,70.1
9518,2017-02-17T21:35:00,70.4
9519,2017-02-17T21:55:00,70.4
9520,2017-02-17T22:15:00,71.5
9521,2017-02-17T22:35:00,71.6
9522,2017-02-17T22:55:00,71.6
9523,2017-02-17T23:15:00,72.1
9524,2017-02-17T23:35:00,71.9
9525,2017-02-17T23:55:00,72.6
9526,2017-02-18T00:15:00,72.1
9527,2017-02-18T00:35:00,72.4
9528,2017-02-18T00:55:00,71.9
9529,2017-02-18T01:15:00,71.9
9530,2017-02-18T01:40:00,71.9
9531,2017-02-18T02:00:00,71.9
9532,2017-02-18T02:20:00,71.9
9533,2017-02-18T02:40:00,71.8
9534,2017-02-18T03:00:00,71.9
9535,2017-02-18T03:20:00,71.6
9536,2017-02-18T03:40:00,71.8
9537,2017-02-18T04:00:00,71.9
9538,2017-02-18T04:20:00,71.6
9539,2017-02-18T04:40:00,71.6
9540,2017-02-18T05:00:00,71.2
9541,2017-02-18T05:20:00,71.2
9542,2017-02-18T05:40:00,70.5
9543,2017-02-18T06:00:00,70.5
9544,2017-02-18T06:20:00,70.8
9545,2017-02-18T06:40:00,70.7
9546,2017-02-18T07:00:00,70.1
9547,2017-02-18T07:20:00,68.9
9548,2017-02-18T07:40:00,69.1
9549,2017-02-18T08:00:00,68.2
9550,2017-02-18T08:20:00,64.9
9551,2017-02-18T08:40:00,66
9552,2017-02-18T09:00:00,66.1
9553,2017-02-18T09:20:00,65.6
9554,2017-02-18T09:40:00,63.4
9555,2017-02-18T10:00:00,63
9556,2017-02-18T10:20:00,62
9557,2017-02-18T10:40:00,61.1
9558,2017-02-18T11:00:00,61.1
9559,2017-02-18T11:20:00,59.8
9560,2017-02-18T11:40:00,60.1
9561,2017-02-18T12:00:00,60
9562,2017-02-18T12:20:00,60
9563,2017-02-18T12:40:00,60.4
9564,2017-02-18T13:05:00,61.4
9565,2017-02-18T13:25:00,62.6
9566,2017-02-18T13:45:00,61.9
9567,2017-02-18T14:05:00,62.3
9568,2017-02-18T14:25:00,62.8
9569,2017-02-18T14:45:00,62.6
9570,2017-02-18T15:05:00,63.3
9571,2017-02-18T15:25:00,63.3
9572,2017-02-18T15:45:00,64.4
9573,2017-02-18T16:05:00,64.2
9574,2017-02-18T16:25:00,64.9
9575,2017-02-18T16:45:00,65
9576,2017-02-18T17:05:00,65.8
9577,2017-02-18T17:25:00,66
9578,2017-02-18T17:45:00,66.4
9579,2017-02-18T18:05:00,66
9580,2017-02-18T18:25:00,66.1
9581,2017-02-18T18:45:00,65.8
9582,2017-02-18T19:05:00,65.8
9583,2017-02-18T19:25:00,65.8
9584,2017-02-18T19:45:00,65.3
9585,2017-02-18T20:05:00,64.7
9586,2017-02-18T20:25:00,64.5
9587,2017-02-18T20:45:00,64.1
9588,2017-02-18T21:05:00,64.4
9589,2017-02-18T21:25:00,64.9
9590,2017-02-18T21:45:00,65.6
9591,2017-02-18T22:05:00,65.5
9592,2017-02-18T22:25:00,65.2
9593,2017-02-18T22:45:00,65.8
9594,2017-02-18T23:05:00,66.9
9595,2017-02-18T23:25:00,66.9
9596,2017-02-18T23:45:00,67.1
9597,2017-02-19T00:10:00,68.9
9598,2017-02-19T00:30:00,69.7
9599,2017-02-19T00:50:00,69.7
9600,2017-02-19T01:10:00,69.6
9601,2017-02-19T01:30:00,69.7
9602,2017-02-19T01:50:00,71.3
9603,2017-02-19T02:10:00,71
9604,2017-02-19T02:30:00,70.7
9605,2017-02-19T02:50:00,70.7
9606,2017-02-19T03:10:00,70.5
9607,2017-02-19T03:30:00,71
9608,2017-02-19T03:50:00,71.5
9609,2017-02-19T04:10:00,71.6
9610,2017-02-19T04:30:00,72.3
9611,2017-02-19T04:50:00,72.1
9612,2017-02-19T05:10:00,72.1
9613,2017-02-19T05:30:00,72.4
9614,2017-02-19T05:50:00,72.4
9615,2017-02-19T06:10:00,71.9
9616,2017-02-19T06:30:00,72.4
9617,2017-02-19T06:50:00,72.6
9618,2017-02-19T07:10:00,73.2
9619,2017-02-19T07:30:00,73.2
9620,2017-02-19T07:50:00,73
9621,2017-02-19T08:10:00,73.7
9622,2017-02-19T08:30:00,73.8
9623,2017-02-19T08:50:00,73.7
9624,2017-02-19T09:10:00,73.8
9625,2017-02-19T09:30:00,73.5
9626,2017-02-19T09:50:00,73.7
9627,2017-02-19T10:10:00,73.4
9628,2017-02-19T10:30:00,73.8
9629,2017-02-19T10:50:00,73.8
9630,2017-02-19T11:10:00,74.3
9631,2017-02-19T11:35:00,73
9632,2017-02-19T11:55:00,72.4
9633,2017-02-19T12:15:00,72.4
9634,2017-02-19T12:35:00,72.1
9635,2017-02-19T12:55:00,71.8
9636,2017-02-19T13:15:00,71.2
9637,2017-02-19T13:35:00,70.4
9638,2017-02-19T13:55:00,71.8
9639,2017-02-19T14:15:00,71.2
9640,2017-02-19T14:35:00,72.3
9641,2017-02-19T14:55:00,68.3
9642,2017-02-19T15:15:00,64.1
9643,2017-02-19T15:35:00,65.2
9644,2017-02-19T15:55:00,66.3
9645,2017-02-19T16:15:00,65
9646,2017-02-19T16:35:00,63.3
9647,2017-02-19T16:55:00,63.3
9648,2017-02-19T17:15:00,64.5
9649,2017-02-19T17:35:00,61.5
9650,2017-02-19T17:55:00,60.6
9651,2017-02-19T18:15:00,61.4
9652,2017-02-19T18:35:00,63
9653,2017-02-19T18:55:00,63.9
9654,2017-02-19T19:15:00,64.9
9655,2017-02-19T19:35:00,64.5
9656,2017-02-19T19:55:00,65.8
9657,2017-02-19T20:15:00,65.2
9658,2017-02-19T20:35:00,65.5
9659,2017-02-19T20:55:00,66.3
9660,2017-02-19T21:15:00,66.4
9661,2017-02-19T21:35:00,66
9662,2017-02-19T21:55:00,65.5
9663,2017-02-19T22:15:00,66.4
9664,2017-02-19T22:35:00,68.3
9665,2017-02-19T23:00:00,68.8
9666,2017-02-19T23:20:00,68.5
9667,2017-02-19T23:40:00,69.9
9668,2017-02-20T00:00:00,69.1
9669,2017-02-20T00:20:00,67.2
9670,2017-02-20T00:40:00,67.2
9671,2017-02-20T01:00:00,68.3
9672,2017-02-20T01:20:00,68.5
9673,2017-02-20T01:40:00,68.5
9674,2017-02-20T02:00:00,68.2
9675,2017-02-20T02:20:00,67.5
9676,2017-02-20T02:40:00,67.1
9677,2017-02-20T03:00:00,66.9
9678,2017-02-20T03:20:00,66.9
9679,2017-02-20T03:40:00,67.5
9680,2017-02-20T04:00:00,68.2
9681,2017-02-20T04:20:00,67.8
9682,2017-02-20T04:40:00,67.5
9683,2017-02-20T05:00:00,67.5
9684,2017-02-20T05:20:00,70.2
9685,2017-02-20T05:40:00,71
9686,2017-02-20T06:00:00,70.7
9687,2017-02-20T06:20:00,70.1
9688,2017-02-20T06:40:00,69.6
9689,2017-02-20T07:00:00,70.1
9690,2017-02-20T07:20:00,70.1
9691,2017-02-20T07:40:00,69.9
9692,2017-02-20T08:00:00,69.9
9693,2017-02-20T08:20:00,71.8
9694,2017-02-20T08:40:00,73.2
9695,2017-02-20T09:00:00,74.2
9696,2017-02-20T09:20:00,74.2
9697,2017-02-20T09:40:00,74.8
9698,2017-02-20T10:00:00,74.8
9699,2017-02-20T10:25:00,74.5
9700,2017-02-20T10:45:00,73.8
9701,2017-02-20T11:05:00,72.6
9702,2017-02-20T11:25:00,72.4
9703,2017-02-20T11:45:00,72.4
9704,2017-02-20T12:05:00,73.7
9705,2017-02-20T12:25:00,73.2
9706,2017-02-20T12:45:00,72.6
9707,2017-02-20T13:05:00,72.3
9708,2017-02-20T13:25:00,72.7
9709,2017-02-20T13:45:00,73.4
9710,2017-02-20T14:05:00,72.1
9711,2017-02-20T14:25:00,70.5
9712,2017-02-20T14:45:00,72.9
9713,2017-02-20T15:05:00,74
9714,2017-02-20T15:25:00,74.2
9715,2017-02-20T15:45:00,73.5
9716,2017-02-20T16:05:00,73.8
9717,2017-02-20T16:25:00,73.7
9718,2017-02-20T16:45:00,74.5
9719,2017-02-20T17:05:00,75.1
9720,2017-02-20T17:25:00,74.8
9721,2017-02-20T17:45:00,74.5
9722,2017-02-20T18:05:00,74.5
9723,2017-02-20T18:25:00,74.2
9724,2017-02-20T18:45:00,73.5
9725,2017-02-20T19:05:00,73.8
9726,2017-02-20T19:25:00,73.7
9727,2017-02-20T19:45:00,71.8
9728,2017-02-20T20:05:00,71.5
9729,2017-02-20T20:25:00,71
9730,2017-02-20T20:45:00,69.9
9731,2017-02-20T21:05:00,68.2
9732,2017-02-20T21:25:00,68.5
9733,2017-02-20T21:50:00,69.1
9734,2017-02-20T22:10:00,66.1
9735,2017-02-20T22:30:00,62
9736,2017-02-20T22:50:00,62.5
9737,2017-02-20T23:10:00,61.1
9738,2017-02-20T23:30:00,62.8
9739,2017-02-20T23:50:00,63
9740,2017-02-21T00:10:00,63.6
9741,2017-02-21T00:30:00,63.1
9742,2017-02-21T00:50:00,63.3
9743,2017-02-21T01:10:00,61.9
9744,2017-02-21T01:30:00,61.1
9745,2017-02-21T01:50:00,60.4
9746,2017-02-21T02:10:00,60.3
9747,2017-02-21T02:30:00,60.4
9748,2017-02-21T02:50:00,59.8
9749,2017-02-21T03:10:00,60.6
9750,2017-02-21T03:30:00,60.1
9751,2017-02-21T03:50:00,60
9752,2017-02-21T04:10:00,60
9753,2017-02-21T04:30:00,60.6
9754,2017-02-21T04:50:00,59.8
9755,2017-02-21T05:10:00,59.8
9756,2017-02-21T05:30:00,60
9757,2017-02-21T05:50:00,59.5
9758,2017-02-21T06:10:00,59.5
9759,2017-02-21T06:30:00,59.2
9760,2017-02-21T06:50:00,58.2
9761,2017-02-21T07:10:00,58.7
9762,2017-02-21T07:30:00,57.9
9763,2017-02-21T07:50:00,55.4
9764,2017-02-21T08:10:00,55.9
9765,2017-02-21T08:30:00,51.3
9766,2017-02-21T08:55:00,53.5
9767,2017-02-21T09:15:00,54.4
9768,2017-02-21T09:35:00,52.2
9769,2017-02-21T09:55:00,51.3
9770,2017-02-21T10:15:00,50.3
9771,2017-02-21T10:35:00,45.1
9772,2017-02-21T10:55:00,47.8
9773,2017-02-21T11:15:00,47.2
9774,2017-02-21T11:35:00,48.9
9775,2017-02-21T11:55:00,47.5
9776,2017-02-21T12:15:00,45.6
9777,2017-02-21T12:35:00,45.3
9778,2017-02-21T12:55:00,44.2
9779,2017-02-21T13:15:00,44.7
9780,2017-02-21T13:35:00,47
9781,2017-02-21T13:55:00,47.2
9782,2017-02-21T14:15:00,48
9783,2017-02-21T14:35:00,49.6
9784,2017-02-21T14:55:00,50
9785,2017-02-21T15:15:00,51.3
9786,2017-02-21T15:35:00,52.2
9787,2017-02-21T15:55:00,53.7
9788,2017-02-21T16:15:00,54.6
9789,2017-02-21T16:35:00,55.5
9790,2017-02-21T16:55:00,57.8
9791,2017-02-21T17:15:00,58.4
9792,2017-02-21T17:35:00,59.2
9793,2017-02-21T17:55:00,60.4
9794,2017-02-21T18:15:00,61.4
9795,2017-02-21T18:35:00,61.4
9796,2017-02-21T18:55:00,61.7
9797,2017-02-21T19:15:00,62.8
9798,2017-02-21T19:35:00,63
9799,2017-02-21T19:55:00,63.1
9800,2017-02-21T20:20:00,63.7
9801,2017-02-21T20:40:00,63.9
9802,2017-02-21T21:00:00,63.4
9803,2017-02-21T21:20:00,64.2
9804,2017-02-21T21:40:00,64.4
9805,2017-02-21T22:00:00,64.4
9806,2017-02-21T22:20:00,64.4
9807,2017-02-21T22:40:00,63.9
9808,2017-02-21T23:00:00,63.1
9809,2017-02-21T23:20:00,63.6
9810,2017-02-21T23:40:00,63.9
9811,2017-02-22T00:00:00,63.9
9812,2017-02-22T00:20:00,64.1
9813,2017-02-22T00:40:00,66.9
9814,2017-02-22T01:00:00,68.9
9815,2017-02-22T01:20:00,70.4
9816,2017-02-22T01:40:00,71.8
9817,2017-02-22T02:00:00,72.1
9818,2017-02-22T02:20:00,72.7
9819,2017-02-22T02:40:00,72.9
9820,2017-02-22T03:00:00,73.5
9821,2017-02-22T03:20:00,74.3
9822,2017-02-22T03:40:00,74.9
9823,2017-02-22T04:00:00,75.1
9824,2017-02-22T04:20:00,74.2
9825,2017-02-22T04:40:00,74.6
9826,2017-02-22T05:00:00,74.6
9827,2017-02-22T05:20:00,73.7
9828,2017-02-22T05:40:00,71.5
9829,2017-02-22T06:00:00,68.2
9830,2017-02-22T06:20:00,66.4
9831,2017-02-22T06:40:00,66.3
9832,2017-02-22T07:00:00,65.2
9833,2017-02-22T07:20:00,57.6
9834,2017-02-22T07:45:00,54.8
9835,2017-02-22T08:05:00,56.8
9836,2017-02-22T08:25:00,53.2
9837,2017-02-22T08:45:00,49.1
9838,2017-02-22T09:05:00,47.5
9839,2017-02-22T09:25:00,47.2
9840,2017-02-22T09:45:00,48.9
9841,2017-02-22T10:05:00,50.5
9842,2017-02-22T10:25:00,47
9843,2017-02-22T10:45:00,45.6
9844,2017-02-22T11:05:00,47.2
9845,2017-02-22T11:25:00,51
9846,2017-02-22T11:45:00,48.1
9847,2017-02-22T12:05:00,51.4
9848,2017-02-22T12:25:00,49.1
9849,2017-02-22T12:45:00,45.9
9850,2017-02-22T13:05:00,43.9
9851,2017-02-22T13:25:00,48.3
9852,2017-02-22T13:45:00,51.9
9853,2017-02-22T14:05:00,51.6
9854,2017-02-22T14:25:00,50.7
9855,2017-02-22T14:45:00,51.8
9856,2017-02-22T15:05:00,52.7
9857,2017-02-22T15:25:00,52.2
9858,2017-02-22T15:45:00,51.8
9859,2017-02-22T16:05:00,52.9
9860,2017-02-22T16:25:00,53.2
9861,2017-02-22T16:45:00,53.5
9862,2017-02-22T17:05:00,54.1
9863,2017-02-22T17:25:00,53
9864,2017-02-22T17:45:00,56
9865,2017-02-22T18:05:00,58.7
9866,2017-02-22T18:25:00,56
9867,2017-02-22T18:45:00,55.4
9868,2017-02-22T19:10:00,57.3
9869,2017-02-22T19:30:00,56
9870,2017-02-22T19:50:00,58.1
9871,2017-02-22T20:10:00,66.4
9872,2017-02-22T20:30:00,66.1
9873,2017-02-22T20:50:00,65.3
9874,2017-02-22T21:10:00,62.2
9875,2017-02-22T21:30:00,58.1
9876,2017-02-22T21:50:00,56.2
9877,2017-02-22T22:10:00,56.3
9878,2017-02-22T22:30:00,67.1
9879,2017-02-22T22:50:00,68.5
9880,2017-02-22T23:10:00,68.2
9881,2017-02-22T23:30:00,68.6
9882,2017-02-22T23:50:00,68
9883,2017-02-23T00:10:00,67.5
9884,2017-02-23T00:30:00,65.3
9885,2017-02-23T00:50:00,64.9
9886,2017-02-23T01:10:00,65.2
9887,2017-02-23T01:30:00,60.3
9888,2017-02-23T01:50:00,60
9889,2017-02-23T02:10:00,60
9890,2017-02-23T02:30:00,57
9891,2017-02-23T02:50:00,56.2
9892,2017-02-23T03:10:00,57.1
9893,2017-02-23T03:30:00,57.1
9894,2017-02-23T03:50:00,57.4
9895,2017-02-23T04:10:00,57
9896,2017-02-23T04:30:00,57.3
9897,2017-02-23T04:50:00,58.2
9898,2017-02-23T05:10:00,59
9899,2017-02-23T05:30:00,59.3
9900,2017-02-23T05:50:00,59.2
9901,2017-02-23T06:15:00,59.2
9902,2017-02-23T06:35:00,58.7
9903,2017-02-23T06:55:00,57.6
9904,2017-02-23T07:15:00,57.6
9905,2017-02-23T07:35:00,55.9
9906,2017-02-23T07:55:00,50.5
9907,2017-02-23T08:15:00,53.3
9908,2017-02-23T08:35:00,51.8
9909,2017-02-23T08:55:00,55.1
9910,2017-02-23T09:15:00,54.9
9911,2017-02-23T09:35:00,53
9912,2017-02-23T09:55:00,52.6
9913,2017-02-23T10:15:00,51.1
9914,2017-02-23T10:35:00,50.8
9915,2017-02-23T10:55:00,50.2
9916,2017-02-23T11:15:00,50.2
9917,2017-02-23T11:35:00,50.3
9918,2017-02-23T11:55:00,48.3
9919,2017-02-23T12:15:00,48.6
9920,2017-02-23T12:35:00,49.7
9921,2017-02-23T12:55:00,52.6
9922,2017-02-23T13:15:00,54.1
9923,2017-02-23T13:35:00,60
9924,2017-02-23T13:55:00,66.3
9925,2017-02-23T14:15:00,67.5
9926,2017-02-23T14:35:00,67.8
9927,2017-02-23T14:55:00,68
9928,2017-02-23T15:15:00,68.3
9929,2017-02-23T15:35:00,69.3
9930,2017-02-23T15:55:00,69.6
9931,2017-02-23T16:15:00,69.4
9932,2017-02-23T16:35:00,69.7
9933,2017-02-23T16:55:00,70.4
9934,2017-02-23T17:15:00,70.7
9935,2017-02-23T17:40:00,70.5
9936,2017-02-23T18:00:00,70.7
9937,2017-02-23T18:20:00,70.8
9938,2017-02-23T18:40:00,70.8
9939,2017-02-23T19:00:00,71
9940,2017-02-23T19:20:00,70.8
9941,2017-02-23T19:40:00,70.7
9942,2017-02-23T20:00:00,70.7
9943,2017-02-23T20:20:00,70.7
9944,2017-02-23T20:40:00,71
9945,2017-02-23T21:00:00,71
9946,2017-02-23T21:20:00,71.2
9947,2017-02-23T21:40:00,71.3
9948,2017-02-23T22:00:00,71
9949,2017-02-23T22:20:00,71
9950,2017-02-23T22:40:00,71.2
9951,2017-02-23T23:00:00,71.5
9952,2017-02-23T23:20:00,71.3
9953,2017-02-23T23:40:00,71.5
9954,2017-02-24T00:00:00,71.3
9955,2017-02-24T00:20:00,71.5
9956,2017-02-24T00:40:00,71.3
9957,2017-02-24T01:20:00,70.7
9958,2017-02-24T01:40:00,70.4
9959,2017-02-24T02:00:00,68.2
9960,2017-02-24T02:20:00,67.2
9961,2017-02-24T02:40:00,61.4
9962,2017-02-24T03:00:00,57
9963,2017-02-24T03:20:00,57.6
9964,2017-02-24T03:40:00,55.5
9965,2017-02-24T04:00:00,54.8
9966,2017-02-24T04:20:00,55.9
9967,2017-02-24T04:40:00,56.3
9968,2017-02-24T05:05:00,56.2
9969,2017-02-24T05:25:00,56
9970,2017-02-24T05:45:00,55.5
9971,2017-02-24T06:05:00,55.4
9972,2017-02-24T06:25:00,54.9
9973,2017-02-24T06:45:00,53.3
9974,2017-02-24T07:05:00,49.2
9975,2017-02-24T07:25:00,45.1
9976,2017-02-24T07:45:00,41.5
9977,2017-02-24T08:05:00,39.5
9978,2017-02-24T08:25:00,36.8
9979,2017-02-24T08:45:00,37.4
9980,2017-02-24T09:05:00,37.9
9981,2017-02-24T09:25:00,37.6
9982,2017-02-24T09:45:00,39.6
9983,2017-02-24T10:05:00,40.9
9984,2017-02-24T10:25:00,37.6
9985,2017-02-24T10:45:00,38.5
9986,2017-02-24T11:05:00,39.2
9987,2017-02-24T11:25:00,39.5
9988,2017-02-24T11:45:00,39.5
9989,2017-02-24T12:05:00,37.9
9990,2017-02-24T12:25:00,38.2
9991,2017-02-24T12:45:00,38
9992,2017-02-24T13:05:00,35.7
9993,2017-02-24T13:25:00,35.4
9994,2017-02-24T13:45:00,34.4
9995,2017-02-24T14:05:00,31.9
9996,2017-02-24T14:25:00,31.1
9997,2017-02-24T14:45:00,32.8
9998,2017-02-24T15:05:00,34.7
9999,2017-02-24T15:25:00,37.6
10000,2017-02-24T15:45:00,39.8
10001,2017-02-24T16:05:00,44.8
10002,2017-02-24T16:30:00,47.7
10003,2017-02-24T16:50:00,51.8
10004,2017-02-24T17:10:00,53.2
10005,2017-02-24T17:30:00,53.7
10006,2017-02-24T17:50:00,54.3
10007,2017-02-24T18:10:00,55.9
10008,2017-02-24T18:30:00,57.3
10009,2017-02-24T18:50:00,57.4
10010,2017-02-24T19:10:00,57.9
10011,2017-02-24T19:30:00,58.1
10012,2017-02-24T19:50:00,58.9
10013,2017-02-24T20:10:00,59.8
10014,2017-02-24T20:30:00,60.3
10015,2017-02-24T20:50:00,61.1
10016,2017-02-24T21:10:00,60.8
10017,2017-02-24T21:30:00,60.6
10018,2017-02-24T21:50:00,60.9
10019,2017-02-24T22:10:00,62
10020,2017-02-24T22:30:00,61.9
10021,2017-02-24T22:50:00,62.2
10022,2017-02-24T23:10:00,62.5
10023,2017-02-24T23:30:00,62.2
10024,2017-02-24T23:50:00,61.2
10025,2017-02-25T00:10:00,61.5
10026,2017-02-25T00:30:00,61.4
10027,2017-02-25T00:50:00,61.2
10028,2017-02-25T01:10:00,60.8
10029,2017-02-25T01:30:00,60.6
10030,2017-02-25T01:50:00,60.4
10031,2017-02-25T02:10:00,61.1
10032,2017-02-25T02:30:00,60.4
10033,2017-02-25T02:50:00,60.6
10034,2017-02-25T03:10:00,60.8
10035,2017-02-25T03:30:00,60.1
10036,2017-02-25T03:55:00,60.8
10037,2017-02-25T04:15:00,60.8
10038,2017-02-25T04:35:00,60.8
10039,2017-02-25T04:55:00,61.1
10040,2017-02-25T05:15:00,61.5
10041,2017-02-25T05:35:00,61.4
10042,2017-02-25T05:55:00,61.7
10043,2017-02-25T06:15:00,62.3
10044,2017-02-25T06:35:00,61.7
10045,2017-02-25T06:55:00,55.2
10046,2017-02-25T07:15:00,47.8
10047,2017-02-25T07:35:00,47.3
10048,2017-02-25T07:55:00,52.2
10049,2017-02-25T08:15:00,52.4
10050,2017-02-25T08:35:00,53.3
10051,2017-02-25T08:55:00,54.8
10052,2017-02-25T09:15:00,54.8
10053,2017-02-25T09:35:00,56
10054,2017-02-25T09:55:00,55.7
10055,2017-02-25T10:15:00,58.7
10056,2017-02-25T10:35:00,58.7
10057,2017-02-25T10:55:00,59.5
10058,2017-02-25T11:15:00,60
10059,2017-02-25T11:35:00,61.7
10060,2017-02-25T11:55:00,66
10061,2017-02-25T12:15:00,66.9
10062,2017-02-25T12:35:00,68
10063,2017-02-25T12:55:00,68.8
10064,2017-02-25T13:15:00,69.3
10065,2017-02-25T13:35:00,69.6
10066,2017-02-25T13:55:00,69.9
10067,2017-02-25T14:15:00,69.6
10068,2017-02-25T14:35:00,70.1
10069,2017-02-25T15:00:00,69.6
10070,2017-02-25T15:20:00,69.6
10071,2017-02-25T15:40:00,69.6
10072,2017-02-25T16:00:00,69.7
10073,2017-02-25T16:20:00,69.3
10074,2017-02-25T16:40:00,69.6
10075,2017-02-25T17:00:00,69.7
10076,2017-02-25T17:20:00,70.1
10077,2017-02-25T17:40:00,70.4
10078,2017-02-25T18:00:00,70.5
10079,2017-02-25T18:20:00,70.8
10080,2017-02-25T18:40:00,71.9
10081,2017-02-25T19:00:00,71.9
10082,2017-02-25T19:20:00,71.3
10083,2017-02-25T19:40:00,70.4
10084,2017-02-25T20:00:00,70.5
10085,2017-02-25T20:20:00,70.1
10086,2017-02-25T20:40:00,70.4
10087,2017-02-25T21:00:00,70.4
10088,2017-02-25T21:20:00,70.8
10089,2017-02-25T21:40:00,70.8
10090,2017-02-25T22:00:00,71.5
10091,2017-02-25T22:20:00,71
10092,2017-02-25T22:40:00,71.8
10093,2017-02-25T23:00:00,72.1
10094,2017-02-25T23:20:00,72.6
10095,2017-02-25T23:40:00,72.7
10096,2017-02-26T00:00:00,73
10097,2017-02-26T00:20:00,73.4
10098,2017-02-26T00:40:00,73.5
10099,2017-02-26T01:00:00,73.7
10100,2017-02-26T01:20:00,73.7
10101,2017-02-26T01:40:00,73.4
10102,2017-02-26T02:00:00,73.4
10103,2017-02-26T02:25:00,73.7
10104,2017-02-26T02:45:00,73.7
10105,2017-02-26T03:05:00,73.4
10106,2017-02-26T03:25:00,73.5
10107,2017-02-26T03:45:00,73.8
10108,2017-02-26T04:05:00,73.7
10109,2017-02-26T04:25:00,73.8
10110,2017-02-26T04:45:00,74
10111,2017-02-26T05:05:00,73.8
10112,2017-02-26T05:25:00,73.7
10113,2017-02-26T05:45:00,73.8
10114,2017-02-26T06:05:00,74
10115,2017-02-26T06:25:00,73.8
10116,2017-02-26T06:45:00,74.3
10117,2017-02-26T07:05:00,74.3
10118,2017-02-26T07:25:00,73.5
10119,2017-02-26T07:45:00,73.8
10120,2017-02-26T08:05:00,69.6
10121,2017-02-26T08:25:00,72.4
10122,2017-02-26T08:45:00,73.4
10123,2017-02-26T09:05:00,73.7
10124,2017-02-26T09:25:00,73.2
10125,2017-02-26T09:45:00,73.4
10126,2017-02-26T10:05:00,73.8
10127,2017-02-26T10:25:00,72.7
10128,2017-02-26T10:45:00,73.2
10129,2017-02-26T11:05:00,72.9
10130,2017-02-26T11:25:00,74.2
10131,2017-02-26T11:45:00,73.5
10132,2017-02-26T12:05:00,73
10133,2017-02-26T12:25:00,72.9
10134,2017-02-26T12:45:00,72.9
10135,2017-02-26T13:05:00,71.9
10136,2017-02-26T13:25:00,73.7
10137,2017-02-26T13:50:00,73.7
10138,2017-02-26T14:10:00,74.2
10139,2017-02-26T14:30:00,73.5
10140,2017-02-26T14:50:00,73.4
10141,2017-02-26T15:10:00,73
10142,2017-02-26T15:30:00,72.9
10143,2017-02-26T15:50:00,72.4
10144,2017-02-26T16:10:00,72.1
10145,2017-02-26T16:30:00,72.6
10146,2017-02-26T16:50:00,72.9
10147,2017-02-26T17:10:00,73.2
10148,2017-02-26T17:30:00,73.2
10149,2017-02-26T17:50:00,73.4
10150,2017-02-26T18:10:00,73.2
10151,2017-02-26T18:30:00,74
10152,2017-02-26T18:50:00,73.8
10153,2017-02-26T19:10:00,73
10154,2017-02-26T19:30:00,73.2
10155,2017-02-26T19:50:00,73.8
10156,2017-02-26T20:10:00,74.3
10157,2017-02-26T20:30:00,74.2
10158,2017-02-26T20:50:00,73.7
10159,2017-02-26T21:10:00,73.4
10160,2017-02-26T21:30:00,72.6
10161,2017-02-26T21:50:00,72.9
10162,2017-02-26T22:10:00,72.9
10163,2017-02-26T22:30:00,73.8
10164,2017-02-26T22:50:00,73.7
10165,2017-02-26T23:10:00,74.2
10166,2017-02-26T23:30:00,74.2
10167,2017-02-26T23:50:00,74.2
10168,2017-02-27T00:10:00,73.5
10169,2017-02-27T00:30:00,73
10170,2017-02-27T00:50:00,71.8
10171,2017-02-27T01:15:00,72.9
10172,2017-02-27T01:35:00,73.2
10173,2017-02-27T01:55:00,71.9
10174,2017-02-27T02:15:00,71.5
10175,2017-02-27T02:35:00,71.8
10176,2017-02-27T02:55:00,73.4
10177,2017-02-27T03:15:00,74
10178,2017-02-27T03:35:00,74
10179,2017-02-27T03:55:00,74.5
10180,2017-02-27T04:15:00,74.5
10181,2017-02-27T04:35:00,74.5
10182,2017-02-27T04:55:00,74.3
10183,2017-02-27T05:15:00,74.6
10184,2017-02-27T05:35:00,74.5
10185,2017-02-27T05:55:00,74.3
10186,2017-02-27T06:15:00,73.7
10187,2017-02-27T06:35:00,74
10188,2017-02-27T06:55:00,74.2
10189,2017-02-27T07:15:00,74.2
10190,2017-02-27T07:35:00,74.6
10191,2017-02-27T07:55:00,74.5
10192,2017-02-27T08:15:00,74.9
10193,2017-02-27T08:35:00,73.5
10194,2017-02-27T08:55:00,73.2
10195,2017-02-27T09:15:00,73.8
10196,2017-02-27T09:35:00,74.5
10197,2017-02-27T09:55:00,74.3
10198,2017-02-27T10:15:00,74.3
10199,2017-02-27T10:35:00,74.3
10200,2017-02-27T10:55:00,74.9
10201,2017-02-27T11:15:00,75.3
10202,2017-02-27T11:35:00,74.5
10203,2017-02-27T11:55:00,75.1
10204,2017-02-27T12:20:00,73.7
10205,2017-02-27T12:40:00,73.4
10206,2017-02-27T13:00:00,74.5
10207,2017-02-27T13:20:00,74.3
10208,2017-02-27T13:40:00,74.9
10209,2017-02-27T14:00:00,74.8
10210,2017-02-27T14:20:00,74.9
10211,2017-02-27T14:40:00,75.1
10212,2017-02-27T15:00:00,74.6
10213,2017-02-27T15:20:00,74.3
10214,2017-02-27T15:40:00,74.8
10215,2017-02-27T16:00:00,74.2
10216,2017-02-27T16:20:00,73.7
10217,2017-02-27T16:40:00,73.2
10218,2017-02-27T17:00:00,70.8
10219,2017-02-27T17:20:00,72.1
10220,2017-02-27T17:40:00,72.4
10221,2017-02-27T18:00:00,71
10222,2017-02-27T18:20:00,68.3
10223,2017-02-27T18:40:00,67.7
10224,2017-02-27T19:00:00,67.2
10225,2017-02-27T19:20:00,67.1
10226,2017-02-27T19:40:00,66.1
10227,2017-02-27T20:00:00,66.9
10228,2017-02-27T20:20:00,67.1
10229,2017-02-27T20:40:00,70.4
10230,2017-02-27T21:00:00,71.3
10231,2017-02-27T21:20:00,72.1
10232,2017-02-27T21:40:00,72.3
10233,2017-02-27T22:00:00,72.4
10234,2017-02-27T22:20:00,72.9
10235,2017-02-27T22:40:00,70.7
10236,2017-02-27T23:00:00,71.8
10237,2017-02-27T23:20:00,70.7
10238,2017-02-27T23:45:00,69.9
10239,2017-02-28T00:05:00,70.1
10240,2017-02-28T00:25:00,69.6
10241,2017-02-28T00:45:00,70.8
10242,2017-02-28T01:05:00,72.4
10243,2017-02-28T01:25:00,69.9
10244,2017-02-28T01:45:00,70.1
10245,2017-02-28T02:05:00,69.7
10246,2017-02-28T02:25:00,69.7
10247,2017-02-28T02:45:00,67.4
10248,2017-02-28T03:05:00,67.4
10249,2017-02-28T03:25:00,66.7
10250,2017-02-28T03:45:00,66.4
10251,2017-02-28T04:05:00,66.1
10252,2017-02-28T04:25:00,64.5
10253,2017-02-28T04:45:00,65.5
10254,2017-02-28T05:05:00,63.6
10255,2017-02-28T05:25:00,69.3
10256,2017-02-28T05:45:00,70.7
10257,2017-02-28T06:05:00,68.8
10258,2017-02-28T06:25:00,67.1
10259,2017-02-28T06:45:00,66.3
10260,2017-02-28T07:05:00,65.6
10261,2017-02-28T07:25:00,65.8
10262,2017-02-28T07:45:00,65.5
10263,2017-02-28T08:05:00,63.7
10264,2017-02-28T08:25:00,53.8
10265,2017-02-28T08:45:00,61.2
10266,2017-02-28T09:05:00,50
10267,2017-02-28T09:25:00,51.9
10268,2017-02-28T09:45:00,54
10269,2017-02-28T10:05:00,55.5
10270,2017-02-28T10:25:00,53.7
10271,2017-02-28T10:45:00,52.9
10272,2017-02-28T11:10:00,54.3
10273,2017-02-28T11:30:00,53.2
10274,2017-02-28T11:50:00,55.1
10275,2017-02-28T12:10:00,51.1
10276,2017-02-28T12:30:00,54.6
10277,2017-02-28T12:50:00,62.2
10278,2017-02-28T13:10:00,63.1
10279,2017-02-28T13:30:00,54
10280,2017-02-28T13:50:00,57.9
10281,2017-02-28T14:10:00,57.6
10282,2017-02-28T14:30:00,60.1
10283,2017-02-28T14:50:00,58.5
10284,2017-02-28T15:10:00,57.9
10285,2017-02-28T15:30:00,61.7
10286,2017-02-28T15:50:00,58.9
10287,2017-02-28T16:10:00,55.7
10288,2017-02-28T16:30:00,56.3
10289,2017-02-28T16:50:00,57.4
10290,2017-02-28T17:10:00,60.1
10291,2017-02-28T17:30:00,58.4
10292,2017-02-28T17:50:00,60.3
10293,2017-02-28T18:10:00,58.4
10294,2017-02-28T18:30:00,58.2
10295,2017-02-28T18:50:00,58.7
10296,2017-02-28T19:10:00,58.9
10297,2017-02-28T19:30:00,57.6
10298,2017-02-28T19:50:00,58.1
10299,2017-02-28T20:10:00,57.9
10300,2017-02-28T20:30:00,59.2
10301,2017-02-28T20:50:00,59.5
10302,2017-02-28T21:10:00,58.1
10303,2017-02-28T21:30:00,57.6
10304,2017-02-28T21:50:00,57.4
10305,2017-02-28T22:10:00,57.8
10306,2017-02-28T22:35:00,59
10307,2017-02-28T22:55:00,61.5
10308,2017-02-28T23:15:00,67.1
10309,2017-02-28T23:35:00,68.2
10310,2017-02-28T23:55:00,68.3
10311,2017-03-01T00:15:00,68.9
10312,2017-03-01T00:35:00,69.1
10313,2017-03-01T00:55:00,69.1
10314,2017-03-01T01:15:00,69.1
10315,2017-03-01T01:35:00,69.7
10316,2017-03-01T01:55:00,70.1
10317,2017-03-01T02:15:00,70.7
10318,2017-03-01T02:35:00,70.7
10319,2017-03-01T02:55:00,71.6
10320,2017-03-01T03:15:00,71.6
10321,2017-03-01T03:35:00,69.7
10322,2017-03-01T03:55:00,69.4
10323,2017-03-01T04:15:00,68
10324,2017-03-01T04:35:00,67.4
10325,2017-03-01T04:55:00,67.7
10326,2017-03-01T05:15:00,67.2
10327,2017-03-01T05:35:00,66.6
10328,2017-03-01T05:55:00,66.1
10329,2017-03-01T06:15:00,66.4
10330,2017-03-01T06:35:00,66.9
10331,2017-03-01T06:55:00,64.2
10332,2017-03-01T07:15:00,62.5
10333,2017-03-01T07:35:00,61.1
10334,2017-03-01T07:55:00,53.2
10335,2017-03-01T08:15:00,53.7
10336,2017-03-01T08:35:00,55.2
10337,2017-03-01T08:55:00,50.7
10338,2017-03-01T09:15:00,52.1
10339,2017-03-01T09:35:00,52.7
10340,2017-03-01T10:00:00,50.7
10341,2017-03-01T10:20:00,44.8
10342,2017-03-01T10:40:00,48.1
10343,2017-03-01T11:00:00,48.8
10344,2017-03-01T11:20:00,54.9
10345,2017-03-01T11:40:00,48
10346,2017-03-01T12:00:00,48.1
10347,2017-03-01T12:20:00,48
10348,2017-03-01T12:40:00,54
10349,2017-03-01T13:00:00,59.8
10350,2017-03-01T13:20:00,67.4
10351,2017-03-01T13:40:00,68.6
10352,2017-03-01T14:00:00,68.5
10353,2017-03-01T14:20:00,66.9
10354,2017-03-01T14:40:00,66.4
10355,2017-03-01T15:00:00,66
10356,2017-03-01T15:20:00,66.4
10357,2017-03-01T15:40:00,66
10358,2017-03-01T16:00:00,66.1
10359,2017-03-01T16:20:00,67.5
10360,2017-03-01T16:40:00,64.2
10361,2017-03-01T17:00:00,64.9
10362,2017-03-01T17:20:00,62.8
10363,2017-03-01T17:40:00,60.9
10364,2017-03-01T18:00:00,60.9
10365,2017-03-01T18:20:00,61.1
10366,2017-03-01T18:40:00,62.3
10367,2017-03-01T19:00:00,62.6
10368,2017-03-01T19:20:00,62.6
10369,2017-03-01T19:40:00,64.2
10370,2017-03-01T20:00:00,65.2
10371,2017-03-01T20:20:00,65.6
10372,2017-03-01T20:40:00,66.1
10373,2017-03-01T21:05:00,66.6
10374,2017-03-01T21:25:00,67.4
10375,2017-03-01T21:45:00,67.4
10376,2017-03-01T22:05:00,67.2
10377,2017-03-01T22:25:00,66.4
10378,2017-03-01T22:45:00,65.3
10379,2017-03-01T23:05:00,64.9
10380,2017-03-01T23:25:00,64.1
10381,2017-03-01T23:45:00,63.6
10382,2017-03-02T00:05:00,63.7
10383,2017-03-02T00:25:00,63.9
10384,2017-03-02T00:45:00,65.8
10385,2017-03-02T01:05:00,65.6
10386,2017-03-02T01:25:00,65.5
10387,2017-03-02T01:45:00,64.9
10388,2017-03-02T02:05:00,65
10389,2017-03-02T02:25:00,65.6
10390,2017-03-02T02:45:00,66.3
10391,2017-03-02T03:05:00,66.9
10392,2017-03-02T03:25:00,66.9
10393,2017-03-02T03:45:00,66.7
10394,2017-03-02T04:05:00,66.7
10395,2017-03-02T04:25:00,65.3
10396,2017-03-02T04:45:00,64.1
10397,2017-03-02T05:05:00,64.2
10398,2017-03-02T05:25:00,64.4
10399,2017-03-02T05:45:00,65.8
10400,2017-03-02T06:05:00,66.9
10401,2017-03-02T06:25:00,67.2
10402,2017-03-02T06:45:00,66
10403,2017-03-02T07:05:00,66.3
10404,2017-03-02T07:25:00,66.1
10405,2017-03-02T07:45:00,66.3
10406,2017-03-02T08:05:00,66.1
10407,2017-03-02T08:30:00,67.2
10408,2017-03-02T08:50:00,67.7
10409,2017-03-02T09:10:00,68.9
10410,2017-03-02T09:30:00,68
10411,2017-03-02T09:50:00,68.2
10412,2017-03-02T10:10:00,66
10413,2017-03-02T10:30:00,56
10414,2017-03-02T10:50:00,59.6
10415,2017-03-02T11:10:00,62.2
10416,2017-03-02T11:30:00,55.5
10417,2017-03-02T11:50:00,52.9
10418,2017-03-02T12:10:00,45.8
10419,2017-03-02T12:30:00,48.8
10420,2017-03-02T12:50:00,57.4
10421,2017-03-02T13:10:00,46.2
10422,2017-03-02T13:30:00,54.3
10423,2017-03-02T13:50:00,45.8
10424,2017-03-02T14:10:00,41.5
10425,2017-03-02T14:30:00,39.8
10426,2017-03-02T14:50:00,45.1
10427,2017-03-02T15:10:00,49.2
10428,2017-03-02T15:30:00,51.8
10429,2017-03-02T15:50:00,49.2
10430,2017-03-02T16:10:00,51
10431,2017-03-02T16:30:00,52.9
10432,2017-03-02T16:50:00,58.4
10433,2017-03-02T17:10:00,61.4
10434,2017-03-02T17:30:00,61.7
10435,2017-03-02T17:50:00,62.3
10436,2017-03-02T18:10:00,63.3
10437,2017-03-02T18:30:00,62.6
10438,2017-03-02T18:50:00,60.9
10439,2017-03-02T19:10:00,60.3
10440,2017-03-02T19:30:00,60.1
10441,2017-03-02T19:55:00,60.4
10442,2017-03-02T20:15:00,61.1
10443,2017-03-02T20:35:00,61.4
10444,2017-03-02T20:55:00,61.2
10445,2017-03-02T21:15:00,61.2
10446,2017-03-02T21:35:00,60.9
10447,2017-03-02T21:55:00,61.7
10448,2017-03-02T22:15:00,61.1
10449,2017-03-02T22:35:00,61.1
10450,2017-03-02T22:55:00,60.6
10451,2017-03-02T23:15:00,61.2
10452,2017-03-02T23:35:00,62.2
10453,2017-03-02T23:55:00,63
10454,2017-03-03T00:15:00,62.6
10455,2017-03-03T00:35:00,63.3
10456,2017-03-03T00:55:00,63.1
10457,2017-03-03T01:15:00,61.9
10458,2017-03-03T01:35:00,61.5
10459,2017-03-03T01:55:00,61.4
10460,2017-03-03T02:15:00,62
10461,2017-03-03T02:35:00,63
10462,2017-03-03T02:55:00,63.4
10463,2017-03-03T03:15:00,63.7
10464,2017-03-03T03:35:00,63.3
10465,2017-03-03T03:55:00,64.7
10466,2017-03-03T04:15:00,64.9
10467,2017-03-03T04:35:00,63.7
10468,2017-03-03T04:55:00,62.3
10469,2017-03-03T05:15:00,62.5
10470,2017-03-03T05:35:00,63
10471,2017-03-03T05:55:00,62.8
10472,2017-03-03T06:15:00,62.5
10473,2017-03-03T06:35:00,62.5
10474,2017-03-03T06:55:00,61.9
10475,2017-03-03T07:20:00,60.9
10476,2017-03-03T07:40:00,61.2
10477,2017-03-03T08:00:00,61.1
10478,2017-03-03T08:20:00,59.8
10479,2017-03-03T08:40:00,58.5
10480,2017-03-03T09:00:00,55.9
10481,2017-03-03T09:20:00,50.3
10482,2017-03-03T09:40:00,47.8
10483,2017-03-03T10:00:00,56.7
10484,2017-03-03T10:20:00,59.5
10485,2017-03-03T10:40:00,62.8
10486,2017-03-03T11:00:00,61.2
10487,2017-03-03T11:20:00,60.1
10488,2017-03-03T11:40:00,60
10489,2017-03-03T12:00:00,59.6
10490,2017-03-03T12:20:00,62.6
10491,2017-03-03T12:40:00,64.4
10492,2017-03-03T13:00:00,63
10493,2017-03-03T13:20:00,61.7
10494,2017-03-03T13:40:00,62.3
10495,2017-03-03T14:00:00,61.9
10496,2017-03-03T14:20:00,61.4
10497,2017-03-03T14:40:00,59.2
10498,2017-03-03T15:00:00,59.2
10499,2017-03-03T15:20:00,59.5
10500,2017-03-03T15:40:00,60.3
10501,2017-03-03T16:00:00,59.8
10502,2017-03-03T16:20:00,60
10503,2017-03-03T16:40:00,59.3
10504,2017-03-03T17:00:00,59.6
10505,2017-03-03T17:20:00,59.2
10506,2017-03-03T17:40:00,58.5
10507,2017-03-03T18:00:00,58.7
10508,2017-03-03T18:25:00,58.9
10509,2017-03-03T18:45:00,59.2
10510,2017-03-03T19:05:00,59.6
10511,2017-03-03T19:25:00,58.7
10512,2017-03-03T19:45:00,60.1
10513,2017-03-03T20:05:00,61.5
10514,2017-03-03T20:25:00,62.3
10515,2017-03-03T20:45:00,63.1
10516,2017-03-03T21:05:00,63.4
10517,2017-03-03T21:25:00,64.4
10518,2017-03-03T21:45:00,64.9
10519,2017-03-03T22:05:00,64.4
10520,2017-03-03T22:25:00,64.4
10521,2017-03-03T22:45:00,65.3
10522,2017-03-03T23:05:00,65.3
10523,2017-03-03T23:25:00,65.6
10524,2017-03-03T23:45:00,65
10525,2017-03-04T00:05:00,66.9
10526,2017-03-04T00:25:00,67.7
10527,2017-03-04T00:45:00,68.9
10528,2017-03-04T01:05:00,69.3
10529,2017-03-04T01:25:00,70.5
10530,2017-03-04T01:45:00,70.7
10531,2017-03-04T02:05:00,69.9
10532,2017-03-04T02:25:00,70.4
10533,2017-03-04T02:45:00,69.6
10534,2017-03-04T03:05:00,70.1
10535,2017-03-04T03:25:00,69.4
10536,2017-03-04T03:45:00,69.3
10537,2017-03-04T04:05:00,69.1
10538,2017-03-04T04:25:00,66
10539,2017-03-04T04:45:00,68.2
10540,2017-03-04T05:05:00,68.8
10541,2017-03-04T05:25:00,67.2
10542,2017-03-04T05:50:00,68
10543,2017-03-04T06:10:00,67.5
10544,2017-03-04T06:30:00,68
10545,2017-03-04T06:50:00,68.8
10546,2017-03-04T07:10:00,67.8
10547,2017-03-04T07:30:00,66.9
10548,2017-03-04T07:50:00,65.8
10549,2017-03-04T08:10:00,66.6
10550,2017-03-04T08:30:00,66.7
10551,2017-03-04T08:50:00,68.2
10552,2017-03-04T09:10:00,68.6
10553,2017-03-04T09:30:00,68.5
10554,2017-03-04T09:50:00,67.8
10555,2017-03-04T10:10:00,67.8
10556,2017-03-04T10:30:00,67.2
10557,2017-03-04T10:50:00,69.3
10558,2017-03-04T11:10:00,68.9
10559,2017-03-04T11:30:00,68.3
10560,2017-03-04T11:50:00,66.1
10561,2017-03-04T12:10:00,67.1
10562,2017-03-04T12:30:00,67.1
10563,2017-03-04T12:50:00,66.6
10564,2017-03-04T13:10:00,66.4
10565,2017-03-04T13:30:00,67.1
10566,2017-03-04T13:50:00,67.4
10567,2017-03-04T14:10:00,67.7
10568,2017-03-04T14:30:00,68
10569,2017-03-04T14:50:00,67.8
10570,2017-03-04T15:10:00,68.5
10571,2017-03-04T15:30:00,68.9
10572,2017-03-04T15:50:00,68.8
10573,2017-03-04T16:10:00,68.5
10574,2017-03-04T16:30:00,68.6
10575,2017-03-04T16:50:00,67.8
10576,2017-03-04T17:15:00,68.2
10577,2017-03-04T17:35:00,67.2
10578,2017-03-04T17:55:00,67.2
10579,2017-03-04T18:15:00,66.9
10580,2017-03-04T18:35:00,66.9
10581,2017-03-04T18:55:00,66.1
10582,2017-03-04T19:15:00,66
10583,2017-03-04T19:35:00,68
10584,2017-03-04T19:55:00,68.3
10585,2017-03-04T20:15:00,70.5
10586,2017-03-04T20:35:00,70.7
10587,2017-03-04T20:55:00,69.4
10588,2017-03-04T21:15:00,69.4
10589,2017-03-04T21:35:00,70.2
10590,2017-03-04T21:55:00,69.6
10591,2017-03-04T22:15:00,69.9
10592,2017-03-04T22:35:00,68.9
10593,2017-03-04T22:55:00,68.5
10594,2017-03-04T23:15:00,67.8
10595,2017-03-04T23:35:00,67.5
10596,2017-03-04T23:55:00,66.7
10597,2017-03-05T00:15:00,66.3
10598,2017-03-05T00:35:00,65.5
10599,2017-03-05T00:55:00,66
10600,2017-03-05T01:15:00,65
10601,2017-03-05T01:35:00,64.7
10602,2017-03-05T01:55:00,64.2
10603,2017-03-05T02:15:00,65.2
10604,2017-03-05T02:35:00,66.3
10605,2017-03-05T02:55:00,66.1
10606,2017-03-05T03:15:00,66
10607,2017-03-05T03:35:00,65.5
10608,2017-03-05T03:55:00,65.5
10609,2017-03-05T04:15:00,65
10610,2017-03-05T04:40:00,64.1
10611,2017-03-05T05:00:00,64.7
10612,2017-03-05T05:20:00,65.2
10613,2017-03-05T05:40:00,65.5
10614,2017-03-05T06:00:00,66
10615,2017-03-05T06:20:00,66.6
10616,2017-03-05T06:40:00,65
10617,2017-03-05T07:00:00,65.6
10618,2017-03-05T07:20:00,66.6
10619,2017-03-05T07:40:00,66.6
10620,2017-03-05T08:00:00,66.3
10621,2017-03-05T08:20:00,64.4
10622,2017-03-05T08:40:00,65
10623,2017-03-05T09:00:00,67.4
10624,2017-03-05T09:20:00,70.8
10625,2017-03-05T09:40:00,71.3
10626,2017-03-05T10:00:00,71.5
10627,2017-03-05T10:20:00,71.9
10628,2017-03-05T10:40:00,71.9
10629,2017-03-05T11:00:00,72.3
10630,2017-03-05T11:20:00,72.4
10631,2017-03-05T11:40:00,72.9
10632,2017-03-05T12:00:00,73
10633,2017-03-05T12:20:00,72.9
10634,2017-03-05T12:40:00,73
10635,2017-03-05T13:00:00,73
10636,2017-03-05T13:20:00,73
10637,2017-03-05T13:40:00,73
10638,2017-03-05T14:00:00,73.4
10639,2017-03-05T14:20:00,73.8
10640,2017-03-05T14:40:00,74
10641,2017-03-05T15:00:00,73.8
10642,2017-03-05T15:20:00,73.7
10643,2017-03-05T15:45:00,74
10644,2017-03-05T16:05:00,73.4
10645,2017-03-05T16:25:00,74
10646,2017-03-05T16:45:00,73.8
10647,2017-03-05T17:05:00,73.7
10648,2017-03-05T17:25:00,74
10649,2017-03-05T17:45:00,74
10650,2017-03-05T18:05:00,73.8
10651,2017-03-05T18:25:00,73.8
10652,2017-03-05T18:45:00,74
10653,2017-03-05T19:05:00,74
10654,2017-03-05T19:25:00,74
10655,2017-03-05T19:45:00,73.8
10656,2017-03-05T20:05:00,73.8
10657,2017-03-05T20:25:00,73.8
10658,2017-03-05T20:45:00,73.7
10659,2017-03-05T21:05:00,74
10660,2017-03-05T21:25:00,73.4
10661,2017-03-05T21:45:00,73.8
10662,2017-03-05T22:05:00,73.7
10663,2017-03-05T22:25:00,73.4
10664,2017-03-05T22:45:00,72.7
10665,2017-03-12T00:50:00,72.4
10666,2017-03-05T23:05:00,72.6
10667,2017-03-05T23:25:00,72.6
10668,2017-03-05T23:45:00,72.1
10669,2017-03-06T00:05:00,71.9
10670,2017-03-06T00:25:00,72.3
10671,2017-03-06T00:45:00,72.3
10672,2017-03-06T01:05:00,71.2
10673,2017-03-06T01:25:00,70.4
10674,2017-03-06T01:45:00,69.4
10675,2017-03-06T02:05:00,69.6
10676,2017-03-06T02:25:00,69.3
10677,2017-03-06T02:45:00,69.6
10678,2017-03-06T03:10:00,69.4
10679,2017-03-06T03:30:00,69.1
10680,2017-03-06T03:50:00,68.3
10681,2017-03-06T04:10:00,68
10682,2017-03-06T04:30:00,67.5
10683,2017-03-06T04:50:00,67.2
10684,2017-03-06T05:10:00,67.2
10685,2017-03-06T05:30:00,66.1
10686,2017-03-06T05:50:00,66
10687,2017-03-06T06:10:00,65.8
10688,2017-03-06T06:30:00,66.6
10689,2017-03-06T06:50:00,67.5
10690,2017-03-06T07:10:00,69.3
10691,2017-03-06T07:30:00,70.4
10692,2017-03-06T07:50:00,71
10693,2017-03-06T08:10:00,71.2
10694,2017-03-06T08:30:00,70.8
10695,2017-03-06T08:50:00,70.7
10696,2017-03-06T09:10:00,71.2
10697,2017-03-06T09:30:00,70.8
10698,2017-03-06T09:50:00,70.7
10699,2017-03-06T10:10:00,70.8
10700,2017-03-06T10:30:00,70.8
10701,2017-03-06T10:50:00,70.4
10702,2017-03-06T11:10:00,70.5
10703,2017-03-06T11:30:00,70.1
10704,2017-03-06T11:50:00,66.9
10705,2017-03-06T12:10:00,63.4
10706,2017-03-06T12:30:00,62.3
10707,2017-03-06T12:50:00,61.4
10708,2017-03-06T13:10:00,61.2
10709,2017-03-06T13:30:00,61.1
10710,2017-03-06T13:50:00,60
10711,2017-03-06T14:10:00,59.8
10712,2017-03-06T14:35:00,59.2
10713,2017-03-06T14:55:00,58.4
10714,2017-03-06T15:15:00,58.5
10715,2017-03-06T15:35:00,57.8
10716,2017-03-06T15:55:00,58.1
10717,2017-03-06T16:15:00,58.1
10718,2017-03-06T16:35:00,58.7
10719,2017-03-06T16:55:00,58.4
10720,2017-03-06T17:15:00,58.1
10721,2017-03-06T17:35:00,59.3
10722,2017-03-06T17:55:00,58.4
10723,2017-03-06T18:15:00,57.8
10724,2017-03-06T18:35:00,57.6
10725,2017-03-06T18:55:00,55.9
10726,2017-03-06T19:15:00,56.5
10727,2017-03-06T19:35:00,56.7
10728,2017-03-06T19:55:00,57
10729,2017-03-06T20:15:00,56.7
10730,2017-03-06T20:35:00,56.7
10731,2017-03-06T20:55:00,56.3
10732,2017-03-06T21:15:00,55.5
10733,2017-03-06T21:35:00,54.6
10734,2017-03-06T21:55:00,55.4
10735,2017-03-06T22:15:00,54.4
10736,2017-03-06T22:35:00,53.7
10737,2017-03-06T22:55:00,53.3
10738,2017-03-06T23:15:00,53.7
10739,2017-03-06T23:35:00,54.3
10740,2017-03-06T23:55:00,54
10741,2017-03-07T00:15:00,54.4
10742,2017-03-07T00:35:00,54.4
10743,2017-03-07T00:55:00,54.4
10744,2017-03-07T01:15:00,54.4
10745,2017-03-07T01:35:00,55.1
10746,2017-03-07T02:00:00,55.4
10747,2017-03-07T02:20:00,54.6
10748,2017-03-07T02:40:00,54
10749,2017-03-07T03:00:00,54
10750,2017-03-07T03:20:00,54.4
10751,2017-03-07T03:40:00,53.5
10752,2017-03-07T04:00:00,53.8
10753,2017-03-07T04:20:00,54.3
10754,2017-03-07T04:40:00,54.9
10755,2017-03-07T05:00:00,55.2
10756,2017-03-07T05:20:00,54.9
10757,2017-03-07T05:40:00,54.9
10758,2017-03-07T06:00:00,54.3
10759,2017-03-07T06:20:00,54.1
10760,2017-03-07T06:40:00,54.1
10761,2017-03-07T07:00:00,54
10762,2017-03-07T07:20:00,53.3
10763,2017-03-07T07:40:00,53.5
10764,2017-03-07T08:00:00,53.5
10765,2017-03-07T08:20:00,53
10766,2017-03-07T08:40:00,53.2
10767,2017-03-07T09:00:00,53.3
10768,2017-03-07T09:20:00,52.9
10769,2017-03-07T09:40:00,53
10770,2017-03-07T10:00:00,52.6
10771,2017-03-07T10:20:00,51.8
10772,2017-03-07T10:40:00,51.4
10773,2017-03-07T11:00:00,52.2
10774,2017-03-07T11:20:00,52.2
10775,2017-03-07T11:40:00,52.1
10776,2017-03-07T12:00:00,51.8
10777,2017-03-07T12:20:00,51.9
10778,2017-03-07T12:40:00,51.6
10779,2017-03-07T13:00:00,51.3
10780,2017-03-07T13:25:00,50.7
10781,2017-03-07T13:45:00,50.5
10782,2017-03-07T14:05:00,51.1
10783,2017-03-07T14:25:00,48.8
10784,2017-03-07T14:45:00,48.5
10785,2017-03-07T15:05:00,48
10786,2017-03-07T15:25:00,47.3
10787,2017-03-07T15:45:00,46.7
10788,2017-03-07T16:05:00,46.9
10789,2017-03-07T16:25:00,47.5
10790,2017-03-07T16:45:00,47.5
10791,2017-03-07T17:05:00,47.8
10792,2017-03-07T17:25:00,48.5
10793,2017-03-07T17:45:00,48.6
10794,2017-03-07T18:05:00,48.6
10795,2017-03-07T18:25:00,49.4
10796,2017-03-07T18:45:00,49.7
10797,2017-03-07T19:05:00,48.6
10798,2017-03-07T19:25:00,48.8
10799,2017-03-07T19:45:00,50
10800,2017-03-07T20:05:00,50.8
10801,2017-03-07T20:25:00,50.5
10802,2017-03-07T20:45:00,50
10803,2017-03-07T21:05:00,49.9
10804,2017-03-07T21:25:00,49.6
10805,2017-03-07T21:45:00,49.6
10806,2017-03-07T22:05:00,49.2
10807,2017-03-07T22:25:00,49.7
10808,2017-03-07T22:45:00,48.9
10809,2017-03-07T23:05:00,48.9
10810,2017-03-07T23:25:00,47
10811,2017-03-07T23:45:00,47.7
10812,2017-03-08T00:05:00,48.9
10813,2017-03-08T00:30:00,49.6
10814,2017-03-08T00:50:00,49.7
10815,2017-03-08T01:10:00,49.9
10816,2017-03-08T01:30:00,50.3
10817,2017-03-08T01:50:00,51.4
10818,2017-03-08T02:10:00,51.9
10819,2017-03-08T02:30:00,50.2
10820,2017-03-08T02:50:00,52.6
10821,2017-03-08T03:10:00,52.4
10822,2017-03-08T03:30:00,51.9
10823,2017-03-08T03:50:00,51.8
10824,2017-03-08T04:10:00,52.4
10825,2017-03-08T04:30:00,53.5
10826,2017-03-08T04:50:00,52.4
10827,2017-03-08T05:10:00,52.7
10828,2017-03-08T05:30:00,53.7
10829,2017-03-08T05:50:00,52.6
10830,2017-03-08T06:10:00,50
10831,2017-03-08T06:30:00,50.3
10832,2017-03-08T06:50:00,47.5
10833,2017-03-08T07:10:00,46.7
10834,2017-03-08T07:30:00,48.5
10835,2017-03-08T07:50:00,51.6
10836,2017-03-08T08:10:00,54.3
10837,2017-03-08T08:30:00,56.5
10838,2017-03-08T08:50:00,57.3
10839,2017-03-08T09:10:00,59.2
10840,2017-03-08T09:30:00,59.5
10841,2017-03-08T09:50:00,59.2
10842,2017-03-08T10:10:00,59.2
10843,2017-03-08T10:30:00,59.6
10844,2017-03-08T10:50:00,58.7
10845,2017-03-08T11:10:00,56.7
10846,2017-03-08T11:30:00,55.2
10847,2017-03-08T11:55:00,56
10848,2017-03-08T12:15:00,55.7
10849,2017-03-08T12:35:00,55.7
10850,2017-03-08T12:55:00,59.3
10851,2017-03-08T13:15:00,63.6
10852,2017-03-08T13:35:00,65.8
10853,2017-03-08T13:55:00,67.5
10854,2017-03-08T14:15:00,68.5
10855,2017-03-08T14:35:00,68.9
10856,2017-03-08T14:55:00,69.6
10857,2017-03-08T15:15:00,70.2
10858,2017-03-08T15:35:00,70.5
10859,2017-03-08T15:55:00,70.2
10860,2017-03-08T16:15:00,71.2
10861,2017-03-08T16:35:00,71.6
10862,2017-03-08T16:55:00,71.8
10863,2017-03-08T17:15:00,71.2
10864,2017-03-08T17:35:00,70.7
10865,2017-03-08T17:55:00,70.5
10866,2017-03-08T18:15:00,71.3
10867,2017-03-08T18:35:00,71.6
10868,2017-03-08T18:55:00,71.6
10869,2017-03-08T19:15:00,72.1
10870,2017-03-08T19:35:00,72.3
10871,2017-03-08T19:55:00,72.1
10872,2017-03-08T20:15:00,72.1
10873,2017-03-08T20:35:00,72.3
10874,2017-03-08T20:55:00,72.3
10875,2017-03-08T21:15:00,72.1
10876,2017-03-08T21:35:00,72.3
10877,2017-03-08T21:55:00,72.6
10878,2017-03-08T22:15:00,72.6
10879,2017-03-08T22:35:00,72.7
10880,2017-03-08T22:55:00,72.4
10881,2017-03-08T23:20:00,72.9
10882,2017-03-08T23:40:00,72.1
10883,2017-03-09T00:00:00,72.3
10884,2017-03-09T00:20:00,71.9
10885,2017-03-09T01:00:00,71.5
10886,2017-03-09T01:20:00,71.2
10887,2017-03-09T01:40:00,71.6
10888,2017-03-09T02:00:00,71.5
10889,2017-03-09T02:20:00,71.8
10890,2017-03-09T02:40:00,71.9
10891,2017-03-09T03:00:00,71.9
10892,2017-03-09T03:20:00,71.8
10893,2017-03-09T03:40:00,71.6
10894,2017-03-09T04:00:00,71.9
10895,2017-03-09T04:20:00,71.6
10896,2017-03-09T04:40:00,71.8
10897,2017-03-09T05:00:00,71.8
10898,2017-03-09T05:20:00,71.8
10899,2017-03-09T05:40:00,71.9
10900,2017-03-09T06:00:00,72.4
10901,2017-03-09T06:20:00,70.1
10902,2017-03-09T06:40:00,68
10903,2017-03-09T07:00:00,63.7
10904,2017-03-09T07:20:00,63.1
10905,2017-03-09T07:40:00,67.5
10906,2017-03-09T08:00:00,66
10907,2017-03-09T08:20:00,65.3
10908,2017-03-09T08:40:00,60.1
10909,2017-03-09T09:00:00,60.4
10910,2017-03-09T09:20:00,62.6
10911,2017-03-09T09:40:00,58.5
10912,2017-03-09T10:00:00,57.1
10913,2017-03-09T10:20:00,56.3
10914,2017-03-09T10:45:00,59.2
10915,2017-03-09T11:05:00,58.2
10916,2017-03-09T11:25:00,55.4
10917,2017-03-09T11:45:00,52.2
10918,2017-03-09T12:05:00,54.3
10919,2017-03-09T12:25:00,55.9
10920,2017-03-09T12:45:00,55.2
10921,2017-03-09T13:05:00,56.3
10922,2017-03-09T13:25:00,59.8
10923,2017-03-09T13:45:00,57.4
10924,2017-03-23T19:15:00,59.2
10925,2017-03-23T19:35:00,60.6
10926,2017-03-23T19:55:00,62.8
10927,2017-03-23T20:15:00,63
10928,2017-03-23T20:35:00,60.3
10929,2017-03-23T20:55:00,58.7
10930,2017-03-23T21:15:00,60.3
10931,2017-03-23T21:35:00,61.1
10932,2017-03-23T21:55:00,61.7
10933,2017-03-23T22:15:00,59.8
10934,2017-03-23T22:35:00,56.2
10935,2017-03-23T22:55:00,55.9
10936,2017-03-23T23:15:00,55.1
10937,2017-03-23T23:35:00,54.6
10938,2017-03-23T23:55:00,54.6
10939,2017-03-24T00:15:00,53.8
10940,2017-03-24T00:35:00,55.1
10941,2017-03-24T00:55:00,56.7
10942,2017-03-24T01:15:00,58.4
10943,2017-03-24T01:35:00,60.1
10944,2017-03-24T01:55:00,59.8
10945,2017-03-24T02:20:00,58.9
10946,2017-03-24T02:40:00,57.9
10947,2017-03-24T03:00:00,58.5
10948,2017-03-24T03:20:00,58.4
10949,2017-03-24T03:40:00,59.2
10950,2017-03-24T04:00:00,60.6
10951,2017-03-24T04:20:00,62.6
10952,2017-03-24T04:40:00,62.2
10953,2017-03-24T05:00:00,61.2
10954,2017-03-24T05:20:00,54.6
10955,2017-03-24T05:40:00,56
10956,2017-03-24T06:00:00,45.8
10957,2017-03-24T06:20:00,43.7
10958,2017-03-09T14:05:00,59
10959,2017-03-09T14:25:00,60.1
10960,2017-03-09T14:45:00,61.5
10961,2017-03-09T15:05:00,62.8
10962,2017-03-09T15:25:00,63.7
10963,2017-03-09T15:45:00,64.7
10964,2017-03-09T16:05:00,68.6
10965,2017-03-09T16:25:00,69.9
10966,2017-03-09T16:45:00,70.7
10967,2017-03-09T17:05:00,69.9
10968,2017-03-09T17:25:00,70.4
10969,2017-03-09T17:45:00,69.4
10970,2017-03-09T18:05:00,69.1
10971,2017-03-09T18:25:00,69.4
10972,2017-03-09T18:45:00,69.3
10973,2017-03-09T19:05:00,70.5
10974,2017-03-09T19:25:00,70.8
10975,2017-03-09T19:45:00,71
10976,2017-03-09T20:05:00,71.2
10977,2017-03-09T20:25:00,71.3
10978,2017-03-09T20:45:00,71.6
10979,2017-03-09T21:05:00,72.1
10980,2017-03-09T21:25:00,71.5
10981,2017-03-09T21:50:00,72.1
10982,2017-03-09T22:10:00,71.6
10983,2017-03-09T22:30:00,71.5
10984,2017-03-09T22:50:00,71.9
10985,2017-03-09T23:10:00,71.3
10986,2017-03-09T23:30:00,71.2
10987,2017-03-09T23:50:00,71.2
10988,2017-03-10T00:10:00,71
10989,2017-03-10T00:30:00,69.3
10990,2017-03-10T00:50:00,68.2
10991,2017-03-10T01:10:00,67.2
10992,2017-03-10T01:30:00,67.1
10993,2017-03-10T01:50:00,64.2
10994,2017-03-10T02:10:00,63.6
10995,2017-03-10T02:30:00,64.4
10996,2017-03-10T02:50:00,63.6
10997,2017-03-10T03:10:00,64.5
10998,2017-03-10T03:30:00,64.5
10999,2017-03-10T03:50:00,64.9
11000,2017-03-10T04:10:00,63.7
11001,2017-03-10T04:30:00,64.1
11002,2017-03-10T04:50:00,63.9
11003,2017-03-10T05:10:00,63.6
11004,2017-03-10T05:30:00,63.6
11005,2017-03-10T05:50:00,63.3
11006,2017-03-10T06:10:00,59.3
11007,2017-03-10T06:30:00,56.3
11008,2017-03-10T06:50:00,52.6
11009,2017-03-10T07:10:00,49.2
11010,2017-03-10T07:30:00,47.7
11011,2017-03-10T07:50:00,47.5
11012,2017-03-10T08:10:00,44.8
11013,2017-03-10T08:30:00,46.2
11014,2017-03-10T08:50:00,45.3
11015,2017-03-10T09:15:00,43.7
11016,2017-03-10T09:35:00,41.4
11017,2017-03-10T09:55:00,43.9
11018,2017-03-10T10:15:00,41.5
11019,2017-03-10T10:35:00,41
11020,2017-03-10T10:55:00,39
11021,2017-03-10T11:15:00,38.4
11022,2017-03-10T11:35:00,36
11023,2017-03-10T11:55:00,36.6
11024,2017-03-10T12:15:00,38.8
11025,2017-03-10T12:35:00,41
11026,2017-03-10T12:55:00,38.7
11027,2017-03-10T13:15:00,41.7
11028,2017-03-10T13:35:00,47.3
11029,2017-03-10T13:55:00,48
11030,2017-03-10T14:15:00,47.8
11031,2017-03-10T14:35:00,49.7
11032,2017-03-10T14:55:00,48.1
11033,2017-03-10T15:15:00,49.1
11034,2017-03-10T15:35:00,46.4
11035,2017-03-10T15:55:00,48.8
11036,2017-03-10T16:15:00,49.7
11037,2017-03-10T16:35:00,52.7
11038,2017-03-10T16:55:00,55.5
11039,2017-03-10T17:15:00,57
11040,2017-03-10T17:35:00,58.9
11041,2017-03-10T17:55:00,59.3
11042,2017-03-10T18:15:00,61.7
11043,2017-03-10T18:35:00,63.7
11044,2017-03-10T18:55:00,64.5
11045,2017-03-10T19:15:00,66
11046,2017-03-10T19:35:00,66
11047,2017-03-10T19:55:00,67.4
11048,2017-03-10T20:15:00,67.5
11049,2017-03-10T20:40:00,67.8
11050,2017-03-10T21:00:00,68.5
11051,2017-03-10T21:20:00,68.8
11052,2017-03-10T21:40:00,68.8
11053,2017-03-10T22:00:00,68.3
11054,2017-03-10T22:20:00,68.2
11055,2017-03-10T22:40:00,68.3
11056,2017-03-10T23:00:00,68.2
11057,2017-03-10T23:20:00,68.3
11058,2017-03-10T23:40:00,68.5
11059,2017-03-11T00:00:00,68
11060,2017-03-11T00:20:00,68.6
11061,2017-03-11T00:40:00,68.3
11062,2017-03-11T01:00:00,68
11063,2017-03-11T01:20:00,68
11064,2017-03-11T01:40:00,67.8
11065,2017-03-11T02:00:00,68.2
11066,2017-03-11T02:20:00,68.2
11067,2017-03-11T02:40:00,67.5
11068,2017-03-11T03:00:00,68
11069,2017-03-11T03:20:00,68.3
11070,2017-03-11T03:40:00,68.8
11071,2017-03-11T04:00:00,69.1
11072,2017-03-11T04:20:00,69.3
11073,2017-03-11T04:40:00,69.1
11074,2017-03-11T05:00:00,69.6
11075,2017-03-11T05:20:00,69.7
11076,2017-03-11T05:40:00,69.4
11077,2017-03-11T06:00:00,69.7
11078,2017-03-11T06:20:00,69.9
11079,2017-03-11T06:40:00,69.4
11080,2017-03-11T07:00:00,67.4
11081,2017-03-11T07:20:00,67.7
11082,2017-03-11T07:40:00,60.1
11083,2017-03-11T08:05:00,67.5
11084,2017-03-11T08:25:00,64.9
11085,2017-03-11T08:45:00,60.3
11086,2017-03-11T09:05:00,55.5
11087,2017-03-11T09:25:00,64.7
11088,2017-03-11T09:45:00,67.2
11089,2017-03-11T10:05:00,68
11090,2017-03-11T10:25:00,68.2
11091,2017-03-11T10:45:00,68.3
11092,2017-03-11T11:05:00,67.7
11093,2017-03-11T11:25:00,69.3
11094,2017-03-11T11:45:00,70.5
11095,2017-03-11T12:05:00,70.4
11096,2017-03-11T12:25:00,70.7
11097,2017-03-11T12:45:00,70.8
11098,2017-03-11T13:05:00,70.7
11099,2017-03-11T13:25:00,70.8
11100,2017-03-11T13:45:00,71.2
11101,2017-03-11T14:05:00,71
11102,2017-03-11T14:25:00,71.2
11103,2017-03-11T14:45:00,71.5
11104,2017-03-11T15:05:00,71.5
11105,2017-03-11T15:25:00,71.8
11106,2017-03-11T15:45:00,71.6
11107,2017-03-11T16:05:00,71.8
11108,2017-03-11T16:25:00,71.6
11109,2017-03-11T16:45:00,71.2
11110,2017-03-11T17:05:00,71.2
11111,2017-03-11T17:25:00,71.3
11112,2017-03-11T17:45:00,71.3
11113,2017-03-11T18:05:00,71.6
11114,2017-03-11T18:25:00,71.6
11115,2017-03-11T18:45:00,71.6
11116,2017-03-11T19:10:00,71.5
11117,2017-03-11T19:30:00,71.6
11118,2017-03-11T19:50:00,71.6
11119,2017-03-11T20:10:00,71.9
11120,2017-03-11T20:30:00,71.8
11121,2017-03-11T20:50:00,72.1
11122,2017-03-11T21:10:00,72.1
11123,2017-03-11T21:30:00,72.1
11124,2017-03-11T21:50:00,71.8
11125,2017-03-11T22:10:00,71.9
11126,2017-03-11T22:30:00,72.4
11127,2017-03-11T22:50:00,71.9
11128,2017-03-11T23:10:00,71.8
11129,2017-03-11T23:30:00,71.3
11130,2017-03-11T23:50:00,71.8
11131,2017-03-12T00:10:00,71.6
11132,2017-03-12T00:30:00,71.8
11133,2017-03-12T01:10:00,72.3
11134,2017-03-12T01:30:00,72.6
11135,2017-03-12T01:50:00,71.8
11136,2017-03-12T02:10:00,71
11137,2017-03-12T02:30:00,69.9
11138,2017-03-12T02:50:00,69.6
11139,2017-03-12T03:10:00,68.6
11140,2017-03-12T03:30:00,68.8
11141,2017-03-12T03:50:00,66.3
11142,2017-03-12T04:10:00,65.5
11143,2017-03-12T04:30:00,63.9
11144,2017-03-12T04:50:00,65
11145,2017-03-12T05:10:00,63.6
11146,2017-03-12T05:30:00,61.1
11147,2017-03-12T05:50:00,59.3
11148,2017-03-12T06:10:00,59.8
11149,2017-03-12T06:35:00,59.2
11150,2017-03-12T06:55:00,60.6
11151,2017-03-12T07:15:00,59.3
11152,2017-03-12T07:35:00,59.2
11153,2017-03-12T07:55:00,59.5
11154,2017-03-12T08:15:00,59.5
11155,2017-03-12T08:35:00,58.7
11156,2017-03-12T08:55:00,57.6
11157,2017-03-12T09:15:00,56.3
11158,2017-03-12T09:35:00,55.1
11159,2017-03-12T09:55:00,54.9
11160,2017-03-12T10:15:00,51.9
11161,2017-03-12T10:35:00,53
11162,2017-03-12T10:55:00,53.3
11163,2017-03-12T11:15:00,53.8
11164,2017-03-12T11:35:00,53
11165,2017-03-12T11:55:00,52.6
11166,2017-03-12T12:15:00,51.9
11167,2017-03-12T12:35:00,53.7
11168,2017-03-12T12:55:00,54
11169,2017-03-12T13:15:00,54
11170,2017-03-12T13:35:00,53.7
11171,2017-03-12T13:55:00,52.9
11172,2017-03-12T14:15:00,49.1
11173,2017-03-12T14:35:00,52.4
11174,2017-03-12T14:55:00,50.7
11175,2017-03-12T15:15:00,52.4
11176,2017-03-12T15:35:00,50.7
11177,2017-03-12T15:55:00,50.2
11178,2017-03-12T16:15:00,50.8
11179,2017-03-12T16:35:00,54
11180,2017-03-12T16:55:00,56
11181,2017-03-12T17:15:00,57
11182,2017-03-12T17:35:00,58.2
11183,2017-03-12T18:00:00,58.7
11184,2017-03-12T18:20:00,59.8
11185,2017-03-12T18:40:00,60.1
11186,2017-03-12T19:00:00,57.3
11187,2017-03-12T19:20:00,54.8
11188,2017-03-12T19:40:00,54.8
11189,2017-03-12T20:00:00,55.5
11190,2017-03-12T20:20:00,56.5
11191,2017-03-12T20:40:00,57.6
11192,2017-03-12T21:00:00,59.2
11193,2017-03-12T21:20:00,61.5
11194,2017-03-12T21:40:00,61.5
11195,2017-03-12T22:00:00,63
11196,2017-03-12T22:20:00,62.6
11197,2017-03-12T22:40:00,63
11198,2017-03-12T23:00:00,63.9
11199,2017-03-12T23:20:00,63.1
11200,2017-03-12T23:40:00,62.5
11201,2017-03-13T00:00:00,62.6
11202,2017-03-13T00:20:00,63
11203,2017-03-13T00:40:00,63.6
11204,2017-03-13T01:00:00,63.9
11205,2017-03-13T01:20:00,64.9
11206,2017-03-13T01:40:00,65
11207,2017-03-13T02:00:00,64.9
11208,2017-03-13T02:20:00,64.7
11209,2017-03-13T02:40:00,65.5
11210,2017-03-13T03:00:00,65.3
11211,2017-03-13T03:20:00,65.6
11212,2017-03-13T03:40:00,65.6
11213,2017-03-13T04:00:00,65.8
11214,2017-03-13T04:20:00,66.7
11215,2017-03-13T04:40:00,66.4
11216,2017-03-13T05:00:00,66.4
11217,2017-03-13T05:25:00,65.8
11218,2017-03-13T05:45:00,64.2
11219,2017-03-13T06:05:00,63.3
11220,2017-03-13T06:25:00,62.6
11221,2017-03-13T06:45:00,62
11222,2017-03-13T07:05:00,61.1
11223,2017-03-13T07:25:00,61.1
11224,2017-03-13T07:45:00,61.2
11225,2017-03-13T08:05:00,60.9
11226,2017-03-13T08:25:00,58.9
11227,2017-03-13T08:45:00,58.9
11228,2017-03-13T09:05:00,58.7
11229,2017-03-13T09:25:00,58.7
11230,2017-03-13T09:45:00,58.7
11231,2017-03-13T10:05:00,59
11232,2017-03-13T10:25:00,59.5
11233,2017-03-13T10:45:00,58.2
11234,2017-03-13T11:05:00,57.3
11235,2017-03-13T11:25:00,58.4
11236,2017-03-13T11:45:00,59.6
11237,2017-03-13T12:05:00,59.3
11238,2017-03-13T17:50:00,61.4
11239,2017-03-13T18:10:00,60.3
11240,2017-03-13T18:30:00,60.9
11241,2017-03-13T18:50:00,60
11242,2017-03-13T19:10:00,60.6
11243,2017-03-13T19:30:00,62.2
11244,2017-03-13T19:50:00,62.8
11245,2017-03-13T20:10:00,63.7
11246,2017-03-13T20:30:00,65.6
11247,2017-03-13T20:50:00,66.7
11248,2017-03-13T21:10:00,68
11249,2017-03-13T21:30:00,68.3
11250,2017-03-13T21:50:00,68.3
11251,2017-03-13T22:10:00,68.6
11252,2017-03-13T22:30:00,68.3
11253,2017-03-13T22:50:00,65.5
11254,2017-03-13T23:10:00,64.1
11255,2017-03-13T23:30:00,63.4
11256,2017-03-13T23:50:00,63.6
11257,2017-03-14T00:10:00,64.5
11258,2017-03-14T00:30:00,66
11259,2017-03-14T00:50:00,66.4
11260,2017-03-14T01:10:00,66.7
11261,2017-03-14T01:30:00,67.2
11262,2017-03-14T01:50:00,67.8
11263,2017-03-14T02:10:00,68.2
11264,2017-03-14T02:30:00,68.8
11265,2017-03-14T02:50:00,68.8
11266,2017-03-14T03:10:00,69.4
11267,2017-03-14T03:30:00,69.3
11268,2017-03-14T03:55:00,69.1
11269,2017-03-14T04:15:00,68.9
11270,2017-03-14T04:35:00,68.5
11271,2017-03-14T04:55:00,68.6
11272,2017-03-14T05:15:00,69.1
11273,2017-03-14T05:35:00,68.9
11274,2017-03-14T05:55:00,68.5
11275,2017-03-14T06:15:00,67.8
11276,2017-03-14T06:35:00,67.1
11277,2017-03-14T06:55:00,66.1
11278,2017-03-14T07:15:00,63.9
11279,2017-03-14T07:35:00,64.9
11280,2017-03-14T07:55:00,63.6
11281,2017-03-14T08:15:00,55.5
11282,2017-03-14T08:35:00,59
11283,2017-03-14T08:55:00,54.3
11284,2017-03-14T09:15:00,53.3
11285,2017-03-14T09:35:00,53.5
11286,2017-03-14T09:55:00,54.8
11287,2017-03-14T10:15:00,57.1
11288,2017-03-14T10:35:00,58.4
11289,2017-03-14T10:55:00,57
11290,2017-03-14T11:15:00,55.7
11291,2017-03-14T11:35:00,56
11292,2017-03-14T11:55:00,54.9
11293,2017-03-14T12:15:00,54.6
11294,2017-03-14T12:35:00,54.1
11295,2017-03-14T12:55:00,54.9
11296,2017-03-14T13:15:00,57
11297,2017-03-14T13:35:00,57.9
11298,2017-03-14T13:55:00,60.1
11299,2017-03-14T14:15:00,67.8
11300,2017-03-14T14:35:00,66.3
11301,2017-03-14T14:55:00,66.1
11302,2017-03-14T15:20:00,69.1
11303,2017-03-14T15:40:00,69.3
11304,2017-03-14T16:00:00,67.7
11305,2017-03-14T16:20:00,66.4
11306,2017-03-14T16:40:00,66.9
11307,2017-03-14T17:00:00,66.7
11308,2017-03-14T17:20:00,66.1
11309,2017-03-14T17:40:00,64.9
11310,2017-03-14T18:00:00,64.9
11311,2017-03-14T18:20:00,64.4
11312,2017-03-14T18:40:00,64.9
11313,2017-03-14T19:00:00,65.3
11314,2017-03-14T19:20:00,65.5
11315,2017-03-14T19:40:00,65.6
11316,2017-03-14T20:00:00,66.3
11317,2017-03-14T20:20:00,65.8
11318,2017-03-14T20:40:00,65
11319,2017-03-14T21:00:00,63.9
11320,2017-03-14T21:20:00,64.4
11321,2017-03-14T21:40:00,64.9
11322,2017-03-14T22:00:00,63.9
11323,2017-03-14T22:20:00,62.8
11324,2017-03-14T22:40:00,62.2
11325,2017-03-14T23:00:00,62
11326,2017-03-14T23:20:00,60.9
11327,2017-03-14T23:40:00,58.9
11328,2017-03-15T00:00:00,58.4
11329,2017-03-15T00:20:00,57.1
11330,2017-03-15T00:40:00,56.7
11331,2017-03-15T01:00:00,56.2
11332,2017-03-15T01:20:00,55.7
11333,2017-03-15T01:40:00,56
11334,2017-03-15T02:00:00,54
11335,2017-03-15T02:20:00,53.5
11336,2017-03-15T02:45:00,53.2
11337,2017-03-15T03:05:00,53.2
11338,2017-03-15T03:25:00,54.1
11339,2017-03-15T03:45:00,54.8
11340,2017-03-15T04:05:00,55.4
11341,2017-03-15T04:25:00,55.9
11342,2017-03-15T04:45:00,56.2
11343,2017-03-15T05:05:00,56.7
11344,2017-03-15T05:25:00,57.3
11345,2017-03-15T05:45:00,57.3
11346,2017-03-15T06:05:00,56.2
11347,2017-03-15T06:25:00,53.8
11348,2017-03-15T06:45:00,49.7
11349,2017-03-15T07:05:00,50.7
11350,2017-03-15T07:25:00,52.7
11351,2017-03-15T07:45:00,53.8
11352,2017-03-15T08:05:00,49.2
11353,2017-03-15T08:25:00,45.5
11354,2017-03-15T08:45:00,44.4
11355,2017-03-15T09:05:00,48.5
11356,2017-03-15T09:25:00,49.4
11357,2017-03-15T09:45:00,45.8
11358,2017-03-15T10:05:00,43.7
11359,2017-03-15T10:25:00,42.5
11360,2017-03-15T10:45:00,40.9
11361,2017-03-15T11:05:00,44.4
11362,2017-03-15T11:25:00,40.9
11363,2017-03-15T11:45:00,43.9
11364,2017-03-15T12:05:00,43.9
11365,2017-03-15T12:25:00,42.5
11366,2017-03-15T12:45:00,41.2
11367,2017-03-15T13:05:00,41.2
11368,2017-03-15T13:25:00,42.9
11369,2017-03-15T13:45:00,43.6
11370,2017-03-15T14:10:00,41.2
11371,2017-03-15T14:30:00,42.8
11372,2017-03-15T14:50:00,46.6
11373,2017-03-15T15:10:00,46.1
11374,2017-03-15T15:30:00,45.9
11375,2017-03-15T15:50:00,48.9
11376,2017-03-15T16:10:00,49.2
11377,2017-03-15T16:30:00,50.5
11378,2017-03-15T16:50:00,51.4
11379,2017-03-15T17:10:00,52.2
11380,2017-03-15T17:30:00,52.4
11381,2017-03-15T17:50:00,53
11382,2017-03-15T18:10:00,54.9
11383,2017-03-15T18:30:00,56.7
11384,2017-03-15T18:50:00,57.9
11385,2017-03-15T19:10:00,59
11386,2017-03-15T19:30:00,60
11387,2017-03-15T19:50:00,60.6
11388,2017-03-15T20:10:00,61.9
11389,2017-03-15T20:30:00,61.2
11390,2017-03-15T20:50:00,60.6
11391,2017-03-15T21:10:00,61.5
11392,2017-03-15T21:30:00,62.2
11393,2017-03-15T21:50:00,62.3
11394,2017-03-15T22:10:00,63.7
11395,2017-03-15T22:30:00,64.7
11396,2017-03-15T22:50:00,64.9
11397,2017-03-15T23:10:00,66.1
11398,2017-03-15T23:30:00,66.4
11399,2017-03-15T23:50:00,66
11400,2017-03-16T00:10:00,65.6
11401,2017-03-16T00:30:00,64.5
11402,2017-03-16T00:50:00,64.9
11403,2017-03-16T01:15:00,64.2
11404,2017-03-16T01:35:00,64.4
11405,2017-03-16T01:55:00,64.2
11406,2017-03-16T02:15:00,64.2
11407,2017-03-16T02:35:00,64.5
11408,2017-03-16T02:55:00,65.3
11409,2017-03-16T03:15:00,65.3
11410,2017-03-16T03:35:00,66.1
11411,2017-03-16T03:55:00,66.1
11412,2017-03-16T04:15:00,66.7
11413,2017-03-16T04:35:00,68.5
11414,2017-03-16T04:55:00,69.6
11415,2017-03-16T05:15:00,69.3
11416,2017-03-16T05:35:00,68.3
11417,2017-03-16T05:55:00,67.7
11418,2017-03-16T06:15:00,66.6
11419,2017-03-16T06:35:00,66.4
11420,2017-03-16T06:55:00,64.7
11421,2017-03-16T07:15:00,63.6
11422,2017-03-16T07:35:00,63.6
11423,2017-03-16T07:55:00,61.4
11424,2017-03-16T08:15:00,60.1
11425,2017-03-16T08:35:00,60
11426,2017-03-16T08:55:00,61.1
11427,2017-03-16T09:15:00,59.8
11428,2017-03-16T09:35:00,57.3
11429,2017-03-16T09:55:00,57.4
11430,2017-03-16T10:15:00,53.5
11431,2017-03-16T10:35:00,56.8
11432,2017-03-16T10:55:00,57.8
11433,2017-03-16T11:15:00,50.5
11434,2017-03-16T11:35:00,50.3
11435,2017-03-16T11:55:00,52.7
11436,2017-03-16T12:15:00,51
11437,2017-03-16T12:40:00,47.7
11438,2017-03-16T13:00:00,45.9
11439,2017-03-16T13:20:00,46.4
11440,2017-03-16T13:40:00,47
11441,2017-03-16T14:00:00,45.8
11442,2017-03-16T14:20:00,48
11443,2017-03-16T14:40:00,47.3
11444,2017-03-16T15:00:00,46.7
11445,2017-03-16T15:20:00,47.8
11446,2017-03-16T15:40:00,49.9
11447,2017-03-16T16:00:00,51
11448,2017-03-16T16:20:00,49.2
11449,2017-03-16T16:40:00,48.6
11450,2017-03-16T17:00:00,46.7
11451,2017-03-16T17:20:00,46.9
11452,2017-03-16T17:40:00,50.2
11453,2017-03-16T18:00:00,53.3
11454,2017-03-16T18:20:00,56.5
11455,2017-03-16T18:40:00,59.2
11456,2017-03-16T19:00:00,60.6
11457,2017-03-16T19:20:00,61.5
11458,2017-03-16T19:40:00,62
11459,2017-03-16T20:00:00,61.9
11460,2017-03-16T20:20:00,61.5
11461,2017-03-16T20:40:00,63.3
11462,2017-03-16T21:00:00,63.7
11463,2017-03-16T21:20:00,63.4
11464,2017-03-16T21:40:00,63.6
11465,2017-03-16T22:00:00,63.3
11466,2017-03-16T22:20:00,63.9
11467,2017-03-16T22:40:00,65
11468,2017-03-16T23:00:00,65.3
11469,2017-03-16T23:20:00,66.4
11470,2017-03-16T23:40:00,65.6
11471,2017-03-17T00:05:00,65
11472,2017-03-17T00:25:00,66.6
11473,2017-03-17T00:45:00,71
11474,2017-03-17T01:05:00,70.8
11475,2017-03-17T01:25:00,70.7
11476,2017-03-17T01:45:00,69.9
11477,2017-03-17T02:05:00,69.9
11478,2017-03-17T02:25:00,69.1
11479,2017-03-17T02:45:00,68.9
11480,2017-03-17T03:05:00,69.7
11481,2017-03-17T03:25:00,69.4
11482,2017-03-17T03:45:00,68.6
11483,2017-03-17T04:05:00,68.6
11484,2017-03-17T04:25:00,67.7
11485,2017-03-17T04:45:00,63.9
11486,2017-03-17T05:05:00,63.6
11487,2017-03-17T05:25:00,62.5
11488,2017-03-17T05:45:00,61.5
11489,2017-03-17T06:05:00,59.3
11490,2017-03-17T06:25:00,55.4
11491,2017-03-17T06:45:00,53
11492,2017-03-17T07:05:00,51.8
11493,2017-03-17T07:25:00,47
11494,2017-03-17T07:45:00,46.7
11495,2017-03-17T08:05:00,49.2
11496,2017-03-17T08:25:00,46.4
11497,2017-03-17T08:45:00,48.6
11498,2017-03-17T09:05:00,47.2
11499,2017-03-17T09:25:00,62.2
11500,2017-03-17T09:45:00,56.5
11501,2017-03-17T10:05:00,50.3
11502,2017-03-17T10:25:00,50.7
11503,2017-03-17T10:45:00,56.7
11504,2017-03-17T11:05:00,63.9
11505,2017-03-17T11:30:00,56
11506,2017-03-17T11:50:00,52.1
11507,2017-03-17T12:10:00,56.2
11508,2017-03-17T12:30:00,65.6
11509,2017-03-17T12:50:00,65.8
11510,2017-03-17T13:10:00,63
11511,2017-03-17T13:30:00,61.4
11512,2017-03-17T13:50:00,62.3
11513,2017-03-17T14:10:00,55.1
11514,2017-03-17T14:30:00,58.1
11515,2017-03-17T14:50:00,59.2
11516,2017-03-17T15:10:00,61.9
11517,2017-03-17T15:30:00,61.4
11518,2017-03-17T15:50:00,57.1
11519,2017-03-17T16:10:00,58.7
11520,2017-03-17T16:30:00,59.8
11521,2017-03-17T16:50:00,60.6
11522,2017-03-17T17:10:00,61.9
11523,2017-03-17T17:30:00,62.3
11524,2017-03-17T17:50:00,62.3
11525,2017-03-17T18:10:00,63.3
11526,2017-03-17T18:30:00,64.2
11527,2017-03-17T18:50:00,64.4
11528,2017-03-17T19:10:00,65
11529,2017-03-17T19:30:00,65
11530,2017-03-17T19:50:00,65
11531,2017-03-17T20:10:00,65.5
11532,2017-03-17T20:30:00,66.3
11533,2017-03-17T20:50:00,66.1
11534,2017-03-17T21:10:00,66.3
11535,2017-03-17T21:30:00,66.3
11536,2017-03-17T21:50:00,65.5
11537,2017-03-17T22:10:00,65.2
11538,2017-03-17T22:30:00,64.7
11539,2017-03-17T22:55:00,64.9
11540,2017-03-17T23:15:00,65.5
11541,2017-03-17T23:35:00,66.4
11542,2017-03-17T23:55:00,68
11543,2017-03-18T00:15:00,68.5
11544,2017-03-18T00:35:00,69.1
11545,2017-03-18T00:55:00,69.9
11546,2017-03-18T01:15:00,70.5
11547,2017-03-18T01:35:00,70.5
11548,2017-03-18T01:55:00,70.7
11549,2017-03-18T02:15:00,71.5
11550,2017-03-18T02:35:00,71.9
11551,2017-03-18T02:55:00,71.8
11552,2017-03-18T03:15:00,72.4
11553,2017-03-18T03:35:00,72.3
11554,2017-03-18T03:55:00,72.1
11555,2017-03-18T04:15:00,71.6
11556,2017-03-18T04:35:00,71.5
11557,2017-03-18T04:55:00,71.2
11558,2017-03-18T05:15:00,71.3
11559,2017-03-18T05:35:00,71
11560,2017-03-18T05:55:00,70.5
11561,2017-03-18T06:15:00,70.1
11562,2017-03-18T06:35:00,70.1
11563,2017-03-18T06:55:00,69.4
11564,2017-03-18T07:15:00,69.1
11565,2017-03-18T07:35:00,69.3
11566,2017-03-18T07:55:00,68.6
11567,2017-03-18T08:15:00,67.7
11568,2017-03-18T08:35:00,63.7
11569,2017-03-18T08:55:00,65.6
11570,2017-03-18T09:15:00,62
11571,2017-03-18T09:35:00,55.1
11572,2017-03-18T10:00:00,51.8
11573,2017-03-18T10:20:00,55.4
11574,2017-03-18T10:40:00,49.2
11575,2017-03-18T11:00:00,46.9
11576,2017-03-18T11:20:00,44.4
11577,2017-03-18T11:40:00,45
11578,2017-03-18T12:00:00,39.9
11579,2017-03-18T12:20:00,39
11580,2017-03-18T12:40:00,35.1
11581,2017-03-18T13:00:00,35.1
11582,2017-03-18T13:20:00,36.2
11583,2017-03-18T13:40:00,39.5
11584,2017-03-18T14:00:00,34.3
11585,2017-03-18T14:20:00,34.3
11586,2017-03-18T14:40:00,34.3
11587,2017-03-18T15:00:00,35.8
11588,2017-03-18T15:20:00,37.9
11589,2017-03-18T15:40:00,41.2
11590,2017-03-18T16:00:00,41.4
11591,2017-03-18T16:20:00,41.8
11592,2017-03-18T16:40:00,42.5
11593,2017-03-18T17:00:00,40.9
11594,2017-03-18T17:20:00,42.9
11595,2017-03-18T17:40:00,45.1
11596,2017-03-18T18:00:00,47.8
11597,2017-03-18T18:20:00,49.9
11598,2017-03-18T18:40:00,50.2
11599,2017-03-18T19:00:00,51.3
11600,2017-03-18T19:20:00,52.6
11601,2017-03-18T19:40:00,54.1
11602,2017-03-18T20:00:00,55.1
11603,2017-03-18T20:20:00,55.9
11604,2017-03-18T20:40:00,55.5
11605,2017-03-18T21:00:00,56.5
11606,2017-03-18T21:25:00,56.8
11607,2017-03-18T21:45:00,58.1
11608,2017-03-18T22:05:00,58.2
11609,2017-03-18T22:25:00,59.2
11610,2017-03-18T22:45:00,59.6
11611,2017-03-18T23:05:00,59.3
11612,2017-03-18T23:25:00,59
11613,2017-03-18T23:45:00,59.2
11614,2017-03-19T00:05:00,59.3
11615,2017-03-19T00:25:00,59.6
11616,2017-03-19T00:45:00,60.6
11617,2017-03-19T01:05:00,61.5
11618,2017-03-19T01:25:00,60.8
11619,2017-03-19T01:45:00,61.2
11620,2017-03-19T02:05:00,61.1
11621,2017-03-19T02:25:00,61.4
11622,2017-03-19T02:45:00,61.7
11623,2017-03-19T03:05:00,61.7
11624,2017-03-19T03:25:00,61.5
11625,2017-03-19T03:45:00,62.2
11626,2017-03-19T04:05:00,62.3
11627,2017-03-19T04:25:00,62.5
11628,2017-03-19T04:45:00,63.1
11629,2017-03-19T05:05:00,63
11630,2017-03-19T05:25:00,61.9
11631,2017-03-19T05:45:00,60.6
11632,2017-03-19T06:05:00,61.2
11633,2017-03-19T06:25:00,60.6
11634,2017-03-19T06:45:00,60.6
11635,2017-03-19T07:05:00,59.6
11636,2017-03-19T07:25:00,59.8
11637,2017-03-19T07:45:00,61.2
11638,2017-03-19T08:05:00,61.9
11639,2017-03-19T08:25:00,62.6
11640,2017-03-19T08:50:00,61.7
11641,2017-03-19T09:10:00,60.6
11642,2017-03-19T09:30:00,58.1
11643,2017-03-19T09:50:00,56.8
11644,2017-03-19T10:10:00,57.6
11645,2017-03-19T10:30:00,55.7
11646,2017-03-19T10:50:00,57.4
11647,2017-03-19T11:10:00,57
11648,2017-03-19T11:30:00,65
11649,2017-03-19T11:50:00,66.3
11650,2017-03-19T12:10:00,67.2
11651,2017-03-19T12:30:00,68
11652,2017-03-19T12:50:00,68.8
11653,2017-03-19T13:10:00,68.6
11654,2017-03-19T13:30:00,68.9
11655,2017-03-19T13:50:00,69.4
11656,2017-03-19T14:10:00,69.9
11657,2017-03-19T14:30:00,70.1
11658,2017-03-19T14:50:00,70.4
11659,2017-03-19T15:10:00,70.7
11660,2017-03-19T15:30:00,70.7
11661,2017-03-19T15:50:00,70.7
11662,2017-03-19T16:10:00,70.8
11663,2017-03-19T16:30:00,71.3
11664,2017-03-19T16:50:00,71.8
11665,2017-03-19T17:10:00,71.5
11666,2017-03-19T17:30:00,72.1
11667,2017-03-19T17:50:00,72.4
11668,2017-03-19T18:10:00,71.9
11669,2017-03-19T18:30:00,72.6
11670,2017-03-19T18:50:00,72.4
11671,2017-03-19T19:10:00,72.6
11672,2017-03-19T19:30:00,72.6
11673,2017-03-19T19:50:00,72.6
11674,2017-03-19T20:15:00,72.6
11675,2017-03-19T20:35:00,72.3
11676,2017-03-19T20:55:00,72.6
11677,2017-03-19T21:15:00,72.4
11678,2017-03-19T21:35:00,72.4
11679,2017-03-19T21:55:00,73
11680,2017-03-19T22:15:00,73.4
11681,2017-03-19T22:35:00,73.4
11682,2017-03-19T22:55:00,73.5
11683,2017-03-19T23:15:00,74.2
11684,2017-03-19T23:35:00,73.7
11685,2017-03-19T23:55:00,73.2
11686,2017-03-20T00:15:00,72.7
11687,2017-03-20T00:35:00,73
11688,2017-03-20T00:55:00,71.8
11689,2017-03-20T01:15:00,71.6
11690,2017-03-20T01:35:00,71
11691,2017-03-20T01:55:00,70.2
11692,2017-03-20T02:15:00,70.7
11693,2017-03-20T02:35:00,70.4
11694,2017-03-20T02:55:00,69.9
11695,2017-03-20T03:15:00,70.4
11696,2017-03-20T03:35:00,69.9
11697,2017-03-20T03:55:00,69.9
11698,2017-03-20T04:15:00,69.6
11699,2017-03-20T04:35:00,70.1
11700,2017-03-20T04:55:00,70.1
11701,2017-03-20T05:15:00,70.2
11702,2017-03-20T05:35:00,69.3
11703,2017-03-20T05:55:00,67.5
11704,2017-03-20T06:15:00,67.1
11705,2017-03-20T06:35:00,64.4
11706,2017-03-20T06:55:00,59.8
11707,2017-03-20T07:20:00,61.4
11708,2017-03-20T07:40:00,57.4
11709,2017-03-20T08:00:00,53.5
11710,2017-03-20T08:20:00,62.2
11711,2017-03-20T08:40:00,60.9
11712,2017-03-20T09:00:00,62.5
11713,2017-03-20T09:20:00,62
11714,2017-03-20T09:40:00,63.3
11715,2017-03-20T10:00:00,61.1
11716,2017-03-20T10:20:00,59.8
11717,2017-03-20T10:40:00,60.4
11718,2017-03-20T11:00:00,62.5
11719,2017-03-20T11:20:00,61.9
11720,2017-03-20T11:40:00,61.2
11721,2017-03-20T12:00:00,61.7
11722,2017-03-20T12:20:00,64.1
11723,2017-03-20T12:40:00,65
11724,2017-03-20T13:00:00,67.7
11725,2017-03-20T13:20:00,68.9
11726,2017-03-20T13:40:00,69.6
11727,2017-03-20T14:00:00,71.2
11728,2017-03-20T14:20:00,72.3
11729,2017-03-20T14:40:00,72.9
11730,2017-03-20T15:00:00,73.5
11731,2017-03-20T15:20:00,73.5
11732,2017-03-20T15:40:00,73.7
11733,2017-03-20T16:00:00,73.8
11734,2017-03-20T16:20:00,74.5
11735,2017-03-20T16:40:00,74.6
11736,2017-03-20T17:00:00,74.2
11737,2017-03-20T17:20:00,74.6
11738,2017-03-20T17:40:00,75.1
11739,2017-03-20T18:00:00,75.3
11740,2017-03-20T18:20:00,74.6
11741,2017-03-20T18:45:00,74.8
11742,2017-03-20T19:05:00,74.8
11743,2017-03-20T19:25:00,75.1
11744,2017-03-20T19:45:00,74.8
11745,2017-03-20T20:05:00,74.9
11746,2017-03-20T20:25:00,74.8
11747,2017-03-20T20:45:00,74.2
11748,2017-03-20T21:05:00,74.3
11749,2017-03-20T21:25:00,73.8
11750,2017-03-20T21:45:00,73.7
11751,2017-03-20T22:05:00,73.5
11752,2017-03-20T22:25:00,73.5
11753,2017-03-20T22:45:00,74.3
11754,2017-03-20T23:05:00,73.5
11755,2017-03-20T23:25:00,72.7
11756,2017-03-20T23:45:00,73
11757,2017-03-21T00:05:00,72.6
11758,2017-03-21T00:25:00,72.3
11759,2017-03-21T00:45:00,72.6
11760,2017-03-21T01:05:00,72.1
11761,2017-03-21T01:25:00,72.6
11762,2017-03-21T01:45:00,71.9
11763,2017-03-21T02:05:00,72.1
11764,2017-03-21T02:25:00,72.1
11765,2017-03-21T02:45:00,72.3
11766,2017-03-21T03:05:00,72.1
11767,2017-03-21T03:25:00,72.1
11768,2017-03-21T03:45:00,72.1
11769,2017-03-21T04:05:00,72.3
11770,2017-03-21T04:25:00,72.3
11771,2017-03-21T04:45:00,71.9
11772,2017-03-21T05:05:00,71.9
11773,2017-03-21T05:25:00,72.1
11774,2017-03-21T05:45:00,70.2
11775,2017-03-21T06:10:00,67.1
11776,2017-03-21T06:30:00,63.4
11777,2017-03-21T06:50:00,58.5
11778,2017-03-21T07:10:00,52.6
11779,2017-03-21T07:30:00,50.7
11780,2017-03-21T07:50:00,49.2
11781,2017-03-21T08:10:00,47.3
11782,2017-03-21T08:30:00,51
11783,2017-03-21T08:50:00,54.6
11784,2017-03-21T09:10:00,51.4
11785,2017-03-21T09:30:00,53.5
11786,2017-03-21T09:50:00,45
11787,2017-03-21T10:10:00,48.6
11788,2017-03-21T10:30:00,47.8
11789,2017-03-21T10:50:00,50.7
11790,2017-03-21T11:10:00,43.4
11791,2017-03-21T11:30:00,43.4
11792,2017-03-21T11:50:00,65.6
11793,2017-03-21T12:10:00,61.1
11794,2017-03-21T12:30:00,60
11795,2017-03-21T12:50:00,58.9
11796,2017-03-21T13:10:00,50.3
11797,2017-03-21T13:30:00,49.2
11798,2017-03-21T13:50:00,49.6
11799,2017-03-21T14:10:00,51
11800,2017-03-21T14:30:00,47.8
11801,2017-03-21T14:50:00,44.5
11802,2017-03-21T15:10:00,42.3
11803,2017-03-21T15:30:00,44.4
11804,2017-03-21T15:50:00,42.8
11805,2017-03-21T16:10:00,42
11806,2017-03-21T16:30:00,45.5
11807,2017-03-21T16:50:00,50.3
11808,2017-03-21T17:10:00,49.4
11809,2017-03-21T17:35:00,48
11810,2017-03-21T17:55:00,51
11811,2017-03-21T18:15:00,51.3
11812,2017-03-21T18:35:00,52.2
11813,2017-03-21T18:55:00,59.6
11814,2017-03-21T19:15:00,60.1
11815,2017-03-21T19:35:00,57.6
11816,2017-03-21T19:55:00,59
11817,2017-03-21T20:15:00,60.3
11818,2017-03-21T20:35:00,61.7
11819,2017-03-21T20:55:00,63.1
11820,2017-03-21T21:15:00,62.3
11821,2017-03-21T21:35:00,61.4
11822,2017-03-21T21:55:00,66.9
11823,2017-03-21T22:15:00,68.3
11824,2017-03-21T22:35:00,68.3
11825,2017-03-21T22:55:00,68.9
11826,2017-03-21T23:15:00,68.8
11827,2017-03-21T23:35:00,68.8
11828,2017-03-21T23:55:00,69.3
11829,2017-03-22T00:15:00,69.9
11830,2017-03-22T00:35:00,65.5
11831,2017-03-22T00:55:00,63.7
11832,2017-03-22T01:15:00,59.6
11833,2017-03-22T01:35:00,59.5
11834,2017-03-22T01:55:00,60
11835,2017-03-22T02:15:00,59.3
11836,2017-03-22T02:35:00,59.3
11837,2017-03-22T02:55:00,59.2
11838,2017-03-22T03:15:00,57.4
11839,2017-03-22T03:35:00,59
11840,2017-03-22T03:55:00,60.3
11841,2017-03-22T04:15:00,60.6
11842,2017-03-22T04:40:00,60.3
11843,2017-03-22T05:00:00,60.4
11844,2017-03-22T05:20:00,60.4
11845,2017-03-22T05:40:00,57.9
11846,2017-03-22T06:00:00,53.3
11847,2017-03-22T06:20:00,51
11848,2017-03-22T06:40:00,50.5
11849,2017-03-22T07:00:00,48.9
11850,2017-03-22T07:20:00,48.8
11851,2017-03-22T07:40:00,48.6
11852,2017-03-22T08:00:00,50.2
11853,2017-03-22T08:20:00,49.2
11854,2017-03-22T08:40:00,45.3
11855,2017-03-22T09:00:00,41.7
11856,2017-03-22T09:20:00,37.4
11857,2017-03-22T09:40:00,37.1
11858,2017-03-22T10:00:00,34.7
11859,2017-03-22T10:20:00,34.3
11860,2017-03-22T10:40:00,35.4
11861,2017-03-22T11:00:00,35.7
11862,2017-03-22T11:20:00,38.7
11863,2017-03-22T11:40:00,38.2
11864,2017-03-22T12:00:00,38.5
11865,2017-03-22T12:20:00,38.2
11866,2017-03-22T12:40:00,42.6
11867,2017-03-22T13:00:00,43.6
11868,2017-03-22T13:20:00,44.8
11869,2017-03-22T13:40:00,41.7
11870,2017-03-22T14:00:00,44
11871,2017-03-22T14:20:00,46.6
11872,2017-03-22T14:40:00,47.2
11873,2017-03-22T15:00:00,46.9
11874,2017-03-22T15:20:00,49.4
11875,2017-03-22T15:40:00,47
11876,2017-03-22T16:05:00,43.4
11877,2017-03-22T16:25:00,44.4
11878,2017-03-22T16:45:00,45.8
11879,2017-03-22T17:05:00,47.2
11880,2017-03-22T17:25:00,48.3
11881,2017-03-22T17:45:00,49.6
11882,2017-03-22T18:05:00,51.1
11883,2017-03-22T18:25:00,51.9
11884,2017-03-22T18:45:00,52.4
11885,2017-03-22T19:05:00,53.3
11886,2017-03-22T19:25:00,54
11887,2017-03-22T19:45:00,54.9
11888,2017-03-22T20:05:00,56
11889,2017-03-22T20:25:00,57
11890,2017-03-22T20:45:00,58.5
11891,2017-03-22T21:05:00,59.3
11892,2017-03-30T00:40:00,60.9
11893,2017-03-22T21:25:00,60.8
11894,2017-03-22T21:45:00,61.9
11895,2017-03-22T22:05:00,63
11896,2017-03-22T22:25:00,63.9
11897,2017-03-22T22:45:00,65
11898,2017-03-22T23:05:00,66.1
11899,2017-03-22T23:25:00,66.4
11900,2017-03-22T23:45:00,66.1
11901,2017-03-23T00:05:00,66.4
11902,2017-03-23T00:25:00,67.8
11903,2017-03-23T00:45:00,67.7
11904,2017-03-23T01:05:00,68.8
11905,2017-03-23T01:25:00,68.3
11906,2017-03-23T01:45:00,68
11907,2017-03-23T02:05:00,68.3
11908,2017-03-23T02:25:00,67.8
11909,2017-03-23T02:45:00,68.6
11910,2017-03-23T03:05:00,69.3
11911,2017-03-23T03:30:00,69.6
11912,2017-03-23T03:50:00,69.3
11913,2017-03-23T04:10:00,69.3
11914,2017-03-23T04:30:00,69.1
11915,2017-03-23T04:50:00,69.6
11916,2017-03-23T05:10:00,69.1
11917,2017-03-23T05:30:00,69.3
11918,2017-03-23T05:50:00,68.9
11919,2017-03-23T06:10:00,57
11920,2017-03-23T06:30:00,51.6
11921,2017-03-23T06:50:00,46.4
11922,2017-03-23T07:10:00,45.5
11923,2017-03-23T07:30:00,45.5
11924,2017-03-23T07:50:00,39.6
11925,2017-03-23T08:10:00,40.7
11926,2017-03-23T08:30:00,49.7
11927,2017-03-23T08:50:00,49.1
11928,2017-03-23T09:10:00,46.2
11929,2017-03-23T09:30:00,47.3
11930,2017-03-23T09:50:00,42.8
11931,2017-03-23T10:10:00,41.7
11932,2017-03-23T10:30:00,36.2
11933,2017-03-23T10:50:00,36.3
11934,2017-03-23T11:10:00,34.1
11935,2017-03-23T11:30:00,40.1
11936,2017-03-23T11:50:00,36.6
11937,2017-03-23T12:10:00,38.4
11938,2017-03-23T12:30:00,36.3
11939,2017-03-23T12:50:00,35.8
11940,2017-03-23T13:10:00,37.4
11941,2017-03-23T13:30:00,38.2
11942,2017-03-23T13:50:00,38.5
11943,2017-03-23T14:10:00,38.4
11944,2017-03-23T14:30:00,36.8
11945,2017-03-23T14:55:00,38.7
11946,2017-03-23T15:15:00,41.5
11947,2017-03-23T15:35:00,51.3
11948,2017-03-23T15:55:00,51
11949,2017-03-23T16:15:00,48.5
11950,2017-03-23T16:35:00,53
11951,2017-03-23T16:55:00,51.6
11952,2017-03-23T17:15:00,53.2
11953,2017-03-23T17:35:00,55.2
11954,2017-03-23T17:55:00,58.2
11955,2017-03-23T18:15:00,58.5
11956,2017-03-23T18:35:00,57.8
11957,2017-03-23T18:55:00,58.2
11958,2017-04-06T21:50:00,67.7
11959,2017-04-06T22:10:00,68.2
11960,2017-04-06T22:30:00,68.8
11961,2017-04-06T22:50:00,69.1
11962,2017-04-06T23:10:00,68.8
11963,2017-04-06T23:30:00,67.5
11964,2017-04-06T23:50:00,68
11965,2017-04-07T00:10:00,69.4
11966,2017-04-07T00:30:00,70.5
11967,2017-04-07T00:50:00,71
11968,2017-04-07T01:10:00,70.5
11969,2017-04-07T01:30:00,70.7
11970,2017-04-07T01:50:00,70.7
11971,2017-04-07T02:10:00,71.2
11972,2017-04-07T02:30:00,71
11973,2017-04-07T02:55:00,70.7
11974,2017-04-07T03:15:00,70.8
11975,2017-04-07T03:35:00,71
11976,2017-04-07T03:55:00,71.2
11977,2017-04-07T04:15:00,71.5
11978,2017-04-07T04:35:00,72.1
11979,2017-04-07T04:55:00,72.6
11980,2017-04-07T05:15:00,72.4
11981,2017-04-07T05:35:00,72.6
11982,2017-04-07T05:55:00,72.7
11983,2017-04-07T06:15:00,72.9
11984,2017-04-07T06:35:00,72.4
11985,2017-04-07T06:55:00,72.6
11986,2017-04-07T07:15:00,71.3
11987,2017-04-07T07:35:00,69.1
11988,2017-04-07T07:55:00,67.8
11989,2017-04-07T08:15:00,65.3
11990,2017-04-07T08:35:00,63.4
11991,2017-04-07T08:55:00,57.8
11992,2017-04-07T09:15:00,56.3
11993,2017-04-07T09:35:00,54.9
11994,2017-04-07T09:55:00,52.9
11995,2017-04-07T10:15:00,52.6
11996,2017-04-07T10:35:00,48.6
11997,2017-04-07T10:55:00,50.5
11998,2017-04-07T11:15:00,48.6
11999,2017-04-07T11:35:00,46.6
12000,2017-04-07T11:55:00,45.1
12001,2017-04-07T12:15:00,42.9
12002,2017-04-07T12:35:00,41.2
12003,2017-04-07T12:55:00,39.9
12004,2017-04-07T13:15:00,40.4
12005,2017-04-07T13:35:00,39.3
12006,2017-04-07T13:55:00,38.2
12007,2017-04-07T14:20:00,38.8
12008,2017-04-07T14:40:00,40.7
12009,2017-03-24T06:40:00,47.3
12010,2017-03-24T07:00:00,41.4
12011,2017-03-24T07:20:00,39.9
12012,2017-03-24T07:40:00,39.9
12013,2017-03-24T08:00:00,42
12014,2017-03-24T08:20:00,45
12015,2017-03-24T08:40:00,39.8
12016,2017-03-24T09:00:00,40.6
12017,2017-03-24T09:20:00,34.4
12018,2017-03-24T09:40:00,36
12019,2017-03-24T10:00:00,35.7
12020,2017-03-24T10:20:00,30
12021,2017-03-24T10:40:00,29.5
12022,2017-03-24T11:00:00,29.8
12023,2017-03-24T11:20:00,26.5
12024,2017-03-24T11:40:00,27.2
12025,2017-03-24T12:00:00,26.7
12026,2017-03-24T12:20:00,26.9
12027,2017-03-24T12:40:00,27
12028,2017-03-24T13:00:00,26.9
12029,2017-03-24T13:25:00,23.1
12030,2017-03-24T13:45:00,25
12031,2017-03-24T14:05:00,26.4
12032,2017-03-24T14:25:00,26.7
12033,2017-03-24T14:45:00,27.3
12034,2017-03-24T15:05:00,29.8
12035,2017-03-24T15:25:00,33.2
12036,2017-03-24T15:45:00,34.7
12037,2017-03-24T16:05:00,33
12038,2017-03-24T16:25:00,36.8
12039,2017-03-24T16:45:00,36
12040,2017-03-24T17:05:00,38
12041,2017-03-24T17:25:00,40.6
12042,2017-03-24T17:45:00,38.5
12043,2017-03-24T18:05:00,37.6
12044,2017-03-24T18:25:00,42
12045,2017-03-24T18:45:00,44.5
12046,2017-03-24T19:05:00,49.1
12047,2017-03-24T19:25:00,52.1
12048,2017-03-24T19:45:00,53.8
12049,2017-03-24T20:05:00,54
12050,2017-03-24T20:25:00,55.7
12051,2017-03-24T20:45:00,57
12052,2017-03-24T21:05:00,58.5
12053,2017-03-24T21:25:00,58.9
12054,2017-03-24T21:45:00,59.8
12055,2017-03-24T22:05:00,60.3
12056,2017-03-24T22:25:00,60.4
12057,2017-03-24T22:45:00,60.8
12058,2017-03-24T23:05:00,61.2
12059,2017-03-24T23:25:00,62
12060,2017-03-24T23:45:00,62.6
12061,2017-03-25T00:05:00,63.1
12062,2017-03-25T00:25:00,63.7
12063,2017-03-25T00:50:00,63.7
12064,2017-03-25T01:10:00,63.9
12065,2017-03-25T01:30:00,63.7
12066,2017-03-25T01:50:00,64.1
12067,2017-03-25T02:10:00,64.2
12068,2017-03-25T02:30:00,64.5
12069,2017-03-25T02:50:00,64.9
12070,2017-03-25T03:10:00,65.2
12071,2017-03-25T03:30:00,65
12072,2017-03-25T03:50:00,65.2
12073,2017-03-25T04:10:00,66.1
12074,2017-03-25T04:30:00,67.1
12075,2017-03-25T04:50:00,67.4
12076,2017-03-25T05:10:00,67.4
12077,2017-03-25T05:30:00,66.7
12078,2017-03-25T05:50:00,64.5
12079,2017-03-25T06:10:00,62
12080,2017-03-25T06:30:00,58.7
12081,2017-03-25T06:50:00,55.1
12082,2017-03-25T07:10:00,51.9
12083,2017-03-25T07:30:00,49.1
12084,2017-03-25T07:50:00,48.6
12085,2017-03-25T08:10:00,49.7
12086,2017-03-25T08:30:00,47
12087,2017-03-25T08:50:00,43.6
12088,2017-03-25T09:10:00,41.7
12089,2017-03-25T09:30:00,35.7
12090,2017-03-25T09:50:00,34.1
12091,2017-03-25T10:10:00,31.6
12092,2017-03-25T10:30:00,27
12093,2017-03-25T10:50:00,24
12094,2017-03-25T11:10:00,23.7
12095,2017-03-25T11:30:00,22.3
12096,2017-03-25T11:50:00,18.8
12097,2017-03-25T12:15:00,19
12098,2017-03-25T12:35:00,18.8
12099,2017-03-25T12:55:00,20.4
12100,2017-03-25T13:15:00,20.1
12101,2017-03-25T13:35:00,19.6
12102,2017-03-25T13:55:00,23.7
12103,2017-03-25T14:15:00,25.7
12104,2017-03-25T14:35:00,31
12105,2017-03-25T14:55:00,35.5
12106,2017-03-25T15:15:00,40.9
12107,2017-03-25T15:35:00,45.9
12108,2017-03-25T15:55:00,48.9
12109,2017-03-25T16:15:00,51.8
12110,2017-03-25T16:35:00,54
12111,2017-03-25T16:55:00,55.5
12112,2017-03-25T17:15:00,55.7
12113,2017-03-25T17:35:00,57.4
12114,2017-03-25T17:55:00,58.2
12115,2017-03-25T18:15:00,59.2
12116,2017-03-25T18:35:00,59.8
12117,2017-03-25T18:55:00,60.3
12118,2017-03-25T19:15:00,61.4
12119,2017-03-25T19:35:00,61.9
12120,2017-03-25T19:55:00,63
12121,2017-03-25T20:15:00,63.4
12122,2017-03-25T20:35:00,64.2
12123,2017-03-25T20:55:00,63.9
12124,2017-03-25T21:15:00,64.1
12125,2017-03-25T21:35:00,63.9
12126,2017-03-25T21:55:00,64.2
12127,2017-03-25T22:15:00,65
12128,2017-03-25T22:35:00,66
12129,2017-03-25T22:55:00,66.3
12130,2017-03-25T23:15:00,66.9
12131,2017-03-25T23:40:00,67.4
12132,2017-03-26T00:00:00,67.2
12133,2017-03-26T00:20:00,66.9
12134,2017-03-26T00:40:00,67.1
12135,2017-03-26T01:00:00,67.1
12136,2017-03-26T01:20:00,66.4
12137,2017-03-26T01:40:00,66.3
12138,2017-03-26T03:00:00,66.7
12139,2017-03-26T03:20:00,67.1
12140,2017-03-26T03:40:00,68.3
12141,2017-03-26T04:00:00,67.8
12142,2017-03-26T04:20:00,68.5
12143,2017-03-26T04:40:00,67.4
12144,2017-03-26T05:00:00,68.2
12145,2017-03-26T05:20:00,67.4
12146,2017-03-26T05:40:00,66.9
12147,2017-03-26T06:00:00,57.3
12148,2017-03-26T06:20:00,61.5
12149,2017-03-26T06:40:00,55.9
12150,2017-03-26T07:00:00,52.4
12151,2017-03-26T07:20:00,51.9
12152,2017-03-26T07:40:00,45.5
12153,2017-03-26T08:00:00,43.7
12154,2017-03-26T08:20:00,44.8
12155,2017-03-26T08:40:00,45.1
12156,2017-03-26T09:00:00,47.7
12157,2017-03-26T09:20:00,42.5
12158,2017-03-26T09:40:00,42.6
12159,2017-03-26T10:00:00,39.9
12160,2017-03-26T10:20:00,41.5
12161,2017-03-26T10:45:00,42.3
12162,2017-03-26T11:05:00,42.6
12163,2017-03-26T11:25:00,39.2
12164,2017-03-26T11:45:00,40.3
12165,2017-03-26T12:05:00,39.5
12166,2017-03-26T12:25:00,37.7
12167,2017-03-26T12:45:00,39.6
12168,2017-03-26T13:05:00,39.6
12169,2017-03-26T13:25:00,35.5
12170,2017-03-26T13:45:00,39.2
12171,2017-03-26T14:05:00,36.9
12172,2017-03-26T14:25:00,37.6
12173,2017-03-26T14:45:00,41
12174,2017-03-26T15:05:00,43.1
12175,2017-03-26T15:25:00,47.3
12176,2017-03-26T15:45:00,47.5
12177,2017-03-26T16:05:00,49.1
12178,2017-03-26T16:25:00,51.9
12179,2017-03-26T16:45:00,55.1
12180,2017-03-26T17:05:00,56.5
12181,2017-03-26T17:25:00,58.2
12182,2017-03-26T17:45:00,60.4
12183,2017-03-26T18:05:00,62.3
12184,2017-03-26T18:25:00,63.1
12185,2017-03-26T18:45:00,64.1
12186,2017-03-26T19:05:00,64.9
12187,2017-03-26T19:25:00,66
12188,2017-03-26T19:45:00,66
12189,2017-03-26T20:05:00,66.4
12190,2017-03-26T20:25:00,67.2
12191,2017-03-26T20:45:00,67.1
12192,2017-03-26T21:05:00,67.7
12193,2017-03-26T21:25:00,67.2
12194,2017-03-26T21:45:00,67.5
12195,2017-03-26T22:10:00,67.5
12196,2017-03-26T22:30:00,68.5
12197,2017-03-26T22:50:00,69.4
12198,2017-03-26T23:10:00,70.1
12199,2017-03-26T23:30:00,70.4
12200,2017-03-26T23:50:00,70.7
12201,2017-03-27T00:10:00,70.4
12202,2017-03-27T00:30:00,69.4
12203,2017-03-27T00:50:00,69.1
12204,2017-03-27T01:10:00,69.9
12205,2017-03-27T01:30:00,70.2
12206,2017-03-27T01:50:00,70.8
12207,2017-03-27T02:10:00,71.2
12208,2017-03-27T02:30:00,70.5
12209,2017-03-27T02:50:00,70.1
12210,2017-03-27T03:10:00,70.7
12211,2017-03-27T03:30:00,70.5
12212,2017-03-27T03:50:00,70.4
12213,2017-03-27T04:10:00,70.8
12214,2017-03-27T04:30:00,71.2
12215,2017-03-27T04:50:00,71.8
12216,2017-03-27T05:10:00,71.2
12217,2017-03-27T05:30:00,70.5
12218,2017-03-27T05:50:00,70.4
12219,2017-03-27T06:10:00,69.6
12220,2017-03-27T06:30:00,69.9
12221,2017-03-27T06:50:00,69.1
12222,2017-03-27T07:10:00,68
12223,2017-03-27T07:30:00,66.9
12224,2017-03-27T07:50:00,67.2
12225,2017-03-27T08:10:00,64.9
12226,2017-03-27T08:30:00,55.7
12227,2017-03-27T08:50:00,55.1
12228,2017-03-27T09:10:00,50
12229,2017-03-27T09:35:00,50.7
12230,2017-03-27T09:55:00,51.4
12231,2017-03-27T10:15:00,50
12232,2017-03-27T10:35:00,52.9
12233,2017-03-27T10:55:00,47.8
12234,2017-03-27T11:15:00,48.3
12235,2017-03-27T11:35:00,49.4
12236,2017-03-27T11:55:00,48.1
12237,2017-03-27T12:15:00,49.4
12238,2017-03-27T12:35:00,50.5
12239,2017-03-27T12:55:00,47.2
12240,2017-03-27T13:15:00,48.5
12241,2017-03-27T13:35:00,48
12242,2017-03-27T13:55:00,47.5
12243,2017-03-27T14:15:00,48.8
12244,2017-03-27T14:35:00,49.1
12245,2017-03-27T14:55:00,49.7
12246,2017-03-27T15:15:00,50.8
12247,2017-03-27T15:35:00,53.7
12248,2017-03-27T15:55:00,53.7
12249,2017-03-27T16:15:00,54.9
12250,2017-03-27T16:35:00,56.5
12251,2017-03-27T16:55:00,58.1
12252,2017-03-27T17:15:00,59.2
12253,2017-03-27T17:35:00,60
12254,2017-03-27T17:55:00,61.4
12255,2017-03-27T18:15:00,63
12256,2017-03-27T18:35:00,64.7
12257,2017-03-27T18:55:00,65.3
12258,2017-03-27T19:15:00,66.6
12259,2017-03-27T19:35:00,67.1
12260,2017-03-27T19:55:00,68.9
12261,2017-03-27T20:15:00,70.8
12262,2017-03-27T20:35:00,70.8
12263,2017-03-27T21:00:00,71.6
12264,2017-03-27T21:20:00,71.9
12265,2017-03-27T21:40:00,72.4
12266,2017-03-27T22:00:00,72.1
12267,2017-03-27T22:20:00,72.4
12268,2017-03-27T22:40:00,72.1
12269,2017-03-27T23:00:00,72.4
12270,2017-03-27T23:20:00,71.9
12271,2017-03-27T23:40:00,72.1
12272,2017-03-28T00:00:00,72.4
12273,2017-03-28T00:20:00,72.4
12274,2017-03-28T00:40:00,72.4
12275,2017-03-28T01:00:00,72.1
12276,2017-03-28T01:20:00,72.3
12277,2017-03-28T01:40:00,72.4
12278,2017-03-28T02:00:00,72.6
12279,2017-03-28T02:20:00,73
12280,2017-03-28T02:40:00,72.6
12281,2017-03-28T03:00:00,72.4
12282,2017-03-28T03:20:00,72.4
12283,2017-03-28T03:40:00,72.1
12284,2017-03-28T04:00:00,72.4
12285,2017-03-28T04:20:00,72.6
12286,2017-03-28T04:40:00,72.9
12287,2017-03-28T05:00:00,72.9
12288,2017-03-28T05:20:00,73.2
12289,2017-03-28T05:40:00,72.9
12290,2017-03-28T06:00:00,72.6
12291,2017-03-28T06:20:00,71.2
12292,2017-03-28T06:40:00,68.6
12293,2017-03-28T07:00:00,67.8
12294,2017-03-28T07:20:00,67.5
12295,2017-03-28T07:40:00,67.2
12296,2017-03-28T08:05:00,66.4
12297,2017-03-28T08:25:00,66.6
12298,2017-03-28T08:45:00,66
12299,2017-03-28T09:05:00,62.5
12300,2017-03-28T09:25:00,62.5
12301,2017-03-28T09:45:00,64.2
12302,2017-03-28T10:05:00,62.2
12303,2017-03-28T10:25:00,61.7
12304,2017-03-28T10:45:00,61.9
12305,2017-03-28T11:05:00,63.9
12306,2017-03-28T11:25:00,55.7
12307,2017-03-28T11:45:00,55.1
12308,2017-03-28T12:05:00,56
12309,2017-03-28T12:25:00,60.4
12310,2017-03-28T12:45:00,58.5
12311,2017-03-28T13:05:00,60.1
12312,2017-03-28T13:25:00,60.4
12313,2017-03-28T13:45:00,62.2
12314,2017-03-28T14:05:00,60
12315,2017-03-28T14:25:00,59.6
12316,2017-03-28T14:45:00,59
12317,2017-03-28T15:05:00,60.1
12318,2017-03-28T15:25:00,61.5
12319,2017-03-28T15:45:00,60.9
12320,2017-03-28T16:05:00,63.3
12321,2017-03-28T16:25:00,66.9
12322,2017-03-28T16:45:00,67.7
12323,2017-03-28T17:05:00,69.1
12324,2017-03-28T17:25:00,68.9
12325,2017-03-28T17:45:00,69.9
12326,2017-03-28T18:05:00,70.8
12327,2017-03-28T18:25:00,71.2
12328,2017-03-28T18:45:00,71.3
12329,2017-03-28T19:05:00,71.3
12330,2017-03-28T19:30:00,71.6
12331,2017-03-28T19:50:00,71.6
12332,2017-03-28T20:10:00,71.9
12333,2017-03-28T20:30:00,72.1
12334,2017-03-28T20:50:00,71.5
12335,2017-03-28T21:10:00,66.7
12336,2017-03-28T21:30:00,65.8
12337,2017-03-28T21:50:00,64.7
12338,2017-03-28T22:10:00,64.7
12339,2017-03-28T22:30:00,64.7
12340,2017-03-28T22:50:00,64.9
12341,2017-03-28T23:10:00,65.3
12342,2017-03-28T23:30:00,67.5
12343,2017-03-28T23:50:00,69.1
12344,2017-03-29T00:10:00,68.8
12345,2017-03-29T00:30:00,68.2
12346,2017-03-29T00:50:00,68.8
12347,2017-03-29T01:10:00,68.8
12348,2017-03-29T01:30:00,68.8
12349,2017-03-29T01:50:00,68.9
12350,2017-03-29T02:10:00,68.5
12351,2017-03-29T02:30:00,68.5
12352,2017-03-29T02:50:00,67.8
12353,2017-03-29T03:10:00,67.8
12354,2017-03-29T03:30:00,67.8
12355,2017-03-29T03:50:00,68.5
12356,2017-03-29T04:10:00,68.8
12357,2017-03-29T04:30:00,68.5
12358,2017-03-29T04:50:00,69.3
12359,2017-03-29T05:10:00,69.6
12360,2017-03-29T05:30:00,70.1
12361,2017-03-29T05:50:00,70.1
12362,2017-03-29T06:10:00,70.2
12363,2017-03-29T06:30:00,70.8
12364,2017-03-29T06:55:00,70.7
12365,2017-03-29T07:15:00,70.7
12366,2017-03-29T07:35:00,69.9
12367,2017-03-29T07:55:00,69.3
12368,2017-03-29T08:15:00,68.6
12369,2017-03-29T08:35:00,67.7
12370,2017-03-29T08:55:00,68
12371,2017-03-29T09:15:00,69.3
12372,2017-03-29T09:35:00,68.8
12373,2017-03-29T09:55:00,68.3
12374,2017-03-29T10:15:00,66
12375,2017-03-29T10:35:00,64.4
12376,2017-03-29T10:55:00,64.4
12377,2017-03-29T11:15:00,63.9
12378,2017-03-29T11:35:00,64.2
12379,2017-03-29T11:55:00,64.4
12380,2017-03-29T12:15:00,64.7
12381,2017-03-29T12:35:00,66.9
12382,2017-03-29T12:55:00,66.3
12383,2017-03-29T13:15:00,62
12384,2017-03-29T13:35:00,60.1
12385,2017-03-29T13:55:00,59
12386,2017-03-29T14:15:00,58.9
12387,2017-03-29T14:35:00,58.9
12388,2017-03-29T14:55:00,59.5
12389,2017-03-29T15:15:00,60.1
12390,2017-03-29T15:35:00,60.3
12391,2017-03-29T15:55:00,60.8
12392,2017-03-29T16:15:00,60.3
12393,2017-03-29T16:35:00,60.6
12394,2017-03-29T16:55:00,60.4
12395,2017-03-29T17:15:00,61.1
12396,2017-03-29T17:35:00,61.4
12397,2017-03-29T17:55:00,63
12398,2017-03-29T18:20:00,63.4
12399,2017-03-29T18:40:00,63.7
12400,2017-03-29T19:00:00,64.5
12401,2017-03-29T19:20:00,65
12402,2017-03-29T19:40:00,63.6
12403,2017-03-29T20:00:00,63
12404,2017-03-29T20:20:00,61.9
12405,2017-03-29T20:40:00,61.5
12406,2017-03-29T21:00:00,60.8
12407,2017-03-29T21:20:00,59.6
12408,2017-03-29T21:40:00,60.1
12409,2017-03-29T22:00:00,59.6
12410,2017-03-29T22:20:00,59.3
12411,2017-03-29T22:40:00,59.8
12412,2017-03-29T23:00:00,59.8
12413,2017-03-29T23:20:00,60
12414,2017-03-29T23:40:00,60.3
12415,2017-03-30T00:00:00,60.1
12416,2017-03-30T00:20:00,60.1
12417,2017-03-30T01:00:00,62
12418,2017-03-30T01:20:00,63.1
12419,2017-03-30T01:40:00,63.7
12420,2017-03-30T02:00:00,63.1
12421,2017-03-30T02:20:00,64.1
12422,2017-03-30T02:40:00,65.6
12423,2017-03-30T03:00:00,65.6
12424,2017-03-30T03:20:00,67.2
12425,2017-03-30T03:40:00,67.5
12426,2017-03-30T04:00:00,69.7
12427,2017-03-30T04:20:00,70.2
12428,2017-03-30T04:40:00,71
12429,2017-03-30T05:00:00,72.1
12430,2017-03-30T05:20:00,73
12431,2017-03-30T05:45:00,73.4
12432,2017-03-30T06:05:00,73.7
12433,2017-03-30T06:25:00,74.2
12434,2017-03-30T06:45:00,74.6
12435,2017-03-30T07:05:00,74.6
12436,2017-03-30T07:25:00,74.6
12437,2017-03-30T07:45:00,74.8
12438,2017-03-30T08:05:00,75.1
12439,2017-03-30T08:25:00,75.1
12440,2017-03-30T08:45:00,75.3
12441,2017-03-30T09:05:00,75.3
12442,2017-03-30T09:25:00,75.6
12443,2017-03-30T09:45:00,75.9
12444,2017-03-30T10:05:00,75.1
12445,2017-03-30T10:25:00,75.4
12446,2017-03-30T10:45:00,75.3
12447,2017-03-30T11:05:00,74.6
12448,2017-03-30T11:25:00,74.3
12449,2017-03-30T11:45:00,73.8
12450,2017-03-30T12:05:00,74.3
12451,2017-03-30T12:25:00,74.3
12452,2017-03-30T12:45:00,73.4
12453,2017-03-30T13:45:00,70.2
12454,2017-03-30T14:05:00,70.8
12455,2017-03-30T14:25:00,70.7
12456,2017-03-30T14:45:00,70.7
12457,2017-03-30T15:05:00,70.7
12458,2017-03-30T15:25:00,70.5
12459,2017-03-30T15:45:00,70.1
12460,2017-03-30T16:05:00,70.1
12461,2017-03-30T16:25:00,70.2
12462,2017-03-30T16:50:00,70.2
12463,2017-03-30T17:10:00,69.9
12464,2017-03-30T17:30:00,70.4
12465,2017-03-30T17:50:00,70.7
12466,2017-03-30T18:10:00,70.8
12467,2017-03-30T18:30:00,70.5
12468,2017-03-30T18:50:00,70.5
12469,2017-03-30T19:10:00,70.8
12470,2017-03-30T19:30:00,70.8
12471,2017-03-30T19:50:00,71
12472,2017-03-30T20:10:00,71.2
12473,2017-03-30T20:30:00,71.3
12474,2017-03-30T20:50:00,71.8
12475,2017-03-30T21:10:00,71.8
12476,2017-03-30T21:30:00,71.5
12477,2017-03-30T21:50:00,71.2
12478,2017-03-30T22:10:00,71.6
12479,2017-03-30T22:30:00,71.8
12480,2017-03-30T22:50:00,71.6
12481,2017-03-30T23:10:00,71.6
12482,2017-03-30T23:30:00,71.9
12483,2017-03-30T23:50:00,71.8
12484,2017-03-31T00:10:00,72.1
12485,2017-03-31T00:30:00,72.7
12486,2017-03-31T00:50:00,72.1
12487,2017-03-31T01:10:00,71.9
12488,2017-03-31T01:30:00,69.9
12489,2017-03-31T01:50:00,70.2
12490,2017-03-31T02:10:00,69.4
12491,2017-03-31T02:30:00,68.8
12492,2017-03-31T02:50:00,67.4
12493,2017-03-31T03:10:00,67.2
12494,2017-03-31T03:30:00,66.7
12495,2017-03-31T03:50:00,67.2
12496,2017-03-31T04:15:00,66.4
12497,2017-03-31T04:35:00,66.1
12498,2017-03-31T04:55:00,66.1
12499,2017-03-31T05:15:00,66.6
12500,2017-03-31T05:35:00,66.1
12501,2017-03-31T05:55:00,65.8
12502,2017-03-31T06:15:00,64.7
12503,2017-03-31T06:35:00,63.4
12504,2017-03-31T06:55:00,63.1
12505,2017-03-31T07:15:00,62.2
12506,2017-03-31T07:35:00,59.5
12507,2017-03-31T07:55:00,61.2
12508,2017-03-31T08:15:00,63
12509,2017-03-31T08:35:00,62.8
12510,2017-03-31T08:55:00,63.7
12511,2017-03-31T09:15:00,60.6
12512,2017-03-31T09:35:00,60
12513,2017-03-31T09:55:00,59.3
12514,2017-03-31T10:15:00,59.8
12515,2017-03-31T10:35:00,58.2
12516,2017-03-31T10:55:00,59.5
12517,2017-03-31T11:15:00,57.4
12518,2017-03-31T11:35:00,59
12519,2017-03-31T11:55:00,57.3
12520,2017-03-31T12:15:00,58.5
12521,2017-03-31T12:35:00,56.3
12522,2017-03-31T12:55:00,52.9
12523,2017-03-31T13:15:00,53.8
12524,2017-03-31T13:35:00,52.6
12525,2017-03-31T13:55:00,59.3
12526,2017-03-31T14:15:00,57
12527,2017-03-31T14:35:00,58.4
12528,2017-03-31T14:55:00,55.4
12529,2017-03-31T15:15:00,54.8
12530,2017-03-31T15:40:00,55.4
12531,2017-03-31T16:00:00,55.5
12532,2017-03-31T16:20:00,57.3
12533,2017-03-31T16:40:00,59.8
12534,2017-03-31T17:00:00,60.6
12535,2017-03-31T17:20:00,60.6
12536,2017-03-31T17:40:00,60.9
12537,2017-03-31T18:00:00,61.7
12538,2017-03-31T18:20:00,62.5
12539,2017-03-31T18:40:00,61.5
12540,2017-03-31T19:00:00,61.9
12541,2017-03-31T19:20:00,63.3
12542,2017-03-31T19:40:00,62.3
12543,2017-03-31T20:00:00,61.9
12544,2017-03-31T20:20:00,61.4
12545,2017-03-31T20:40:00,61.2
12546,2017-03-31T21:00:00,61.4
12547,2017-03-31T21:20:00,62
12548,2017-03-31T21:40:00,66
12549,2017-03-31T22:00:00,65.3
12550,2017-03-31T22:20:00,62.2
12551,2017-03-31T22:40:00,62.3
12552,2017-03-31T23:00:00,61.5
12553,2017-03-31T23:20:00,61.2
12554,2017-03-31T23:40:00,62.5
12555,2017-04-01T00:00:00,63.9
12556,2017-04-01T00:20:00,65.2
12557,2017-04-01T00:40:00,65.8
12558,2017-04-01T01:00:00,67.5
12559,2017-04-01T01:20:00,69.1
12560,2017-04-01T01:40:00,70.1
12561,2017-04-01T02:00:00,71.2
12562,2017-04-01T02:20:00,71.6
12563,2017-04-01T02:40:00,71.8
12564,2017-04-01T03:05:00,71.9
12565,2017-04-01T03:25:00,71.6
12566,2017-04-01T03:45:00,71.6
12567,2017-04-01T04:05:00,72.6
12568,2017-04-01T04:25:00,72.7
12569,2017-04-01T04:45:00,73.2
12570,2017-04-01T05:05:00,72.6
12571,2017-04-01T05:25:00,73
12572,2017-04-01T05:45:00,72.4
12573,2017-04-01T06:05:00,72.6
12574,2017-04-01T06:25:00,70.5
12575,2017-04-01T06:45:00,69.7
12576,2017-04-01T07:05:00,69.3
12577,2017-04-01T07:25:00,68.8
12578,2017-04-01T07:45:00,67.4
12579,2017-04-01T08:05:00,62.8
12580,2017-04-01T08:25:00,62.3
12581,2017-04-01T08:45:00,54.1
12582,2017-04-01T09:05:00,52.6
12583,2017-04-01T09:25:00,49.9
12584,2017-04-01T09:45:00,48
12585,2017-04-01T10:05:00,49.6
12586,2017-04-01T10:25:00,45
12587,2017-04-01T10:45:00,48
12588,2017-04-01T11:05:00,48
12589,2017-04-01T11:25:00,51
12590,2017-04-01T11:45:00,47.3
12591,2017-04-01T12:05:00,45.6
12592,2017-04-01T12:25:00,41.7
12593,2017-04-01T12:45:00,37.9
12594,2017-04-01T13:05:00,36.9
12595,2017-04-01T13:25:00,38.5
12596,2017-04-01T13:45:00,39.9
12597,2017-04-01T14:05:00,41.7
12598,2017-04-01T14:30:00,39.3
12599,2017-04-01T14:50:00,39.9
12600,2017-04-01T15:10:00,41.4
12601,2017-04-01T15:30:00,41.5
12602,2017-04-01T15:50:00,42.3
12603,2017-04-01T16:10:00,43.4
12604,2017-04-01T16:30:00,45
12605,2017-04-01T16:50:00,46.7
12606,2017-04-01T17:10:00,47.7
12607,2017-04-01T17:30:00,49.2
12608,2017-04-01T17:50:00,50.3
12609,2017-04-01T18:10:00,51.6
12610,2017-04-01T18:30:00,51.8
12611,2017-04-01T18:50:00,51.9
12612,2017-04-01T19:10:00,53.5
12613,2017-04-01T19:30:00,53.5
12614,2017-04-01T19:50:00,54.1
12615,2017-04-01T20:10:00,55.1
12616,2017-04-01T20:30:00,55.9
12617,2017-04-01T20:50:00,56.7
12618,2017-04-01T21:10:00,57.4
12619,2017-04-01T21:30:00,58.4
12620,2017-04-01T21:50:00,58.4
12621,2017-04-01T22:10:00,58.4
12622,2017-04-01T22:30:00,60
12623,2017-04-01T22:50:00,61.9
12624,2017-04-01T23:10:00,61.7
12625,2017-04-01T23:30:00,62.5
12626,2017-04-01T23:50:00,62.8
12627,2017-04-02T00:10:00,65.5
12628,2017-04-02T00:30:00,64.5
12629,2017-04-02T00:50:00,64.1
12630,2017-04-02T01:10:00,65.3
12631,2017-04-02T01:35:00,63.3
12632,2017-04-02T01:55:00,66.6
12633,2017-04-02T02:15:00,64.2
12634,2017-04-02T02:35:00,63.4
12635,2017-04-02T02:55:00,63.1
12636,2017-04-02T03:15:00,63.1
12637,2017-04-02T03:35:00,64.7
12638,2017-04-02T03:55:00,64.2
12639,2017-04-02T04:15:00,62.2
12640,2017-04-02T04:35:00,63.9
12641,2017-04-02T04:55:00,66.9
12642,2017-04-02T05:15:00,68.9
12643,2017-04-02T05:35:00,67.2
12644,2017-04-02T05:55:00,55.9
12645,2017-04-02T06:15:00,58.2
12646,2017-04-02T06:35:00,59.5
12647,2017-04-02T06:55:00,60.3
12648,2017-04-02T07:15:00,51.9
12649,2017-04-02T07:35:00,49.2
12650,2017-04-02T07:55:00,46.7
12651,2017-04-02T08:15:00,48.5
12652,2017-04-02T08:35:00,47.2
12653,2017-04-02T08:55:00,46.6
12654,2017-04-02T09:15:00,42.5
12655,2017-04-02T09:35:00,41.2
12656,2017-04-02T09:55:00,37.7
12657,2017-04-02T10:15:00,38.2
12658,2017-04-02T10:35:00,37.7
12659,2017-04-02T10:55:00,43.1
12660,2017-04-02T11:15:00,46.6
12661,2017-04-02T11:35:00,48
12662,2017-04-02T11:55:00,47.2
12663,2017-04-02T12:15:00,43.6
12664,2017-04-02T12:35:00,46.6
12665,2017-04-02T13:00:00,35.4
12666,2017-04-02T13:20:00,40.3
12667,2017-04-02T13:40:00,45.3
12668,2017-04-02T14:00:00,47
12669,2017-04-02T14:20:00,49.7
12670,2017-04-02T14:40:00,50.8
12671,2017-04-02T15:00:00,51
12672,2017-04-02T15:20:00,51
12673,2017-04-02T15:40:00,56
12674,2017-04-02T16:00:00,57.1
12675,2017-04-02T16:20:00,58.1
12676,2017-04-02T16:40:00,58.4
12677,2017-04-02T17:00:00,57.8
12678,2017-04-02T17:20:00,57.4
12679,2017-04-02T17:40:00,60.3
12680,2017-04-02T18:00:00,62.2
12681,2017-04-02T18:20:00,62
12682,2017-04-02T18:40:00,61.9
12683,2017-04-02T19:00:00,62.5
12684,2017-04-02T19:20:00,62.8
12685,2017-04-02T19:40:00,62.5
12686,2017-04-02T20:00:00,61.9
12687,2017-04-02T20:20:00,63.1
12688,2017-04-02T20:40:00,64.7
12689,2017-04-02T21:00:00,64.5
12690,2017-04-02T21:20:00,64.7
12691,2017-04-02T21:40:00,64.9
12692,2017-04-02T22:00:00,64.4
12693,2017-04-02T22:20:00,65.2
12694,2017-04-02T22:40:00,65.3
12695,2017-04-02T23:00:00,65.8
12696,2017-04-02T23:20:00,66.6
12697,2017-04-02T23:40:00,66.3
12698,2017-04-03T00:00:00,66.7
12699,2017-04-03T00:25:00,66
12700,2017-04-03T00:45:00,66
12701,2017-04-03T01:05:00,65.6
12702,2017-04-03T01:25:00,65.3
12703,2017-04-03T01:45:00,65.3
12704,2017-04-03T02:05:00,65.8
12705,2017-04-03T02:25:00,66
12706,2017-04-03T02:45:00,66.3
12707,2017-04-03T03:05:00,66.6
12708,2017-04-03T03:25:00,66.7
12709,2017-04-03T03:45:00,67.5
12710,2017-04-03T04:05:00,67.5
12711,2017-04-03T04:25:00,68.3
12712,2017-04-03T04:45:00,68
12713,2017-04-03T05:05:00,63.7
12714,2017-04-03T05:25:00,57.4
12715,2017-04-03T05:45:00,53.5
12716,2017-04-03T06:10:00,54.3
12717,2017-04-03T06:30:00,56.8
12718,2017-04-03T06:50:00,60
12719,2017-04-03T07:10:00,55.1
12720,2017-04-03T07:30:00,50.5
12721,2017-04-03T07:50:00,46.9
12722,2017-04-03T08:15:00,43.7
12723,2017-04-03T08:35:00,38.4
12724,2017-04-03T08:55:00,42.3
12725,2017-04-03T09:15:00,45.8
12726,2017-04-03T09:35:00,39.5
12727,2017-04-03T09:55:00,39.3
12728,2017-04-03T10:15:00,35.8
12729,2017-04-03T10:35:00,36.3
12730,2017-04-03T10:55:00,37.4
12731,2017-04-03T11:15:00,31.6
12732,2017-04-03T11:35:00,34.1
12733,2017-04-03T11:55:00,40.1
12734,2017-04-03T12:15:00,33.3
12735,2017-04-03T12:35:00,33.9
12736,2017-04-03T12:55:00,33.5
12737,2017-04-03T13:15:00,35.8
12738,2017-04-03T13:35:00,33.5
12739,2017-04-03T13:55:00,39.9
12740,2017-04-03T14:15:00,42.3
12741,2017-04-03T14:35:00,43.3
12742,2017-04-03T14:55:00,47.5
12743,2017-04-03T15:15:00,46.9
12744,2017-04-03T15:35:00,48
12745,2017-04-03T15:55:00,50.8
12746,2017-04-03T16:15:00,52.9
12747,2017-04-03T16:35:00,54.9
12748,2017-04-03T16:55:00,55.2
12749,2017-04-03T17:15:00,56.3
12750,2017-04-03T17:35:00,56.7
12751,2017-04-03T17:55:00,57.9
12752,2017-04-03T18:15:00,50.5
12753,2017-04-03T18:35:00,48.3
12754,2017-04-03T18:55:00,48.9
12755,2017-04-03T19:15:00,50.8
12756,2017-04-03T19:40:00,52.2
12757,2017-04-03T20:00:00,52.6
12758,2017-04-03T20:20:00,54
12759,2017-04-03T20:40:00,54.9
12760,2017-04-03T21:00:00,56.3
12761,2017-04-03T21:20:00,58.1
12762,2017-04-03T21:40:00,59.5
12763,2017-04-03T22:00:00,60.1
12764,2017-04-03T22:20:00,61.2
12765,2017-04-03T22:40:00,62.3
12766,2017-04-03T23:00:00,62.8
12767,2017-04-03T23:20:00,63.9
12768,2017-04-03T23:40:00,65.2
12769,2017-04-04T00:00:00,65.8
12770,2017-04-04T01:00:00,67.1
12771,2017-04-04T01:20:00,67.8
12772,2017-04-04T01:40:00,68.6
12773,2017-04-04T02:00:00,68.6
12774,2017-04-04T02:20:00,69.4
12775,2017-04-04T02:40:00,69.3
12776,2017-04-04T03:00:00,68.6
12777,2017-04-04T03:20:00,68.3
12778,2017-04-04T03:40:00,67.8
12779,2017-04-04T04:00:00,67.2
12780,2017-04-04T04:20:00,67.2
12781,2017-04-04T04:40:00,67.1
12782,2017-04-04T05:00:00,66.1
12783,2017-04-04T05:20:00,54.4
12784,2017-04-04T05:40:00,51
12785,2017-04-04T06:00:00,49.9
12786,2017-04-04T06:20:00,49.1
12787,2017-04-04T06:40:00,48
12788,2017-04-04T07:05:00,47.3
12789,2017-04-04T07:25:00,47.7
12790,2017-04-04T07:45:00,48.1
12791,2017-04-04T08:05:00,41.4
12792,2017-04-04T08:25:00,39.5
12793,2017-04-04T08:45:00,39.5
12794,2017-04-04T09:05:00,36.3
12795,2017-04-04T09:25:00,35.7
12796,2017-04-04T09:45:00,35.1
12797,2017-04-04T10:05:00,37.4
12798,2017-04-04T10:25:00,43.4
12799,2017-04-04T10:45:00,45.5
12800,2017-04-04T11:05:00,45.1
12801,2017-04-04T11:25:00,42.1
12802,2017-04-04T11:45:00,43.3
12803,2017-04-04T12:05:00,41.7
12804,2017-04-04T12:25:00,39
12805,2017-04-04T12:45:00,39.8
12806,2017-04-04T13:05:00,36.6
12807,2017-04-04T13:25:00,41.7
12808,2017-04-04T13:45:00,37.1
12809,2017-04-04T14:05:00,38.2
12810,2017-04-04T14:25:00,38.5
12811,2017-04-04T14:45:00,35.4
12812,2017-04-04T15:05:00,38.2
12813,2017-04-04T15:25:00,39
12814,2017-04-04T15:45:00,40.4
12815,2017-04-04T16:05:00,40.4
12816,2017-04-04T16:25:00,41.5
12817,2017-04-04T16:45:00,41.7
12818,2017-04-04T17:05:00,41.8
12819,2017-04-04T17:25:00,43.4
12820,2017-04-04T17:45:00,45.1
12821,2017-04-04T18:10:00,47.5
12822,2017-04-04T18:30:00,48.5
12823,2017-04-04T18:50:00,49.6
12824,2017-04-04T19:10:00,51.3
12825,2017-04-04T19:30:00,53.5
12826,2017-04-04T19:50:00,54.8
12827,2017-04-04T20:10:00,55.9
12828,2017-04-04T20:30:00,57.3
12829,2017-04-04T20:50:00,58.4
12830,2017-04-04T21:10:00,59.6
12831,2017-04-04T21:30:00,60.3
12832,2017-04-04T21:50:00,61.7
12833,2017-04-04T22:10:00,61.9
12834,2017-04-04T22:30:00,63.3
12835,2017-04-04T22:50:00,65.5
12836,2017-04-04T23:10:00,67.4
12837,2017-04-04T23:30:00,67.2
12838,2017-04-04T23:50:00,67.1
12839,2017-04-05T00:10:00,65.5
12840,2017-04-05T00:30:00,63
12841,2017-04-05T00:50:00,62
12842,2017-04-05T01:10:00,63.3
12843,2017-04-05T01:30:00,63.7
12844,2017-04-05T01:50:00,63
12845,2017-04-05T02:10:00,62.3
12846,2017-04-05T02:30:00,61.7
12847,2017-04-05T02:50:00,58.4
12848,2017-04-05T03:10:00,57.1
12849,2017-04-05T03:30:00,57.8
12850,2017-04-05T03:50:00,57.4
12851,2017-04-05T04:10:00,58.4
12852,2017-04-05T04:30:00,58.4
12853,2017-04-05T04:50:00,57
12854,2017-04-05T05:10:00,55.4
12855,2017-04-05T05:35:00,55.2
12856,2017-04-05T05:55:00,55.7
12857,2017-04-05T06:15:00,57.9
12858,2017-04-05T06:35:00,60.6
12859,2017-04-05T06:55:00,61.1
12860,2017-04-05T07:15:00,61.1
12861,2017-04-05T07:35:00,58.5
12862,2017-04-05T07:55:00,53.3
12863,2017-04-05T08:15:00,51.3
12864,2017-04-05T08:35:00,42.8
12865,2017-04-05T08:55:00,44.2
12866,2017-04-05T09:15:00,50.8
12867,2017-04-05T09:35:00,49.9
12868,2017-04-05T09:55:00,43.3
12869,2017-04-05T10:15:00,38.2
12870,2017-04-05T10:35:00,37.1
12871,2017-04-05T10:55:00,38.7
12872,2017-04-05T11:15:00,45.1
12873,2017-04-05T11:35:00,34.3
12874,2017-04-05T11:55:00,36.2
12875,2017-04-05T12:15:00,36
12876,2017-04-05T12:35:00,40.9
12877,2017-04-05T12:55:00,43.9
12878,2017-04-05T13:15:00,57.6
12879,2017-04-05T13:35:00,48.8
12880,2017-04-05T13:55:00,45.9
12881,2017-04-05T14:15:00,47.3
12882,2017-04-05T14:35:00,45.8
12883,2017-04-05T14:55:00,44.2
12884,2017-04-05T15:15:00,46.9
12885,2017-04-05T15:35:00,49.2
12886,2017-04-05T15:55:00,49.9
12887,2017-04-05T16:15:00,52.4
12888,2017-04-05T16:35:00,57.3
12889,2017-04-05T17:00:00,53.2
12890,2017-04-05T17:20:00,52.9
12891,2017-04-05T17:40:00,52.2
12892,2017-04-05T18:00:00,52.4
12893,2017-04-05T18:20:00,53.3
12894,2017-04-05T18:40:00,54
12895,2017-04-05T19:00:00,55.9
12896,2017-04-05T19:20:00,57
12897,2017-04-05T19:40:00,57.8
12898,2017-04-05T20:00:00,57.3
12899,2017-04-05T20:20:00,57
12900,2017-04-05T21:00:00,56
12901,2017-04-05T21:20:00,56
12902,2017-04-05T21:40:00,55.2
12903,2017-04-05T22:00:00,56
12904,2017-04-05T22:20:00,55.5
12905,2017-04-05T22:40:00,55.2
12906,2017-04-05T23:00:00,54.6
12907,2017-04-05T23:20:00,53.5
12908,2017-04-05T23:40:00,53
12909,2017-04-06T00:00:00,53.7
12910,2017-04-06T00:20:00,53.7
12911,2017-04-06T00:40:00,54.1
12912,2017-04-06T01:00:00,55.7
12913,2017-04-06T01:20:00,56
12914,2017-04-06T01:40:00,55.5
12915,2017-04-06T02:00:00,56
12916,2017-04-06T02:20:00,56
12917,2017-04-06T02:40:00,56.2
12918,2017-04-06T03:00:00,56.8
12919,2017-04-06T03:20:00,57.4
12920,2017-04-06T03:40:00,59
12921,2017-04-06T04:00:00,60
12922,2017-04-06T04:25:00,60.4
12923,2017-04-06T04:45:00,61.1
12924,2017-04-06T05:05:00,60.3
12925,2017-04-06T05:25:00,54.4
12926,2017-04-06T05:45:00,48.9
12927,2017-04-06T06:05:00,44.2
12928,2017-04-06T06:25:00,42.1
12929,2017-04-06T06:45:00,41.2
12930,2017-04-06T07:05:00,44.2
12931,2017-04-06T07:25:00,51.1
12932,2017-04-06T07:45:00,50.8
12933,2017-04-06T08:05:00,52.1
12934,2017-04-06T08:25:00,49.7
12935,2017-04-06T08:45:00,47.7
12936,2017-04-06T09:05:00,41.4
12937,2017-04-06T09:25:00,39.8
12938,2017-04-06T09:45:00,42.1
12939,2017-04-06T10:05:00,44
12940,2017-04-06T10:25:00,43.4
12941,2017-04-06T10:45:00,45.9
12942,2017-04-06T11:05:00,46.6
12943,2017-04-06T11:25:00,44.2
12944,2017-04-06T11:45:00,41.7
12945,2017-04-06T12:05:00,43.6
12946,2017-04-06T12:25:00,46.4
12947,2017-04-06T12:45:00,46.9
12948,2017-04-06T13:05:00,47.8
12949,2017-04-06T13:25:00,50
12950,2017-04-06T13:45:00,51.6
12951,2017-04-06T14:05:00,52.1
12952,2017-04-06T14:25:00,52.4
12953,2017-04-06T14:45:00,53.2
12954,2017-04-06T15:05:00,54.6
12955,2017-04-06T15:30:00,55.4
12956,2017-04-06T15:50:00,56.2
12957,2017-04-06T16:10:00,58.7
12958,2017-04-06T16:30:00,64.5
12959,2017-04-06T16:50:00,69.9
12960,2017-04-06T17:10:00,69.9
12961,2017-04-06T17:30:00,71.5
12962,2017-04-06T17:50:00,70.2
12963,2017-04-06T18:10:00,68.5
12964,2017-04-06T18:30:00,68
12965,2017-04-06T18:50:00,67.4
12966,2017-04-06T19:10:00,66.4
12967,2017-04-06T19:30:00,66.3
12968,2017-04-06T19:50:00,66.1
12969,2017-04-06T20:10:00,66
12970,2017-04-06T20:30:00,66.3
12971,2017-04-06T20:50:00,66
12972,2017-04-06T21:10:00,66.6
12973,2017-04-06T21:30:00,66.9
12974,2017-04-07T15:00:00,42.8
12975,2017-04-07T15:20:00,43.3
12976,2017-04-07T15:40:00,43.1
12977,2017-04-07T16:00:00,48
12978,2017-04-07T16:20:00,50.8
12979,2017-04-07T16:40:00,54.3
12980,2017-04-07T17:00:00,53.8
12981,2017-04-07T17:20:00,56
12982,2017-04-07T17:40:00,57.4
12983,2017-04-07T18:00:00,59.5
12984,2017-04-07T18:20:00,62.2
12985,2017-04-07T18:40:00,64.2
12986,2017-04-07T19:00:00,64.7
12987,2017-04-07T19:20:00,64.4
12988,2017-04-07T19:40:00,64.7
12989,2017-04-07T20:00:00,65.5
12990,2017-04-07T20:20:00,65.8
12991,2017-04-07T20:40:00,65.8
12992,2017-04-07T21:00:00,65.5
12993,2017-04-07T21:20:00,65.8
12994,2017-04-07T21:40:00,66.1
12995,2017-04-07T22:00:00,66.7
12996,2017-04-07T22:20:00,66.9
12997,2017-04-07T22:40:00,67.7
12998,2017-04-07T23:00:00,68.3
12999,2017-04-07T23:20:00,69.1
13000,2017-04-07T23:40:00,69.6
13001,2017-04-08T00:00:00,69.3
13002,2017-04-08T00:20:00,69.3
13003,2017-04-08T00:40:00,70.1
13004,2017-04-08T01:00:00,69.4
13005,2017-04-08T01:20:00,69.4
13006,2017-04-08T01:45:00,70.2
13007,2017-04-08T02:05:00,70.1
13008,2017-04-08T02:25:00,69.6
13009,2017-04-08T02:45:00,70.1
13010,2017-04-08T03:05:00,70.7
13011,2017-04-08T03:25:00,69.7
13012,2017-04-08T03:45:00,70.4
13013,2017-04-08T04:05:00,70.1
13014,2017-04-08T04:25:00,70.1
13015,2017-04-08T04:45:00,70.1
13016,2017-04-08T05:05:00,69.4
13017,2017-04-08T05:25:00,68.3
13018,2017-04-08T05:45:00,69.4
13019,2017-04-08T06:05:00,70.5
13020,2017-04-08T06:25:00,69.3
13021,2017-04-08T06:45:00,67.5
13022,2017-04-08T07:05:00,66.4
13023,2017-04-08T07:25:00,66.1
13024,2017-04-08T07:45:00,65.6
13025,2017-04-08T08:05:00,63.4
13026,2017-04-08T08:25:00,61.4
13027,2017-04-08T09:25:00,57.9
13028,2017-04-08T09:45:00,54.8
13029,2017-04-08T10:05:00,53.5
13030,2017-04-08T10:25:00,53.8
13031,2017-04-08T10:45:00,52.9
13032,2017-04-08T11:05:00,55.2
13033,2017-04-08T11:25:00,53.5
13034,2017-04-08T11:45:00,52.2
13035,2017-04-08T12:05:00,52.6
13036,2017-04-08T12:25:00,51.4
13037,2017-04-08T12:50:00,49.2
13038,2017-04-08T13:10:00,50.3
13039,2017-04-08T13:30:00,48.6
13040,2017-04-08T13:50:00,48.3
13041,2017-04-08T14:10:00,48.6
13042,2017-04-08T14:30:00,47
13043,2017-04-08T14:50:00,46.9
13044,2017-04-08T15:10:00,48.6
13045,2017-04-08T15:30:00,48.5
13046,2017-04-08T15:50:00,47
13047,2017-04-08T16:10:00,45.5
13048,2017-04-08T16:30:00,46.2
13049,2017-04-08T16:50:00,47.3
13050,2017-04-08T17:10:00,45.8
13051,2017-04-08T17:30:00,46.2
13052,2017-04-08T17:50:00,46.1
13053,2017-04-08T18:10:00,46.9
13054,2017-04-08T18:30:00,47.3
13055,2017-04-08T18:50:00,47.7
13056,2017-04-08T19:10:00,49.2
13057,2017-04-08T19:30:00,49.2
13058,2017-04-08T19:50:00,51.1
13059,2017-04-08T20:10:00,52.9
13060,2017-04-08T20:30:00,53.3
13061,2017-04-08T20:50:00,53.8
13062,2017-04-08T21:10:00,54
13063,2017-04-08T21:30:00,54.8
13064,2017-04-08T21:50:00,56
13065,2017-04-08T22:10:00,58.2
13066,2017-04-08T22:30:00,60.4
13067,2017-04-08T22:50:00,61.7
13068,2017-04-08T23:10:00,62.8
13069,2017-04-08T23:30:00,63.9
13070,2017-04-08T23:50:00,64.2
13071,2017-04-09T00:15:00,63.4
13072,2017-04-09T00:35:00,63
13073,2017-04-09T00:55:00,63
13074,2017-04-09T01:15:00,63.3
13075,2017-04-09T01:35:00,63.9
13076,2017-04-09T01:55:00,64.1
13077,2017-04-09T02:15:00,64.2
13078,2017-04-09T02:35:00,64.7
13079,2017-04-09T02:55:00,64.9
13080,2017-04-09T03:15:00,65.5
13081,2017-04-09T03:35:00,65.3
13082,2017-04-09T03:55:00,65.5
13083,2017-04-09T04:15:00,65.2
13084,2017-04-09T04:35:00,64.9
13085,2017-04-09T04:55:00,64.9
13086,2017-04-09T05:15:00,64.9
13087,2017-04-09T05:35:00,64.2
13088,2017-04-09T05:55:00,64.4
13089,2017-04-09T06:15:00,63.7
13090,2017-04-09T06:35:00,63.3
13091,2017-04-09T06:55:00,63
13092,2017-04-09T07:15:00,61.9
13093,2017-04-09T07:35:00,58.7
13094,2017-04-09T07:55:00,54.8
13095,2017-04-09T08:15:00,46.1
13096,2017-04-09T08:35:00,48.3
13097,2017-04-09T08:55:00,47
13098,2017-04-09T09:15:00,44.4
13099,2017-04-09T09:35:00,43.7
13100,2017-04-09T09:55:00,44.5
13101,2017-04-09T10:15:00,42.5
13102,2017-04-09T10:35:00,43.3
13103,2017-04-09T10:55:00,43.1
13104,2017-04-09T11:15:00,42.9
13105,2017-04-09T11:40:00,43.3
13106,2017-04-09T12:00:00,42
13107,2017-04-09T12:20:00,41.5
13108,2017-04-09T12:40:00,40.7
13109,2017-04-09T13:00:00,39.2
13110,2017-04-09T13:20:00,38.4
13111,2017-04-09T13:40:00,38
13112,2017-04-09T14:00:00,37.4
13113,2017-04-09T14:20:00,38.4
13114,2017-04-09T14:40:00,38.8
13115,2017-04-09T15:00:00,38.5
13116,2017-04-09T15:20:00,40.3
13117,2017-04-09T15:40:00,40.1
13118,2017-04-09T16:00:00,39.3
13119,2017-04-09T16:20:00,39.6
13120,2017-04-09T16:40:00,39.2
13121,2017-04-09T17:00:00,39.3
13122,2017-04-09T17:20:00,43.3
13123,2017-04-09T17:40:00,44
13124,2017-04-09T18:00:00,45.8
13125,2017-04-09T18:20:00,48.5
13126,2017-04-09T18:40:00,49.6
13127,2017-04-09T19:00:00,51.1
13128,2017-04-09T19:20:00,52.6
13129,2017-04-09T19:40:00,53.5
13130,2017-04-09T20:00:00,54.1
13131,2017-04-09T20:20:00,53.8
13132,2017-04-09T20:40:00,55.4
13133,2017-04-09T21:00:00,56
13134,2017-04-09T21:20:00,56
13135,2017-04-09T21:40:00,57.8
13136,2017-04-09T22:00:00,57.6
13137,2017-04-09T22:20:00,57.8
13138,2017-04-09T22:40:00,62.2
13139,2017-04-09T23:05:00,63.7
13140,2017-04-09T23:25:00,61.1
13141,2017-04-09T23:45:00,59.8
13142,2017-04-10T00:05:00,59.8
13143,2017-04-10T00:25:00,60.6
13144,2017-04-10T00:45:00,60.3
13145,2017-04-10T01:05:00,60.1
13146,2017-04-10T01:25:00,59.6
13147,2017-04-10T01:45:00,57.9
13148,2017-04-10T02:05:00,57.3
13149,2017-04-10T02:25:00,55.7
13150,2017-04-10T02:45:00,54.3
13151,2017-04-10T03:05:00,55.2
13152,2017-04-10T03:25:00,55.9
13153,2017-04-10T03:45:00,57.3
13154,2017-04-10T04:05:00,59.5
13155,2017-04-10T04:25:00,61.1
13156,2017-04-10T04:45:00,62.6
13157,2017-04-10T05:05:00,63.4
13158,2017-04-10T05:25:00,63.4
13159,2017-04-10T05:45:00,64.5
13160,2017-04-10T06:05:00,59.2
13161,2017-04-10T06:25:00,45.6
13162,2017-04-10T06:45:00,48.8
13163,2017-04-10T07:05:00,46.4
13164,2017-04-10T07:25:00,41.4
13165,2017-04-10T07:45:00,42.5
13166,2017-04-10T08:05:00,45.1
13167,2017-04-10T08:25:00,43.9
13168,2017-04-10T08:45:00,42.6
13169,2017-04-10T09:05:00,44.8
13170,2017-04-10T09:25:00,47
13171,2017-04-10T09:45:00,44.5
13172,2017-04-10T10:05:00,47.5
13173,2017-04-10T10:30:00,46.4
13174,2017-04-10T10:50:00,46.6
13175,2017-04-10T11:10:00,45.8
13176,2017-04-10T11:30:00,45
13177,2017-04-10T11:50:00,46.4
13178,2017-04-10T12:10:00,44.4
13179,2017-04-10T12:30:00,44
13180,2017-04-10T12:50:00,45
13181,2017-04-10T13:10:00,47
13182,2017-04-10T13:30:00,55.1
13183,2017-04-10T13:50:00,49.1
13184,2017-04-10T14:10:00,44.8
13185,2017-04-10T14:30:00,43.7
13186,2017-04-10T14:50:00,45.8
13187,2017-04-10T15:10:00,45.9
13188,2017-04-10T15:30:00,46.9
13189,2017-04-10T15:50:00,44.5
13190,2017-04-10T16:10:00,44.7
13191,2017-04-10T16:30:00,46.1
13192,2017-04-10T16:50:00,49.4
13193,2017-04-10T17:10:00,47.5
13194,2017-04-10T17:30:00,47.7
13195,2017-04-10T17:50:00,47.8
13196,2017-04-10T18:10:00,48.3
13197,2017-04-10T18:30:00,48.9
13198,2017-04-10T18:50:00,50.3
13199,2017-04-10T19:10:00,50.3
13200,2017-04-10T19:30:00,51.4
13201,2017-04-10T19:50:00,51
13202,2017-04-10T20:10:00,51.1
13203,2017-04-10T20:30:00,51.8
13204,2017-04-10T20:50:00,51.4
13205,2017-04-10T21:10:00,51.1
13206,2017-04-10T21:35:00,47.8
13207,2017-04-10T21:55:00,46.1
13208,2017-04-10T22:15:00,44.7
13209,2017-04-10T22:35:00,43.4
13210,2017-04-10T22:55:00,43.3
13211,2017-04-10T23:15:00,41.5
13212,2017-04-10T23:35:00,41.8
13213,2017-04-10T23:55:00,42.8
13214,2017-04-11T00:15:00,41
13215,2017-04-11T00:35:00,42.1
13216,2017-04-11T00:55:00,42.9
13217,2017-04-11T01:15:00,44.2
13218,2017-04-11T01:35:00,41.8
13219,2017-04-11T01:55:00,42.6
13220,2017-04-11T02:15:00,43.6
13221,2017-04-11T02:35:00,44.7
13222,2017-04-11T02:55:00,44.2
13223,2017-04-11T03:15:00,44.2
13224,2017-04-11T03:35:00,45
13225,2017-04-11T03:55:00,45.3
13226,2017-04-11T04:15:00,46.2
13227,2017-04-11T04:35:00,46.6
13228,2017-04-11T04:55:00,47.2
13229,2017-04-11T05:15:00,43.7
13230,2017-04-11T05:35:00,40.4
13231,2017-04-11T05:55:00,38.7
13232,2017-04-11T06:15:00,37.1
13233,2017-04-11T06:35:00,35.1
13234,2017-04-11T06:55:00,34.4
13235,2017-04-11T07:15:00,33.5
13236,2017-04-11T07:35:00,35.1
13237,2017-04-11T07:55:00,36.2
13238,2017-04-11T08:15:00,37.9
13239,2017-04-11T08:35:00,32.1
13240,2017-04-11T09:00:00,34.4
13241,2017-04-11T09:20:00,35.8
13242,2017-04-11T09:40:00,34.7
13243,2017-04-11T10:00:00,33.6
13244,2017-04-11T10:20:00,32.7
13245,2017-04-11T10:40:00,30.6
13246,2017-04-11T11:00:00,34.1
13247,2017-04-11T11:20:00,33.9
13248,2017-04-11T11:40:00,30.8
13249,2017-04-11T12:00:00,30.8
13250,2017-04-11T12:20:00,32.5
13251,2017-04-11T12:40:00,30.3
13252,2017-04-11T13:00:00,31.3
13253,2017-04-11T13:20:00,30
13254,2017-04-11T13:40:00,27.5
13255,2017-04-11T14:00:00,27.3
13256,2017-04-11T14:20:00,31.7
13257,2017-04-11T14:40:00,36.2
13258,2017-04-11T15:00:00,41.4
13259,2017-04-11T15:20:00,44.5
13260,2017-04-11T15:40:00,46.1
13261,2017-04-11T16:00:00,49.7
13262,2017-04-11T16:20:00,52.6
13263,2017-04-11T16:40:00,55.2
13264,2017-04-11T17:00:00,56.8
13265,2017-04-11T17:20:00,60.1
13266,2017-04-11T17:40:00,65.3
13267,2017-04-11T18:00:00,68.2
13268,2017-04-11T18:20:00,69.1
13269,2017-04-11T18:40:00,69.9
13270,2017-04-11T19:00:00,70.4
13271,2017-04-11T19:20:00,71.3
13272,2017-04-11T19:40:00,71.5
13273,2017-04-11T20:00:00,71.8
13274,2017-04-11T20:25:00,72.1
13275,2017-04-11T20:45:00,72.7
13276,2017-04-11T21:05:00,72.7
13277,2017-04-11T21:25:00,72.1
13278,2017-04-11T21:45:00,72.3
13279,2017-04-11T22:05:00,72.9
13280,2017-04-11T22:25:00,72.9
13281,2017-04-11T22:45:00,73
13282,2017-04-11T23:05:00,73
13283,2017-04-11T23:25:00,72.9
13284,2017-04-11T23:45:00,73.2
13285,2017-04-12T00:05:00,73
13286,2017-04-12T00:25:00,73.4
13287,2017-04-12T00:45:00,73.4
13288,2017-04-12T01:05:00,72.9
13289,2017-04-12T01:25:00,73.5
13290,2017-04-12T01:45:00,74
13291,2017-04-12T02:05:00,73.5
13292,2017-04-12T02:25:00,71.8
13293,2017-04-12T02:45:00,71.3
13294,2017-04-12T03:05:00,71.6
13295,2017-04-12T03:25:00,71.5
13296,2017-04-12T03:45:00,73.2
13297,2017-04-12T04:05:00,74
13298,2017-04-12T04:25:00,73.4
13299,2017-04-12T04:45:00,73.4
13300,2017-04-12T05:05:00,73.2
13301,2017-04-12T05:25:00,73.4
13302,2017-04-12T05:45:00,74
13303,2017-04-12T06:05:00,73.4
13304,2017-04-12T06:25:00,74.3
13305,2017-04-12T06:45:00,74.5
13306,2017-04-12T07:05:00,74.3
13307,2017-04-12T07:25:00,74.2
13308,2017-04-12T07:50:00,73.5
13309,2017-04-12T08:10:00,73.8
13310,2017-04-12T08:30:00,73.7
13311,2017-04-12T08:50:00,74.2
13312,2017-04-12T09:10:00,73.8
13313,2017-04-12T09:30:00,68
13314,2017-04-12T09:50:00,65.8
13315,2017-04-12T10:10:00,66.4
13316,2017-04-12T10:30:00,64.9
13317,2017-04-12T10:50:00,58.1
13318,2017-04-12T11:10:00,54.8
13319,2017-04-12T11:30:00,55.9
13320,2017-04-12T11:50:00,55.1
13321,2017-04-12T12:10:00,51.6
13322,2017-04-12T12:30:00,49.9
13323,2017-04-12T12:50:00,49.6
13324,2017-04-12T13:10:00,48.3
13325,2017-04-12T13:30:00,50.5
13326,2017-04-12T13:50:00,58.1
13327,2017-04-12T14:10:00,49.7
13328,2017-04-12T14:30:00,48.3
13329,2017-04-12T14:50:00,46.9
13330,2017-04-12T15:10:00,48.1
13331,2017-04-12T15:30:00,49.9
13332,2017-04-12T15:50:00,49.7
13333,2017-04-12T16:10:00,50.3
13334,2017-04-12T16:30:00,59
13335,2017-04-12T16:50:00,56.7
13336,2017-04-12T17:50:00,57.3
13337,2017-04-12T18:10:00,62
13338,2017-04-12T18:30:00,63.6
13339,2017-04-12T18:50:00,63.6
13340,2017-04-12T19:15:00,63.3
13341,2017-04-12T19:35:00,62.2
13342,2017-04-12T19:55:00,64.5
13343,2017-04-12T20:15:00,63.9
13344,2017-04-12T20:35:00,64.4
13345,2017-04-12T20:55:00,64.5
13346,2017-04-12T21:15:00,64.5
13347,2017-04-12T21:35:00,63.9
13348,2017-04-12T21:55:00,63.7
13349,2017-04-12T22:15:00,63.7
13350,2017-04-12T22:35:00,64.9
13351,2017-04-12T22:55:00,66.1
13352,2017-04-12T23:15:00,67.5
13353,2017-04-12T23:35:00,66.1
13354,2017-04-12T23:55:00,66.3
13355,2017-04-13T00:15:00,65.6
13356,2017-04-13T00:35:00,66.3
13357,2017-04-13T00:55:00,65.2
13358,2017-04-13T01:15:00,63.3
13359,2017-04-13T01:35:00,62.8
13360,2017-04-13T01:55:00,65.5
13361,2017-04-13T02:15:00,66.4
13362,2017-04-13T02:35:00,63.4
13363,2017-04-13T02:55:00,63.6
13364,2017-04-13T03:15:00,62.6
13365,2017-04-13T03:35:00,63
13366,2017-04-13T03:55:00,64.2
13367,2017-04-13T04:15:00,64.2
13368,2017-04-13T04:35:00,64.2
13369,2017-04-13T04:55:00,63.7
13370,2017-04-13T05:15:00,63.7
13371,2017-04-13T05:35:00,67.2
13372,2017-04-13T05:55:00,65.2
13373,2017-04-13T06:20:00,63
13374,2017-04-13T06:40:00,64.1
13375,2017-04-13T07:00:00,59.2
13376,2017-04-13T07:20:00,53.2
13377,2017-04-13T07:40:00,57.1
13378,2017-04-13T08:00:00,58.5
13379,2017-04-13T08:20:00,57.3
13380,2017-04-13T08:40:00,56.3
13381,2017-04-13T09:00:00,54.8
13382,2017-04-13T09:20:00,55.7
13383,2017-04-13T09:40:00,55.5
13384,2017-04-13T10:00:00,53
13385,2017-04-13T10:20:00,52.1
13386,2017-04-13T10:40:00,52.4
13387,2017-04-13T11:00:00,53.5
13388,2017-04-13T11:20:00,52.2
13389,2017-04-13T11:40:00,47.2
13390,2017-04-13T12:00:00,48.8
13391,2017-04-13T12:20:00,51.1
13392,2017-04-13T12:40:00,51.4
13393,2017-04-13T13:00:00,53.7
13394,2017-04-13T13:20:00,51.9
13395,2017-04-13T13:40:00,45.9
13396,2017-04-13T14:00:00,44.5
13397,2017-04-13T14:20:00,41.8
13398,2017-04-13T14:40:00,46.7
13399,2017-04-13T15:00:00,48.9
13400,2017-04-13T15:20:00,48.3
13401,2017-04-13T15:40:00,51.1
13402,2017-04-13T16:00:00,57.9
13403,2017-04-13T16:20:00,62.5
13404,2017-04-13T16:40:00,61.5
13405,2017-04-13T17:00:00,63.3
13406,2017-04-13T17:20:00,64.2
13407,2017-04-13T17:45:00,63.1
13408,2017-04-13T18:05:00,63.3
13409,2017-04-13T18:25:00,61.5
13410,2017-04-13T18:45:00,61.9
13411,2017-04-13T19:05:00,62.5
13412,2017-04-13T19:25:00,61.7
13413,2017-04-13T19:45:00,62.6
13414,2017-04-13T20:05:00,62.8
13415,2017-04-13T20:25:00,61.2
13416,2017-04-13T20:45:00,63
13417,2017-04-13T21:05:00,61.5
13418,2017-04-13T21:25:00,61.4
13419,2017-04-13T21:45:00,62.2
13420,2017-04-13T22:05:00,63
13421,2017-04-13T22:25:00,61.9
13422,2017-04-13T22:45:00,63
13423,2017-04-13T23:05:00,63
13424,2017-04-13T23:25:00,63.1
13425,2017-04-13T23:45:00,63.1
13426,2017-04-14T00:05:00,62.3
13427,2017-04-14T00:25:00,62.3
13428,2017-04-14T00:45:00,62.8
13429,2017-04-14T01:05:00,62.6
13430,2017-04-14T01:25:00,62.2
13431,2017-04-14T01:45:00,61.9
13432,2017-04-14T02:05:00,61.9
13433,2017-04-14T02:25:00,61.7
13434,2017-04-14T02:45:00,60.9
13435,2017-04-14T03:05:00,61.4
13436,2017-04-14T03:25:00,62.2
13437,2017-04-14T03:45:00,63.3
13438,2017-04-14T04:05:00,63.9
13439,2017-04-14T04:25:00,63.4
13440,2017-04-14T04:45:00,58.7
13441,2017-04-15T00:35:00,67.5
13442,2017-04-14T05:10:00,54
13443,2017-04-14T05:30:00,51.4
13444,2017-04-14T05:50:00,48.5
13445,2017-04-14T06:10:00,45.3
13446,2017-04-14T06:30:00,44.8
13447,2017-04-14T06:50:00,44.7
13448,2017-04-14T07:10:00,45.1
13449,2017-04-14T07:30:00,46.2
13450,2017-04-14T07:50:00,44.5
13451,2017-04-14T08:10:00,45.1
13452,2017-04-14T08:30:00,44.2
13453,2017-04-14T08:50:00,47.7
13454,2017-04-14T09:10:00,48.1
13455,2017-04-14T09:30:00,49.1
13456,2017-04-14T09:50:00,47.7
13457,2017-04-14T10:10:00,44.4
13458,2017-04-14T10:30:00,46.1
13459,2017-04-14T10:50:00,45.6
13460,2017-04-14T11:10:00,45.1
13461,2017-04-14T11:30:00,49.2
13462,2017-04-14T11:50:00,45.8
13463,2017-04-14T12:10:00,61.1
13464,2017-04-14T12:30:00,54.1
13465,2017-04-14T12:50:00,59.5
13466,2017-04-14T13:10:00,59
13467,2017-04-14T13:30:00,58.5
13468,2017-04-14T13:50:00,59.2
13469,2017-04-14T14:10:00,57.4
13470,2017-04-14T14:30:00,55.5
13471,2017-04-14T14:50:00,49.6
13472,2017-04-14T15:10:00,52.6
13473,2017-04-14T15:30:00,52.2
13474,2017-04-14T15:50:00,52.2
13475,2017-04-14T16:10:00,56.2
13476,2017-04-14T16:35:00,56
13477,2017-04-14T16:55:00,57
13478,2017-04-14T17:15:00,57.3
13479,2017-04-14T17:35:00,56.2
13480,2017-04-14T17:55:00,57.3
13481,2017-04-14T18:15:00,57.4
13482,2017-04-14T18:35:00,59.3
13483,2017-04-14T18:55:00,60.9
13484,2017-04-14T19:15:00,63.3
13485,2017-04-14T19:35:00,65.3
13486,2017-04-14T19:55:00,65.5
13487,2017-04-14T20:15:00,67.7
13488,2017-04-14T20:35:00,68
13489,2017-04-14T20:55:00,67.2
13490,2017-04-14T21:15:00,65.6
13491,2017-04-14T21:35:00,65.3
13492,2017-04-14T21:55:00,67.2
13493,2017-04-14T22:15:00,67.8
13494,2017-04-14T22:35:00,66.9
13495,2017-04-14T22:55:00,65.3
13496,2017-04-14T23:15:00,67.1
13497,2017-04-14T23:35:00,67.7
13498,2017-04-14T23:55:00,67.5
13499,2017-04-15T00:15:00,67.7
13500,2017-04-15T00:55:00,67.5
13501,2017-04-15T01:15:00,66.9
13502,2017-04-15T01:35:00,68.2
13503,2017-04-15T01:55:00,68.5
13504,2017-04-15T02:15:00,69.9
13505,2017-04-15T02:35:00,69.9
13506,2017-04-15T02:55:00,70.2
13507,2017-04-15T03:15:00,70.4
13508,2017-04-15T03:40:00,70.7
13509,2017-04-15T04:00:00,71.2
13510,2017-04-15T04:20:00,71
13511,2017-04-15T04:40:00,70.7
13512,2017-04-15T05:00:00,68.5
13513,2017-04-15T05:20:00,67.7
13514,2017-04-15T05:40:00,67.4
13515,2017-04-15T06:00:00,68.2
13516,2017-04-15T06:20:00,66.1
13517,2017-04-15T06:40:00,66
13518,2017-04-15T07:00:00,67.4
13519,2017-04-15T07:20:00,67.5
13520,2017-04-15T07:40:00,67.8
13521,2017-04-15T08:00:00,68.2
13522,2017-04-15T08:20:00,68.2
13523,2017-04-15T08:40:00,68.6
13524,2017-04-15T09:00:00,68.5
13525,2017-04-15T09:20:00,67.8
13526,2017-04-15T09:40:00,68
13527,2017-04-15T10:00:00,67.8
13528,2017-04-15T10:20:00,68
13529,2017-04-15T10:40:00,67.2
13530,2017-04-15T11:00:00,70.1
13531,2017-04-15T11:20:00,67.5
13532,2017-04-15T11:40:00,66.1
13533,2017-04-15T12:00:00,65
13534,2017-04-15T12:20:00,66
13535,2017-04-15T12:40:00,66
13536,2017-04-15T13:00:00,66
13537,2017-04-15T13:20:00,65.3
13538,2017-04-15T13:40:00,64.9
13539,2017-04-15T14:00:00,65.5
13540,2017-04-15T14:20:00,65
13541,2017-04-15T14:40:00,65
13542,2017-04-15T15:05:00,65.2
13543,2017-04-15T15:25:00,64.1
13544,2017-04-15T15:45:00,64.1
13545,2017-04-15T16:05:00,65.5
13546,2017-04-15T16:25:00,63
13547,2017-04-15T16:45:00,65.5
13548,2017-04-15T17:05:00,66
13549,2017-04-15T17:25:00,67.5
13550,2017-04-15T17:45:00,67.8
13551,2017-04-15T18:05:00,68.6
13552,2017-04-15T18:25:00,68.8
13553,2017-04-15T18:45:00,68.9
13554,2017-04-15T19:05:00,69.1
13555,2017-04-15T19:25:00,70.1
13556,2017-04-15T19:45:00,69.9
13557,2017-04-15T20:05:00,69.7
13558,2017-04-15T20:25:00,70.4
13559,2017-04-15T20:45:00,70.7
13560,2017-04-15T21:05:00,70.8
13561,2017-04-15T21:25:00,70.7
13562,2017-04-15T21:45:00,70.4
13563,2017-04-15T22:05:00,70.5
13564,2017-04-15T22:25:00,69.9
13565,2017-04-15T22:45:00,69.9
13566,2017-04-15T23:05:00,70.1
13567,2017-04-15T23:25:00,69.4
13568,2017-04-15T23:45:00,68.8
13569,2017-04-16T00:05:00,68.9
13570,2017-04-16T00:25:00,69.1
13571,2017-04-16T00:45:00,67.4
13572,2017-04-16T01:05:00,69.4
13573,2017-04-16T01:25:00,69.4
13574,2017-04-16T01:45:00,69.4
13575,2017-04-16T02:05:00,68.5
13576,2017-04-16T02:30:00,68
13577,2017-04-16T02:50:00,67.8
13578,2017-04-16T03:10:00,69.1
13579,2017-04-16T03:30:00,70.1
13580,2017-04-16T03:50:00,68.3
13581,2017-04-16T04:10:00,67.2
13582,2017-04-16T04:30:00,66.4
13583,2017-04-16T04:50:00,66
13584,2017-04-16T05:10:00,65.6
13585,2017-04-16T05:30:00,66.1
13586,2017-04-16T05:50:00,67.2
13587,2017-04-16T06:10:00,67.4
13588,2017-04-16T06:30:00,66.9
13589,2017-04-16T06:50:00,66.6
13590,2017-04-16T07:10:00,65.5
13591,2017-04-16T07:30:00,61.7
13592,2017-04-16T07:50:00,59.5
13593,2017-04-16T08:10:00,58.9
13594,2017-04-16T08:30:00,58.2
13595,2017-04-16T08:50:00,57.4
13596,2017-04-16T09:10:00,55.9
13597,2017-04-16T09:30:00,56
13598,2017-04-16T09:50:00,55.9
13599,2017-04-16T10:10:00,54.6
13600,2017-04-16T10:30:00,56.2
13601,2017-04-16T10:50:00,51.8
13602,2017-04-16T11:10:00,52.4
13603,2017-04-16T11:30:00,55.2
13604,2017-04-16T11:50:00,55.7
13605,2017-04-16T12:10:00,49.9
13606,2017-04-16T12:30:00,39.3
13607,2017-04-16T12:50:00,43.3
13608,2017-04-16T13:10:00,50.2
13609,2017-04-16T13:30:00,55.1
13610,2017-04-16T13:55:00,53.7
13611,2017-04-16T14:15:00,56
13612,2017-04-16T14:35:00,55.1
13613,2017-04-16T14:55:00,55.9
13614,2017-04-16T15:15:00,55.1
13615,2017-04-16T15:35:00,54.3
13616,2017-04-16T15:55:00,53.2
13617,2017-04-16T16:15:00,56
13618,2017-04-16T16:35:00,57.3
13619,2017-04-16T16:55:00,56.2
13620,2017-04-16T17:15:00,58.1
13621,2017-04-16T17:35:00,58.9
13622,2017-04-16T17:55:00,60.9
13623,2017-04-16T18:15:00,66.1
13624,2017-04-16T18:35:00,67.2
13625,2017-04-16T18:55:00,67.5
13626,2017-04-16T19:15:00,68.6
13627,2017-04-16T19:35:00,68.9
13628,2017-04-16T19:55:00,68.8
13629,2017-04-16T20:15:00,68.6
13630,2017-04-16T20:35:00,68.6
13631,2017-04-16T20:55:00,69.7
13632,2017-04-16T21:15:00,70.1
13633,2017-04-16T21:35:00,69.9
13634,2017-04-16T21:55:00,69.7
13635,2017-04-16T22:15:00,69.3
13636,2017-04-16T22:35:00,69.7
13637,2017-04-16T22:55:00,69.9
13638,2017-04-16T23:15:00,70.2
13639,2017-04-16T23:35:00,70.1
13640,2017-04-16T23:55:00,69.9
13641,2017-04-17T00:15:00,69.1
13642,2017-04-17T00:55:00,68.8
13643,2017-04-17T01:20:00,69.3
13644,2017-04-17T01:40:00,69.6
13645,2017-04-17T02:00:00,69.1
13646,2017-04-17T02:20:00,68.9
13647,2017-04-17T02:40:00,67.4
13648,2017-04-17T03:00:00,68
13649,2017-04-17T03:20:00,68.6
13650,2017-04-17T03:40:00,68.6
13651,2017-04-17T04:00:00,66.9
13652,2017-04-17T04:20:00,65.2
13653,2017-04-17T04:40:00,65.2
13654,2017-04-17T05:00:00,64.7
13655,2017-04-17T05:20:00,63.7
13656,2017-04-17T05:40:00,63.1
13657,2017-04-17T06:00:00,62.2
13658,2017-04-17T06:20:00,62.6
13659,2017-04-17T06:40:00,61.5
13660,2017-04-17T07:00:00,60.4
13661,2017-04-17T07:20:00,59.2
13662,2017-04-17T07:40:00,57.1
13663,2017-04-17T08:00:00,56.7
13664,2017-04-17T08:20:00,58.5
13665,2017-04-17T08:40:00,58.2
13666,2017-04-17T09:00:00,57.4
13667,2017-04-17T09:20:00,58.1
13668,2017-04-17T09:40:00,57.3
13669,2017-04-17T10:00:00,55.1
13670,2017-04-17T10:20:00,58.1
13671,2017-04-17T10:40:00,60
13672,2017-04-17T11:00:00,59
13673,2017-04-17T11:20:00,60.4
13674,2017-04-17T11:40:00,63.6
13675,2017-04-17T12:00:00,64.2
13676,2017-04-17T12:25:00,60.6
13677,2017-04-17T12:45:00,57.4
13678,2017-04-17T13:05:00,51.9
13679,2017-04-17T13:25:00,53.2
13680,2017-04-17T13:45:00,60.1
13681,2017-04-17T14:05:00,60
13682,2017-04-17T14:25:00,59
13683,2017-04-17T14:45:00,58.9
13684,2017-04-17T15:05:00,58.1
13685,2017-04-17T15:25:00,57.3
13686,2017-04-17T15:45:00,55.7
13687,2017-04-17T16:05:00,55.2
13688,2017-04-17T16:25:00,52.6
13689,2017-04-17T16:45:00,50.5
13690,2017-04-17T17:05:00,52.6
13691,2017-04-17T17:25:00,54
13692,2017-04-17T17:45:00,54
13693,2017-04-17T18:05:00,53.2
13694,2017-04-17T18:25:00,53.7
13695,2017-04-17T18:45:00,61.7
13696,2017-04-17T19:05:00,55.9
13697,2017-04-17T19:25:00,54.8
13698,2017-04-17T19:45:00,55.7
13699,2017-04-17T20:05:00,55.7
13700,2017-04-17T20:25:00,52.4
13701,2017-04-17T20:45:00,51.6
13702,2017-04-17T21:05:00,51.6
13703,2017-04-17T21:25:00,54
13704,2017-04-17T21:45:00,54.3
13705,2017-04-17T22:05:00,53.8
13706,2017-04-17T22:25:00,53.7
13707,2017-04-17T22:45:00,47.3
13708,2017-04-17T23:05:00,49.2
13709,2017-04-17T23:25:00,49.9
13710,2017-04-17T23:50:00,50.8
13711,2017-04-18T00:10:00,51.6
13712,2017-04-18T00:30:00,51.3
13713,2017-04-18T00:50:00,51.9
13714,2017-04-18T01:10:00,52.4
13715,2017-04-18T01:30:00,49.9
13716,2017-04-18T01:50:00,48.5
13717,2017-04-18T02:10:00,52.6
13718,2017-04-18T02:30:00,51.1
13719,2017-04-18T02:50:00,53
13720,2017-04-18T03:10:00,52.1
13721,2017-04-18T03:30:00,48.9
13722,2017-04-18T03:50:00,50.2
13723,2017-04-18T04:10:00,49.2
13724,2017-04-18T04:30:00,48.5
13725,2017-04-18T04:50:00,48.1
13726,2017-04-18T05:10:00,47.2
13727,2017-04-18T05:30:00,45.9
13728,2017-04-18T05:50:00,45.9
13729,2017-04-18T06:10:00,43.4
13730,2017-04-18T06:30:00,43.1
13731,2017-04-18T06:50:00,49.1
13732,2017-04-18T07:10:00,45.3
13733,2017-04-18T07:30:00,41.4
13734,2017-04-18T07:50:00,41.2
13735,2017-04-18T08:10:00,36
13736,2017-04-18T08:30:00,33.9
13737,2017-04-18T08:50:00,36.2
13738,2017-04-18T09:10:00,32.1
13739,2017-04-18T09:30:00,35.1
13740,2017-04-18T09:50:00,34.4
13741,2017-04-18T10:10:00,36.9
13742,2017-04-18T10:30:00,33
13743,2017-04-18T10:50:00,31.7
13744,2017-04-18T11:15:00,30.6
13745,2017-04-18T11:35:00,33.6
13746,2017-04-18T11:55:00,33.8
13747,2017-04-18T12:15:00,31.6
13748,2017-04-18T12:35:00,33.6
13749,2017-04-18T12:55:00,28
13750,2017-04-18T13:15:00,25.3
13751,2017-04-18T13:35:00,26.4
13752,2017-04-18T13:55:00,23.5
13753,2017-04-18T14:15:00,25.6
13754,2017-04-18T14:35:00,30.8
13755,2017-04-18T14:55:00,30.8
13756,2017-04-18T15:15:00,27.5
13757,2017-04-18T15:35:00,27
13758,2017-04-18T15:55:00,30
13759,2017-04-18T16:15:00,30.6
13760,2017-04-18T16:35:00,30.8
13761,2017-04-18T16:55:00,29.5
13762,2017-04-18T17:15:00,30.2
13763,2017-04-18T17:35:00,33
13764,2017-04-18T17:55:00,34.4
13765,2017-04-18T18:15:00,34.4
13766,2017-04-18T18:35:00,34.7
13767,2017-04-18T18:55:00,35.8
13768,2017-04-18T19:15:00,36.2
13769,2017-04-18T19:35:00,40.7
13770,2017-04-18T19:55:00,43.3
13771,2017-04-18T20:15:00,45.1
13772,2017-04-18T20:35:00,45.8
13773,2017-04-18T20:55:00,46.4
13774,2017-04-18T21:15:00,45.5
13775,2017-04-18T21:35:00,45.5
13776,2017-04-18T21:55:00,45.3
13777,2017-04-18T22:15:00,45.9
13778,2017-04-18T22:40:00,47.2
13779,2017-04-18T23:00:00,48.5
13780,2017-04-18T23:20:00,48.5
13781,2017-04-18T23:40:00,47.7
13782,2017-04-19T00:00:00,46.6
13783,2017-04-19T00:20:00,45.8
13784,2017-04-19T00:40:00,46.6
13785,2017-04-19T01:00:00,47.3
13786,2017-04-19T01:20:00,47.5
13787,2017-04-19T01:40:00,47.7
13788,2017-04-19T02:00:00,46.7
13789,2017-04-19T02:20:00,48.6
13790,2017-04-19T02:40:00,46.7
13791,2017-04-19T03:00:00,46.2
13792,2017-04-19T03:20:00,44.8
13793,2017-04-19T03:40:00,42.6
13794,2017-04-19T04:00:00,41.7
13795,2017-04-19T04:20:00,41.4
13796,2017-04-19T04:40:00,42.5
13797,2017-04-19T05:00:00,37.7
13798,2017-04-19T05:20:00,31.3
13799,2017-04-19T05:40:00,31
13800,2017-04-19T06:00:00,28.4
13801,2017-04-19T06:20:00,26.5
13802,2017-04-19T06:40:00,26.1
13803,2017-04-19T07:00:00,29.4
13804,2017-04-19T07:20:00,26.9
13805,2017-04-19T07:40:00,28.4
13806,2017-04-19T08:00:00,28.6
13807,2017-04-19T08:20:00,23.1
13808,2017-04-19T08:40:00,26.2
13809,2017-04-19T09:00:00,28.3
13810,2017-04-19T09:20:00,28.9
13811,2017-04-19T09:45:00,28.9
13812,2017-04-19T10:05:00,27.3
13813,2017-04-19T10:25:00,24.8
13814,2017-04-19T10:45:00,26.5
13815,2017-04-19T11:05:00,29.4
13816,2017-04-19T11:25:00,30.2
13817,2017-04-19T11:45:00,28.4
13818,2017-04-19T12:05:00,32.2
13819,2017-04-19T12:25:00,28.9
13820,2017-04-19T12:45:00,31
13821,2017-04-19T13:05:00,32.7
13822,2017-04-19T13:25:00,35.7
13823,2017-04-19T13:45:00,34.1
13824,2017-04-19T14:05:00,35.4
13825,2017-04-19T14:25:00,37.7
13826,2017-04-19T14:45:00,39
13827,2017-04-19T15:05:00,35.2
13828,2017-04-19T15:25:00,36
13829,2017-04-19T15:45:00,39
13830,2017-04-19T16:05:00,42
13831,2017-04-19T16:25:00,37.6
13832,2017-04-19T16:45:00,40.3
13833,2017-04-19T17:05:00,42.5
13834,2017-04-19T17:25:00,43.7
13835,2017-04-19T17:45:00,44.7
13836,2017-04-19T18:05:00,43.3
13837,2017-04-19T18:25:00,42.6
13838,2017-04-19T18:45:00,42.9
13839,2017-04-19T19:05:00,43.1
13840,2017-04-19T19:25:00,44.7
13841,2017-04-19T19:45:00,46.2
13842,2017-04-19T20:05:00,47.5
13843,2017-04-19T20:25:00,48.1
13844,2017-04-19T20:45:00,48.9
13845,2017-04-19T21:10:00,50.2
13846,2017-04-19T21:30:00,50.8
13847,2017-04-19T21:50:00,51.3
13848,2017-04-19T22:10:00,51.8
13849,2017-04-19T22:30:00,52.4
13850,2017-04-19T22:50:00,52.9
13851,2017-04-19T23:10:00,52.7
13852,2017-04-19T23:30:00,52.9
13853,2017-04-19T23:50:00,52.9
13854,2017-04-20T00:10:00,53.2
13855,2017-04-20T00:30:00,53.2
13856,2017-04-20T00:50:00,53.2
13857,2017-04-20T01:10:00,53.7
13858,2017-04-20T01:30:00,54.8
13859,2017-04-20T01:50:00,55.2
13860,2017-04-20T02:10:00,56.5
13861,2017-04-20T02:30:00,56.2
13862,2017-04-20T02:50:00,55.4
13863,2017-04-20T03:10:00,55.9
13864,2017-04-20T03:30:00,57.1
13865,2017-04-20T03:50:00,58.1
13866,2017-04-20T04:10:00,57.4
13867,2017-04-20T04:30:00,54
13868,2017-04-20T04:50:00,49.6
13869,2017-04-20T05:10:00,52.9
13870,2017-04-20T05:30:00,51.3
13871,2017-04-20T05:50:00,50.2
13872,2017-04-20T06:10:00,49.1
13873,2017-04-20T06:30:00,47.8
13874,2017-04-20T06:50:00,48
13875,2017-04-20T07:10:00,47.8
13876,2017-04-20T07:30:00,46.1
13877,2017-04-20T07:50:00,44.4
13878,2017-04-20T08:10:00,43.1
13879,2017-04-20T08:35:00,44.4
13880,2017-04-20T08:55:00,44.7
13881,2017-04-20T09:15:00,44.4
13882,2017-04-20T09:35:00,42.9
13883,2017-04-20T09:55:00,42.8
13884,2017-04-20T10:15:00,44
13885,2017-04-20T10:35:00,41.8
13886,2017-04-20T10:55:00,41.2
13887,2017-04-20T11:15:00,41.8
13888,2017-04-20T11:35:00,39.5
13889,2017-04-20T11:55:00,38
13890,2017-04-20T12:15:00,39.9
13891,2017-04-20T12:35:00,41.8
13892,2017-04-20T12:55:00,42
13893,2017-04-20T13:15:00,42.5
13894,2017-04-20T13:35:00,42
13895,2017-04-20T13:55:00,42.1
13896,2017-04-20T14:15:00,46.6
13897,2017-04-20T14:35:00,47
13898,2017-04-20T14:55:00,47.3
13899,2017-04-20T15:15:00,47.8
13900,2017-04-20T15:35:00,48.6
13901,2017-04-20T15:55:00,48.9
13902,2017-04-20T16:15:00,51.8
13903,2017-04-20T16:35:00,52.9
13904,2017-04-20T16:55:00,54
13905,2017-04-20T17:15:00,53.7
13906,2017-04-20T17:35:00,54.8
13907,2017-04-20T17:55:00,56
13908,2017-04-20T18:15:00,58.1
13909,2017-04-20T18:35:00,60.1
13910,2017-04-20T18:55:00,61.2
13911,2017-04-20T19:15:00,63
13912,2017-04-20T19:35:00,64.2
13913,2017-04-20T20:00:00,65.2
13914,2017-04-20T20:20:00,66.6
13915,2017-04-20T20:40:00,66.9
13916,2017-04-20T21:00:00,67.2
13917,2017-04-20T21:20:00,67.2
13918,2017-04-20T21:40:00,67.5
13919,2017-04-20T22:00:00,67.5
13920,2017-04-20T22:20:00,67.7
13921,2017-04-20T22:40:00,68.2
13922,2017-04-20T23:00:00,68.6
13923,2017-04-20T23:20:00,68.8
13924,2017-04-20T23:40:00,68.9
13925,2017-04-21T00:00:00,69.9
13926,2017-04-21T00:20:00,71.3
13927,2017-04-21T00:40:00,71.2
13928,2017-04-21T01:00:00,70.4
13929,2017-04-21T01:20:00,70.1
13930,2017-04-21T01:40:00,69.7
13931,2017-04-21T02:00:00,69.7
13932,2017-04-21T02:20:00,71
13933,2017-04-21T02:40:00,68.9
13934,2017-04-21T03:00:00,66.9
13935,2017-04-21T03:20:00,65.8
13936,2017-04-21T03:40:00,66.7
13937,2017-04-21T04:00:00,67.4
13938,2017-04-21T04:20:00,68.2
13939,2017-04-21T04:40:00,70.4
13940,2017-04-21T05:00:00,71.5
13941,2017-04-21T05:20:00,69.6
13942,2017-04-21T05:40:00,67.8
13943,2017-04-21T06:00:00,67.7
13944,2017-04-21T06:20:00,68
13945,2017-04-21T06:40:00,67.4
13946,2017-04-21T07:45:00,65
13947,2017-04-21T08:05:00,65
13948,2017-04-21T08:25:00,63.3
13949,2017-04-21T08:45:00,63.4
13950,2017-04-21T09:05:00,60.4
13951,2017-04-21T09:25:00,57.6
13952,2017-04-21T09:45:00,59.2
13953,2017-04-21T10:05:00,58.4
13954,2017-04-21T10:25:00,56.8
13955,2017-04-21T10:45:00,58.2
13956,2017-04-21T11:05:00,58.4
13957,2017-04-21T11:25:00,58.7
13958,2017-04-21T11:45:00,59.5
13959,2017-04-21T12:05:00,66
13960,2017-04-21T12:25:00,66.4
13961,2017-04-21T12:45:00,63.9
13962,2017-04-21T13:05:00,62
13963,2017-04-21T13:25:00,59.8
13964,2017-04-21T13:45:00,60
13965,2017-04-21T14:05:00,61.7
13966,2017-04-21T14:25:00,65
13967,2017-04-21T14:45:00,64.7
13968,2017-04-21T15:05:00,65.6
13969,2017-04-21T15:25:00,63.7
13970,2017-04-21T15:45:00,64.2
13971,2017-04-21T16:05:00,59.8
13972,2017-04-21T16:25:00,57.9
13973,2017-04-21T16:45:00,56.8
13974,2017-04-21T17:05:00,55.2
13975,2017-04-21T17:25:00,54.6
13976,2017-04-21T17:45:00,53.3
13977,2017-04-21T18:05:00,55.2
13978,2017-04-21T18:30:00,54.8
13979,2017-04-21T18:50:00,50
13980,2017-04-21T19:10:00,51.1
13981,2017-04-21T19:30:00,50.2
13982,2017-04-21T19:50:00,48.3
13983,2017-04-21T20:10:00,47.8
13984,2017-04-21T20:30:00,47.7
13985,2017-04-21T20:50:00,49.9
13986,2017-04-21T21:10:00,50.5
13987,2017-04-21T21:30:00,51.1
13988,2017-04-21T21:50:00,51.3
13989,2017-04-21T22:10:00,52.6
13990,2017-04-21T22:30:00,52.6
13991,2017-04-21T22:50:00,53.5
13992,2017-04-21T23:10:00,54
13993,2017-04-21T23:30:00,53.2
13994,2017-04-21T23:50:00,53.3
13995,2017-04-22T00:10:00,55.2
13996,2017-04-22T00:30:00,54.9
13997,2017-04-22T00:50:00,56
13998,2017-04-22T01:10:00,54.3
13999,2017-04-22T01:30:00,54.3
14000,2017-04-22T01:50:00,53.7
14001,2017-04-22T02:10:00,52.4
14002,2017-04-22T02:30:00,52.6
14003,2017-04-22T02:50:00,52.1
14004,2017-04-22T03:10:00,52.1
14005,2017-04-22T03:30:00,53.8
14006,2017-04-22T03:50:00,54.8
14007,2017-04-22T04:10:00,54.6
14008,2017-04-22T04:30:00,52.1
14009,2017-04-22T04:50:00,47.5
14010,2017-04-22T05:10:00,48.6
14011,2017-04-22T05:30:00,45.1
14012,2017-04-22T05:55:00,44.4
14013,2017-04-22T06:15:00,47
14014,2017-04-22T06:35:00,43.3
14015,2017-04-22T06:55:00,39.8
14016,2017-04-22T07:15:00,42.6
14017,2017-04-22T07:35:00,40.7
14018,2017-04-22T07:55:00,39.3
14019,2017-04-22T08:15:00,39.3
14020,2017-04-22T08:35:00,43.7
14021,2017-04-22T08:55:00,41.2
14022,2017-04-22T09:15:00,38.7
14023,2017-04-22T09:35:00,40.4
14024,2017-04-22T09:55:00,40.4
14025,2017-04-22T10:15:00,45
14026,2017-04-22T10:35:00,43.7
14027,2017-04-22T10:55:00,39.6
14028,2017-04-22T11:15:00,40.7
14029,2017-04-22T11:35:00,42.6
14030,2017-04-22T11:55:00,39
14031,2017-04-22T12:15:00,35.4
14032,2017-04-22T12:35:00,34.1
14033,2017-04-22T12:55:00,31
14034,2017-04-22T13:15:00,29.5
14035,2017-04-22T13:35:00,28.7
14036,2017-04-22T13:55:00,30.2
14037,2017-04-22T14:15:00,28.4
14038,2017-04-22T14:35:00,26.2
14039,2017-04-22T14:55:00,26.4
14040,2017-04-22T15:15:00,25.4
14041,2017-04-22T15:35:00,25.7
14042,2017-04-22T15:55:00,30.5
14043,2017-04-22T16:15:00,29.2
14044,2017-04-22T16:35:00,31.1
14045,2017-04-22T16:55:00,34.3
14046,2017-04-22T17:20:00,35.5
14047,2017-04-22T17:40:00,39.5
14048,2017-04-22T18:00:00,42.3
14049,2017-04-22T18:20:00,47
14050,2017-04-22T18:40:00,48.8
14051,2017-04-22T19:00:00,50.2
14052,2017-04-22T19:20:00,51.9
14053,2017-04-22T19:40:00,54.3
14054,2017-04-22T20:00:00,54.9
14055,2017-04-22T20:20:00,55.4
14056,2017-04-22T20:40:00,55.9
14057,2017-04-22T21:00:00,57.4
14058,2017-04-22T21:20:00,58.2
14059,2017-04-22T21:40:00,59.8
14060,2017-04-22T22:00:00,60.3
14061,2017-04-22T22:20:00,61.5
14062,2017-04-22T22:40:00,62
14063,2017-04-22T23:00:00,62.5
14064,2017-04-22T23:20:00,62.3
14065,2017-04-22T23:40:00,62.8
14066,2017-04-23T00:00:00,63.1
14067,2017-04-23T00:20:00,63.3
14068,2017-04-23T00:40:00,63.4
14069,2017-04-23T01:00:00,63.6
14070,2017-04-23T01:20:00,63.1
14071,2017-04-23T01:40:00,63.6
14072,2017-04-23T02:00:00,62.6
14073,2017-04-23T02:20:00,62.5
14074,2017-04-23T02:40:00,62.8
14075,2017-04-23T03:00:00,60
14076,2017-04-23T03:20:00,59.2
14077,2017-04-23T03:40:00,59.8
14078,2017-04-23T04:00:00,59.5
14079,2017-04-23T04:20:00,56.2
14080,2017-04-23T04:45:00,50.7
14081,2017-04-23T05:05:00,46.2
14082,2017-04-23T05:25:00,41.8
14083,2017-04-23T05:45:00,39.6
14084,2017-04-23T06:05:00,37.3
14085,2017-04-23T06:25:00,36.8
14086,2017-04-23T06:45:00,34.9
14087,2017-04-23T07:05:00,33.3
14088,2017-04-23T07:25:00,31.9
14089,2017-04-23T07:45:00,33.3
14090,2017-04-23T08:05:00,30.5
14091,2017-04-23T08:25:00,31.6
14092,2017-04-23T08:45:00,34.4
14093,2017-04-23T09:05:00,30.8
14094,2017-04-23T09:25:00,28.1
14095,2017-04-23T09:45:00,28.7
14096,2017-04-23T10:05:00,28
14097,2017-04-23T10:25:00,26.7
14098,2017-04-23T10:45:00,27
14099,2017-04-23T11:05:00,26.1
14100,2017-04-23T11:25:00,29.2
14101,2017-04-23T11:45:00,26.2
14102,2017-04-23T12:05:00,22.9
14103,2017-04-23T12:25:00,25.4
14104,2017-04-23T12:45:00,26.1
14105,2017-04-23T13:05:00,30.5
14106,2017-04-23T13:25:00,30.3
14107,2017-04-23T13:45:00,29.4
14108,2017-04-23T14:05:00,28.9
14109,2017-04-23T14:25:00,26.4
14110,2017-04-23T14:45:00,27.8
14111,2017-04-23T15:05:00,29.1
14112,2017-04-23T15:25:00,29.8
14113,2017-04-23T15:50:00,33.8
14114,2017-04-23T16:10:00,33
14115,2017-04-23T16:30:00,34.7
14116,2017-04-23T16:50:00,36.3
14117,2017-04-23T17:10:00,38.4
14118,2017-04-23T17:30:00,39.6
14119,2017-04-23T17:50:00,42.5
14120,2017-04-23T18:10:00,44.2
14121,2017-04-23T18:30:00,45.6
14122,2017-04-23T18:50:00,46.4
14123,2017-04-23T19:10:00,47.5
14124,2017-04-23T19:30:00,47.7
14125,2017-04-23T19:50:00,49.2
14126,2017-04-23T20:10:00,49.7
14127,2017-04-23T20:30:00,50.3
14128,2017-04-23T20:50:00,51.3
14129,2017-04-23T21:10:00,51.6
14130,2017-04-23T21:30:00,54.8
14131,2017-04-23T21:50:00,57.1
14132,2017-04-23T22:10:00,61.1
14133,2017-04-23T22:30:00,65.2
14134,2017-04-23T22:50:00,66.6
14135,2017-04-23T23:10:00,67.5
14136,2017-04-23T23:30:00,68.2
14137,2017-04-23T23:50:00,69.7
14138,2017-04-24T00:10:00,70.2
14139,2017-04-24T00:30:00,69.9
14140,2017-04-24T00:50:00,69.9
14141,2017-04-24T01:10:00,68.9
14142,2017-04-24T01:30:00,69.4
14143,2017-04-24T01:50:00,68.9
14144,2017-04-24T02:10:00,66.3
14145,2017-04-24T02:30:00,66
14146,2017-04-24T02:50:00,65.5
14147,2017-04-24T03:15:00,66.1
14148,2017-04-24T03:35:00,66.4
14149,2017-04-24T03:55:00,67.5
14150,2017-04-24T04:15:00,69.3
14151,2017-04-24T04:35:00,69.9
14152,2017-04-24T04:55:00,69.9
14153,2017-04-24T05:15:00,70.8
14154,2017-04-24T05:35:00,71.2
14155,2017-04-24T05:55:00,71
14156,2017-04-24T06:15:00,69.4
14157,2017-04-24T06:35:00,69.1
14158,2017-04-24T06:55:00,67.8
14159,2017-04-24T07:15:00,69.3
14160,2017-04-24T07:35:00,71
14161,2017-04-24T07:55:00,68.5
14162,2017-04-24T08:15:00,67.4
14163,2017-04-24T08:35:00,66.7
14164,2017-04-24T08:55:00,68.2
14165,2017-04-24T09:15:00,69.6
14166,2017-04-24T09:35:00,68.9
14167,2017-04-24T09:55:00,69.3
14168,2017-04-24T10:15:00,65.6
14169,2017-04-24T10:35:00,59
14170,2017-04-24T10:55:00,56.8
14171,2017-04-24T11:15:00,49.6
14172,2017-04-24T11:35:00,46.6
14173,2017-04-24T11:55:00,46.2
14174,2017-04-24T12:15:00,45.9
14175,2017-04-24T12:35:00,39.5
14176,2017-04-24T12:55:00,37.7
14177,2017-04-24T13:15:00,39.9
14178,2017-04-24T13:35:00,30.6
14179,2017-04-24T13:55:00,28.4
14180,2017-04-24T14:15:00,26.1
14181,2017-04-24T14:40:00,29.5
14182,2017-04-24T15:00:00,29.5
14183,2017-04-24T15:20:00,31.1
14184,2017-04-24T15:40:00,32.5
14185,2017-04-24T16:00:00,33
14186,2017-04-24T16:20:00,33.2
14187,2017-04-24T16:40:00,31.6
14188,2017-04-24T17:00:00,34.7
14189,2017-04-24T17:20:00,35.5
14190,2017-04-24T17:40:00,35.5
14191,2017-04-24T18:00:00,36.9
14192,2017-04-24T18:20:00,39.3
14193,2017-04-24T18:40:00,39.3
14194,2017-04-24T19:00:00,38.8
14195,2017-04-24T19:20:00,40.7
14196,2017-04-24T19:40:00,42.1
14197,2017-04-24T20:00:00,44
14198,2017-04-24T20:20:00,45.1
14199,2017-04-24T20:40:00,45.3
14200,2017-04-24T21:00:00,45.3
14201,2017-04-24T21:20:00,45.8
14202,2017-04-24T21:40:00,45.9
14203,2017-04-24T22:00:00,46.6
14204,2017-04-24T22:20:00,47
14205,2017-04-24T22:40:00,48
14206,2017-04-24T23:00:00,48.6
14207,2017-04-24T23:20:00,49.2
14208,2017-04-24T23:40:00,49.6
14209,2017-04-25T00:00:00,50
14210,2017-04-25T00:20:00,50.8
14211,2017-04-25T00:40:00,51.3
14212,2017-04-25T01:00:00,52.6
14213,2017-04-25T01:20:00,52.6
14214,2017-04-25T01:40:00,52.7
14215,2017-04-25T02:05:00,52.9
14216,2017-04-25T02:25:00,52.7
14217,2017-04-25T02:45:00,53.2
14218,2017-04-25T03:05:00,53
14219,2017-04-25T03:25:00,54
14220,2017-04-25T03:45:00,54.3
14221,2017-04-25T04:05:00,52.4
14222,2017-04-25T04:25:00,48
14223,2017-04-25T04:45:00,43.9
14224,2017-04-25T05:05:00,40.9
14225,2017-04-25T05:25:00,39.5
14226,2017-04-25T05:45:00,37.3
14227,2017-04-25T06:05:00,34.4
14228,2017-04-25T06:25:00,32.8
14229,2017-04-25T06:45:00,31.9
14230,2017-04-25T07:05:00,31
14231,2017-04-25T07:25:00,29.7
14232,2017-04-25T07:45:00,31.1
14233,2017-04-25T08:05:00,31.3
14234,2017-04-25T08:25:00,33.3
14235,2017-04-25T08:45:00,31
14236,2017-04-25T09:05:00,32.7
14237,2017-04-25T09:25:00,35.5
14238,2017-04-25T09:45:00,57.4
14239,2017-04-25T10:05:00,48
14240,2017-04-25T10:25:00,54.6
14241,2017-04-25T10:45:00,43.3
14242,2017-04-25T11:05:00,38.4
14243,2017-04-25T11:25:00,41.4
14244,2017-04-25T11:45:00,52.6
14245,2017-04-25T12:05:00,50.5
14246,2017-04-25T12:25:00,56
14247,2017-04-25T12:45:00,58.5
14248,2017-04-25T13:50:00,63.9
14249,2017-04-25T14:10:00,64.2
14250,2017-04-25T14:30:00,61.9
14251,2017-04-25T14:50:00,61.7
14252,2017-04-25T15:10:00,58.4
14253,2017-04-25T15:30:00,54.6
14254,2017-04-25T15:50:00,61.7
14255,2017-04-25T16:10:00,64.9
14256,2017-04-25T16:30:00,62.2
14257,2017-04-25T16:50:00,60.3
14258,2017-04-25T17:10:00,60.9
14259,2017-04-25T17:30:00,60.9
14260,2017-04-25T17:50:00,62
14261,2017-04-25T18:10:00,62.2
14262,2017-04-25T18:30:00,63.7
14263,2017-04-25T18:50:00,63.4
14264,2017-04-25T19:10:00,64.1
14265,2017-04-25T19:30:00,63.7
14266,2017-04-25T19:50:00,63.4
14267,2017-04-25T20:10:00,62.6
14268,2017-04-25T20:30:00,63.7
14269,2017-04-25T20:50:00,63
14270,2017-04-25T21:10:00,63.6
14271,2017-04-25T21:30:00,62.8
14272,2017-04-25T21:50:00,62.6
14273,2017-04-25T22:10:00,63
14274,2017-04-25T22:30:00,63.9
14275,2017-04-25T22:50:00,64.4
14276,2017-04-25T23:10:00,64.9
14277,2017-04-25T23:30:00,65
14278,2017-04-25T23:50:00,65.5
14279,2017-04-26T00:10:00,65.6
14280,2017-04-26T00:35:00,66.4
14281,2017-04-26T00:55:00,66.6
14282,2017-04-26T01:15:00,66.7
14283,2017-04-26T01:35:00,67.1
14284,2017-04-26T01:55:00,66.6
14285,2017-04-26T02:15:00,65.8
14286,2017-04-26T02:35:00,65.2
14287,2017-04-26T02:55:00,66.1
14288,2017-04-26T03:15:00,66.4
14289,2017-04-26T03:35:00,66.6
14290,2017-04-26T03:55:00,66.9
14291,2017-04-26T04:15:00,60.8
14292,2017-04-26T04:35:00,53.5
14293,2017-04-26T04:55:00,48.5
14294,2017-04-26T05:15:00,46.1
14295,2017-04-26T05:35:00,45.3
14296,2017-04-26T05:55:00,39.8
14297,2017-04-26T06:15:00,39.6
14298,2017-04-26T06:35:00,37.9
14299,2017-04-26T06:55:00,36
14300,2017-04-26T07:15:00,33.8
14301,2017-04-26T07:35:00,34.1
14302,2017-04-26T07:55:00,36.3
14303,2017-04-26T08:15:00,36.3
14304,2017-04-26T08:35:00,33.9
14305,2017-04-26T08:55:00,37.1
14306,2017-04-26T09:15:00,39.2
14307,2017-04-26T09:35:00,37.1
14308,2017-04-26T09:55:00,48
14309,2017-04-26T10:15:00,46.7
14310,2017-04-26T10:35:00,42.8
14311,2017-04-26T10:55:00,46.6
14312,2017-04-26T11:15:00,48
14313,2017-04-26T11:35:00,46.6
14314,2017-04-26T12:00:00,42.5
14315,2017-04-26T12:20:00,42
14316,2017-04-26T12:40:00,42.9
14317,2017-04-26T13:00:00,45.9
14318,2017-04-26T13:20:00,45.5
14319,2017-04-26T13:40:00,48.6
14320,2017-04-26T14:00:00,49.7
14321,2017-04-26T14:20:00,48.8
14322,2017-04-26T14:40:00,58.7
14323,2017-04-26T15:00:00,63
14324,2017-04-26T15:20:00,60.3
14325,2017-04-26T15:40:00,61.4
14326,2017-04-26T16:00:00,57
14327,2017-04-26T16:20:00,58.1
14328,2017-04-26T16:40:00,57.6
14329,2017-04-26T17:00:00,59.6
14330,2017-04-26T17:20:00,59.5
14331,2017-04-26T17:40:00,60.3
14332,2017-04-26T18:00:00,60.4
14333,2017-04-26T18:20:00,61.7
14334,2017-04-26T18:40:00,64.2
14335,2017-04-26T19:00:00,64.1
14336,2017-04-26T19:20:00,63.4
14337,2017-04-26T19:40:00,63.6
14338,2017-04-26T20:00:00,62.5
14339,2017-04-26T20:20:00,60.9
14340,2017-04-26T20:40:00,61.1
14341,2017-04-26T21:00:00,63.4
14342,2017-04-26T21:20:00,64.4
14343,2017-04-26T21:40:00,64.9
14344,2017-04-26T22:00:00,65.5
14345,2017-04-26T22:20:00,65
14346,2017-04-26T22:40:00,65.6
14347,2017-04-26T23:00:00,66
14348,2017-04-26T23:25:00,65.3
14349,2017-04-26T23:45:00,64.7
14350,2017-04-27T00:05:00,64.9
14351,2017-04-27T00:25:00,64.9
14352,2017-04-27T00:45:00,65.8
14353,2017-04-27T01:05:00,66
14354,2017-04-27T01:25:00,65.8
14355,2017-04-27T01:45:00,66
14356,2017-04-27T02:05:00,66
14357,2017-04-27T02:25:00,66.7
14358,2017-04-27T02:45:00,65.8
14359,2017-04-27T03:05:00,65.3
14360,2017-04-27T03:25:00,65
14361,2017-04-27T03:45:00,65.2
14362,2017-04-27T04:05:00,62.2
14363,2017-04-27T04:25:00,57
14364,2017-04-27T04:45:00,52.1
14365,2017-04-27T05:05:00,47.8
14366,2017-04-27T05:25:00,44.8
14367,2017-04-27T05:45:00,42.8
14368,2017-04-27T06:05:00,43.1
14369,2017-04-27T06:25:00,41.7
14370,2017-04-27T06:45:00,42.6
14371,2017-04-27T07:05:00,39.3
14372,2017-04-27T07:25:00,39.9
14373,2017-04-27T07:45:00,42
14374,2017-04-27T08:05:00,44.2
14375,2017-04-27T08:25:00,41.7
14376,2017-04-27T08:45:00,40.9
14377,2017-04-27T09:05:00,37.3
14378,2017-04-27T09:25:00,31.7
14379,2017-04-27T09:45:00,39.2
14380,2017-04-27T10:05:00,39.3
14381,2017-04-27T10:30:00,40.3
14382,2017-04-27T10:50:00,39.8
14383,2017-04-27T11:10:00,44.7
14384,2017-04-27T11:30:00,44.5
14385,2017-04-27T11:50:00,43.3
14386,2017-04-27T12:10:00,44.2
14387,2017-04-27T12:30:00,37.7
14388,2017-04-27T12:50:00,40.1
14389,2017-04-27T13:10:00,46.9
14390,2017-04-27T13:30:00,45.3
14391,2017-04-27T13:50:00,55.9
14392,2017-04-27T14:10:00,53.8
14393,2017-04-27T14:30:00,58.1
14394,2017-04-27T14:50:00,57.8
14395,2017-04-27T15:10:00,56.3
14396,2017-04-27T15:30:00,58.7
14397,2017-04-27T15:50:00,62.5
14398,2017-04-27T16:10:00,61.5
14399,2017-04-27T16:30:00,59.6
14400,2017-04-27T16:50:00,57.8
14401,2017-04-27T17:10:00,56
14402,2017-04-27T17:30:00,57.4
14403,2017-04-27T17:50:00,59.6
14404,2017-04-27T18:10:00,59.6
14405,2017-04-27T18:30:00,57.8
14406,2017-04-27T18:50:00,58.5
14407,2017-04-27T19:10:00,62.5
14408,2017-04-27T19:30:00,66
14409,2017-04-27T19:50:00,66.6
14410,2017-04-27T20:10:00,68
14411,2017-04-27T20:30:00,68.8
14412,2017-04-27T20:50:00,69.9
14413,2017-04-27T21:10:00,68.9
14414,2017-04-27T21:30:00,69.3
14415,2017-04-27T21:55:00,68.9
14416,2017-04-27T22:15:00,68.6
14417,2017-04-27T22:35:00,68.8
14418,2017-04-27T22:55:00,69.4
14419,2017-04-27T23:15:00,69.3
14420,2017-04-27T23:35:00,69.1
14421,2017-04-27T23:55:00,69.4
14422,2017-04-28T00:15:00,69.1
14423,2017-04-28T00:35:00,69.3
14424,2017-04-28T00:55:00,68.9
14425,2017-04-28T01:15:00,69.6
14426,2017-04-28T01:35:00,70.4
14427,2017-04-28T01:55:00,69.6
14428,2017-04-28T02:15:00,69.3
14429,2017-04-28T02:35:00,69.9
14430,2017-04-28T02:55:00,69.9
14431,2017-04-28T03:15:00,69.4
14432,2017-04-28T03:35:00,69.7
14433,2017-04-28T03:55:00,69.7
14434,2017-04-28T04:15:00,69.6
14435,2017-04-28T04:35:00,69.3
14436,2017-04-28T04:55:00,68.3
14437,2017-04-28T05:15:00,69.7
14438,2017-04-28T05:35:00,69.7
14439,2017-04-28T05:55:00,67.4
14440,2017-04-28T06:15:00,56.3
14441,2017-04-28T06:35:00,57.3
14442,2017-04-28T06:55:00,59.2
14443,2017-04-28T07:15:00,57.9
14444,2017-04-28T07:35:00,50.3
14445,2017-04-28T07:55:00,49.4
14446,2017-04-28T08:15:00,47.2
14447,2017-04-28T08:35:00,41.8
14448,2017-04-28T08:55:00,42.6
14449,2017-04-28T09:20:00,42.9
14450,2017-04-28T09:40:00,45.9
14451,2017-04-28T10:00:00,49.6
14452,2017-04-28T10:20:00,48.5
14453,2017-04-28T10:40:00,46.1
14454,2017-04-28T11:00:00,42
14455,2017-04-28T11:20:00,46.2
14456,2017-04-28T11:40:00,50.2
14457,2017-04-28T12:00:00,54.8
14458,2017-04-28T12:20:00,50.7
14459,2017-04-28T12:40:00,54
14460,2017-04-28T13:00:00,52.1
14461,2017-04-28T13:20:00,49.2
14462,2017-04-28T13:40:00,50.3
14463,2017-04-28T14:00:00,57.4
14464,2017-04-28T14:20:00,57.4
14465,2017-04-28T14:40:00,54.4
14466,2017-04-28T15:00:00,56.7
14467,2017-04-28T15:20:00,56.3
14468,2017-04-28T15:40:00,57.9
14469,2017-04-28T16:00:00,56.5
14470,2017-04-28T16:20:00,56
14471,2017-04-28T16:40:00,61.1
14472,2017-04-28T17:00:00,63
14473,2017-04-28T17:20:00,63.9
14474,2017-04-28T17:40:00,63.9
14475,2017-04-28T18:00:00,65
14476,2017-04-28T18:20:00,64.1
14477,2017-04-28T18:40:00,62.6
14478,2017-04-28T19:00:00,61.5
14479,2017-04-28T19:20:00,60.6
14480,2017-04-28T19:40:00,62.8
14481,2017-04-28T20:00:00,63.6
14482,2017-04-28T20:20:00,63.1
14483,2017-04-28T20:45:00,63.6
14484,2017-04-28T21:05:00,66.4
14485,2017-04-28T21:25:00,66.9
14486,2017-04-28T21:45:00,66.9
14487,2017-04-28T22:05:00,67.5
14488,2017-04-28T22:25:00,66.4
14489,2017-04-28T22:45:00,63
14490,2017-04-28T23:05:00,62.6
14491,2017-04-28T23:25:00,61.7
14492,2017-04-28T23:45:00,62.5
14493,2017-04-29T00:05:00,60.9
14494,2017-04-29T00:25:00,66.4
14495,2017-04-29T00:45:00,67.8
14496,2017-04-29T01:05:00,69.3
14497,2017-04-29T01:25:00,68.8
14498,2017-04-29T01:45:00,69.1
14499,2017-04-29T02:05:00,69.1
14500,2017-04-29T02:25:00,68.9
14501,2017-04-29T02:45:00,69.1
14502,2017-04-29T03:05:00,68
14503,2017-04-29T03:25:00,68.6
14504,2017-04-29T03:45:00,68.9
14505,2017-04-29T04:05:00,69.1
14506,2017-04-29T04:25:00,70.1
14507,2017-04-29T04:45:00,69.7
14508,2017-04-29T05:05:00,71.2
14509,2017-04-29T05:25:00,70.5
14510,2017-04-29T05:45:00,69.4
14511,2017-04-29T06:05:00,70.4
14512,2017-04-29T06:25:00,70.7
14513,2017-04-29T06:45:00,68.8
14514,2017-04-29T07:05:00,68.9
14515,2017-04-29T07:25:00,66.9
14516,2017-04-29T07:45:00,66
14517,2017-04-29T08:10:00,66.6
14518,2017-04-29T08:30:00,63.4
14519,2017-04-29T08:50:00,62.6
14520,2017-04-29T09:10:00,60.8
14521,2017-04-29T09:30:00,58.7
14522,2017-04-29T09:50:00,60.8
14523,2017-04-29T10:10:00,60
14524,2017-04-29T10:30:00,58.2
14525,2017-04-29T10:50:00,55.2
14526,2017-04-29T11:10:00,55.5
14527,2017-04-29T11:30:00,54.8
14528,2017-04-29T11:50:00,56
14529,2017-04-29T12:10:00,57.1
14530,2017-04-29T12:30:00,57.6
14531,2017-04-29T12:50:00,56.7
14532,2017-04-29T13:10:00,54.1
14533,2017-04-29T13:30:00,50.3
14534,2017-04-29T13:50:00,53.3
14535,2017-04-29T14:10:00,51.6
14536,2017-04-29T14:30:00,52.1
14537,2017-04-29T14:50:00,53.2
14538,2017-04-29T15:10:00,54.3
14539,2017-04-29T15:30:00,54.6
14540,2017-04-29T15:50:00,54.8
14541,2017-04-29T16:10:00,53.8
14542,2017-04-29T16:30:00,54.3
14543,2017-04-29T16:50:00,53.8
14544,2017-04-29T17:10:00,56.3
14545,2017-04-29T17:30:00,54
14546,2017-04-29T17:50:00,57.1
14547,2017-04-29T18:10:00,57
14548,2017-04-29T18:30:00,57.6
14549,2017-04-29T18:50:00,54.9
14550,2017-04-29T19:15:00,57.6
14551,2017-04-29T19:35:00,58.7
14552,2017-04-29T19:55:00,59.6
14553,2017-04-29T20:15:00,59.2
14554,2017-04-29T20:35:00,59.8
14555,2017-04-29T21:35:00,60
14556,2017-04-29T21:55:00,61.7
14557,2017-04-29T22:15:00,62.5
14558,2017-04-29T22:35:00,64.7
14559,2017-04-29T22:55:00,65.6
14560,2017-04-29T23:15:00,68.3
14561,2017-04-29T23:35:00,68
14562,2017-04-29T23:55:00,66.3
14563,2017-04-30T00:15:00,63.7
14564,2017-04-30T00:35:00,65.3
14565,2017-04-30T00:55:00,64.9
14566,2017-04-30T01:15:00,65.3
14567,2017-04-30T01:35:00,65.8
14568,2017-04-30T01:55:00,66
14569,2017-04-30T02:15:00,65.3
14570,2017-04-30T02:35:00,64.9
14571,2017-04-30T02:55:00,64.4
14572,2017-04-30T03:15:00,65.2
14573,2017-04-30T03:35:00,65.6
14574,2017-04-30T03:55:00,65.6
14575,2017-04-30T04:15:00,65.3
14576,2017-04-30T04:35:00,60.3
14577,2017-04-30T04:55:00,62.6
14578,2017-04-30T05:15:00,51
14579,2017-04-30T05:35:00,51.6
14580,2017-04-30T05:55:00,51.8
14581,2017-04-30T06:15:00,50.2
14582,2017-04-30T06:40:00,48.3
14583,2017-04-30T07:00:00,48.3
14584,2017-04-30T07:20:00,48
14585,2017-04-30T07:40:00,51.6
14586,2017-04-30T08:00:00,54
14587,2017-04-30T08:20:00,51.1
14588,2017-04-30T08:40:00,48.3
14589,2017-04-30T09:00:00,48.8
14590,2017-04-30T09:20:00,48.8
14591,2017-04-30T09:40:00,47.8
14592,2017-04-30T10:00:00,47
14593,2017-04-30T10:20:00,49.6
14594,2017-04-30T10:40:00,45.3
14595,2017-04-30T11:00:00,51.1
14596,2017-04-30T11:20:00,44
14597,2017-04-30T11:40:00,51
14598,2017-04-30T12:00:00,52.4
14599,2017-04-30T12:20:00,49.6
14600,2017-04-30T12:40:00,49.6
14601,2017-04-30T13:00:00,46.9
14602,2017-04-30T13:20:00,47
14603,2017-04-30T13:40:00,45.9
14604,2017-04-30T14:00:00,44
14605,2017-04-30T14:20:00,44.7
14606,2017-04-30T14:40:00,46.9
14607,2017-04-30T15:00:00,48.5
14608,2017-04-30T15:20:00,50.2
14609,2017-04-30T15:40:00,52.1
14610,2017-04-30T16:00:00,52.7
14611,2017-04-30T16:20:00,52.6
14612,2017-04-30T16:40:00,47
14613,2017-04-30T17:00:00,45.8
14614,2017-04-30T17:20:00,46.9
14615,2017-04-30T17:40:00,48.8
14616,2017-04-30T18:05:00,49.2
14617,2017-04-30T18:25:00,49.2
14618,2017-04-30T18:45:00,46.9
14619,2017-04-30T19:05:00,51.6
14620,2017-04-30T19:25:00,46.1
14621,2017-04-30T19:45:00,46.6
14622,2017-04-30T20:05:00,47.2
14623,2017-04-30T20:25:00,50.5
14624,2017-04-30T20:45:00,51.4
14625,2017-04-30T21:05:00,49.1
14626,2017-04-30T21:25:00,49.7
14627,2017-04-30T21:45:00,50.5
14628,2017-04-30T22:05:00,50.7
14629,2017-04-30T22:25:00,49.6
14630,2017-04-30T22:45:00,50.3
14631,2017-04-30T23:05:00,50
14632,2017-04-30T23:25:00,49.7
14633,2017-04-30T23:45:00,50.7
14634,2017-05-01T00:05:00,51.6
14635,2017-05-01T00:25:00,52.6
14636,2017-05-01T00:45:00,52.7
14637,2017-05-01T01:05:00,54.3
14638,2017-05-01T01:25:00,55.2
14639,2017-05-01T01:45:00,56
14640,2017-05-01T02:05:00,57.3
14641,2017-05-01T02:25:00,58.2
14642,2017-05-01T02:45:00,58.4
14643,2017-05-01T03:05:00,59
14644,2017-05-01T03:25:00,59.3
14645,2017-05-01T03:45:00,58.4
14646,2017-05-01T04:05:00,56.3
14647,2017-05-01T04:25:00,54.8
14648,2017-05-01T04:45:00,53.8
14649,2017-05-01T05:05:00,53.2
14650,2017-05-01T05:30:00,51.1
14651,2017-05-01T05:50:00,48.3
14652,2017-05-01T06:10:00,47
14653,2017-05-01T06:30:00,47.2
14654,2017-05-01T06:50:00,46.7
14655,2017-05-01T07:10:00,47.5
14656,2017-05-01T07:30:00,49.2
14657,2017-05-01T07:50:00,48.9
14658,2017-05-01T08:10:00,48.8
14659,2017-05-01T08:30:00,49.9
14660,2017-05-01T08:50:00,50.5
14661,2017-05-01T09:10:00,50.5
14662,2017-05-01T09:30:00,50.8
14663,2017-05-01T09:50:00,51.1
14664,2017-05-01T10:10:00,45.8
14665,2017-05-01T10:30:00,45.8
14666,2017-05-01T10:50:00,45.5
14667,2017-05-01T11:10:00,44
14668,2017-05-01T11:30:00,42.9
14669,2017-05-01T11:50:00,43.1
14670,2017-05-01T12:10:00,41.2
14671,2017-05-01T12:30:00,43.1
14672,2017-05-01T12:50:00,46.1
14673,2017-05-01T13:10:00,44
14674,2017-05-01T13:30:00,43.6
14675,2017-05-01T13:50:00,43.3
14676,2017-05-01T14:10:00,43.9
14677,2017-05-01T14:30:00,43.7
14678,2017-05-01T14:50:00,41.2
14679,2017-05-01T15:10:00,42.8
14680,2017-05-01T15:30:00,39.8
14681,2017-05-01T15:50:00,41.2
14682,2017-05-01T16:10:00,41.5
14683,2017-05-01T16:35:00,42.6
14684,2017-05-01T16:55:00,42
14685,2017-05-01T17:15:00,42.8
14686,2017-05-01T17:35:00,43.6
14687,2017-05-01T17:55:00,43.3
14688,2017-05-01T18:15:00,44.8
14689,2017-05-01T18:35:00,44
14690,2017-05-01T18:55:00,44.4
14691,2017-05-01T19:15:00,42.3
14692,2017-05-01T19:35:00,41.5
14693,2017-05-01T19:55:00,42.6
14694,2017-05-01T20:15:00,41.8
14695,2017-05-01T20:35:00,42
14696,2017-05-01T20:55:00,49.1
14697,2017-05-01T21:15:00,43.3
14698,2017-05-01T21:35:00,47
14699,2017-05-01T21:55:00,48.6
14700,2017-05-01T22:15:00,50
14701,2017-05-01T22:35:00,50
14702,2017-05-01T22:55:00,51.3
14703,2017-05-01T23:15:00,48.6
14704,2017-05-01T23:35:00,51.1
14705,2017-05-01T23:55:00,49.7
14706,2017-05-02T00:15:00,51.3
14707,2017-05-02T00:35:00,51.1
14708,2017-05-02T00:55:00,53.2
14709,2017-05-02T01:15:00,53.2
14710,2017-05-02T01:35:00,51.9
14711,2017-05-02T01:55:00,52.6
14712,2017-05-02T02:15:00,52.6
14713,2017-05-02T02:35:00,53.2
14714,2017-05-02T02:55:00,55.2
14715,2017-05-02T03:15:00,56
14716,2017-05-02T03:35:00,55.2
14717,2017-05-02T04:00:00,55.4
14718,2017-05-02T04:40:00,52.6
14719,2017-05-02T05:00:00,51.4
14720,2017-05-02T05:20:00,49.2
14721,2017-05-02T05:40:00,49.9
14722,2017-05-02T06:00:00,48.6
14723,2017-05-02T06:20:00,48.8
14724,2017-05-02T06:40:00,47.2
14725,2017-05-02T07:00:00,46.9
14726,2017-05-02T07:20:00,45.6
14727,2017-05-02T07:40:00,46.7
14728,2017-05-02T08:00:00,45.8
14729,2017-05-02T08:20:00,43.9
14730,2017-05-02T08:40:00,43.1
14731,2017-05-02T09:00:00,42.8
14732,2017-05-02T09:20:00,43.3
14733,2017-05-02T09:40:00,41.2
14734,2017-05-02T10:00:00,40.6
14735,2017-05-02T10:20:00,38.4
14736,2017-05-02T10:40:00,38
14737,2017-05-02T11:00:00,41.8
14738,2017-05-02T11:20:00,40.6
14739,2017-05-02T11:40:00,37.7
14740,2017-05-02T12:00:00,38.4
14741,2017-05-02T12:20:00,38
14742,2017-05-02T12:40:00,38
14743,2017-05-02T13:00:00,36.9
14744,2017-05-02T13:20:00,34.4
14745,2017-05-02T13:40:00,34.3
14746,2017-05-02T14:00:00,33.5
14747,2017-05-02T14:20:00,34.7
14748,2017-05-02T14:40:00,31.4
14749,2017-05-02T15:00:00,31.6
14750,2017-05-02T15:25:00,34.7
14751,2017-05-02T15:45:00,32.1
14752,2017-05-02T16:05:00,31.9
14753,2017-05-02T16:25:00,37.1
14754,2017-05-02T16:45:00,37.3
14755,2017-05-02T17:05:00,39.6
14756,2017-05-02T17:25:00,41.4
14757,2017-05-02T17:45:00,39.3
14758,2017-05-02T18:05:00,37.3
14759,2017-05-02T18:25:00,37.4
14760,2017-05-02T18:45:00,41.4
14761,2017-05-02T19:05:00,44
14762,2017-05-02T19:25:00,51.3
14763,2017-05-02T19:45:00,48.8
14764,2017-05-02T20:05:00,48.8
14765,2017-05-02T20:25:00,49.2
14766,2017-05-02T20:45:00,53
14767,2017-05-02T21:05:00,59.2
14768,2017-05-02T21:25:00,60.3
14769,2017-05-02T21:45:00,55.4
14770,2017-05-02T22:05:00,55.5
14771,2017-05-02T22:25:00,44
14772,2017-05-02T22:45:00,45.5
14773,2017-05-02T23:05:00,52.4
14774,2017-05-02T23:25:00,49.4
14775,2017-05-02T23:45:00,48.3
14776,2017-05-03T00:05:00,45.9
14777,2017-05-03T00:25:00,46.9
14778,2017-05-03T00:45:00,49.1
14779,2017-05-03T01:05:00,51
14780,2017-05-03T01:25:00,52.7
14781,2017-05-03T01:45:00,50.5
14782,2017-05-03T02:05:00,48.6
14783,2017-05-03T02:30:00,51.6
14784,2017-05-03T02:50:00,52.1
14785,2017-05-03T03:10:00,51.3
14786,2017-05-03T03:30:00,52.2
14787,2017-05-03T03:50:00,52.2
14788,2017-05-03T04:10:00,51.3
14789,2017-05-03T04:30:00,50
14790,2017-05-03T04:50:00,51.1
14791,2017-05-03T05:10:00,52.6
14792,2017-05-03T05:30:00,54.1
14793,2017-05-03T05:50:00,52.6
14794,2017-05-03T06:10:00,51
14795,2017-05-03T06:30:00,51.3
14796,2017-05-03T06:50:00,49.1
14797,2017-05-03T07:10:00,47.2
14798,2017-05-03T07:30:00,46.7
14799,2017-05-03T07:50:00,47
14800,2017-05-03T08:10:00,45
14801,2017-05-03T08:30:00,44.4
14802,2017-05-03T08:50:00,41.4
14803,2017-05-03T09:10:00,38.5
14804,2017-05-03T09:30:00,34.9
14805,2017-05-03T09:50:00,38.8
14806,2017-05-03T10:10:00,40.6
14807,2017-05-03T10:30:00,39.6
14808,2017-05-03T10:50:00,39.5
14809,2017-05-03T11:10:00,39.2
14810,2017-05-03T11:30:00,37.3
14811,2017-05-03T11:50:00,39
14812,2017-05-03T12:10:00,37.6
14813,2017-05-03T12:30:00,39.3
14814,2017-05-03T12:50:00,36.6
14815,2017-05-03T13:10:00,37.7
14816,2017-05-03T13:30:00,40.7
14817,2017-05-03T13:55:00,36.3
14818,2017-05-03T14:15:00,35.4
14819,2017-05-03T14:35:00,31.4
14820,2017-05-03T14:55:00,31.6
14821,2017-05-03T15:15:00,32.1
14822,2017-05-03T15:35:00,32.2
14823,2017-05-03T15:55:00,31.4
14824,2017-05-03T16:15:00,31.3
14825,2017-05-03T16:35:00,31.7
14826,2017-05-03T16:55:00,31.7
14827,2017-05-03T17:15:00,31.9
14828,2017-05-03T17:35:00,32.8
14829,2017-05-03T17:55:00,35.2
14830,2017-05-03T18:15:00,34.7
14831,2017-05-03T18:35:00,36.8
14832,2017-05-03T18:55:00,38.4
14833,2017-05-03T19:15:00,40.9
14834,2017-05-03T19:35:00,45.1
14835,2017-05-03T19:55:00,48.9
14836,2017-05-03T20:15:00,51.3
14837,2017-05-03T20:35:00,52.9
14838,2017-05-03T20:55:00,55.4
14839,2017-05-03T21:15:00,55.7
14840,2017-05-03T21:35:00,55.7
14841,2017-05-03T21:55:00,57
14842,2017-05-03T22:15:00,63.4
14843,2017-05-03T22:35:00,60.3
14844,2017-05-03T22:55:00,62.8
14845,2017-05-03T23:15:00,58.5
14846,2017-05-03T23:35:00,61.2
14847,2017-05-03T23:55:00,60.3
14848,2017-05-04T00:15:00,57.3
14849,2017-05-04T00:35:00,54.4
14850,2017-05-04T00:55:00,51
14851,2017-05-04T01:20:00,51
14852,2017-05-04T01:40:00,52.4
14853,2017-05-04T02:00:00,52.2
14854,2017-05-04T02:20:00,52.1
14855,2017-05-04T02:40:00,55.5
14856,2017-05-04T03:00:00,52.1
14857,2017-05-04T03:20:00,50.8
14858,2017-05-04T03:40:00,47.8
14859,2017-05-04T04:00:00,46.7
14860,2017-05-04T04:20:00,46.4
14861,2017-05-04T04:40:00,46.1
14862,2017-05-04T05:00:00,45.8
14863,2017-05-04T05:20:00,41.5
14864,2017-05-04T06:20:00,43.1
14865,2017-05-04T06:40:00,43.1
14866,2017-05-04T07:00:00,40.7
14867,2017-05-04T07:20:00,41
14868,2017-05-04T07:40:00,40.7
14869,2017-05-04T08:00:00,40.3
14870,2017-05-04T08:20:00,39.3
14871,2017-05-04T08:40:00,40.4
14872,2017-05-04T09:00:00,38.2
14873,2017-05-04T09:20:00,37.1
14874,2017-05-04T09:40:00,36.2
14875,2017-05-04T10:00:00,36.2
14876,2017-05-04T10:20:00,36.9
14877,2017-05-04T10:40:00,38.8
14878,2017-05-04T11:00:00,34.6
14879,2017-05-04T11:20:00,34.1
14880,2017-05-04T11:40:00,30.8
14881,2017-05-04T12:00:00,32.4
14882,2017-05-04T12:20:00,30.6
14883,2017-05-04T12:45:00,33
14884,2017-05-04T13:05:00,32.7
14885,2017-05-04T13:25:00,33.5
14886,2017-05-04T13:45:00,30
14887,2017-05-04T14:05:00,29.1
14888,2017-05-04T14:25:00,30.2
14889,2017-05-04T14:45:00,32.4
14890,2017-05-04T15:05:00,32.1
14891,2017-05-04T15:25:00,32.8
14892,2017-05-04T15:45:00,33.3
14893,2017-05-04T16:05:00,34.7
14894,2017-05-04T16:25:00,37.3
14895,2017-05-04T16:45:00,37.6
14896,2017-05-04T17:05:00,39.6
14897,2017-05-04T17:25:00,39.5
14898,2017-05-04T17:45:00,42.8
14899,2017-05-04T18:05:00,44.4
14900,2017-05-04T18:25:00,45.6
14901,2017-05-04T18:45:00,47.7
14902,2017-05-04T19:05:00,48.8
14903,2017-05-04T19:25:00,50.2
14904,2017-05-04T19:45:00,51
14905,2017-05-04T20:05:00,51.8
14906,2017-05-04T20:25:00,52.1
14907,2017-05-04T20:45:00,52.1
14908,2017-05-04T21:05:00,51.8
14909,2017-05-04T21:25:00,50.5
14910,2017-05-04T21:45:00,48.5
14911,2017-05-04T22:05:00,46.2
14912,2017-05-04T22:25:00,45.3
14913,2017-05-04T22:45:00,43.3
14914,2017-05-04T23:05:00,47.5
14915,2017-05-04T23:25:00,47.5
14916,2017-05-04T23:45:00,48
14917,2017-05-05T00:10:00,46.7
14918,2017-05-05T00:30:00,47.8
14919,2017-05-05T00:50:00,47.7
14920,2017-05-05T01:10:00,48.9
14921,2017-05-05T01:30:00,49.2
14922,2017-05-05T02:10:00,46.7
14923,2017-05-05T02:30:00,46.6
14924,2017-05-05T02:50:00,46.6
14925,2017-05-05T03:10:00,46.2
14926,2017-05-05T03:30:00,46.6
14927,2017-05-05T03:50:00,46.2
14928,2017-05-05T04:10:00,46.4
14929,2017-05-05T04:30:00,45.1
14930,2017-05-05T04:50:00,45.1
14931,2017-05-05T05:10:00,44.7
14932,2017-05-05T05:30:00,35.7
14933,2017-05-05T05:50:00,36
14934,2017-05-05T06:10:00,35.7
14935,2017-05-05T06:30:00,39.6
14936,2017-05-05T06:50:00,39.2
14937,2017-05-05T07:10:00,37.4
14938,2017-05-05T07:30:00,39.2
14939,2017-05-05T07:50:00,37.4
14940,2017-05-05T08:10:00,34.9
14941,2017-05-05T08:30:00,36.8
14942,2017-05-05T08:50:00,39.6
14943,2017-05-05T09:10:00,36.2
14944,2017-05-05T09:30:00,34.9
14945,2017-05-05T09:50:00,36.9
14946,2017-05-05T10:10:00,36.5
14947,2017-05-05T10:30:00,38.2
14948,2017-05-05T10:50:00,37.3
14949,2017-05-05T11:15:00,33.8
14950,2017-05-05T11:35:00,33.8
14951,2017-05-05T11:55:00,35.8
14952,2017-05-05T12:15:00,40.6
14953,2017-05-05T12:35:00,42.9
14954,2017-05-05T12:55:00,35.7
14955,2017-05-05T13:15:00,36.3
14956,2017-05-05T13:35:00,35.7
14957,2017-05-05T13:55:00,33.9
14958,2017-05-05T14:15:00,32.7
14959,2017-05-05T14:35:00,35.1
14960,2017-05-05T14:55:00,33.9
14961,2017-05-05T15:15:00,33.5
14962,2017-05-05T15:35:00,33.2
14963,2017-05-05T15:55:00,32.7
14964,2017-05-05T16:15:00,33
14965,2017-05-05T16:35:00,34.6
14966,2017-05-05T16:55:00,36.5
14967,2017-05-05T17:15:00,37.9
14968,2017-05-05T17:35:00,39.3
14969,2017-05-05T17:55:00,39.9
14970,2017-05-05T18:15:00,40.3
14971,2017-05-05T18:35:00,39.2
14972,2017-05-05T18:55:00,38.8
14973,2017-05-05T19:15:00,41.5
14974,2017-05-05T19:35:00,41
14975,2017-05-05T19:55:00,41.2
14976,2017-05-05T20:15:00,41.7
14977,2017-05-05T20:35:00,41.7
14978,2017-05-05T20:55:00,41.8
14979,2017-05-05T21:15:00,41.7
14980,2017-05-05T21:35:00,42
14981,2017-05-05T21:55:00,41.8
14982,2017-05-05T22:15:00,41.8
14983,2017-05-05T22:40:00,42.1
14984,2017-05-05T23:00:00,42.8
14985,2017-05-05T23:20:00,43.1
14986,2017-05-05T23:40:00,44.2
14987,2017-05-06T00:00:00,44.7
14988,2017-05-06T00:20:00,45
14989,2017-05-06T00:40:00,45.9
14990,2017-05-06T01:00:00,46.6
14991,2017-05-06T01:20:00,47
14992,2017-05-06T01:40:00,45.8
14993,2017-05-06T02:00:00,46.7
14994,2017-05-06T02:20:00,46.7
14995,2017-05-06T02:40:00,48.6
14996,2017-05-06T03:00:00,48
14997,2017-05-06T03:20:00,45.9
14998,2017-05-06T03:40:00,43.4
14999,2017-05-06T04:00:00,44.4
15000,2017-05-06T04:20:00,37.3
15001,2017-05-06T04:40:00,31.4
15002,2017-05-06T05:00:00,31.9
15003,2017-05-06T05:20:00,30
15004,2017-05-06T05:40:00,30.2
15005,2017-05-06T06:00:00,33.8
15006,2017-05-06T06:20:00,36.8
15007,2017-05-06T06:40:00,38.4
15008,2017-05-06T07:00:00,39.9
15009,2017-05-06T07:20:00,34.7
15010,2017-05-06T07:40:00,34.4
15011,2017-05-06T08:00:00,33.9
15012,2017-05-06T08:20:00,35.1
15013,2017-05-06T08:40:00,32.8
15014,2017-05-06T09:00:00,31.9
15015,2017-05-06T09:20:00,30.8
15016,2017-05-06T09:40:00,32.8
15017,2017-05-06T10:05:00,30
15018,2017-05-06T10:25:00,29.4
15019,2017-05-06T10:45:00,30
15020,2017-05-06T11:05:00,33.2
15021,2017-05-06T11:25:00,32.2
15022,2017-05-06T11:45:00,32.4
15023,2017-05-06T12:05:00,29.1
15024,2017-05-06T12:25:00,27.3
15025,2017-05-06T12:45:00,27.5
15026,2017-05-06T13:05:00,27.8
15027,2017-05-06T13:25:00,27.3
15028,2017-05-06T13:45:00,27.5
15029,2017-05-06T14:05:00,26.1
15030,2017-05-06T14:25:00,28.7
15031,2017-05-06T14:45:00,29.8
15032,2017-05-06T15:05:00,25.4
15033,2017-05-06T15:25:00,26.2
15034,2017-05-06T15:45:00,24.2
15035,2017-05-06T16:05:00,24.3
15036,2017-05-06T16:25:00,28
15037,2017-05-06T16:45:00,28
15038,2017-05-06T17:05:00,28.4
15039,2017-05-06T17:25:00,29.7
15040,2017-05-06T17:45:00,31.1
15041,2017-05-06T18:05:00,31.6
15042,2017-05-06T18:25:00,29.7
15043,2017-05-06T18:45:00,31
15044,2017-05-06T19:05:00,31.7
15045,2017-05-06T19:25:00,37.9
15046,2017-05-06T19:45:00,38.7
15047,2017-05-06T20:05:00,42.1
15048,2017-05-06T20:25:00,51.3
15049,2017-05-06T20:45:00,49.1
15050,2017-05-06T21:05:00,39.6
15051,2017-05-06T21:30:00,40.9
15052,2017-05-06T21:50:00,37.1
15053,2017-05-06T22:10:00,41.2
15054,2017-05-06T22:30:00,46.2
15055,2017-05-06T22:50:00,47.2
15056,2017-05-06T23:10:00,46.4
15057,2017-05-06T23:30:00,47
15058,2017-05-06T23:50:00,47.7
15059,2017-05-07T00:10:00,48.3
15060,2017-05-07T00:30:00,51.8
15061,2017-05-07T00:50:00,52.6
15062,2017-05-07T01:10:00,55.5
15063,2017-05-07T01:30:00,55.5
15064,2017-05-07T01:50:00,56.2
15065,2017-05-07T02:10:00,55.9
15066,2017-05-07T02:30:00,57.3
15067,2017-05-07T02:50:00,59
15068,2017-05-07T03:10:00,58.2
15069,2017-05-07T03:30:00,58.7
15070,2017-05-07T03:50:00,52.4
15071,2017-05-07T04:10:00,44.8
15072,2017-05-07T04:30:00,41.8
15073,2017-05-07T04:50:00,39.5
15074,2017-05-07T05:10:00,39.8
15075,2017-05-07T05:50:00,39.6
15076,2017-05-07T06:10:00,40.4
15077,2017-05-07T06:30:00,38.7
15078,2017-05-07T06:50:00,35.7
15079,2017-05-07T07:10:00,34.7
15080,2017-05-07T07:30:00,33.6
15081,2017-05-07T07:50:00,32.7
15082,2017-05-07T08:10:00,37.1
15083,2017-05-07T08:30:00,38.7
15084,2017-05-07T08:55:00,41.4
15085,2017-05-07T09:15:00,43.1
15086,2017-05-07T09:35:00,45.8
15087,2017-05-07T09:55:00,45.8
15088,2017-05-07T10:15:00,48.1
15089,2017-05-07T10:35:00,49.2
15090,2017-05-07T10:55:00,48.9
15091,2017-05-07T11:15:00,45.1
15092,2017-05-07T11:35:00,42.6
15093,2017-05-07T11:55:00,43.7
15094,2017-05-07T12:15:00,46.2
15095,2017-05-07T12:35:00,48.5
15096,2017-05-07T12:55:00,46.6
15097,2017-05-07T13:15:00,44.7
15098,2017-05-07T13:35:00,47.2
15099,2017-05-07T13:55:00,47.2
15100,2017-05-07T14:15:00,46.7
15101,2017-05-07T14:35:00,48.9
15102,2017-05-07T14:55:00,47.8
15103,2017-05-07T15:15:00,47.8
15104,2017-05-07T15:35:00,47
15105,2017-05-07T15:55:00,48.6
15106,2017-05-07T16:15:00,48.6
15107,2017-05-07T16:35:00,51.9
15108,2017-05-07T16:55:00,54.1
15109,2017-05-07T17:15:00,55.4
15110,2017-05-07T17:35:00,57.4
15111,2017-05-07T17:55:00,58.2
15112,2017-05-07T18:15:00,58.9
15113,2017-05-07T18:35:00,60.1
15114,2017-05-07T18:55:00,62
15115,2017-05-07T19:15:00,63
15116,2017-05-07T19:35:00,62.6
15117,2017-05-07T20:00:00,62.8
15118,2017-05-07T20:20:00,63.6
15119,2017-05-07T20:40:00,64.1
15120,2017-05-07T21:00:00,65
15121,2017-05-07T21:20:00,65.6
15122,2017-05-07T21:40:00,65.6
15123,2017-05-07T22:00:00,65.6
15124,2017-05-07T22:20:00,66
15125,2017-05-07T22:40:00,61.2
15126,2017-05-07T23:00:00,61.7
15127,2017-05-07T23:20:00,62.6
15128,2017-05-07T23:40:00,63.4
15129,2017-05-08T00:00:00,62.6
15130,2017-05-08T00:20:00,61.7
15131,2017-05-08T00:40:00,60.8
15132,2017-05-08T01:00:00,59.6
15133,2017-05-08T01:20:00,59.2
15134,2017-05-08T01:40:00,58.5
15135,2017-05-08T02:00:00,57.1
15136,2017-05-08T02:20:00,55.7
15137,2017-05-08T02:40:00,55.5
15138,2017-05-08T03:00:00,52.4
15139,2017-05-08T03:20:00,51.8
15140,2017-05-08T03:40:00,49.1
15141,2017-05-08T04:00:00,46.2
15142,2017-05-08T04:20:00,44.4
15143,2017-05-08T04:40:00,44.4
15144,2017-05-08T05:00:00,42.1
15145,2017-05-08T05:20:00,44.5
15146,2017-05-08T05:40:00,44.4
15147,2017-05-08T06:00:00,39.6
15148,2017-05-08T06:20:00,38.5
15149,2017-05-08T06:40:00,37.6
15150,2017-05-08T07:00:00,38.5
15151,2017-05-08T07:25:00,31.4
15152,2017-05-08T07:45:00,34.7
15153,2017-05-08T08:05:00,27.3
15154,2017-05-08T08:25:00,30
15155,2017-05-08T08:45:00,30.5
15156,2017-05-08T09:05:00,28.4
15157,2017-05-08T09:25:00,26.7
15158,2017-05-08T09:45:00,28.6
15159,2017-05-08T10:05:00,28.4
15160,2017-05-08T10:25:00,28.1
15161,2017-05-08T10:45:00,29.1
15162,2017-05-08T11:05:00,28.1
15163,2017-05-08T11:25:00,26.2
15164,2017-05-08T11:45:00,27.5
15165,2017-05-08T12:05:00,27.6
15166,2017-05-08T12:25:00,28.7
15167,2017-05-08T12:45:00,27.6
15168,2017-05-08T13:05:00,25.1
15169,2017-05-08T13:25:00,26.9
15170,2017-05-08T13:45:00,24.8
15171,2017-05-08T14:05:00,26.1
15172,2017-05-08T14:25:00,27.6
15173,2017-05-08T14:45:00,30.3
15174,2017-05-08T15:05:00,27.8
15175,2017-05-08T15:25:00,25.9
15176,2017-05-08T15:45:00,27.2
15177,2017-05-08T16:05:00,25.4
15178,2017-05-08T16:25:00,25.9
15179,2017-05-08T17:25:00,27.5
15180,2017-05-08T17:45:00,29.2
15181,2017-05-08T18:05:00,30.2
15182,2017-05-08T18:25:00,32.4
15183,2017-05-08T18:50:00,32.7
15184,2017-05-08T19:10:00,34.1
15185,2017-05-08T19:30:00,35.2
15186,2017-05-08T19:50:00,35.5
15187,2017-05-08T20:10:00,35.7
15188,2017-05-08T20:30:00,36.3
15189,2017-05-08T20:50:00,37.4
15190,2017-05-08T21:10:00,38.2
15191,2017-05-08T21:30:00,39
15192,2017-05-08T21:50:00,41.5
15193,2017-05-08T22:10:00,43.4
15194,2017-05-08T22:30:00,43.9
15195,2017-05-08T22:50:00,43.9
15196,2017-05-08T23:10:00,43.7
15197,2017-05-08T23:30:00,44.7
15198,2017-05-08T23:50:00,45.5
15199,2017-05-09T00:10:00,46.6
15200,2017-05-09T00:30:00,48.3
15201,2017-05-09T00:50:00,50
15202,2017-05-09T01:10:00,51
15203,2017-05-09T01:30:00,51.3
15204,2017-05-09T01:50:00,51.8
15205,2017-05-09T02:10:00,51.6
15206,2017-05-09T02:30:00,51.1
15207,2017-05-09T02:50:00,51.6
15208,2017-05-09T03:10:00,52.4
15209,2017-05-09T03:30:00,50.8
15210,2017-05-09T03:50:00,50.8
15211,2017-05-09T04:10:00,51.4
15212,2017-05-09T04:30:00,50.7
15213,2017-05-09T04:50:00,47.8
15214,2017-05-09T05:10:00,48.3
15215,2017-05-09T05:30:00,48.3
15216,2017-05-09T05:50:00,47.8
15217,2017-05-09T06:15:00,46.4
15218,2017-05-09T06:35:00,45.6
15219,2017-05-09T06:55:00,46.2
15220,2017-05-09T07:15:00,38.4
15221,2017-05-09T07:35:00,39.5
15222,2017-05-09T07:55:00,38.8
15223,2017-05-09T08:15:00,38.8
15224,2017-05-09T08:35:00,33.8
15225,2017-05-09T08:55:00,37.7
15226,2017-05-09T09:15:00,38.8
15227,2017-05-09T09:35:00,42.9
15228,2017-05-09T09:55:00,44.8
15229,2017-05-09T10:15:00,49.1
15230,2017-05-09T10:35:00,56.5
15231,2017-05-09T10:55:00,54.4
15232,2017-05-09T11:15:00,51.4
15233,2017-05-09T11:35:00,51.3
15234,2017-05-09T11:55:00,54
15235,2017-05-09T12:15:00,54.3
15236,2017-05-09T12:35:00,53.5
15237,2017-05-09T12:55:00,54.1
15238,2017-05-09T13:15:00,55.7
15239,2017-05-09T13:35:00,55.4
15240,2017-05-09T13:55:00,57.1
15241,2017-05-09T14:15:00,61.9
15242,2017-05-09T14:35:00,62.3
15243,2017-05-09T14:55:00,60.1
15244,2017-05-09T15:15:00,60.3
15245,2017-05-09T15:35:00,59.2
15246,2017-05-09T15:55:00,57.9
15247,2017-05-09T16:15:00,58.4
15248,2017-05-09T16:35:00,57
15249,2017-05-09T16:55:00,54.1
15250,2017-05-09T17:15:00,52.6
15251,2017-05-09T17:40:00,50.3
15252,2017-05-09T18:00:00,48.8
15253,2017-05-09T18:20:00,44
15254,2017-05-09T18:40:00,48.6
15255,2017-05-09T19:00:00,53
15256,2017-05-09T19:20:00,55.7
15257,2017-05-09T19:40:00,58.4
15258,2017-05-09T20:00:00,60.1
15259,2017-05-09T20:20:00,62.5
15260,2017-05-09T20:40:00,63.3
15261,2017-05-09T21:00:00,63.4
15262,2017-05-09T21:20:00,64.5
15263,2017-05-09T21:40:00,65
15264,2017-05-09T22:00:00,65
15265,2017-05-09T22:20:00,65.2
15266,2017-05-09T22:40:00,65.2
15267,2017-05-09T23:00:00,65.5
15268,2017-05-09T23:20:00,64.7
15269,2017-05-09T23:40:00,64.5
15270,2017-05-10T00:00:00,64.4
15271,2017-05-10T00:20:00,63.6
15272,2017-05-10T00:40:00,64.9
15273,2017-05-10T01:00:00,65.3
15274,2017-05-10T01:20:00,66.4
15275,2017-05-10T01:40:00,66.4
15276,2017-05-10T02:00:00,66.1
15277,2017-05-10T02:20:00,66.1
15278,2017-05-10T02:40:00,66.4
15279,2017-05-10T03:00:00,66.7
15280,2017-05-10T03:20:00,66.9
15281,2017-05-10T03:40:00,67.7
15282,2017-05-10T04:00:00,67.5
15283,2017-05-10T04:20:00,67.4
15284,2017-05-10T04:45:00,66.6
15285,2017-05-10T05:05:00,66.6
15286,2017-05-10T05:25:00,64.9
15287,2017-05-10T05:45:00,64.7
15288,2017-05-10T06:05:00,60.9
15289,2017-05-10T06:25:00,60.4
15290,2017-05-10T06:45:00,59.6
15291,2017-05-10T07:05:00,60.4
15292,2017-05-10T07:25:00,52.2
15293,2017-05-10T07:45:00,51.8
15294,2017-05-10T08:05:00,52.7
15295,2017-05-10T08:25:00,56.3
15296,2017-05-10T08:45:00,49.7
15297,2017-05-10T09:05:00,52.9
15298,2017-05-10T09:25:00,58.1
15299,2017-05-10T09:45:00,67.2
15300,2017-05-10T10:05:00,69.6
15301,2017-05-10T10:25:00,69.9
15302,2017-05-10T10:45:00,70.8
15303,2017-05-10T11:05:00,70.8
15304,2017-05-10T11:25:00,70.8
15305,2017-05-10T11:45:00,70.8
15306,2017-05-10T12:05:00,70.2
15307,2017-05-10T12:25:00,70.5
15308,2017-05-10T12:45:00,69.3
15309,2017-05-10T13:05:00,68.3
15310,2017-05-10T13:25:00,67.4
15311,2017-05-10T13:45:00,69.3
15312,2017-05-10T14:05:00,68.2
15313,2017-05-10T14:25:00,63.6
15314,2017-05-10T14:45:00,64.5
15315,2017-05-10T15:05:00,65.5
15316,2017-05-10T15:25:00,63
15317,2017-05-10T15:45:00,65.5
15318,2017-05-10T16:10:00,67.4
15319,2017-05-10T16:30:00,65.5
15320,2017-05-10T16:50:00,65.2
15321,2017-05-10T17:10:00,64.7
15322,2017-05-10T17:30:00,63.6
15323,2017-05-10T17:50:00,62.8
15324,2017-05-10T18:10:00,63.4
15325,2017-05-10T18:30:00,63.9
15326,2017-05-10T18:50:00,64.7
15327,2017-05-10T19:10:00,64.1
15328,2017-05-10T19:30:00,64.2
15329,2017-05-10T19:50:00,65.3
15330,2017-05-10T20:10:00,66.1
15331,2017-05-10T20:30:00,67.1
15332,2017-05-10T20:50:00,67.2
15333,2017-05-10T21:10:00,67.4
15334,2017-05-10T21:30:00,68.2
15335,2017-05-10T21:50:00,68.2
15336,2017-05-10T22:10:00,68.6
15337,2017-05-10T22:30:00,68.9
15338,2017-05-10T22:50:00,68.5
15339,2017-05-10T23:10:00,67.4
15340,2017-05-10T23:30:00,67.8
15341,2017-05-10T23:50:00,68.5
15342,2017-05-11T00:10:00,68.6
15343,2017-05-11T00:30:00,68.6
15344,2017-05-11T00:50:00,68.9
15345,2017-05-11T01:10:00,69.4
15346,2017-05-11T01:30:00,69.6
15347,2017-05-11T01:50:00,70.2
15348,2017-05-11T02:10:00,70.2
15349,2017-05-11T02:30:00,70.4
15350,2017-05-11T02:50:00,70.8
15351,2017-05-11T03:10:00,70.7
15352,2017-05-11T03:35:00,71.2
15353,2017-05-11T03:55:00,70.8
15354,2017-05-11T04:15:00,70.2
15355,2017-05-11T04:35:00,70.1
15356,2017-05-11T04:55:00,68.2
15357,2017-05-11T05:15:00,63
15358,2017-05-11T05:35:00,57.8
15359,2017-05-11T05:55:00,61.5
15360,2017-05-11T06:15:00,61.1
15361,2017-05-11T06:35:00,57.1
15362,2017-05-11T06:55:00,51.4
15363,2017-05-11T07:15:00,57.1
15364,2017-05-11T07:35:00,56.5
15365,2017-05-11T07:55:00,57.8
15366,2017-05-11T08:15:00,57.6
15367,2017-05-11T08:35:00,55.1
15368,2017-05-11T08:55:00,56.3
15369,2017-05-11T09:15:00,60.1
15370,2017-05-11T09:35:00,61.7
15371,2017-05-11T09:55:00,61.9
15372,2017-05-11T10:15:00,63
15373,2017-05-11T10:35:00,65.2
15374,2017-05-11T10:55:00,62.5
15375,2017-05-11T11:15:00,70.2
15376,2017-05-11T11:35:00,67.4
15377,2017-05-11T11:55:00,62.8
15378,2017-05-11T12:15:00,64.7
15379,2017-05-11T12:35:00,65.2
15380,2017-05-11T12:55:00,63.7
15381,2017-05-11T13:15:00,64.2
15382,2017-05-11T13:35:00,64.1
15383,2017-05-11T13:55:00,62
15384,2017-05-11T14:15:00,61.4
15385,2017-05-15T04:55:00,54.1
15386,2017-05-15T05:15:00,58.7
15387,2017-05-15T05:35:00,58.9
15388,2017-05-15T05:55:00,59.2
15389,2017-05-15T06:15:00,57.8
15390,2017-05-15T06:35:00,49.7
15391,2017-05-15T06:55:00,48.8
15392,2017-05-15T07:15:00,47.8
15393,2017-05-15T07:35:00,46.2
15394,2017-05-15T07:55:00,44.7
15395,2017-05-15T08:15:00,44.8
15396,2017-05-15T08:35:00,43.6
15397,2017-05-15T08:55:00,43.9
15398,2017-05-15T09:15:00,43.3
15399,2017-05-15T09:40:00,42.5
15400,2017-05-15T10:00:00,41.2
15401,2017-05-15T10:20:00,40.3
15402,2017-05-15T10:40:00,40.3
15403,2017-05-15T11:00:00,38.4
15404,2017-05-15T11:20:00,37.3
15405,2017-05-15T11:40:00,36.6
15406,2017-05-15T12:00:00,36.3
15407,2017-05-15T12:20:00,34.6
15408,2017-05-15T12:40:00,34.4
15409,2017-05-15T13:00:00,33.3
15410,2017-05-15T13:40:00,33.3
15411,2017-05-15T14:00:00,33.5
15412,2017-05-15T14:20:00,34.4
15413,2017-05-15T14:40:00,35.4
15414,2017-05-15T15:00:00,35.4
15415,2017-05-15T15:20:00,35.4
15416,2017-05-15T15:40:00,34.9
15417,2017-05-15T16:00:00,35.2
15418,2017-05-15T16:20:00,35.1
15419,2017-05-15T16:40:00,34.9
15420,2017-05-15T17:00:00,35.2
15421,2017-05-15T17:20:00,34.9
15422,2017-05-15T17:40:00,34.7
15423,2017-05-15T18:00:00,34.9
15424,2017-05-15T18:20:00,35.2
15425,2017-05-15T18:40:00,35.4
15426,2017-05-15T19:00:00,35.4
15427,2017-05-15T19:20:00,35.4
15428,2017-05-15T19:40:00,35.4
15429,2017-05-15T20:00:00,35.4
15430,2017-05-15T20:20:00,35.7
15431,2017-05-15T20:40:00,36
15432,2017-05-15T21:05:00,36.3
15433,2017-05-15T21:25:00,36.2
15434,2017-05-15T21:45:00,36.6
15435,2017-05-15T22:05:00,36.5
15436,2017-05-15T22:25:00,36.9
15437,2017-05-15T22:45:00,37.1
15438,2017-05-15T23:05:00,37.3
15439,2017-05-15T23:25:00,37.7
15440,2017-05-15T23:45:00,37.6
15441,2017-05-16T00:05:00,38
15442,2017-05-16T00:25:00,38
15443,2017-05-16T00:45:00,37.7
15444,2017-05-16T01:05:00,38.2
15445,2017-05-16T01:25:00,38.2
15446,2017-05-16T01:45:00,38
15447,2017-05-16T02:05:00,38.2
15448,2017-05-16T02:25:00,38.5
15449,2017-05-16T02:45:00,38.5
15450,2017-05-16T03:05:00,38.8
15451,2017-05-16T03:25:00,39.2
15452,2017-05-16T03:45:00,39.2
15453,2017-05-16T04:05:00,40.3
15454,2017-05-16T04:25:00,42
15455,2017-05-16T04:45:00,42.1
15456,2017-05-16T05:05:00,42.1
15457,2017-05-16T05:25:00,42.1
15458,2017-05-16T05:45:00,43.1
15459,2017-05-16T06:05:00,43.6
15460,2017-05-16T06:25:00,44.4
15461,2017-05-16T06:45:00,47
15462,2017-05-16T07:05:00,48.3
15463,2017-05-16T07:25:00,49.1
15464,2017-05-16T07:45:00,49.6
15465,2017-05-16T08:05:00,49.4
15466,2017-05-16T08:30:00,49.1
15467,2017-05-16T08:50:00,48.3
15468,2017-05-16T09:10:00,49.2
15469,2017-05-16T09:30:00,48.5
15470,2017-05-16T09:50:00,47.7
15471,2017-05-16T10:10:00,48.8
15472,2017-05-16T10:30:00,48.8
15473,2017-05-16T10:50:00,48.5
15474,2017-05-16T11:10:00,49.7
15475,2017-05-16T11:30:00,49.7
15476,2017-05-16T11:50:00,49.4
15477,2017-05-16T12:10:00,49.2
15478,2017-05-16T12:30:00,48
15479,2017-05-16T12:50:00,47.5
15480,2017-05-16T13:10:00,47.3
15481,2017-05-16T13:30:00,48.5
15482,2017-05-16T13:50:00,49.1
15483,2017-05-16T14:10:00,49.2
15484,2017-05-16T14:30:00,49.4
15485,2017-05-16T14:50:00,49.1
15486,2017-05-16T15:10:00,48.9
15487,2017-05-16T15:30:00,49.4
15488,2017-05-16T15:50:00,49.2
15489,2017-05-16T16:10:00,49.9
15490,2017-05-16T16:30:00,49.1
15491,2017-05-16T16:50:00,48.9
15492,2017-05-16T17:10:00,48.6
15493,2017-05-16T17:30:00,48.6
15494,2017-05-16T17:50:00,48
15495,2017-05-16T18:10:00,48.3
15496,2017-05-16T18:30:00,48.3
15497,2017-05-16T18:50:00,48.1
15498,2017-05-16T19:10:00,48
15499,2017-05-16T19:35:00,47.7
15500,2017-05-16T19:55:00,48.1
15501,2017-05-16T20:15:00,47.7
15502,2017-05-16T20:35:00,47.5
15503,2017-05-16T20:55:00,48
15504,2017-05-16T21:15:00,47.8
15505,2017-05-16T21:35:00,47.8
15506,2017-05-16T21:55:00,47.3
15507,2017-05-16T22:15:00,47.5
15508,2017-05-16T22:35:00,47.3
15509,2017-05-16T22:55:00,47.7
15510,2017-05-16T23:15:00,47
15511,2017-05-16T23:35:00,47.5
15512,2017-05-16T23:55:00,47.2
15513,2017-05-17T00:15:00,47
15514,2017-05-17T00:35:00,47.2
15515,2017-05-17T00:55:00,46.7
15516,2017-05-17T01:15:00,46.9
15517,2017-05-17T01:35:00,46.6
15518,2017-05-17T01:55:00,46.2
15519,2017-05-17T02:15:00,46.2
15520,2017-05-17T02:35:00,46.4
15521,2017-05-17T02:55:00,46.2
15522,2017-05-17T03:15:00,46.1
15523,2017-05-17T03:35:00,45.9
15524,2017-05-17T03:55:00,46.7
15525,2017-05-17T04:15:00,47.2
15526,2017-05-17T04:35:00,47.7
15527,2017-05-17T04:55:00,48.5
15528,2017-05-17T05:15:00,48.6
15529,2017-05-17T05:35:00,49.1
15530,2017-05-17T05:55:00,49.1
15531,2017-05-17T06:15:00,49.2
15532,2017-05-17T06:35:00,48.8
15533,2017-05-17T07:00:00,49.2
15534,2017-05-17T07:20:00,49.1
15535,2017-05-17T07:40:00,48.9
15536,2017-05-17T08:00:00,49.6
15537,2017-05-17T08:20:00,50
15538,2017-05-17T08:40:00,49.4
15539,2017-05-17T09:00:00,49.9
15540,2017-05-17T09:20:00,49.7
15541,2017-05-17T09:40:00,50.5
15542,2017-05-17T10:55:00,45.6
15543,2017-05-17T11:15:00,45.8
15544,2017-05-17T12:55:00,45
15545,2017-05-17T13:15:00,45
15546,2017-05-17T14:00:00,44.4
15547,2017-05-17T14:40:00,45
15548,2017-05-17T15:00:00,44.5
15549,2017-05-17T15:20:00,44.2
15550,2017-05-17T16:00:00,43.9
15551,2017-05-17T16:20:00,43.4
15552,2017-05-17T17:00:00,43.3
15553,2017-05-17T17:20:00,42.6
15554,2017-05-17T17:40:00,42.6
15555,2017-05-17T18:40:00,41.7
15556,2017-05-17T19:20:00,41.5
15557,2017-05-17T20:00:00,41.4
15558,2017-05-17T21:40:00,41.2
15559,2017-05-17T22:00:00,41.5
15560,2017-05-17T22:20:00,41.2
15561,2017-05-17T22:40:00,41.2
15562,2017-05-17T23:00:00,41.2
15563,2017-05-17T23:20:00,41
15564,2017-05-17T23:40:00,41.2
15565,2017-05-18T00:00:00,40.4
15566,2017-05-18T00:20:00,40.6
15567,2017-05-18T00:40:00,40.1
15568,2017-05-18T01:05:00,40.3
15569,2017-05-18T01:25:00,40.3
15570,2017-05-18T01:45:00,39.6
15571,2017-05-18T02:05:00,39.9
15572,2017-05-18T02:25:00,39.6
15573,2017-05-18T02:45:00,39.6
15574,2017-05-18T04:25:00,39.2
15575,2017-05-18T04:45:00,39.3
15576,2017-05-18T05:05:00,39.6
15577,2017-05-18T06:05:00,39.5
15578,2017-05-18T07:05:00,39
15579,2017-05-18T07:25:00,39.3
15580,2017-05-18T07:45:00,39.3
15581,2017-05-18T08:05:00,39.2
15582,2017-05-18T08:25:00,39.5
15583,2017-05-18T10:05:00,40.9
15584,2017-05-18T10:25:00,42
15585,2017-05-18T10:45:00,42
15586,2017-05-18T11:05:00,42
15587,2017-05-18T11:25:00,41.8
15588,2017-05-18T11:45:00,41.8
15589,2017-05-18T12:10:00,42
15590,2017-05-18T12:30:00,42.8
15591,2017-05-18T12:50:00,43.1
15592,2017-05-18T13:10:00,42.8
15593,2017-05-18T13:30:00,42.8
15594,2017-05-18T13:50:00,42.6
15595,2017-05-18T14:10:00,43.4
15596,2017-05-18T14:30:00,44
15597,2017-05-18T14:50:00,44.2
15598,2017-05-18T15:10:00,44.4
15599,2017-05-18T15:30:00,44
15600,2017-05-18T15:50:00,43.6
15601,2017-05-18T16:10:00,43.7
15602,2017-05-18T16:30:00,43.4
15603,2017-05-18T16:50:00,43.1
15604,2017-05-18T17:10:00,42.9
15605,2017-05-18T17:30:00,42.6
15606,2017-05-18T17:50:00,42.1
15607,2017-05-18T18:10:00,42
15608,2017-05-18T18:30:00,42.3
15609,2017-05-18T18:50:00,42.1
15610,2017-05-18T19:10:00,41.8
15611,2017-05-18T19:30:00,41.7
15612,2017-05-18T19:50:00,41.5
15613,2017-05-18T20:10:00,41.5
15614,2017-05-18T20:30:00,41
15615,2017-05-18T20:50:00,41.4
15616,2017-05-18T21:10:00,41.2
15617,2017-05-18T21:30:00,41.4
15618,2017-05-18T21:50:00,41.2
15619,2017-05-18T23:35:00,40.6
15620,2017-05-18T23:55:00,40.7
15621,2017-05-19T00:15:00,40.4
15622,2017-05-19T00:35:00,40.4
15623,2017-05-19T00:55:00,40.3
15624,2017-05-19T01:15:00,39.5
15625,2017-05-19T01:35:00,37.7
15626,2017-05-19T01:55:00,36.8
15627,2017-05-19T02:15:00,36
15628,2017-05-19T02:35:00,35.5
15629,2017-05-19T02:55:00,35.2
15630,2017-05-19T03:15:00,35.1
15631,2017-05-19T03:35:00,34.6
15632,2017-05-19T03:55:00,34.7
15633,2017-05-19T04:15:00,34.6
15634,2017-05-19T04:35:00,34.9
15635,2017-05-19T04:55:00,34.9
15636,2017-05-19T05:15:00,35.2
15637,2017-05-19T05:35:00,35.2
15638,2017-05-19T05:55:00,35.2
15639,2017-05-19T06:15:00,35.5
15640,2017-05-19T06:55:00,34.9
15641,2017-05-19T07:15:00,35.2
15642,2017-05-19T07:35:00,35.7
15643,2017-05-19T07:55:00,35.8
15644,2017-05-19T08:15:00,35.8
15645,2017-05-19T08:35:00,36.2
15646,2017-05-19T08:55:00,36.2
15647,2017-05-19T09:15:00,36.6
15648,2017-05-19T09:55:00,37.1
15649,2017-05-19T10:15:00,37.6
15650,2017-05-19T10:40:00,38
15651,2017-05-19T11:00:00,37.7
15652,2017-05-19T11:20:00,37.7
15653,2017-05-19T11:40:00,38
15654,2017-05-19T12:00:00,38.4
15655,2017-05-19T12:20:00,38
15656,2017-05-19T13:20:00,38.4
15657,2017-05-19T13:40:00,38.7
15658,2017-05-19T14:20:00,38.4
15659,2017-05-19T14:40:00,38.4
15660,2017-05-19T15:00:00,38.5
15661,2017-05-19T15:20:00,38.4
15662,2017-05-19T15:40:00,38.5
15663,2017-05-19T16:00:00,38.5
15664,2017-05-19T16:20:00,38.5
15665,2017-05-19T17:00:00,38.7
15666,2017-05-19T17:20:00,38.7
15667,2017-05-19T17:40:00,38.7
15668,2017-05-19T18:00:00,39
15669,2017-05-19T18:20:00,38.4
15670,2017-05-19T18:40:00,38.2
15671,2017-05-19T19:00:00,38.5
15672,2017-05-19T19:20:00,38.2
15673,2017-05-19T19:40:00,38.4
15674,2017-05-19T20:00:00,38
15675,2017-05-19T20:20:00,38.4
15676,2017-05-19T20:40:00,38
15677,2017-05-19T21:00:00,37.9
15678,2017-05-19T21:20:00,38
15679,2017-05-19T21:45:00,38.2
15680,2017-05-19T22:05:00,38.2
15681,2017-05-19T22:50:00,37.3
15682,2017-05-19T23:10:00,36.6
15683,2017-05-19T23:30:00,35.7
15684,2017-05-19T23:50:00,35.4
15685,2017-05-20T00:10:00,35.1
15686,2017-05-20T00:30:00,34.9
15687,2017-05-20T00:50:00,35.2
15688,2017-05-20T01:10:00,35.2
15689,2017-05-20T01:30:00,35.7
15690,2017-05-20T02:10:00,35.8
15691,2017-05-20T02:30:00,35.5
15692,2017-05-20T02:50:00,35.1
15693,2017-05-20T03:10:00,34.6
15694,2017-05-20T03:30:00,34.6
15695,2017-05-20T03:50:00,34.3
15696,2017-05-20T04:10:00,33.8
15697,2017-05-20T04:30:00,34.4
15698,2017-05-20T04:50:00,34.6
15699,2017-05-20T05:10:00,34.4
15700,2017-05-20T05:35:00,34.6
15701,2017-05-20T05:55:00,34.4
15702,2017-05-20T06:15:00,34.1
15703,2017-05-20T06:35:00,33.6
15704,2017-05-20T06:55:00,33.8
15705,2017-05-20T07:15:00,33.3
15706,2017-05-20T07:35:00,33.3
15707,2017-05-20T07:55:00,33
15708,2017-05-20T08:15:00,32.8
15709,2017-05-20T08:35:00,32.7
15710,2017-05-20T08:55:00,32.2
15711,2017-05-20T09:15:00,31.9
15712,2017-05-20T09:35:00,31.7
15713,2017-05-20T10:15:00,31.7
15714,2017-05-20T10:55:00,31.9
15715,2017-05-20T11:35:00,31.9
15716,2017-05-20T11:55:00,31.4
15717,2017-05-20T12:15:00,31.4
15718,2017-05-20T12:35:00,31.7
15719,2017-05-20T12:55:00,31.1
15720,2017-05-20T13:35:00,31
15721,2017-05-20T13:55:00,30.8
15722,2017-05-20T14:15:00,30.6
15723,2017-05-20T14:35:00,30.8
15724,2017-05-20T14:55:00,31
15725,2017-05-20T15:35:00,31.1
15726,2017-05-20T15:55:00,31.1
15727,2017-05-20T16:15:00,31.6
15728,2017-05-20T16:35:00,31.6
15729,2017-05-20T17:00:00,31.7
15730,2017-05-20T17:20:00,31.6
15731,2017-05-20T17:40:00,31.6
15732,2017-05-20T18:20:00,31.6
15733,2017-05-20T18:40:00,31.9
15734,2017-05-20T19:00:00,32.1
15735,2017-05-20T19:40:00,31.9
15736,2017-05-20T20:00:00,32.2
15737,2017-05-20T20:20:00,31.9
15738,2017-05-20T20:40:00,32.2
15739,2017-05-20T21:00:00,32.5
15740,2017-05-20T21:20:00,32.2
15741,2017-05-20T21:40:00,32.4
15742,2017-05-20T22:00:00,32.4
15743,2017-05-20T22:20:00,32.4
15744,2017-05-20T22:40:00,32.2
15745,2017-05-20T23:00:00,32.5
15746,2017-05-20T23:20:00,32.2
15747,2017-05-20T23:40:00,32.5
15748,2017-05-21T00:00:00,32.4
15749,2017-05-21T00:20:00,32.5
15750,2017-05-21T00:40:00,32.7
15751,2017-05-21T01:00:00,32.4
15752,2017-05-21T01:20:00,32.1
15753,2017-05-21T01:40:00,30.3
15754,2017-05-21T02:00:00,29.5
15755,2017-05-21T02:20:00,28.6
15756,2017-05-21T02:40:00,28.3
15757,2017-05-21T03:00:00,28
15758,2017-05-21T03:20:00,27.8
15759,2017-05-21T03:40:00,27.6
15760,2017-05-21T04:05:00,27.5
15761,2017-05-21T04:25:00,27.3
15762,2017-05-21T04:45:00,28
15763,2017-05-21T05:05:00,28.7
15764,2017-05-21T07:05:00,29.7
15765,2017-05-21T07:25:00,30
15766,2017-05-21T08:05:00,29.7
15767,2017-05-21T08:25:00,30
15768,2017-05-21T08:45:00,29.5
15769,2017-05-21T09:05:00,29.4
15770,2017-05-21T09:25:00,29.8
15771,2017-05-21T09:45:00,29.4
15772,2017-05-21T10:05:00,29.7
15773,2017-05-21T10:45:00,29.5
15774,2017-05-21T11:25:00,29.4
15775,2017-05-21T11:45:00,29.4
15776,2017-05-21T12:05:00,29.4
15777,2017-05-21T12:25:00,29.2
15778,2017-05-21T12:45:00,29.2
15779,2017-05-21T13:25:00,28.9
15780,2017-05-21T13:45:00,28.9
15781,2017-05-21T14:45:00,29.1
15782,2017-05-21T15:10:00,29.2
15783,2017-05-21T15:30:00,28.7
15784,2017-05-21T15:50:00,29.1
15785,2017-05-21T16:10:00,29.4
15786,2017-05-21T16:30:00,29.2
15787,2017-05-21T16:50:00,29.7
15788,2017-05-21T17:30:00,29.5
15789,2017-05-21T18:10:00,29.5
15790,2017-05-21T18:30:00,29.7
15791,2017-05-21T18:50:00,29.5
15792,2017-05-21T19:30:00,30.2
15793,2017-05-21T20:10:00,30
15794,2017-05-21T21:50:00,30.2
15795,2017-05-21T23:30:00,30.3
15796,2017-05-21T23:50:00,30.5
15797,2017-05-22T00:10:00,30.3
15798,2017-05-22T00:30:00,30.5
15799,2017-05-22T00:50:00,30.6
15800,2017-05-22T01:10:00,30.5
15801,2017-05-22T01:30:00,29.5
15802,2017-05-22T01:50:00,28.6
15803,2017-05-22T02:35:00,27.5
15804,2017-05-22T03:15:00,26.5
15805,2017-05-22T03:35:00,26.4
15806,2017-05-22T03:55:00,26.2
15807,2017-05-22T04:15:00,26.4
15808,2017-05-22T04:55:00,27.3
15809,2017-05-22T05:15:00,28.1
15810,2017-05-22T05:35:00,28
15811,2017-05-22T05:55:00,28.3
15812,2017-05-22T06:15:00,28.6
15813,2017-05-22T06:55:00,28.6
15814,2017-05-22T07:35:00,28.4
15815,2017-05-22T07:55:00,28.4
15816,2017-05-22T08:15:00,28.3
15817,2017-05-22T08:35:00,28.6
15818,2017-05-22T09:35:00,29.4
15819,2017-05-22T09:55:00,29.5
15820,2017-05-22T11:55:00,31.1
15821,2017-05-22T12:15:00,31.1
15822,2017-05-22T12:55:00,31.1
15823,2017-05-22T13:15:00,31
15824,2017-05-22T15:40:00,29.1
15825,2017-05-22T16:00:00,28.7
15826,2017-05-22T16:20:00,28.7
15827,2017-05-22T16:40:00,29.2
15828,2017-05-22T17:00:00,29.1
15829,2017-05-22T17:20:00,29.7
15830,2017-05-22T17:40:00,30.2
15831,2017-05-22T18:00:00,30.2
15832,2017-05-22T18:20:00,30
15833,2017-05-22T19:00:00,29.8
15834,2017-05-22T19:20:00,30.2
15835,2017-05-22T19:40:00,30
15836,2017-05-22T20:20:00,29.8
15837,2017-05-22T20:40:00,30
15838,2017-05-22T21:00:00,30
15839,2017-05-22T21:20:00,30.2
15840,2017-05-22T21:40:00,30
15841,2017-05-22T22:00:00,30.2
15842,2017-05-22T22:20:00,30
15843,2017-05-22T22:40:00,30.6
15844,2017-05-22T23:00:00,30.6
15845,2017-05-22T23:20:00,30.5
15846,2017-05-22T23:40:00,30.5
15847,2017-05-23T00:00:00,30.8
15848,2017-05-23T00:20:00,30.5
15849,2017-05-23T00:40:00,30.5
15850,2017-05-23T01:05:00,30.5
15851,2017-05-23T01:25:00,29.7
15852,2017-05-23T01:45:00,28.4
15853,2017-05-23T02:05:00,28.1
15854,2017-05-23T02:25:00,27.3
15855,2017-05-23T02:45:00,27.3
15856,2017-05-23T03:25:00,26.7
15857,2017-05-23T03:45:00,26.4
15858,2017-05-23T04:25:00,26.9
15859,2017-05-23T04:45:00,27.3
15860,2017-05-23T05:05:00,27.2
15861,2017-05-23T05:25:00,27.5
15862,2017-05-23T05:45:00,28.1
15863,2017-05-23T06:45:00,29.1
15864,2017-05-23T07:05:00,30.2
15865,2017-05-23T07:25:00,30.2
15866,2017-05-23T08:05:00,30.2
15867,2017-05-23T10:05:00,29.7
15868,2017-05-23T10:45:00,30.5
15869,2017-05-23T11:05:00,31
15870,2017-05-23T11:25:00,31.3
15871,2017-05-23T11:45:00,31.3
15872,2017-05-23T12:10:00,31
15873,2017-05-23T12:30:00,30.8
15874,2017-05-23T12:50:00,30.6
15875,2017-05-23T13:10:00,30.8
15876,2017-05-23T15:10:00,33
15877,2017-05-23T15:30:00,33.3
15878,2017-05-23T17:50:00,33.5
15879,2017-05-23T18:10:00,33.8
15880,2017-05-23T18:30:00,33.6
15881,2017-05-23T19:10:00,33.2
15882,2017-05-23T19:30:00,33.5
15883,2017-05-23T21:30:00,33.2
15884,2017-05-23T21:50:00,32.8
15885,2017-05-23T22:10:00,32.8
15886,2017-05-23T22:30:00,33.2
15887,2017-05-23T22:50:00,33
15888,2017-05-23T23:15:00,32.8
15889,2017-05-23T23:35:00,33.5
15890,2017-05-23T23:55:00,33.5
15891,2017-05-24T00:15:00,33.3
15892,2017-05-24T00:35:00,33.6
15893,2017-05-24T00:55:00,33.3
15894,2017-05-24T01:15:00,33.3
15895,2017-05-24T01:35:00,31.6
15896,2017-05-24T01:55:00,30.8
15897,2017-05-24T02:15:00,30.2
15898,2017-05-24T02:35:00,29.2
15899,2017-05-24T02:55:00,29.2
15900,2017-05-24T03:15:00,28.7
15901,2017-05-24T03:35:00,28.6
15902,2017-05-24T03:55:00,28.3
15903,2017-05-24T04:15:00,27.8
15904,2017-05-24T05:55:00,28.4
15905,2017-05-24T07:15:00,28
15906,2017-05-24T08:55:00,28.9
15907,2017-05-24T09:15:00,28.4
15908,2017-05-24T10:15:00,28.1
15909,2017-05-24T10:40:00,27.8
15910,2017-05-24T11:00:00,27.3
15911,2017-05-24T11:40:00,27.3
15912,2017-05-24T12:20:00,27
15913,2017-05-24T12:40:00,27.2
15914,2017-05-24T13:00:00,27.3
15915,2017-05-24T14:00:00,26.9
15916,2017-05-24T14:20:00,26.9
15917,2017-05-24T14:40:00,26.4
15918,2017-05-24T15:00:00,26.4
15919,2017-05-24T15:40:00,25.7
15920,2017-05-24T16:20:00,25.3
15921,2017-05-24T16:40:00,25.1
15922,2017-05-24T17:00:00,25.6
15923,2017-05-24T17:40:00,25.3
15924,2017-05-24T18:00:00,25.7
15925,2017-05-24T18:20:00,25.4
15926,2017-05-24T19:00:00,25.9
15927,2017-05-24T19:20:00,25.9
15928,2017-05-24T19:40:00,26.2
15929,2017-05-24T20:00:00,26.2
15930,2017-05-24T20:20:00,26.4
15931,2017-05-24T20:40:00,26.9
15932,2017-05-24T21:00:00,27
15933,2017-05-24T21:20:00,26.9
15934,2017-05-24T21:45:00,27.2
15935,2017-05-24T22:05:00,27.2
15936,2017-05-24T22:25:00,27.2
15937,2017-05-24T22:45:00,27
15938,2017-05-24T23:05:00,27.2
15939,2017-05-24T23:25:00,27.5
15940,2017-05-24T23:45:00,27.5
15941,2017-05-25T00:05:00,27.5
15942,2017-05-25T00:25:00,27.6
15943,2017-05-25T00:45:00,27.6
15944,2017-05-25T01:05:00,27.8
15945,2017-05-25T01:25:00,27.2
15946,2017-05-25T01:45:00,26.7
15947,2017-05-25T02:05:00,26.4
15948,2017-05-25T02:25:00,25.9
15949,2017-05-25T02:45:00,25.7
15950,2017-05-25T03:05:00,25.4
15951,2017-05-25T03:25:00,25.3
15952,2017-05-25T03:45:00,25.4
15953,2017-05-25T04:05:00,25
15954,2017-05-25T04:25:00,25.3
15955,2017-05-25T04:45:00,25.9
15956,2017-05-25T05:05:00,26.4
15957,2017-05-25T05:25:00,26.5
15958,2017-05-25T05:45:00,26.5
15959,2017-05-25T06:05:00,26.7
15960,2017-05-25T06:25:00,26.7
15961,2017-05-25T06:45:00,26.5
15962,2017-05-25T07:05:00,26.9
15963,2017-05-25T07:25:00,26.9
15964,2017-05-25T07:45:00,27
15965,2017-05-25T09:10:00,27.2
15966,2017-05-25T10:10:00,27.6
15967,2017-05-25T16:50:00,33.8
15968,2017-05-25T17:10:00,34.3
15969,2017-05-25T19:10:00,33.8
15970,2017-05-25T19:30:00,33.6
15971,2017-05-25T19:50:00,33.5
15972,2017-05-25T20:10:00,33.3
15973,2017-05-25T20:35:00,33.3
15974,2017-05-25T20:55:00,33.3
15975,2017-05-25T21:15:00,33.3
15976,2017-05-25T21:35:00,33.5
15977,2017-05-25T21:55:00,33.3
15978,2017-05-25T22:15:00,33.3
15979,2017-05-25T22:35:00,33.2
15980,2017-05-25T22:55:00,33
15981,2017-05-25T23:15:00,33
15982,2017-05-25T23:35:00,33.3
15983,2017-05-25T23:55:00,33.3
15984,2017-05-26T00:15:00,33.2
15985,2017-05-26T00:35:00,33.5
15986,2017-05-26T00:55:00,33.3
15987,2017-05-26T01:15:00,33
15988,2017-05-26T01:35:00,32.2
15989,2017-05-26T01:55:00,31.7
15990,2017-05-26T02:15:00,31.3
15991,2017-05-26T02:35:00,30.8
15992,2017-05-26T02:55:00,30.6
15993,2017-05-26T03:15:00,30.8
15994,2017-05-26T03:35:00,30.3
15995,2017-05-26T03:55:00,30.6
15996,2017-05-26T04:15:00,30.5
15997,2017-05-26T04:35:00,31.1
15998,2017-05-26T04:55:00,31.3
15999,2017-05-26T05:35:00,31.9
16000,2017-05-26T05:55:00,31.7
16001,2017-05-26T06:15:00,32.1
16002,2017-05-26T06:35:00,32.2
16003,2017-05-26T07:15:00,32.8
16004,2017-05-26T07:35:00,33
16005,2017-05-26T08:00:00,32.5
16006,2017-05-26T08:20:00,32.8
16007,2017-05-26T09:00:00,33.2
16008,2017-05-26T09:40:00,33.5
16009,2017-05-26T10:00:00,33.8
16010,2017-05-26T10:20:00,34.3
16011,2017-05-26T10:40:00,34.3
16012,2017-05-26T11:00:00,34.4
16013,2017-05-26T11:40:00,35.2
16014,2017-05-26T13:20:00,36
16015,2017-05-26T13:40:00,36.2
16016,2017-05-26T14:00:00,36.3
16017,2017-05-26T14:20:00,36
16018,2017-05-26T14:40:00,36.3
16019,2017-05-26T15:00:00,36.6
16020,2017-05-26T15:40:00,36.8
16021,2017-05-26T16:40:00,37.7
16022,2017-05-26T17:00:00,37.7
16023,2017-05-26T17:20:00,37.7
16024,2017-05-26T17:40:00,37.9
16025,2017-05-26T18:00:00,38
16026,2017-05-26T18:20:00,37.7
16027,2017-05-26T18:40:00,37.4
16028,2017-05-26T19:00:00,37.4
16029,2017-05-26T19:25:00,37.3
16030,2017-05-26T19:45:00,36.8
16031,2017-05-26T20:05:00,36.9
16032,2017-05-26T20:25:00,36.9
16033,2017-05-26T20:45:00,36.8
16034,2017-05-26T21:05:00,36.5
16035,2017-05-26T21:25:00,36.6
16036,2017-05-26T21:45:00,36.6
16037,2017-05-26T22:05:00,36.5
16038,2017-05-26T22:25:00,36.9
16039,2017-05-26T22:45:00,36.9
16040,2017-05-26T23:05:00,36.9
16041,2017-05-26T23:25:00,36.6
16042,2017-05-26T23:45:00,36.3
16043,2017-05-27T00:05:00,36
16044,2017-05-27T00:25:00,36
16045,2017-05-27T00:45:00,36
16046,2017-05-27T01:05:00,35.8
16047,2017-05-27T01:25:00,35.5
16048,2017-05-27T01:45:00,35.4
16049,2017-05-27T02:05:00,34.7
16050,2017-05-27T02:25:00,34.6
16051,2017-05-27T02:45:00,34.6
16052,2017-05-27T03:05:00,34.1
16053,2017-05-27T03:25:00,34.3
16054,2017-05-27T03:45:00,34.1
16055,2017-05-27T04:05:00,34.3
16056,2017-05-27T04:25:00,34.6
16057,2017-05-27T04:45:00,35.1
16058,2017-05-27T05:05:00,35.5
16059,2017-05-27T05:25:00,36.6
16060,2017-05-27T05:45:00,36.9
16061,2017-05-27T06:05:00,37.3
16062,2017-05-27T06:30:00,37.4
16063,2017-05-27T07:10:00,38.2
16064,2017-05-27T07:30:00,38.8
16065,2017-05-27T07:50:00,39.3
16066,2017-05-27T08:10:00,39.9
16067,2017-05-27T08:30:00,40.1
16068,2017-05-27T08:50:00,40.7
16069,2017-05-27T09:30:00,41.8
16070,2017-05-27T10:50:00,41.7
16071,2017-05-27T11:30:00,41.4
16072,2017-05-27T11:50:00,41.4
16073,2017-05-27T12:10:00,41
16074,2017-05-27T13:10:00,40.3
16075,2017-05-27T13:30:00,39.6
16076,2017-05-27T14:10:00,39.2
16077,2017-05-27T14:50:00,39
16078,2017-05-27T15:10:00,39.2
16079,2017-05-27T15:30:00,38.8
16080,2017-05-27T15:50:00,39
16081,2017-05-27T16:10:00,38.4
16082,2017-05-27T16:30:00,38.7
16083,2017-05-27T16:50:00,38.5
16084,2017-05-27T17:10:00,38.2
16085,2017-05-27T17:30:00,38.2
16086,2017-05-27T17:55:00,38.2
16087,2017-05-27T18:15:00,38
16088,2017-05-27T18:35:00,38.2
16089,2017-05-27T18:55:00,38.4
16090,2017-05-27T19:15:00,38
16091,2017-05-27T19:35:00,38.4
16092,2017-05-27T19:55:00,38.4
16093,2017-05-27T20:15:00,38.4
16094,2017-05-27T20:35:00,37.9
16095,2017-05-27T20:55:00,37.9
16096,2017-05-27T21:15:00,38
16097,2017-05-27T21:35:00,38.2
16098,2017-05-27T21:55:00,37.9
16099,2017-05-27T23:55:00,38.4
16100,2017-05-28T00:15:00,38
16101,2017-05-28T00:35:00,37.7
16102,2017-05-28T00:55:00,37.6
16103,2017-05-28T01:15:00,37.6
16104,2017-05-28T01:35:00,37.6
16105,2017-05-28T01:55:00,37.1
16106,2017-05-28T02:15:00,37.1
16107,2017-05-28T02:35:00,37.3
16108,2017-05-28T02:55:00,37.3
16109,2017-05-28T03:15:00,37.1
16110,2017-05-28T03:35:00,36.9
16111,2017-05-28T03:55:00,37.1
16112,2017-05-28T04:15:00,37.4
16113,2017-05-28T04:35:00,37.9
16114,2017-05-28T04:55:00,37.9
16115,2017-05-28T05:20:00,38.2
16116,2017-05-28T05:40:00,38.2
16117,2017-05-28T06:00:00,38.2
16118,2017-05-28T06:20:00,38.2
16119,2017-05-28T06:40:00,38.5
16120,2017-05-28T07:00:00,38.4
16121,2017-05-28T07:20:00,38.7
16122,2017-05-28T08:00:00,39
16123,2017-05-28T08:20:00,39.8
16124,2017-05-28T08:40:00,39.8
16125,2017-05-28T09:40:00,40.6
16126,2017-05-28T10:20:00,41.2
16127,2017-05-28T10:40:00,41.7
16128,2017-05-28T11:00:00,41
16129,2017-05-28T11:40:00,40.1
16130,2017-05-28T12:00:00,39.3
16131,2017-05-28T12:20:00,39
16132,2017-05-28T12:40:00,38.2
16133,2017-05-28T13:00:00,37.9
16134,2017-05-28T13:40:00,37.9
16135,2017-05-28T14:00:00,37.7
16136,2017-05-28T14:20:00,38.2
16137,2017-05-28T15:20:00,38.2
16138,2017-05-28T16:00:00,38
16139,2017-05-28T16:20:00,37.9
16140,2017-05-28T16:45:00,37.7
16141,2017-05-28T17:45:00,37.4
16142,2017-05-28T18:05:00,37.9
16143,2017-05-28T18:25:00,37.6
16144,2017-05-28T18:45:00,37.6
16145,2017-05-28T19:25:00,37.9
16146,2017-05-28T21:05:00,37.6
16147,2017-05-28T21:25:00,37.6
16148,2017-05-28T21:45:00,37.9
16149,2017-05-28T22:25:00,37.1
16150,2017-05-28T22:45:00,36.8
16151,2017-05-28T23:05:00,35.7
16152,2017-05-28T23:25:00,36
16153,2017-05-28T23:45:00,35.8
16154,2017-05-29T00:05:00,36.3
16155,2017-05-29T00:25:00,36
16156,2017-05-29T00:45:00,36.5
16157,2017-05-29T01:05:00,36.2
16158,2017-05-29T01:25:00,35.7
16159,2017-05-29T01:45:00,34.6
16160,2017-05-29T02:05:00,34.3
16161,2017-05-29T02:25:00,33.9
16162,2017-05-29T02:45:00,33.6
16163,2017-05-29T03:05:00,33.3
16164,2017-05-29T03:25:00,33.2
16165,2017-05-29T03:45:00,32.8
16166,2017-05-29T04:10:00,32.8
16167,2017-05-29T04:30:00,33
16168,2017-05-29T05:30:00,33.6
16169,2017-05-29T05:50:00,33.3
16170,2017-05-29T08:30:00,33.3
16171,2017-05-29T09:10:00,33.2
16172,2017-05-29T09:30:00,33.5
16173,2017-05-29T12:10:00,34.9
16174,2017-05-29T13:10:00,35.2
16175,2017-05-29T13:30:00,35.2
16176,2017-05-29T14:30:00,35.8
16177,2017-05-29T14:50:00,35.7
16178,2017-05-29T15:15:00,36.2
16179,2017-05-29T15:55:00,36.2
16180,2017-05-29T16:15:00,36.3
16181,2017-05-29T16:35:00,36.3
16182,2017-05-29T17:15:00,36.2
16183,2017-05-29T17:35:00,36.2
16184,2017-05-29T17:55:00,36.5
16185,2017-05-29T18:15:00,36.2
16186,2017-05-29T18:35:00,36.5
16187,2017-05-29T18:55:00,36.2
16188,2017-05-29T19:15:00,35.8
16189,2017-05-29T19:35:00,36.2
16190,2017-05-29T20:15:00,36.2
16191,2017-05-29T20:35:00,36.2
16192,2017-05-29T20:55:00,36.5
16193,2017-05-29T21:15:00,36.2
16194,2017-05-29T21:35:00,36.6
16195,2017-05-29T21:55:00,36.3
16196,2017-05-29T22:15:00,36.3
16197,2017-05-29T22:35:00,35.7
16198,2017-05-29T22:55:00,35.1
16199,2017-05-29T23:15:00,34.9
16200,2017-05-29T23:35:00,34.6
16201,2017-05-29T23:55:00,35.1
16202,2017-05-30T00:15:00,34.7
16203,2017-05-30T00:35:00,35.1
16204,2017-05-30T00:55:00,35.1
16205,2017-05-30T01:15:00,34.7
16206,2017-05-30T01:35:00,34.7
16207,2017-05-30T01:55:00,34.1
16208,2017-05-30T02:15:00,34.1
16209,2017-05-30T02:40:00,33.8
16210,2017-05-30T03:00:00,33.6
16211,2017-05-30T03:20:00,33.9
16212,2017-05-30T03:40:00,34.1
16213,2017-05-30T04:00:00,34.1
16214,2017-05-30T04:20:00,34.7
16215,2017-05-30T05:00:00,35.1
16216,2017-05-30T05:20:00,35.4
16217,2017-05-30T05:40:00,35.8
16218,2017-05-30T06:40:00,36.5
16219,2017-05-30T07:20:00,37.3
16220,2017-05-30T07:40:00,37.6
16221,2017-05-30T08:00:00,38.2
16222,2017-05-30T08:20:00,38
16223,2017-05-30T09:20:00,38.8
16224,2017-05-30T10:20:00,40.3
16225,2017-05-30T10:40:00,40.3
16226,2017-05-30T11:00:00,40.6
16227,2017-05-30T11:20:00,41.2
16228,2017-05-30T11:40:00,41.4
16229,2017-05-30T12:20:00,40.7
16230,2017-05-30T14:45:00,38.7
16231,2017-05-30T15:25:00,38.5
16232,2017-05-30T16:05:00,38.4
16233,2017-05-30T17:05:00,37.4
16234,2017-05-30T18:25:00,37.1
16235,2017-05-30T19:25:00,37.1
16236,2017-05-30T20:45:00,37.4
16237,2017-05-30T21:45:00,37.3
16238,2017-05-30T22:05:00,37.3
16239,2017-05-30T22:25:00,37.4
16240,2017-05-30T23:05:00,36.9
16241,2017-05-30T23:25:00,37.1
16242,2017-05-30T23:45:00,37.4
16243,2017-05-31T00:05:00,37.1
16244,2017-05-31T00:25:00,37.1
16245,2017-05-31T00:45:00,37.4
16246,2017-05-31T01:05:00,37.4
16247,2017-05-31T01:30:00,36.8
16248,2017-05-31T01:50:00,36.3
16249,2017-06-08T16:00:00,35.2
16250,2017-05-31T02:10:00,35.5
16251,2017-05-31T02:30:00,35.2
16252,2017-05-31T02:50:00,34.7
16253,2017-05-31T03:10:00,34.6
16254,2017-05-31T03:30:00,33.9
16255,2017-05-31T03:50:00,33.5
16256,2017-05-31T04:10:00,33.3
16257,2017-05-31T04:30:00,33
16258,2017-05-31T06:50:00,32.7
16259,2017-05-31T07:10:00,32.5
16260,2017-05-31T08:10:00,31.9
16261,2017-05-31T08:30:00,31.3
16262,2017-05-31T09:30:00,31
16263,2017-05-31T10:10:00,31.4
16264,2017-05-31T10:50:00,31.6
16265,2017-05-31T12:30:00,31.4
16266,2017-05-31T12:55:00,31.3
16267,2017-05-31T13:15:00,31.3
16268,2017-05-31T14:15:00,30
16269,2017-05-31T14:35:00,29.5
16270,2017-05-31T15:15:00,29.1
16271,2017-05-31T15:55:00,29.2
16272,2017-05-31T16:35:00,29.1
16273,2017-05-31T18:15:00,28.4
16274,2017-05-31T18:35:00,28.4
16275,2017-05-31T18:55:00,29.2
16276,2017-05-31T21:55:00,29.8
16277,2017-05-31T22:15:00,30.2
16278,2017-05-31T22:35:00,30.6
16279,2017-05-31T22:55:00,30.3
16280,2017-05-31T23:15:00,30.8
16281,2017-05-31T23:35:00,30.8
16282,2017-06-01T00:00:00,31
16283,2017-06-01T00:20:00,30.6
16284,2017-06-01T00:40:00,30.8
16285,2017-06-01T01:00:00,31.1
16286,2017-06-01T01:20:00,30.6
16287,2017-06-01T01:40:00,29.1
16288,2017-06-01T02:00:00,27.6
16289,2017-06-01T02:20:00,27.2
16290,2017-06-01T02:40:00,26.9
16291,2017-06-01T03:00:00,26.9
16292,2017-06-01T03:20:00,26.4
16293,2017-06-01T03:40:00,26.2
16294,2017-06-01T04:00:00,26.2
16295,2017-06-01T04:20:00,25.7
16296,2017-06-01T05:20:00,25.7
16297,2017-06-01T05:40:00,25.4
16298,2017-06-01T07:00:00,25.7
16299,2017-06-01T07:40:00,26.2
16300,2017-06-01T10:20:00,25.7
16301,2017-06-01T11:00:00,25.7
16302,2017-06-01T11:45:00,25.7
16303,2017-06-01T14:25:00,25.7
16304,2017-06-01T17:05:00,25
16305,2017-06-01T18:25:00,24.8
16306,2017-06-01T18:45:00,25.6
16307,2017-06-01T21:45:00,26.9
16308,2017-06-01T22:05:00,26.9
16309,2017-06-01T22:50:00,27
16310,2017-06-01T23:10:00,27
16311,2017-06-01T23:30:00,27
16312,2017-06-02T00:10:00,27.5
16313,2017-06-02T03:50:00,26.5
16314,2017-06-02T04:10:00,26.5
16315,2017-06-02T08:10:00,26.4
16316,2017-06-02T09:10:00,25.4
16317,2017-06-02T09:50:00,25.7
16318,2017-06-02T11:15:00,27
16319,2017-06-02T13:35:00,29.2
16320,2017-06-02T13:55:00,30.3
16321,2017-06-02T14:55:00,33.2
16322,2017-06-02T17:55:00,35.5
16323,2017-06-02T19:15:00,34.1
16324,2017-06-02T19:35:00,33.9
16325,2017-06-02T21:40:00,33.5
16326,2017-06-02T23:00:00,33.2
16327,2017-06-02T23:40:00,33.3
16328,2017-06-03T00:00:00,33.2
16329,2017-06-03T01:00:00,33.6
16330,2017-06-03T01:20:00,33.5
16331,2017-06-03T01:40:00,33.8
16332,2017-06-03T02:00:00,33.6
16333,2017-06-03T02:20:00,33.5
16334,2017-06-03T02:40:00,33
16335,2017-06-03T03:00:00,33.3
16336,2017-06-03T03:20:00,33.3
16337,2017-06-03T04:00:00,33.5
16338,2017-06-03T04:20:00,33.9
16339,2017-06-03T04:40:00,34.7
16340,2017-06-03T05:00:00,35.1
16341,2017-06-03T05:20:00,35.4
16342,2017-06-03T05:40:00,35.4
16343,2017-06-03T06:00:00,35.7
16344,2017-06-03T06:20:00,36.2
16345,2017-06-03T06:40:00,36.2
16346,2017-06-03T07:00:00,36.5
16347,2017-06-03T07:20:00,36
16348,2017-06-03T07:40:00,35.8
16349,2017-06-03T08:00:00,36
16350,2017-06-03T08:20:00,35.8
16351,2017-06-03T08:45:00,35.5
16352,2017-06-03T09:25:00,35.8
16353,2017-06-03T13:05:00,35.7
16354,2017-06-03T13:25:00,35.5
16355,2017-06-03T14:25:00,36.9
16356,2017-06-03T14:45:00,36.5
16357,2017-06-03T15:05:00,36.3
16358,2017-06-03T15:45:00,36.3
16359,2017-06-03T16:05:00,35.8
16360,2017-06-03T16:25:00,35.5
16361,2017-06-03T16:45:00,35.8
16362,2017-06-03T17:05:00,35.5
16363,2017-06-03T17:25:00,35.7
16364,2017-06-03T17:45:00,35.8
16365,2017-06-03T18:05:00,35.7
16366,2017-06-03T18:25:00,35.7
16367,2017-06-03T18:45:00,35.7
16368,2017-06-03T19:05:00,35.4
16369,2017-06-03T19:25:00,35.7
16370,2017-06-03T19:45:00,35.8
16371,2017-06-03T20:10:00,35.5
16372,2017-06-03T20:30:00,35.8
16373,2017-06-03T20:50:00,35.5
16374,2017-06-03T21:50:00,36.3
16375,2017-06-03T22:10:00,36.2
16376,2017-06-03T22:30:00,35.8
16377,2017-06-03T22:50:00,35.7
16378,2017-06-03T23:10:00,36
16379,2017-06-03T23:50:00,35.7
16380,2017-06-04T00:10:00,35.8
16381,2017-06-04T00:30:00,35.5
16382,2017-06-04T00:50:00,36
16383,2017-06-04T01:10:00,35.7
16384,2017-06-04T01:30:00,35.4
16385,2017-06-04T01:50:00,35.2
16386,2017-06-04T02:10:00,35.7
16387,2017-06-04T02:30:00,35.4
16388,2017-06-04T02:50:00,35.5
16389,2017-06-04T03:10:00,35.2
16390,2017-06-04T03:30:00,35.1
16391,2017-06-04T03:50:00,35.1
16392,2017-06-04T04:10:00,35.2
16393,2017-06-04T04:30:00,35.5
16394,2017-06-04T04:50:00,36
16395,2017-06-04T05:10:00,35.8
16396,2017-06-04T05:30:00,36.3
16397,2017-06-04T06:10:00,36.8
16398,2017-06-04T06:30:00,36.9
16399,2017-06-04T06:50:00,37.3
16400,2017-06-04T07:10:00,37.3
16401,2017-06-04T07:35:00,37.4
16402,2017-06-04T07:55:00,37.6
16403,2017-06-04T11:35:00,38.7
16404,2017-06-04T11:55:00,39
16405,2017-06-04T12:15:00,38.7
16406,2017-06-04T12:35:00,38.2
16407,2017-06-04T13:15:00,38.2
16408,2017-06-04T13:55:00,37.6
16409,2017-06-04T14:15:00,37.4
16410,2017-06-04T14:35:00,37.3
16411,2017-06-04T15:15:00,37.3
16412,2017-06-04T15:35:00,36.9
16413,2017-06-04T15:55:00,36.8
16414,2017-06-04T16:15:00,37.3
16415,2017-06-04T16:35:00,36.8
16416,2017-06-04T16:55:00,37.1
16417,2017-06-04T17:15:00,36.8
16418,2017-06-04T17:35:00,36.9
16419,2017-06-04T18:15:00,36.9
16420,2017-06-04T18:35:00,36.9
16421,2017-06-04T19:40:00,36.6
16422,2017-06-04T20:20:00,36.6
16423,2017-06-04T21:20:00,36.5
16424,2017-06-04T22:20:00,36.8
16425,2017-06-04T23:00:00,36.6
16426,2017-06-04T23:20:00,36.3
16427,2017-06-04T23:40:00,36.3
16428,2017-06-05T00:00:00,36.5
16429,2017-06-05T00:20:00,36.3
16430,2017-06-05T00:40:00,36.2
16431,2017-06-05T01:00:00,36.3
16432,2017-06-05T01:20:00,35.2
16433,2017-06-05T01:40:00,33.3
16434,2017-06-05T02:00:00,32.2
16435,2017-06-05T02:20:00,31.9
16436,2017-06-05T02:40:00,31.6
16437,2017-06-05T03:00:00,30.8
16438,2017-06-05T03:20:00,30.3
16439,2017-06-05T03:40:00,30.2
16440,2017-06-05T04:00:00,30
16441,2017-06-05T04:20:00,30.5
16442,2017-06-05T04:40:00,30.5
16443,2017-06-05T05:00:00,31.1
16444,2017-06-05T05:20:00,31.1
16445,2017-06-05T05:40:00,31.6
16446,2017-06-05T06:00:00,31.6
16447,2017-06-05T06:45:00,32.1
16448,2017-06-05T07:05:00,31.7
16449,2017-06-05T07:25:00,31.7
16450,2017-06-05T07:45:00,31.4
16451,2017-06-05T08:25:00,31.6
16452,2017-06-05T09:25:00,31.1
16453,2017-06-05T11:25:00,32.8
16454,2017-06-05T14:45:00,33.5
16455,2017-06-05T15:45:00,34.1
16456,2017-06-05T16:25:00,34.1
16457,2017-06-05T19:10:00,33.3
16458,2017-06-05T20:10:00,33.6
16459,2017-06-05T20:50:00,33.6
16460,2017-06-05T21:50:00,33.6
16461,2017-06-05T22:10:00,33.9
16462,2017-06-05T22:30:00,33.8
16463,2017-06-05T22:50:00,34.3
16464,2017-06-05T23:30:00,34.7
16465,2017-06-05T23:50:00,34.7
16466,2017-06-06T00:10:00,34.7
16467,2017-06-06T00:30:00,34.4
16468,2017-06-06T00:50:00,34.7
16469,2017-06-06T01:10:00,34.3
16470,2017-06-06T01:30:00,33.9
16471,2017-06-06T01:50:00,34.1
16472,2017-06-06T02:10:00,33.9
16473,2017-06-06T04:55:00,36.3
16474,2017-06-06T05:15:00,36.5
16475,2017-06-06T06:55:00,37.7
16476,2017-06-06T08:15:00,38.4
16477,2017-06-06T08:55:00,39.3
16478,2017-06-06T09:35:00,40.3
16479,2017-06-06T10:15:00,40.9
16480,2017-06-06T12:35:00,41.5
16481,2017-06-06T22:20:00,40.4
16482,2017-06-07T00:00:00,39.5
16483,2017-06-07T00:20:00,39.5
16484,2017-06-07T02:00:00,36.3
16485,2017-06-07T03:00:00,34.7
16486,2017-06-07T03:20:00,34.7
16487,2017-06-07T03:45:00,34.1
16488,2017-06-07T04:05:00,33.9
16489,2017-06-07T04:45:00,33.9
16490,2017-06-07T05:05:00,33.9
16491,2017-06-07T06:05:00,33.9
16492,2017-06-07T09:05:00,34.1
16493,2017-06-07T09:25:00,33.9
16494,2017-06-07T12:45:00,34.1
16495,2017-06-07T13:05:00,34.1
16496,2017-06-07T13:25:00,34.3
16497,2017-06-07T13:45:00,34.9
16498,2017-06-07T14:25:00,34.7
16499,2017-06-07T14:45:00,35.1
16500,2017-06-07T15:10:00,35.4
16501,2017-06-07T15:30:00,36
16502,2017-06-07T15:50:00,35.7
16503,2017-06-07T16:10:00,35.8
16504,2017-06-07T16:50:00,36.2
16505,2017-06-07T17:10:00,35.8
16506,2017-06-07T17:50:00,35.5
16507,2017-06-07T18:10:00,35.8
16508,2017-06-07T18:30:00,35.5
16509,2017-06-07T18:50:00,35.7
16510,2017-06-07T19:10:00,36
16511,2017-06-07T19:30:00,35.8
16512,2017-06-07T19:50:00,35.7
16513,2017-06-07T20:10:00,35.7
16514,2017-06-07T20:30:00,35.7
16515,2017-06-07T20:50:00,35.5
16516,2017-06-07T21:10:00,35.8
16517,2017-06-07T21:30:00,35.7
16518,2017-06-07T21:50:00,35.8
16519,2017-06-07T22:10:00,35.7
16520,2017-06-07T22:30:00,35.7
16521,2017-06-07T22:50:00,35.5
16522,2017-06-07T23:30:00,35.8
16523,2017-06-07T23:50:00,36.3
16524,2017-06-08T00:10:00,36.2
16525,2017-06-08T00:30:00,36.5
16526,2017-06-08T00:50:00,36.5
16527,2017-06-08T01:10:00,36.2
16528,2017-06-08T01:30:00,35.4
16529,2017-06-08T01:50:00,35.1
16530,2017-06-08T02:15:00,34.6
16531,2017-06-08T02:35:00,34.7
16532,2017-06-08T02:55:00,34.1
16533,2017-06-08T03:15:00,34.3
16534,2017-06-08T03:35:00,34.3
16535,2017-06-08T03:55:00,33.8
16536,2017-06-08T04:15:00,33.6
16537,2017-06-08T04:35:00,34.1
16538,2017-06-08T04:55:00,33.9
16539,2017-06-08T05:15:00,33.3
16540,2017-06-08T06:15:00,33.6
16541,2017-06-08T06:35:00,33.5
16542,2017-06-08T06:55:00,33.5
16543,2017-06-08T07:15:00,33.5
16544,2017-06-08T13:40:00,32.1
16545,2017-06-08T16:20:00,35.4
16546,2017-06-08T16:40:00,35.7
16547,2017-06-08T17:20:00,36.6
16548,2017-06-08T17:40:00,36.9
16549,2017-06-08T18:00:00,37.1
16550,2017-06-08T18:20:00,36.8
16551,2017-06-08T19:00:00,36.6
16552,2017-06-08T19:20:00,36.2
16553,2017-06-08T20:20:00,36.3
16554,2017-06-08T20:40:00,36.3
16555,2017-06-08T21:00:00,36.2
16556,2017-06-08T21:20:00,35.8
16557,2017-06-08T21:40:00,35.8
16558,2017-06-08T22:00:00,36.2
16559,2017-06-08T22:20:00,35.8
16560,2017-06-08T22:40:00,36
16561,2017-06-08T23:00:00,36.2
16562,2017-06-08T23:20:00,36.3
16563,2017-06-08T23:40:00,36.3
16564,2017-06-09T00:00:00,36.3
16565,2017-06-09T00:40:00,36.8
16566,2017-06-09T01:05:00,36.8
16567,2017-06-09T01:25:00,36.8
16568,2017-06-09T02:05:00,37.3
16569,2017-06-09T02:25:00,36.9
16570,2017-06-09T02:45:00,37.4
16571,2017-06-09T03:05:00,37.6
16572,2017-06-09T03:25:00,37.3
16573,2017-06-09T03:45:00,37.6
16574,2017-06-09T04:05:00,37.4
16575,2017-06-09T04:45:00,38.2
16576,2017-06-09T05:05:00,38.8
16577,2017-06-09T05:25:00,39.2
16578,2017-06-09T06:05:00,39.2
16579,2017-06-09T07:05:00,39.8
16580,2017-06-09T07:25:00,40.1
16581,2017-06-09T08:25:00,40.9
16582,2017-06-09T09:05:00,41.2
16583,2017-06-09T10:05:00,41.4
16584,2017-06-09T11:25:00,42.1
16585,2017-06-09T11:45:00,42.5
16586,2017-06-09T12:30:00,42.3
16587,2017-06-09T13:30:00,42.6
16588,2017-06-09T13:50:00,43.1
16589,2017-06-09T15:30:00,44.5
16590,2017-06-09T15:50:00,44.7
16591,2017-06-09T16:10:00,45.1
16592,2017-06-09T16:30:00,45.5
16593,2017-06-09T17:10:00,44.2
16594,2017-06-09T17:30:00,43.6
16595,2017-06-09T17:50:00,42.9
16596,2017-06-09T18:10:00,42.8
16597,2017-06-09T18:30:00,42.8
16598,2017-06-09T18:50:00,42.9
16599,2017-06-09T19:10:00,42.8
16600,2017-06-09T19:30:00,42.3
16601,2017-06-09T19:50:00,42.5
16602,2017-06-09T20:10:00,42.3
16603,2017-06-09T20:30:00,42.1
16604,2017-06-09T21:10:00,42.8
16605,2017-06-09T21:30:00,42.6
16606,2017-06-09T21:50:00,42.3
16607,2017-06-09T22:30:00,42.1
16608,2017-06-09T22:50:00,41.4
16609,2017-06-09T23:10:00,40.1
16610,2017-06-09T23:30:00,40.4
16611,2017-06-09T23:55:00,40.4
16612,2017-06-10T00:15:00,40.6
16613,2017-06-10T00:35:00,40.4
16614,2017-06-10T00:55:00,40.6
16615,2017-06-10T01:15:00,40.9
16616,2017-06-10T04:15:00,37.3
16617,2017-06-10T04:35:00,37.1
16618,2017-06-10T05:35:00,36.6
16619,2017-06-10T05:55:00,36.6
16620,2017-06-10T06:35:00,36.3
16621,2017-06-10T07:15:00,36.2
16622,2017-06-10T07:35:00,36.3
16623,2017-06-10T09:35:00,36
16624,2017-06-10T09:55:00,36
16625,2017-06-10T10:15:00,35.7
16626,2017-06-10T11:00:00,35.8
16627,2017-06-10T12:00:00,35.8
16628,2017-06-10T12:20:00,36.2
16629,2017-06-10T14:20:00,35.7
16630,2017-06-10T15:00:00,35.8
16631,2017-06-10T15:20:00,36
16632,2017-06-10T16:00:00,36
16633,2017-06-10T16:20:00,36.2
16634,2017-06-10T16:40:00,35.8
16635,2017-06-18T17:50:00,47
16636,2017-06-18T18:10:00,46.9
16637,2017-06-18T18:30:00,46.7
16638,2017-06-18T18:50:00,46.6
16639,2017-06-18T19:10:00,46.6
16640,2017-06-18T19:30:00,46.1
16641,2017-06-18T19:50:00,46.1
16642,2017-06-18T20:10:00,46.4
16643,2017-06-18T20:30:00,46.1
16644,2017-06-18T20:50:00,46.2
16645,2017-06-18T21:10:00,46.1
16646,2017-06-18T21:30:00,46.2
16647,2017-06-18T21:50:00,46.7
16648,2017-06-18T22:10:00,46.7
16649,2017-06-18T22:30:00,47.2
16650,2017-06-18T22:50:00,47
16651,2017-06-18T23:10:00,47.2
16652,2017-06-18T23:30:00,47.2
16653,2017-06-18T23:50:00,47.2
16654,2017-06-19T00:10:00,47.3
16655,2017-06-19T00:30:00,47
16656,2017-06-19T00:50:00,47.2
16657,2017-06-19T01:15:00,47
16658,2017-06-19T01:35:00,47
16659,2017-06-19T01:55:00,47.3
16660,2017-06-19T02:15:00,47.5
16661,2017-06-19T02:35:00,47.2
16662,2017-06-19T02:55:00,47.8
16663,2017-06-19T03:15:00,47.7
16664,2017-06-19T03:35:00,47.8
16665,2017-06-19T03:55:00,48.3
16666,2017-06-19T05:55:00,47.5
16667,2017-06-19T06:55:00,47.3
16668,2017-06-19T07:15:00,47.5
16669,2017-06-19T07:55:00,48.3
16670,2017-06-19T08:15:00,48.6
16671,2017-06-19T08:35:00,49.7
16672,2017-06-19T08:55:00,48.8
16673,2017-06-19T09:15:00,48.8
16674,2017-06-19T09:55:00,48.6
16675,2017-06-19T10:15:00,48.8
16676,2017-06-19T10:35:00,48.9
16677,2017-06-19T11:15:00,48.8
16678,2017-06-19T11:35:00,49.4
16679,2017-06-19T12:15:00,49.2
16680,2017-06-19T12:40:00,49.2
16681,2017-06-19T13:40:00,48.8
16682,2017-06-19T14:00:00,48.1
16683,2017-06-19T14:20:00,47.5
16684,2017-06-19T16:20:00,49.2
16685,2017-06-19T16:40:00,49.1
16686,2017-06-19T17:00:00,48.6
16687,2017-06-19T17:20:00,48.6
16688,2017-06-19T17:40:00,49.1
16689,2017-06-19T18:20:00,49.1
16690,2017-06-19T18:40:00,48.6
16691,2017-06-19T19:00:00,48.3
16692,2017-06-19T19:20:00,48.3
16693,2017-06-19T19:40:00,48.1
16694,2017-06-19T20:00:00,48.1
16695,2017-06-19T20:20:00,47.8
16696,2017-06-19T20:40:00,48
16697,2017-06-19T22:00:00,47.7
16698,2017-06-19T22:20:00,48
16699,2017-06-19T22:40:00,48.3
16700,2017-06-19T23:20:00,48.9
16701,2017-06-20T00:05:00,48.5
16702,2017-06-20T02:05:00,46.1
16703,2017-06-20T02:25:00,45.3
16704,2017-06-20T02:45:00,45
16705,2017-06-20T03:05:00,44
16706,2017-06-20T03:25:00,43.4
16707,2017-06-20T04:45:00,40.7
16708,2017-06-20T05:05:00,40.3
16709,2017-06-20T05:25:00,40.9
16710,2017-06-20T06:25:00,39.2
16711,2017-06-20T07:05:00,38.8
16712,2017-06-20T07:45:00,37.7
16713,2017-06-20T08:45:00,36.8
16714,2017-06-20T09:25:00,35.8
16715,2017-06-20T09:45:00,36
16716,2017-06-20T10:05:00,36
16717,2017-06-20T10:25:00,36.2
16718,2017-06-20T11:30:00,35.7
16719,2017-06-20T11:50:00,35.7
16720,2017-06-20T12:10:00,35.7
16721,2017-06-20T12:30:00,35.5
16722,2017-06-20T12:50:00,35.4
16723,2017-06-20T14:10:00,35.1
16724,2017-06-20T14:30:00,35.2
16725,2017-06-20T15:10:00,35.4
16726,2017-06-20T15:30:00,35.1
16727,2017-06-20T15:50:00,35.5
16728,2017-06-20T16:30:00,35.1
16729,2017-06-20T17:10:00,35.1
16730,2017-06-20T17:30:00,35.1
16731,2017-06-20T18:10:00,35.1
16732,2017-06-20T18:30:00,35.2
16733,2017-06-20T18:50:00,35.2
16734,2017-06-20T19:10:00,35.7
16735,2017-06-20T19:30:00,36.2
16736,2017-06-20T22:35:00,37.3
16737,2017-06-20T23:55:00,37.1
16738,2017-06-21T00:15:00,36.6
16739,2017-06-21T00:55:00,37.3
16740,2017-06-21T01:15:00,37.1
16741,2017-06-21T01:35:00,36.3
16742,2017-06-21T01:55:00,35.8
16743,2017-06-21T02:15:00,35.2
16744,2017-06-21T02:35:00,34.7
16745,2017-06-21T02:55:00,34.4
16746,2017-06-21T03:15:00,34.6
16747,2017-06-21T03:35:00,34.1
16748,2017-06-21T03:55:00,33.9
16749,2017-06-21T04:55:00,34.4
16750,2017-06-21T06:15:00,34.3
16751,2017-06-21T06:35:00,33.8
16752,2017-06-21T07:55:00,33.5
16753,2017-06-21T08:15:00,33.6
16754,2017-06-21T08:35:00,33.8
16755,2017-06-21T09:35:00,33.5
16756,2017-06-21T10:20:00,33.6
16757,2017-06-21T11:00:00,33.3
16758,2017-06-21T11:20:00,33.6
16759,2017-06-21T12:00:00,33.6
16760,2017-06-21T12:40:00,33.5
16761,2017-06-21T13:40:00,34.3
16762,2017-06-21T14:00:00,34.1
16763,2017-06-21T15:00:00,34.6
16764,2017-06-21T15:20:00,33.9
16765,2017-06-21T15:40:00,34.1
16766,2017-06-21T16:00:00,34.4
16767,2017-06-21T16:40:00,34.3
16768,2017-06-21T17:20:00,34.6
16769,2017-06-21T18:00:00,34.7
16770,2017-06-21T20:00:00,35.4
16771,2017-06-21T20:40:00,35.1
16772,2017-06-21T21:00:00,35.5
16773,2017-06-21T21:45:00,35.7
16774,2017-06-21T22:25:00,35.4
16775,2017-06-21T22:45:00,35.7
16776,2017-06-21T23:05:00,35.7
16777,2017-06-21T23:25:00,36
16778,2017-06-22T00:05:00,35.4
16779,2017-06-22T00:25:00,35.8
16780,2017-06-22T00:45:00,35.4
16781,2017-06-22T01:05:00,35.7
16782,2017-06-22T01:25:00,35.7
16783,2017-06-22T01:45:00,35.7
16784,2017-06-22T02:05:00,35.4
16785,2017-06-22T02:25:00,35.2
16786,2017-06-22T02:45:00,35.1
16787,2017-06-22T03:05:00,35.1
16788,2017-06-22T03:25:00,35.2
16789,2017-06-22T03:45:00,35.1
16790,2017-06-22T04:05:00,35.1
16791,2017-06-22T04:25:00,34.7
16792,2017-06-22T05:05:00,35.1
16793,2017-06-22T05:45:00,35.1
16794,2017-06-22T06:05:00,35.2
16795,2017-06-22T06:25:00,35.7
16796,2017-06-22T07:05:00,36.3
16797,2017-06-22T07:45:00,37.1
16798,2017-06-22T08:05:00,36.9
16799,2017-06-22T08:25:00,36.9
16800,2017-06-22T08:50:00,36.6
16801,2017-06-22T09:10:00,36.2
16802,2017-06-22T09:30:00,36.2
16803,2017-06-22T10:10:00,37.4
16804,2017-06-22T10:30:00,37.9
16805,2017-06-22T11:10:00,38
16806,2017-06-22T11:30:00,38.5
16807,2017-06-22T11:50:00,38.8
16808,2017-06-22T12:30:00,37.6
16809,2017-06-22T12:50:00,44
16810,2017-06-22T13:10:00,45.6
16811,2017-06-22T13:30:00,46.7
16812,2017-06-22T13:50:00,49.7
16813,2017-06-22T14:10:00,53.8
16814,2017-06-22T14:30:00,54.4
16815,2017-06-22T14:50:00,57
16816,2017-06-22T15:10:00,57
16817,2017-06-22T15:30:00,59.6
16818,2017-06-22T15:50:00,60.6
16819,2017-06-22T16:10:00,61.5
16820,2017-06-22T16:30:00,62.6
16821,2017-06-22T16:50:00,62.8
16822,2017-06-22T17:10:00,63
16823,2017-06-22T17:30:00,64.1
16824,2017-06-22T17:50:00,65
16825,2017-06-22T18:15:00,64.2
16826,2017-06-22T18:35:00,63.4
16827,2017-06-22T18:55:00,62.6
16828,2017-06-22T19:15:00,63.4
16829,2017-06-22T19:35:00,63.6
16830,2017-06-22T19:55:00,65.6
16831,2017-06-22T20:15:00,66.7
16832,2017-06-22T20:35:00,66.9
16833,2017-06-22T20:55:00,68.2
16834,2017-06-22T21:15:00,71
16835,2017-06-22T21:35:00,72.7
16836,2017-06-22T21:55:00,68.9
16837,2017-06-22T22:15:00,68.5
16838,2017-06-22T22:35:00,71
16839,2017-06-22T22:55:00,72.9
16840,2017-06-22T23:15:00,74.8
16841,2017-06-22T23:35:00,72.7
16842,2017-06-22T23:55:00,71.3
16843,2017-06-23T00:15:00,70.7
16844,2017-06-23T00:35:00,70.8
16845,2017-06-23T00:55:00,71.8
16846,2017-06-23T01:15:00,71.5
16847,2017-06-23T01:35:00,72.3
16848,2017-06-23T01:55:00,71.8
16849,2017-06-23T02:15:00,70.7
16850,2017-06-23T02:35:00,70.5
16851,2017-06-23T02:55:00,71.8
16852,2017-06-23T03:15:00,72.3
16853,2017-06-23T03:35:00,71
16854,2017-06-23T03:55:00,72.1
16855,2017-06-23T04:15:00,70.8
16856,2017-06-23T04:35:00,71
16857,2017-06-23T04:55:00,68.3
16858,2017-06-23T05:15:00,68.2
16859,2017-06-23T05:40:00,65.8
16860,2017-06-23T06:00:00,65.3
16861,2017-06-23T06:20:00,65.3
16862,2017-06-23T06:40:00,65.3
16863,2017-06-23T07:00:00,64.9
16864,2017-06-23T07:20:00,64.9
16865,2017-06-23T07:40:00,63.3
16866,2017-06-23T08:00:00,63
16867,2017-06-23T08:20:00,59
16868,2017-06-23T08:40:00,63.7
16869,2017-06-23T09:00:00,64.4
16870,2017-06-23T09:20:00,63.3
16871,2017-06-23T09:40:00,59.3
16872,2017-06-23T10:00:00,62.6
16873,2017-06-23T10:20:00,63.4
16874,2017-06-23T10:40:00,64.7
16875,2017-06-23T11:00:00,65.6
16876,2017-06-23T11:20:00,64.2
16877,2017-06-23T11:40:00,65.8
16878,2017-06-23T12:00:00,64.2
16879,2017-06-23T12:20:00,68.3
16880,2017-06-23T12:40:00,70.1
16881,2017-06-23T13:00:00,68.8
16882,2017-06-23T13:20:00,67.8
16883,2017-06-23T13:40:00,62.8
16884,2017-06-23T14:00:00,58.1
16885,2017-06-23T14:20:00,58.2
16886,2017-06-23T14:40:00,56.3
16887,2017-06-23T15:00:00,56.5
16888,2017-06-23T15:20:00,57.1
16889,2017-06-23T15:40:00,55.5
16890,2017-06-23T16:00:00,56.3
16891,2017-06-23T16:20:00,57.4
16892,2017-06-23T16:40:00,57.1
16893,2017-06-23T17:05:00,58.1
16894,2017-06-23T17:25:00,59.8
16895,2017-06-23T17:45:00,63
16896,2017-06-23T18:05:00,63
16897,2017-06-23T18:25:00,62.2
16898,2017-06-23T18:45:00,61.4
16899,2017-06-23T19:05:00,59.6
16900,2017-06-23T19:25:00,59.5
16901,2017-06-23T19:45:00,60.6
16902,2017-06-23T20:05:00,62.3
16903,2017-06-23T20:25:00,64.5
16904,2017-06-23T20:45:00,64.9
16905,2017-06-23T21:05:00,67.2
16906,2017-06-23T21:25:00,68.6
16907,2017-06-23T21:45:00,71.6
16908,2017-06-23T22:05:00,72.4
16909,2017-06-23T22:25:00,73.8
16910,2017-06-23T22:45:00,72.9
16911,2017-06-23T23:05:00,71.9
16912,2017-06-23T23:25:00,71.2
16913,2017-06-23T23:45:00,71.2
16914,2017-06-24T00:05:00,71.5
16915,2017-06-24T00:25:00,71.9
16916,2017-06-24T00:45:00,71.6
16917,2017-06-24T01:05:00,72.9
16918,2017-06-24T01:25:00,74.2
16919,2017-06-24T01:45:00,74.3
16920,2017-06-24T02:05:00,73.5
16921,2017-06-24T02:25:00,73.4
16922,2017-06-24T02:45:00,72.9
16923,2017-06-24T03:05:00,75.4
16924,2017-06-24T03:25:00,76.2
16925,2017-06-24T03:45:00,75.3
16926,2017-06-24T04:05:00,74.5
16927,2017-06-24T04:30:00,74
16928,2017-06-24T04:50:00,73.2
16929,2017-06-24T05:10:00,72.1
16930,2017-06-24T05:30:00,72.1
16931,2017-06-24T05:50:00,71.8
16932,2017-06-24T06:10:00,68.5
16933,2017-06-24T06:30:00,72.3
16934,2017-06-24T06:50:00,71.8
16935,2017-06-24T07:50:00,69.4
16936,2017-06-24T08:10:00,70.2
16937,2017-06-24T08:30:00,67.2
16938,2017-06-24T08:50:00,66.3
16939,2017-06-24T09:10:00,63.7
16940,2017-06-24T09:30:00,60.8
16941,2017-06-24T09:50:00,60.6
16942,2017-06-24T10:10:00,52.4
16943,2017-06-24T10:30:00,50.8
16944,2017-06-24T10:50:00,55.1
16945,2017-06-24T11:10:00,55.1
16946,2017-06-24T11:30:00,53.7
16947,2017-06-24T11:50:00,55.4
16948,2017-06-24T12:10:00,59
16949,2017-06-24T12:30:00,55.7
16950,2017-06-24T12:50:00,50.7
16951,2017-06-24T13:10:00,46.4
16952,2017-06-24T13:30:00,44.2
16953,2017-06-24T13:50:00,43.9
16954,2017-06-24T14:10:00,42.6
16955,2017-06-24T14:30:00,40.6
16956,2017-06-24T14:50:00,41.4
16957,2017-06-24T15:10:00,41.8
16958,2017-06-24T15:35:00,43.4
16959,2017-06-24T15:55:00,45.6
16960,2017-06-24T16:15:00,46.1
16961,2017-06-24T16:35:00,45.6
16962,2017-06-24T16:55:00,45.6
16963,2017-06-24T17:15:00,46.9
16964,2017-06-24T17:35:00,49.2
16965,2017-06-24T17:55:00,49.7
16966,2017-06-24T18:15:00,48.9
16967,2017-06-24T18:35:00,48.3
16968,2017-06-24T18:55:00,49.9
16969,2017-06-24T19:15:00,51.8
16970,2017-06-24T19:35:00,54.4
16971,2017-06-24T19:55:00,55.7
16972,2017-06-24T20:15:00,56.7
16973,2017-06-24T20:35:00,56.8
16974,2017-06-24T20:55:00,57.4
16975,2017-06-24T21:15:00,57.8
16976,2017-06-24T21:35:00,57.1
16977,2017-06-24T21:55:00,58.2
16978,2017-06-24T22:15:00,58.2
16979,2017-06-24T22:35:00,59.6
16980,2017-06-24T22:55:00,60.4
16981,2017-06-24T23:15:00,59.5
16982,2017-06-24T23:35:00,59.2
16983,2017-06-24T23:55:00,61.2
16984,2017-06-25T00:15:00,62.6
16985,2017-06-25T00:35:00,63
16986,2017-06-25T00:55:00,63.6
16987,2017-06-25T01:15:00,65
16988,2017-06-25T01:35:00,66
16989,2017-06-25T01:55:00,67.1
16990,2017-06-25T02:15:00,68
16991,2017-06-25T02:35:00,68.2
16992,2017-06-25T03:00:00,68.2
16993,2017-06-25T03:20:00,68.2
16994,2017-06-25T03:40:00,68.3
16995,2017-06-25T04:00:00,68.2
16996,2017-06-25T04:20:00,67.4
16997,2017-06-25T04:40:00,67.8
16998,2017-06-25T05:00:00,70.8
16999,2017-06-25T05:20:00,71.9
17000,2017-06-25T05:40:00,65.3
17001,2017-06-25T06:00:00,62.8
17002,2017-06-25T06:20:00,62.8
17003,2017-06-25T06:40:00,62.5
17004,2017-06-25T07:00:00,50.3
17005,2017-06-25T07:20:00,45.3
17006,2017-06-25T07:40:00,50
17007,2017-06-25T08:00:00,47
17008,2017-06-25T08:20:00,48.1
17009,2017-06-25T08:40:00,44.5
17010,2017-06-25T09:00:00,41.7
17011,2017-06-25T09:20:00,40.6
17012,2017-06-25T09:40:00,39
17013,2017-06-25T10:00:00,39
17014,2017-06-25T10:20:00,37.9
17015,2017-06-25T10:40:00,38
17016,2017-06-25T11:00:00,36.5
17017,2017-06-25T11:20:00,39.2
17018,2017-06-25T11:40:00,38.4
17019,2017-06-25T12:00:00,37.1
17020,2017-06-25T12:20:00,42.6
17021,2017-06-25T12:40:00,36
17022,2017-06-25T13:00:00,37.4
17023,2017-06-25T13:20:00,36.8
17024,2017-06-25T13:40:00,39.8
17025,2017-06-25T14:00:00,36.2
17026,2017-06-25T14:25:00,37.1
17027,2017-06-25T14:45:00,37.7
17028,2017-06-25T15:05:00,37.7
17029,2017-06-25T15:25:00,38.5
17030,2017-06-25T15:45:00,37.6
17031,2017-06-25T16:05:00,39.3
17032,2017-06-25T16:25:00,41.5
17033,2017-06-25T16:45:00,42.3
17034,2017-06-25T17:05:00,41.8
17035,2017-06-25T17:25:00,40.9
17036,2017-06-25T17:45:00,43.1
17037,2017-06-25T18:05:00,47
17038,2017-06-25T18:25:00,45.8
17039,2017-06-25T18:45:00,45.6
17040,2017-06-25T19:05:00,46.6
17041,2017-06-25T19:25:00,47
17042,2017-06-25T19:45:00,48.1
17043,2017-06-25T20:05:00,49.2
17044,2017-06-25T20:25:00,50
17045,2017-06-25T20:45:00,51.8
17046,2017-06-25T21:05:00,51.9
17047,2017-06-25T21:25:00,53
17048,2017-06-25T21:45:00,52.2
17049,2017-06-25T22:05:00,54.9
17050,2017-06-25T22:25:00,56.8
17051,2017-06-25T22:45:00,60.4
17052,2017-06-25T23:05:00,62.8
17053,2017-06-25T23:25:00,61.7
17054,2017-06-25T23:45:00,61.5
17055,2017-06-26T00:05:00,60.9
17056,2017-06-26T00:25:00,61.1
17057,2017-06-26T00:45:00,62.6
17058,2017-06-26T01:05:00,63.3
17059,2017-06-26T01:25:00,63.7
17060,2017-06-26T01:50:00,63.1
17061,2017-06-26T02:10:00,62.2
17062,2017-06-26T02:30:00,61.5
17063,2017-06-26T02:50:00,62.5
17064,2017-06-26T03:10:00,62.8
17065,2017-06-26T03:30:00,62.6
17066,2017-06-26T03:50:00,61.7
17067,2017-06-26T04:10:00,60.1
17068,2017-06-26T04:30:00,58.7
17069,2017-06-26T04:50:00,56.2
17070,2017-06-26T05:10:00,50.3
17071,2017-06-26T05:30:00,47.8
17072,2017-06-26T05:50:00,46.7
17073,2017-06-26T06:10:00,42.8
17074,2017-06-26T06:30:00,51.8
17075,2017-06-26T06:50:00,40.9
17076,2017-06-26T07:10:00,39.8
17077,2017-06-26T07:30:00,45.9
17078,2017-06-26T07:50:00,43.9
17079,2017-06-26T08:10:00,43.6
17080,2017-06-26T08:30:00,38.7
17081,2017-06-26T08:50:00,37.7
17082,2017-06-26T09:10:00,41
17083,2017-06-26T09:30:00,38.4
17084,2017-06-26T09:50:00,36
17085,2017-06-26T10:10:00,39.9
17086,2017-06-26T10:30:00,36.6
17087,2017-06-26T10:50:00,39
17088,2017-06-26T11:10:00,34.9
17089,2017-06-26T11:30:00,37.4
17090,2017-06-26T11:50:00,37.3
17091,2017-06-26T12:10:00,39.8
17092,2017-06-26T12:30:00,38.8
17093,2017-06-26T12:50:00,40.9
17094,2017-06-26T13:15:00,42.1
17095,2017-06-26T13:35:00,37.3
17096,2017-06-26T13:55:00,41.8
17097,2017-06-26T14:15:00,36.5
17098,2017-06-26T14:35:00,38.7
17099,2017-06-26T14:55:00,36.3
17100,2017-06-26T15:15:00,37.7
17101,2017-06-26T15:35:00,37.4
17102,2017-06-26T15:55:00,38
17103,2017-06-26T16:15:00,38.8
17104,2017-06-26T16:35:00,38.7
17105,2017-06-26T16:55:00,40.9
17106,2017-06-26T17:15:00,41.4
17107,2017-06-26T17:35:00,41.7
17108,2017-06-26T17:55:00,40.6
17109,2017-06-26T18:15:00,39.9
17110,2017-06-26T18:35:00,42.6
17111,2017-06-26T18:55:00,44.8
17112,2017-06-26T19:15:00,46.7
17113,2017-06-26T19:35:00,48
17114,2017-06-26T19:55:00,47.8
17115,2017-06-26T20:15:00,49.7
17116,2017-06-26T20:35:00,52.1
17117,2017-06-26T20:55:00,53.8
17118,2017-06-26T21:15:00,55.4
17119,2017-06-26T21:35:00,55.4
17120,2017-06-26T21:55:00,55.5
17121,2017-06-26T22:15:00,55.4
17122,2017-06-26T22:35:00,55.9
17123,2017-06-26T22:55:00,58.2
17124,2017-06-26T23:15:00,57.4
17125,2017-06-26T23:35:00,57.4
17126,2017-06-26T23:55:00,57.6
17127,2017-06-27T00:20:00,57.4
17128,2017-06-27T00:40:00,56.8
17129,2017-06-27T01:00:00,56.7
17130,2017-06-27T01:20:00,55.2
17131,2017-06-27T01:40:00,55.7
17132,2017-06-27T02:00:00,56.3
17133,2017-06-27T02:20:00,57.3
17134,2017-06-27T02:40:00,58.5
17135,2017-06-27T03:00:00,56.7
17136,2017-06-27T03:20:00,57.4
17137,2017-06-27T03:40:00,58.1
17138,2017-06-27T04:00:00,57.6
17139,2017-06-27T04:20:00,54.9
17140,2017-06-27T04:40:00,53.5
17141,2017-06-27T05:00:00,45.8
17142,2017-06-27T05:20:00,39.8
17143,2017-06-27T05:40:00,40.4
17144,2017-06-27T06:00:00,36.3
17145,2017-06-27T06:20:00,36
17146,2017-06-27T06:40:00,33.3
17147,2017-06-27T07:00:00,31.6
17148,2017-06-27T07:20:00,30.8
17149,2017-06-27T07:40:00,31.7
17150,2017-06-27T08:00:00,33.6
17151,2017-06-27T08:20:00,31
17152,2017-06-27T08:40:00,30.6
17153,2017-06-27T09:00:00,31.6
17154,2017-06-27T09:20:00,30.5
17155,2017-06-27T09:40:00,28.9
17156,2017-06-27T10:00:00,31.3
17157,2017-06-27T10:20:00,28.9
17158,2017-06-27T10:40:00,31.3
17159,2017-06-27T11:00:00,29.7
17160,2017-06-27T11:20:00,28.6
17161,2017-06-27T11:45:00,30.2
17162,2017-06-27T12:05:00,30.2
17163,2017-06-27T12:25:00,32.1
17164,2017-06-27T12:45:00,31
17165,2017-06-27T13:05:00,31.6
17166,2017-06-27T13:25:00,33
17167,2017-06-27T13:45:00,33.3
17168,2017-06-27T14:05:00,33.9
17169,2017-06-27T14:25:00,33.3
17170,2017-06-27T14:45:00,32.8
17171,2017-06-27T15:05:00,32.8
17172,2017-06-27T15:25:00,42.6
17173,2017-06-27T15:45:00,42.1
17174,2017-06-27T16:05:00,44.2
17175,2017-06-27T16:25:00,44.5
17176,2017-06-27T16:45:00,43.4
17177,2017-06-27T17:05:00,45.1
17178,2017-06-27T17:25:00,45.8
17179,2017-06-27T17:45:00,45
17180,2017-06-27T18:05:00,46.1
17181,2017-06-27T18:25:00,44.5
17182,2017-06-27T18:45:00,44.8
17183,2017-06-27T19:05:00,47.7
17184,2017-06-27T19:25:00,49.4
17185,2017-06-27T19:45:00,49.6
17186,2017-06-27T20:05:00,48.6
17187,2017-06-27T20:25:00,47.3
17188,2017-06-27T20:45:00,46.9
17189,2017-06-27T21:05:00,46.6
17190,2017-06-27T21:25:00,45.5
17191,2017-06-27T21:45:00,45.5
17192,2017-06-27T22:05:00,46.7
17193,2017-06-27T22:25:00,47.5
17194,2017-06-27T22:50:00,49.1
17195,2017-06-27T23:10:00,50.8
17196,2017-06-27T23:30:00,51
17197,2017-06-27T23:50:00,51.4
17198,2017-06-28T00:10:00,52.1
17199,2017-06-28T00:30:00,52.7
17200,2017-06-28T00:50:00,52.4
17201,2017-06-28T01:10:00,54.9
17202,2017-06-28T01:30:00,56
17203,2017-06-28T01:50:00,56.5
17204,2017-06-28T02:10:00,57.9
17205,2017-06-28T02:30:00,58.4
17206,2017-06-28T02:50:00,57.4
17207,2017-06-28T03:10:00,58.1
17208,2017-06-28T03:30:00,57.3
17209,2017-06-28T03:50:00,56.2
17210,2017-06-28T04:10:00,56.8
17211,2017-06-28T04:30:00,55.5
17212,2017-06-28T04:50:00,53.7
17213,2017-06-28T05:10:00,52.4
17214,2017-06-28T05:30:00,55.7
17215,2017-06-28T05:50:00,56.7
17216,2017-06-28T06:10:00,57.3
17217,2017-06-28T06:30:00,54.8
17218,2017-06-28T06:50:00,55.4
17219,2017-06-28T07:10:00,54.9
17220,2017-06-28T07:30:00,55.4
17221,2017-06-28T07:50:00,56.3
17222,2017-06-28T08:10:00,54.8
17223,2017-06-28T08:30:00,50
17224,2017-06-28T08:50:00,46.9
17225,2017-06-28T09:10:00,47.5
17226,2017-06-28T09:30:00,47.8
17227,2017-06-28T09:55:00,49.2
17228,2017-06-28T10:15:00,51.1
17229,2017-06-28T10:35:00,51
17230,2017-06-28T10:55:00,49.9
17231,2017-06-28T11:15:00,51.1
17232,2017-06-28T11:35:00,54.6
17233,2017-06-28T11:55:00,54
17234,2017-06-28T12:15:00,55.1
17235,2017-06-28T12:35:00,53
17236,2017-06-28T12:55:00,50
17237,2017-06-28T13:15:00,46.1
17238,2017-06-28T13:35:00,46.2
17239,2017-06-28T13:55:00,45.9
17240,2017-06-28T14:15:00,48.8
17241,2017-06-28T14:35:00,49.1
17242,2017-06-28T14:55:00,49.1
17243,2017-06-28T15:15:00,49.6
17244,2017-06-28T15:35:00,50.5
17245,2017-06-28T16:35:00,55.9
17246,2017-06-28T16:55:00,57
17247,2017-06-28T17:15:00,57.3
17248,2017-06-28T17:35:00,57
17249,2017-06-28T17:55:00,55.7
17250,2017-06-28T18:15:00,57.8
17251,2017-06-28T18:35:00,59.2
17252,2017-06-28T18:55:00,56.5
17253,2017-06-28T19:15:00,54.8
17254,2017-06-28T19:35:00,55.9
17255,2017-06-28T19:55:00,51
17256,2017-06-28T20:15:00,50.5
17257,2017-06-28T20:40:00,48.3
17258,2017-06-28T21:00:00,48.3
17259,2017-06-28T21:20:00,45
17260,2017-06-28T21:40:00,45.5
17261,2017-06-28T22:00:00,47.7
17262,2017-06-28T22:20:00,48
17263,2017-06-28T22:40:00,48.6
17264,2017-06-28T23:00:00,48.3
17265,2017-06-28T23:20:00,50.3
17266,2017-06-28T23:40:00,50.8
17267,2017-06-29T00:00:00,52.1
17268,2017-06-29T00:20:00,52.9
17269,2017-06-29T00:40:00,53.3
17270,2017-06-29T01:00:00,53.5
17271,2017-06-29T01:20:00,53.2
17272,2017-06-29T01:40:00,55.2
17273,2017-06-29T02:00:00,72.1
17274,2017-06-29T02:20:00,74.3
17275,2017-06-29T02:40:00,72.9
17276,2017-06-29T03:00:00,71.2
17277,2017-06-29T03:20:00,71.8
17278,2017-06-29T03:40:00,72.1
17279,2017-06-29T04:00:00,72.7
17280,2017-06-29T04:20:00,72.7
17281,2017-06-29T04:40:00,74
17282,2017-06-29T05:00:00,73.7
17283,2017-06-29T05:20:00,74.6
17284,2017-06-29T05:40:00,74.9
17285,2017-06-29T06:00:00,75.4
17286,2017-06-29T06:20:00,75.3
17287,2017-06-29T06:40:00,73.5
17288,2017-06-29T07:00:00,73.4
17289,2017-06-29T07:20:00,74.9
17290,2017-06-29T07:40:00,75.3
17291,2017-06-29T08:05:00,72.3
17292,2017-06-29T08:25:00,71.2
17293,2017-06-29T08:45:00,69.6
17294,2017-06-29T09:05:00,70.1
17295,2017-06-29T09:25:00,66.7
17296,2017-06-29T09:45:00,64.7
17297,2017-06-29T10:05:00,63.9
17298,2017-06-29T10:25:00,63.1
17299,2017-06-29T10:45:00,64.1
17300,2017-06-29T11:05:00,64.4
17301,2017-06-29T11:25:00,62.8
17302,2017-06-29T11:45:00,63.6
17303,2017-06-29T12:05:00,62.3
17304,2017-06-29T12:25:00,61.9
17305,2017-06-29T12:45:00,61.2
17306,2017-06-29T13:05:00,61.7
17307,2017-06-29T13:25:00,61.5
17308,2017-06-29T13:45:00,61.9
17309,2017-06-29T14:05:00,61.1
17310,2017-06-29T14:25:00,61.2
17311,2017-06-29T14:45:00,61.1
17312,2017-06-29T15:05:00,61.5
17313,2017-06-29T15:25:00,61.4
17314,2017-06-29T15:45:00,61.7
17315,2017-06-29T16:05:00,62.2
17316,2017-06-29T16:25:00,62.6
17317,2017-06-29T16:45:00,64.2
17318,2017-06-29T17:05:00,64.5
17319,2017-06-29T17:25:00,65.3
17320,2017-06-29T17:45:00,65
17321,2017-06-29T18:05:00,64.4
17322,2017-06-29T18:25:00,63.9
17323,2017-06-29T18:45:00,61.5
17324,2017-06-29T19:10:00,62.2
17325,2017-06-29T19:30:00,64.1
17326,2017-06-29T19:50:00,63.3
17327,2017-06-29T20:10:00,66.1
17328,2017-06-29T20:30:00,67.1
17329,2017-06-29T20:50:00,69.9
17330,2017-06-29T21:10:00,71.5
17331,2017-06-29T21:30:00,71.6
17332,2017-06-29T21:50:00,71.6
17333,2017-06-29T22:10:00,72.1
17334,2017-06-29T22:30:00,72.6
17335,2017-06-29T22:50:00,71.9
17336,2017-06-29T23:10:00,72.9
17337,2017-06-29T23:30:00,71.9
17338,2017-06-29T23:50:00,70.8
17339,2017-06-30T00:10:00,71
17340,2017-06-30T00:30:00,70.1
17341,2017-06-30T00:50:00,69.7
17342,2017-06-30T01:10:00,69.4
17343,2017-06-30T01:30:00,69.4
17344,2017-06-30T01:50:00,69.6
17345,2017-06-30T02:10:00,68.8
17346,2017-06-30T02:30:00,68.5
17347,2017-06-30T02:50:00,68.2
17348,2017-06-30T03:10:00,67.7
17349,2017-06-30T03:30:00,67.2
17350,2017-06-30T03:50:00,67.1
17351,2017-06-30T04:10:00,66.3
17352,2017-06-30T04:30:00,66
17353,2017-06-30T04:50:00,65.8
17354,2017-06-30T05:10:00,67.5
17355,2017-06-30T05:30:00,63.7
17356,2017-06-30T05:50:00,64.2
17357,2017-06-30T06:10:00,63.3
17358,2017-06-30T06:35:00,64.4
17359,2017-06-30T06:55:00,63
17360,2017-06-30T07:15:00,62.8
17361,2017-06-30T07:35:00,62
17362,2017-06-30T07:55:00,65
17363,2017-06-30T08:15:00,66.4
17364,2017-06-30T08:35:00,66.4
17365,2017-06-30T08:55:00,64.7
17366,2017-06-30T09:15:00,65
17367,2017-06-30T09:35:00,66.4
17368,2017-06-30T09:55:00,64.1
17369,2017-06-30T10:15:00,62.3
17370,2017-06-30T10:35:00,62
17371,2017-06-30T10:55:00,60.3
17372,2017-06-30T11:15:00,62.3
17373,2017-06-30T11:35:00,62
17374,2017-06-30T11:55:00,63.1
17375,2017-06-30T12:15:00,63.7
17376,2017-06-30T12:35:00,63.9
17377,2017-06-30T12:55:00,66.1
17378,2017-06-30T13:15:00,65.5
17379,2017-06-30T13:35:00,65.3
17380,2017-06-30T13:55:00,65.5
17381,2017-06-30T14:15:00,64.4
17382,2017-06-30T14:35:00,66.4
17383,2017-06-30T14:55:00,67.5
17384,2017-06-30T15:15:00,67.8
17385,2017-06-30T15:35:00,69.7
17386,2017-06-30T15:55:00,70.7
17387,2017-06-30T16:15:00,70.2
17388,2017-06-30T16:35:00,71
17389,2017-06-30T16:55:00,70.4
17390,2017-06-30T17:15:00,70.2
17391,2017-06-30T17:35:00,70.2
17392,2017-06-30T18:00:00,70.7
17393,2017-06-30T18:20:00,69.9
17394,2017-06-30T18:40:00,70.4
17395,2017-06-30T19:00:00,69.7
17396,2017-06-30T19:20:00,70.1
17397,2017-06-30T19:40:00,70.1
17398,2017-06-30T20:00:00,70.4
17399,2017-06-30T20:20:00,70.1
17400,2017-06-30T20:40:00,70.8
17401,2017-06-30T21:00:00,70.4
17402,2017-06-30T21:20:00,71
17403,2017-06-30T21:40:00,70.8
17404,2017-06-30T22:00:00,70.8
17405,2017-06-30T22:20:00,71.2
17406,2017-06-30T22:40:00,71
17407,2017-06-30T23:00:00,71.5
17408,2017-06-30T23:20:00,72.3
17409,2017-06-30T23:40:00,72.3
17410,2017-07-01T00:00:00,71.3
17411,2017-07-01T00:20:00,71.3
17412,2017-07-01T00:40:00,69.4
17413,2017-07-01T01:00:00,67.2
17414,2017-07-01T01:20:00,67.5
17415,2017-07-01T01:40:00,66.3
17416,2017-07-01T02:00:00,64.7
17417,2017-07-01T02:20:00,64.1
17418,2017-07-01T02:40:00,64.4
17419,2017-07-01T03:00:00,64.4
17420,2017-07-01T03:20:00,64.9
17421,2017-07-01T03:40:00,62.8
17422,2017-07-01T04:00:00,62.3
17423,2017-07-01T04:20:00,61.9
17424,2017-07-01T04:40:00,61.7
17425,2017-07-01T05:00:00,60.6
17426,2017-07-01T05:25:00,49.9
17427,2017-07-01T05:45:00,46.7
17428,2017-07-01T06:05:00,45.3
17429,2017-07-01T06:25:00,44.5
17430,2017-07-01T06:45:00,43.6
17431,2017-07-01T07:05:00,43.4
17432,2017-07-01T07:25:00,41.5
17433,2017-07-01T07:45:00,41.7
17434,2017-07-01T08:05:00,42.6
17435,2017-07-01T08:25:00,40.4
17436,2017-07-01T08:45:00,38.7
17437,2017-07-01T09:05:00,38.7
17438,2017-07-01T09:25:00,36.6
17439,2017-07-01T09:45:00,39.3
17440,2017-07-01T10:05:00,39.6
17441,2017-07-01T10:25:00,39.9
17442,2017-07-01T10:45:00,37.9
17443,2017-07-01T11:05:00,37.9
17444,2017-07-01T11:25:00,38
17445,2017-07-01T11:45:00,37.7
17446,2017-07-01T12:05:00,35.8
17447,2017-07-01T12:25:00,36
17448,2017-07-01T12:45:00,36.2
17449,2017-07-01T13:05:00,34.6
17450,2017-07-01T13:25:00,37.1
17451,2017-07-01T13:45:00,36.8
17452,2017-07-01T14:05:00,39.8
17453,2017-07-01T14:25:00,34.3
17454,2017-07-01T14:45:00,36.3
17455,2017-07-01T15:05:00,38.2
17456,2017-07-01T15:25:00,38.7
17457,2017-07-01T15:45:00,36.6
17458,2017-07-01T16:05:00,37.1
17459,2017-07-01T16:30:00,37.3
17460,2017-07-01T16:50:00,37.9
17461,2017-07-01T17:10:00,37.4
17462,2017-07-01T17:30:00,38.7
17463,2017-07-01T17:50:00,39.5
17464,2017-07-01T18:10:00,39.3
17465,2017-07-01T18:30:00,37.9
17466,2017-07-01T18:50:00,39.8
17467,2017-07-01T19:10:00,48.3
17468,2017-07-01T19:30:00,53.3
17469,2017-07-01T19:50:00,51
17470,2017-07-01T20:10:00,53
17471,2017-07-01T20:30:00,59.3
17472,2017-07-01T20:50:00,63
17473,2017-07-01T21:10:00,63.7
17474,2017-07-01T21:30:00,64.4
17475,2017-07-01T21:50:00,63.1
17476,2017-07-01T22:10:00,63.1
17477,2017-07-01T22:30:00,62
17478,2017-07-01T22:50:00,62.2
17479,2017-07-01T23:10:00,61.7
17480,2017-07-01T23:30:00,60.6
17481,2017-07-01T23:50:00,60.6
17482,2017-07-02T00:10:00,61.5
17483,2017-07-02T00:30:00,61.5
17484,2017-07-02T00:50:00,61.4
17485,2017-07-02T01:10:00,60.9
17486,2017-07-02T01:30:00,61.9
17487,2017-07-02T01:50:00,62.5
17488,2017-07-02T02:10:00,63.3
17489,2017-07-02T02:30:00,64.7
17490,2017-07-02T02:50:00,64.5
17491,2017-07-02T03:15:00,65.6
17492,2017-07-02T03:35:00,65.3
17493,2017-07-02T03:55:00,64.5
17494,2017-07-02T04:15:00,64.2
17495,2017-07-02T04:35:00,65.8
17496,2017-07-02T04:55:00,66.3
17497,2017-07-02T05:15:00,66.7
17498,2017-07-02T05:35:00,64.7
17499,2017-07-02T05:55:00,63.9
17500,2017-07-02T06:15:00,63.1
17501,2017-07-02T06:35:00,61.9
17502,2017-07-02T06:55:00,60.3
17503,2017-07-02T07:15:00,60.1
17504,2017-07-02T07:35:00,56.7
17505,2017-07-02T07:55:00,56
17506,2017-07-02T08:15:00,54.9
17507,2017-07-02T08:35:00,52.1
17508,2017-07-02T08:55:00,50.8
17509,2017-07-02T09:15:00,40.4
17510,2017-07-02T09:35:00,45.9
17511,2017-07-02T09:55:00,50.3
17512,2017-07-02T10:15:00,54.6
17513,2017-07-02T10:35:00,49.6
17514,2017-07-02T10:55:00,47.8
17515,2017-07-02T11:15:00,42.9
17516,2017-07-02T11:35:00,41.7
17517,2017-07-02T11:55:00,41
17518,2017-07-02T12:15:00,39.2
17519,2017-07-02T12:35:00,40.7
17520,2017-07-02T12:55:00,39.6
17521,2017-07-02T13:15:00,42.8
17522,2017-07-02T13:35:00,42.9
17523,2017-07-02T13:55:00,45.1
17524,2017-07-02T14:20:00,43.7
17525,2017-07-02T14:40:00,42.3
17526,2017-07-02T15:00:00,44.5
17527,2017-07-02T15:20:00,43.9
17528,2017-07-02T15:40:00,42.6
17529,2017-07-02T16:00:00,45.1
17530,2017-07-02T16:20:00,43.9
17531,2017-07-02T16:40:00,44.8
17532,2017-07-02T17:00:00,46.4
17533,2017-07-02T17:20:00,45.9
17534,2017-07-02T17:40:00,46.7
17535,2017-07-02T18:00:00,47.7
17536,2017-07-02T18:20:00,48.6
17537,2017-07-02T18:40:00,49.4
17538,2017-07-02T19:00:00,50.2
17539,2017-07-02T19:20:00,52.6
17540,2017-07-02T19:40:00,53.5
17541,2017-07-02T20:00:00,53
17542,2017-07-02T20:20:00,56.8
17543,2017-07-02T20:40:00,58.1
17544,2017-07-02T21:00:00,59.6
17545,2017-07-02T22:00:00,59.6
17546,2017-07-02T22:20:00,59.3
17547,2017-07-02T22:40:00,58.9
17548,2017-07-02T23:00:00,60.4
17549,2017-07-02T23:20:00,60.6
17550,2017-07-02T23:40:00,60
17551,2017-07-03T00:00:00,59.3
17552,2017-07-03T00:20:00,61.4
17553,2017-07-03T00:40:00,62
17554,2017-07-03T01:00:00,61.5
17555,2017-07-03T01:25:00,61.4
17556,2017-07-03T01:45:00,62.3
17557,2017-07-03T02:05:00,63.1
17558,2017-07-03T02:25:00,63
17559,2017-07-03T02:45:00,63.9
17560,2017-07-03T03:05:00,64.1
17561,2017-07-03T03:25:00,65
17562,2017-07-03T03:45:00,63.9
17563,2017-07-03T04:05:00,63.9
17564,2017-07-03T04:25:00,62.5
17565,2017-07-03T04:45:00,60.8
17566,2017-07-03T05:05:00,51.4
17567,2017-07-03T05:25:00,48.5
17568,2017-07-03T05:45:00,47
17569,2017-07-03T06:05:00,44.4
17570,2017-07-03T06:25:00,44.4
17571,2017-07-03T06:45:00,50.2
17572,2017-07-03T07:05:00,51.4
17573,2017-07-03T07:25:00,46.9
17574,2017-07-03T07:45:00,43.4
17575,2017-07-03T08:05:00,52.2
17576,2017-07-03T08:25:00,52.2
17577,2017-07-03T08:45:00,55.1
17578,2017-07-03T09:05:00,60
17579,2017-07-03T09:25:00,49.4
17580,2017-07-03T09:45:00,47.3
17581,2017-07-03T10:05:00,45
17582,2017-07-03T10:25:00,55.9
17583,2017-07-03T10:45:00,53.2
17584,2017-07-03T11:05:00,48.3
17585,2017-07-03T11:25:00,45.6
17586,2017-07-03T11:45:00,43.6
17587,2017-07-03T12:05:00,47
17588,2017-07-03T12:30:00,46.6
17589,2017-07-03T12:50:00,44.5
17590,2017-07-03T13:10:00,52.6
17591,2017-07-03T13:30:00,54.1
17592,2017-07-03T13:50:00,51.4
17593,2017-07-03T14:10:00,50.2
17594,2017-07-03T14:30:00,49.9
17595,2017-07-03T14:50:00,50.2
17596,2017-07-03T15:10:00,52.6
17597,2017-07-03T15:30:00,49.1
17598,2017-07-03T15:50:00,51.4
17599,2017-07-03T16:10:00,59.2
17600,2017-07-03T16:30:00,55.4
17601,2017-07-03T16:50:00,55.9
17602,2017-07-03T17:10:00,58.5
17603,2017-07-03T17:30:00,55.5
17604,2017-07-03T17:50:00,54.4
17605,2017-07-03T18:10:00,53.8
17606,2017-07-03T18:30:00,54.9
17607,2017-07-03T18:50:00,51.6
17608,2017-07-03T19:10:00,52.6
17609,2017-07-03T19:30:00,54.4
17610,2017-07-03T19:50:00,55.9
17611,2017-07-03T20:10:00,56.8
17612,2017-07-03T20:30:00,57.1
17613,2017-07-03T20:50:00,58.1
17614,2017-07-03T21:10:00,58.5
17615,2017-07-03T21:30:00,58.4
17616,2017-07-03T21:50:00,60.8
17617,2017-07-03T22:10:00,60.9
17618,2017-07-03T22:30:00,60.6
17619,2017-07-03T22:50:00,62.2
17620,2017-07-03T23:10:00,63.1
17621,2017-07-03T23:30:00,63.4
17622,2017-07-03T23:55:00,62.3
17623,2017-07-04T00:15:00,61.9
17624,2017-07-04T00:35:00,62.2
17625,2017-07-04T00:55:00,62
17626,2017-07-04T01:15:00,61.9
17627,2017-07-04T01:35:00,61.5
17628,2017-07-04T01:55:00,60.4
17629,2017-07-04T02:15:00,62.3
17630,2017-07-04T02:35:00,64.2
17631,2017-07-04T02:55:00,65.6
17632,2017-07-04T03:15:00,65.3
17633,2017-07-04T03:35:00,65
17634,2017-07-04T03:55:00,65.2
17635,2017-07-04T04:15:00,63.7
17636,2017-07-04T04:35:00,61.1
17637,2017-07-04T04:55:00,57.6
17638,2017-07-04T05:15:00,51
17639,2017-07-04T05:35:00,47.2
17640,2017-07-04T05:55:00,47.5
17641,2017-07-04T06:15:00,43.7
17642,2017-07-04T06:35:00,42.1
17643,2017-07-04T06:55:00,42
17644,2017-07-04T07:15:00,50.3
17645,2017-07-04T07:35:00,49.6
17646,2017-07-04T07:55:00,45.5
17647,2017-07-04T08:15:00,42.6
17648,2017-07-04T08:35:00,42.3
17649,2017-07-04T08:55:00,41.4
17650,2017-07-04T09:15:00,41.2
17651,2017-07-04T09:35:00,40.7
17652,2017-07-04T09:55:00,39
17653,2017-07-04T10:15:00,38.7
17654,2017-07-04T10:35:00,38.2
17655,2017-07-04T10:55:00,39.5
17656,2017-07-04T11:20:00,38.4
17657,2017-07-04T11:40:00,40.1
17658,2017-07-04T12:00:00,41.8
17659,2017-07-04T12:20:00,37.1
17660,2017-07-04T12:40:00,38.2
17661,2017-07-04T13:00:00,37.3
17662,2017-07-04T13:20:00,36.5
17663,2017-07-04T13:40:00,36.3
17664,2017-07-04T14:00:00,35.1
17665,2017-07-04T14:20:00,36.8
17666,2017-07-04T14:40:00,37.9
17667,2017-07-04T15:00:00,38.5
17668,2017-07-04T15:20:00,39
17669,2017-07-04T15:40:00,39.5
17670,2017-07-04T16:00:00,40.7
17671,2017-07-04T16:20:00,40.7
17672,2017-07-04T16:40:00,40.7
17673,2017-07-04T17:00:00,42.8
17674,2017-07-04T17:20:00,43.6
17675,2017-07-04T17:40:00,44.7
17676,2017-07-04T18:00:00,45.8
17677,2017-07-04T18:20:00,46.1
17678,2017-07-04T18:40:00,45.8
17679,2017-07-04T19:00:00,47.5
17680,2017-07-04T19:20:00,48.8
17681,2017-07-04T19:40:00,50
17682,2017-07-04T20:00:00,50.8
17683,2017-07-04T20:20:00,51.3
17684,2017-07-04T20:40:00,52.2
17685,2017-07-04T21:00:00,53.7
17686,2017-07-04T21:20:00,55.4
17687,2017-07-04T21:40:00,56.5
17688,2017-07-04T22:00:00,56.8
17689,2017-07-04T22:25:00,59.8
17690,2017-07-04T22:45:00,60.4
17691,2017-07-04T23:05:00,61.9
17692,2017-07-04T23:25:00,61.5
17693,2017-07-04T23:45:00,62.2
17694,2017-07-05T00:05:00,63.1
17695,2017-07-05T00:25:00,61.1
17696,2017-07-05T00:45:00,62.5
17697,2017-07-05T01:05:00,63.1
17698,2017-07-05T01:25:00,62.3
17699,2017-07-05T01:45:00,62.3
17700,2017-07-05T02:05:00,63.1
17701,2017-07-05T02:25:00,63.9
17702,2017-07-05T02:45:00,62.8
17703,2017-07-05T03:05:00,63
17704,2017-07-05T03:25:00,62.8
17705,2017-07-05T03:45:00,63
17706,2017-07-05T04:05:00,62.5
17707,2017-07-05T04:25:00,62.2
17708,2017-07-05T04:45:00,60.3
17709,2017-07-05T05:05:00,54.6
17710,2017-07-05T05:25:00,48.6
17711,2017-07-05T05:45:00,45.1
17712,2017-07-05T06:05:00,42.9
17713,2017-07-05T06:25:00,41.2
17714,2017-07-05T06:45:00,42.1
17715,2017-07-05T07:05:00,42.3
17716,2017-07-05T07:25:00,39.2
17717,2017-07-05T07:45:00,36.8
17718,2017-07-05T08:05:00,36.6
17719,2017-07-05T08:25:00,36.9
17720,2017-07-05T08:45:00,37.9
17721,2017-07-05T09:10:00,38
17722,2017-07-05T09:30:00,36.2
17723,2017-07-05T09:50:00,34.9
17724,2017-07-05T10:10:00,34.6
17725,2017-07-05T10:30:00,32.4
17726,2017-07-05T10:50:00,31
17727,2017-07-05T11:10:00,30.2
17728,2017-07-05T11:30:00,28.3
17729,2017-07-05T11:50:00,28.1
17730,2017-07-05T12:10:00,26.1
17731,2017-07-05T12:30:00,23.4
17732,2017-07-05T12:50:00,24.6
17733,2017-07-05T13:10:00,22.8
17734,2017-07-05T13:30:00,20.7
17735,2017-07-05T13:50:00,19.9
17736,2017-07-05T14:10:00,22
17737,2017-07-05T14:30:00,21.3
17738,2017-07-05T14:50:00,22.9
17739,2017-07-05T15:10:00,23.4
17740,2017-07-05T15:30:00,23.5
17741,2017-07-05T15:50:00,25.4
17742,2017-07-05T16:10:00,28.6
17743,2017-07-05T16:30:00,28.9
17744,2017-07-05T16:50:00,29.8
17745,2017-07-05T17:10:00,33
17746,2017-07-05T17:30:00,33.6
17747,2017-07-05T17:50:00,35.5
17748,2017-07-05T18:10:00,33.8
17749,2017-07-05T18:30:00,34.1
17750,2017-07-05T18:50:00,39.2
17751,2017-07-05T19:10:00,42
17752,2017-07-05T19:35:00,44.2
17753,2017-07-05T19:55:00,47
17754,2017-07-05T20:15:00,50.3
17755,2017-07-05T20:55:00,54.3
17756,2017-07-05T21:15:00,56.8
17757,2017-07-05T21:35:00,56.8
17758,2017-07-05T21:55:00,56.2
17759,2017-07-05T22:15:00,57.1
17760,2017-07-05T22:35:00,58.7
17761,2017-07-05T22:55:00,60.9
17762,2017-07-05T23:15:00,62.2
17763,2017-07-05T23:35:00,60.8
17764,2017-07-05T23:55:00,62.5
17765,2017-07-06T00:15:00,63.4
17766,2017-07-06T00:35:00,63.1
17767,2017-07-06T00:55:00,63.6
17768,2017-07-06T01:15:00,63.7
17769,2017-07-06T01:35:00,64.7
17770,2017-07-06T01:55:00,67.1
17771,2017-07-06T02:15:00,67.8
17772,2017-07-06T02:35:00,66.1
17773,2017-07-06T02:55:00,65.2
17774,2017-07-06T03:15:00,63.4
17775,2017-07-06T03:35:00,65.8
17776,2017-07-06T03:55:00,64.9
17777,2017-07-06T04:15:00,63.4
17778,2017-07-06T04:35:00,62
17779,2017-07-06T04:55:00,54.1
17780,2017-07-06T05:15:00,46.7
17781,2017-07-06T05:35:00,43.6
17782,2017-07-06T05:55:00,41.8
17783,2017-07-06T06:15:00,48
17784,2017-07-06T06:35:00,41.5
17785,2017-07-06T07:00:00,38.5
17786,2017-07-06T07:20:00,37.3
17787,2017-07-06T07:40:00,43.3
17788,2017-07-06T08:00:00,40.3
17789,2017-07-06T08:20:00,39.2
17790,2017-07-06T08:40:00,38
17791,2017-07-06T09:00:00,34.3
17792,2017-07-06T09:20:00,32.7
17793,2017-07-06T09:40:00,31
17794,2017-07-06T10:00:00,32.5
17795,2017-07-06T10:20:00,32.8
17796,2017-07-06T10:40:00,34.6
17797,2017-07-06T11:00:00,34.1
17798,2017-07-06T11:20:00,33
17799,2017-07-06T11:40:00,36.8
17800,2017-07-06T12:00:00,42.3
17801,2017-07-06T12:20:00,42.9
17802,2017-07-06T12:40:00,46.4
17803,2017-07-06T13:00:00,44.8
17804,2017-07-06T13:20:00,49.2
17805,2017-07-06T13:40:00,49.1
17806,2017-07-06T14:00:00,51.3
17807,2017-07-06T14:20:00,50.8
17808,2017-07-06T14:40:00,51.8
17809,2017-07-06T15:00:00,49.4
17810,2017-07-06T15:20:00,48.1
17811,2017-07-06T15:40:00,49.1
17812,2017-07-06T16:00:00,47.8
17813,2017-07-06T16:20:00,48.5
17814,2017-07-06T16:40:00,50.8
17815,2017-07-06T17:05:00,50.7
17816,2017-07-06T17:25:00,48.1
17817,2017-07-06T17:45:00,48.8
17818,2017-07-06T18:05:00,49.9
17819,2017-07-06T18:25:00,51.1
17820,2017-07-06T18:45:00,53.3
17821,2017-07-06T19:05:00,54
17822,2017-07-06T19:25:00,52.1
17823,2017-07-06T19:45:00,51.9
17824,2017-07-06T20:05:00,51.9
17825,2017-07-06T21:05:00,52.6
17826,2017-07-06T21:25:00,51.9
17827,2017-07-06T21:45:00,52.9
17828,2017-07-06T22:05:00,52.4
17829,2017-07-06T22:25:00,52.9
17830,2017-07-06T22:45:00,53.3
17831,2017-07-06T23:05:00,54.3
17832,2017-07-06T23:25:00,55.4
17833,2017-07-06T23:45:00,55.9
17834,2017-07-07T00:05:00,56.5
17835,2017-07-07T00:25:00,56.7
17836,2017-07-07T00:45:00,57.6
17837,2017-07-07T01:05:00,58.9
17838,2017-07-07T01:25:00,60.1
17839,2017-07-07T01:45:00,61.1
17840,2017-07-07T02:05:00,61.5
17841,2017-07-07T02:25:00,61.4
17842,2017-07-07T02:45:00,61.5
17843,2017-07-07T03:05:00,62
17844,2017-07-07T03:25:00,63.1
17845,2017-07-07T03:45:00,62.8
17846,2017-07-07T04:10:00,61.5
17847,2017-07-07T04:30:00,61.9
17848,2017-07-07T04:50:00,61.4
17849,2017-07-07T05:10:00,59.5
17850,2017-07-07T05:30:00,58.7
17851,2017-07-07T05:50:00,56.3
17852,2017-07-07T06:10:00,57.3
17853,2017-07-07T06:30:00,51.9
17854,2017-07-07T06:50:00,45.5
17855,2017-07-07T07:10:00,45.3
17856,2017-07-07T07:30:00,40.9
17857,2017-07-07T07:50:00,41
17858,2017-07-07T08:10:00,40.7
17859,2017-07-07T08:30:00,44
17860,2017-07-07T08:50:00,49.1
17861,2017-07-07T09:10:00,49.1
17862,2017-07-07T09:30:00,46.9
17863,2017-07-07T09:50:00,50.5
17864,2017-07-07T10:10:00,56.7
17865,2017-07-07T10:30:00,51.4
17866,2017-07-07T10:50:00,48.9
17867,2017-07-07T11:10:00,47.3
17868,2017-07-07T11:30:00,50.2
17869,2017-07-07T11:50:00,50.8
17870,2017-07-07T12:10:00,53.3
17871,2017-07-07T12:30:00,50.3
17872,2017-07-07T12:50:00,52.9
17873,2017-07-07T13:10:00,59.2
17874,2017-07-07T13:30:00,59.6
17875,2017-07-07T13:50:00,57.9
17876,2017-07-07T14:10:00,55.9
17877,2017-07-07T14:30:00,55.7
17878,2017-07-07T14:50:00,54.3
17879,2017-07-07T15:10:00,54.9
17880,2017-07-07T15:35:00,54.1
17881,2017-07-07T15:55:00,54.3
17882,2017-07-07T16:15:00,54.1
17883,2017-07-07T16:35:00,57.3
17884,2017-07-07T16:55:00,59.3
17885,2017-07-07T17:15:00,61.5
17886,2017-07-07T17:35:00,62.6
17887,2017-07-07T17:55:00,63
17888,2017-07-07T18:15:00,63.4
17889,2017-07-07T18:35:00,62.6
17890,2017-07-07T18:55:00,63.1
17891,2017-07-07T19:15:00,65.6
17892,2017-07-07T19:35:00,67.5
17893,2017-07-07T19:55:00,67.4
17894,2017-07-07T20:15:00,68
17895,2017-07-07T20:35:00,67.4
17896,2017-07-07T20:55:00,66
17897,2017-07-07T21:15:00,65.6
17898,2017-07-07T21:35:00,65.5
17899,2017-07-07T21:55:00,64.9
17900,2017-07-07T22:15:00,65.2
17901,2017-07-07T22:35:00,65.2
17902,2017-07-07T22:55:00,65.2
17903,2017-07-07T23:15:00,66
17904,2017-07-07T23:35:00,65.8
17905,2017-07-07T23:55:00,63.7
17906,2017-07-08T00:15:00,61.5
17907,2017-07-08T00:35:00,59.2
17908,2017-07-08T00:55:00,60.1
17909,2017-07-08T01:15:00,59.6
17910,2017-07-08T01:35:00,66.6
17911,2017-07-08T01:55:00,67.4
17912,2017-07-08T02:15:00,67.7
17913,2017-07-08T02:35:00,68.6
17914,2017-07-08T03:00:00,69.7
17915,2017-07-08T03:20:00,70.8
17916,2017-07-08T03:40:00,70.5
17917,2017-07-08T04:00:00,70.1
17918,2017-07-08T04:20:00,70.4
17919,2017-07-08T04:40:00,70.1
17920,2017-07-08T05:00:00,67.1
17921,2017-07-08T05:20:00,67.2
17922,2017-07-08T05:40:00,67.1
17923,2017-07-08T06:00:00,66.9
17924,2017-07-08T06:20:00,67.5
17925,2017-07-08T06:40:00,66.7
17926,2017-07-08T07:00:00,63.7
17927,2017-07-08T07:20:00,66.4
17928,2017-07-08T07:40:00,66.4
17929,2017-07-08T08:00:00,66.4
17930,2017-07-08T08:20:00,61.1
17931,2017-07-08T08:40:00,70.5
17932,2017-07-08T09:00:00,71
17933,2017-07-08T09:20:00,69.7
17934,2017-07-08T09:40:00,70.2
17935,2017-07-08T10:00:00,66.7
17936,2017-07-08T10:20:00,70.1
17937,2017-07-08T10:40:00,64.4
17938,2017-07-08T11:00:00,55.7
17939,2017-07-08T11:20:00,54.9
17940,2017-07-08T11:40:00,53.2
17941,2017-07-08T12:00:00,52.1
17942,2017-07-08T12:20:00,51.4
17943,2017-07-08T12:40:00,45.9
17944,2017-07-08T13:00:00,48.6
17945,2017-07-08T13:20:00,48.8
17946,2017-07-08T13:40:00,50.5
17947,2017-07-08T14:05:00,50.2
17948,2017-07-08T14:25:00,53.5
17949,2017-07-08T14:45:00,51.3
17950,2017-07-08T15:05:00,47.7
17951,2017-07-08T15:25:00,47.3
17952,2017-07-08T15:45:00,46.7
17953,2017-07-08T16:05:00,46.7
17954,2017-07-08T16:25:00,47.2
17955,2017-07-08T16:45:00,48.5
17956,2017-07-08T17:05:00,48.5
17957,2017-07-08T17:25:00,48.9
17958,2017-07-08T17:45:00,50.3
17959,2017-07-08T18:05:00,49.7
17960,2017-07-08T18:25:00,47.7
17961,2017-07-08T18:45:00,48.8
17962,2017-07-08T19:05:00,50.5
17963,2017-07-08T19:25:00,51.6
17964,2017-07-08T19:45:00,51.8
17965,2017-07-08T20:05:00,51.3
17966,2017-07-08T20:25:00,50.2
17967,2017-07-08T20:45:00,49.4
17968,2017-07-08T21:05:00,49.6
17969,2017-07-08T21:25:00,50
17970,2017-07-08T21:45:00,52.1
17971,2017-07-08T22:05:00,52.4
17972,2017-07-08T22:25:00,53.2
17973,2017-07-08T22:45:00,54.6
17974,2017-07-08T23:05:00,55.9
17975,2017-07-08T23:25:00,57
17976,2017-07-08T23:45:00,58.5
17977,2017-07-09T00:05:00,59.3
17978,2017-07-09T00:25:00,60.6
17979,2017-07-09T00:50:00,61.9
17980,2017-07-09T01:10:00,62.5
17981,2017-07-09T01:30:00,63.3
17982,2017-07-09T01:50:00,64.2
17983,2017-07-09T02:10:00,65
17984,2017-07-09T02:30:00,64.7
17985,2017-07-09T02:50:00,65.2
17986,2017-07-09T03:10:00,63
17987,2017-07-09T03:30:00,63.7
17988,2017-07-09T03:50:00,62.3
17989,2017-07-09T04:10:00,61.4
17990,2017-07-09T04:30:00,60.9
17991,2017-07-09T04:50:00,57.9
17992,2017-07-09T05:10:00,48.3
17993,2017-07-09T05:30:00,45.5
17994,2017-07-09T05:50:00,43.4
17995,2017-07-09T06:10:00,42.8
17996,2017-07-09T06:30:00,40.6
17997,2017-07-09T06:50:00,41.2
17998,2017-07-09T07:10:00,39.5
17999,2017-07-09T07:30:00,37.9
18000,2017-07-09T07:50:00,36.9
18001,2017-07-09T08:10:00,36.5
18002,2017-07-09T08:30:00,38.5
18003,2017-07-09T08:50:00,40.3
18004,2017-07-09T09:10:00,37.6
18005,2017-07-09T09:30:00,39.3
18006,2017-07-09T09:50:00,37.1
18007,2017-07-09T10:10:00,39.6
18008,2017-07-09T10:30:00,34.7
18009,2017-07-09T10:50:00,38
18010,2017-07-09T11:10:00,34.3
18011,2017-07-09T11:35:00,37.3
18012,2017-07-09T11:55:00,34.1
18013,2017-07-09T12:15:00,38.8
18014,2017-07-09T12:35:00,39.6
18015,2017-07-09T12:55:00,34.7
18016,2017-07-09T13:15:00,35.4
18017,2017-07-09T13:35:00,34.6
18018,2017-07-09T13:55:00,34.4
18019,2017-07-09T14:15:00,36.9
18020,2017-07-09T14:35:00,37.4
18021,2017-07-09T14:55:00,37.4
18022,2017-07-09T15:15:00,38.7
18023,2017-07-09T15:35:00,40.7
18024,2017-07-09T15:55:00,39.5
18025,2017-07-09T16:15:00,41
18026,2017-07-09T16:35:00,41.7
18027,2017-07-09T16:55:00,40.7
18028,2017-07-09T17:15:00,41.8
18029,2017-07-09T17:35:00,42.6
18030,2017-07-09T17:55:00,42.9
18031,2017-07-09T18:15:00,42.9
18032,2017-07-09T18:35:00,44.5
18033,2017-07-09T18:55:00,45.1
18034,2017-07-09T19:15:00,46.4
18035,2017-07-09T19:35:00,48.3
18036,2017-07-09T19:55:00,49.4
18037,2017-07-09T20:15:00,50.7
18038,2017-07-09T20:35:00,51.4
18039,2017-07-09T20:55:00,53.5
18040,2017-07-09T21:15:00,54.3
18041,2017-07-09T21:35:00,55.9
18042,2017-07-09T22:00:00,56.2
18043,2017-07-09T22:20:00,56
18044,2017-07-09T22:40:00,56.8
18045,2017-07-09T23:00:00,57.4
18046,2017-07-09T23:20:00,59
18047,2017-07-09T23:40:00,59.3
18048,2017-07-10T00:00:00,60.9
18049,2017-07-10T00:20:00,62.5
18050,2017-07-10T00:40:00,64.2
18051,2017-07-10T01:00:00,64.9
18052,2017-07-10T01:20:00,63.7
18053,2017-07-10T01:40:00,63.1
18054,2017-07-10T02:00:00,62.6
18055,2017-07-10T02:20:00,62.3
18056,2017-07-10T02:40:00,62.6
18057,2017-07-10T03:00:00,62.6
18058,2017-07-10T03:20:00,62.5
18059,2017-07-10T03:40:00,61.4
18060,2017-07-10T04:00:00,60.8
18061,2017-07-10T04:20:00,60.3
18062,2017-07-10T04:40:00,58.2
18063,2017-07-10T05:00:00,50.5
18064,2017-07-10T05:20:00,49.6
18065,2017-07-10T05:40:00,44.4
18066,2017-07-10T06:00:00,46.9
18067,2017-07-10T06:20:00,48.6
18068,2017-07-10T06:40:00,49.7
18069,2017-07-10T07:00:00,50.2
18070,2017-07-10T07:20:00,52.4
18071,2017-07-10T07:40:00,54.1
18072,2017-07-10T08:00:00,55.1
18073,2017-07-10T08:20:00,52.7
18074,2017-07-10T08:40:00,52.7
18075,2017-07-10T09:00:00,52.4
18076,2017-07-10T09:25:00,55.7
18077,2017-07-10T09:45:00,56.8
18078,2017-07-10T10:05:00,59.2
18079,2017-07-10T10:25:00,60.8
18080,2017-07-10T10:45:00,61.2
18081,2017-07-10T11:05:00,57.9
18082,2017-07-10T11:25:00,55.7
18083,2017-07-10T11:45:00,53.8
18084,2017-07-10T12:05:00,56
18085,2017-07-10T12:25:00,54.3
18086,2017-07-10T12:45:00,52.6
18087,2017-07-10T13:05:00,50.8
18088,2017-07-10T13:25:00,54.6
18089,2017-07-10T13:45:00,50
18090,2017-07-10T14:05:00,50.8
18091,2017-07-10T14:25:00,50.7
18092,2017-07-10T14:45:00,52.6
18093,2017-07-10T15:05:00,52.6
18094,2017-07-10T15:25:00,54.1
18095,2017-07-10T15:45:00,51.8
18096,2017-07-10T16:05:00,51.9
18097,2017-07-10T16:25:00,51
18098,2017-07-10T16:45:00,52.1
18099,2017-07-10T17:05:00,56.5
18100,2017-07-10T17:25:00,57.6
18101,2017-07-10T17:45:00,59
18102,2017-07-10T18:05:00,62.2
18103,2017-07-10T18:25:00,65.2
18104,2017-07-10T18:45:00,66.1
18105,2017-07-10T19:05:00,66.6
18106,2017-07-10T19:25:00,68.3
18107,2017-07-10T19:45:00,68.3
18108,2017-07-10T20:05:00,66.3
18109,2017-07-10T20:30:00,64.5
18110,2017-07-10T20:50:00,65.5
18111,2017-07-10T21:10:00,64.9
18112,2017-07-10T21:30:00,64.2
18113,2017-07-10T21:50:00,66.3
18114,2017-07-10T22:10:00,66.4
18115,2017-07-10T22:30:00,67.8
18116,2017-07-10T22:50:00,66.9
18117,2017-07-10T23:10:00,67.1
18118,2017-07-10T23:30:00,66.9
18119,2017-07-11T00:30:00,69.4
18120,2017-07-11T00:50:00,70.4
18121,2017-07-11T01:10:00,71.3
18122,2017-07-11T01:30:00,72.6
18123,2017-07-11T01:50:00,73
18124,2017-07-11T02:10:00,72.4
18125,2017-07-11T02:30:00,72.3
18126,2017-07-11T02:50:00,71.8
18127,2017-07-11T03:10:00,72.1
18128,2017-07-11T03:30:00,71.8
18129,2017-07-11T03:50:00,71.9
18130,2017-07-11T04:10:00,71.5
18131,2017-07-11T04:30:00,71.6
18132,2017-07-11T04:50:00,71.3
18133,2017-07-11T05:10:00,73
18134,2017-07-11T05:30:00,72.6
18135,2017-07-11T05:50:00,72.9
18136,2017-07-11T06:10:00,71.5
18137,2017-07-11T06:30:00,67.1
18138,2017-07-11T06:50:00,64.4
18139,2017-07-11T07:10:00,64.2
18140,2017-07-11T07:30:00,61.4
18141,2017-07-11T07:55:00,59
18142,2017-07-11T08:15:00,61.5
18143,2017-07-11T08:35:00,63.4
18144,2017-07-11T08:55:00,66.7
18145,2017-07-11T09:15:00,69.3
18146,2017-07-11T09:35:00,68.8
18147,2017-07-11T09:55:00,57.1
18148,2017-07-11T10:15:00,61.1
18149,2017-07-11T10:35:00,60
18150,2017-07-11T10:55:00,64.7
18151,2017-07-11T11:15:00,61.4
18152,2017-07-11T11:35:00,57.3
18153,2017-07-11T11:55:00,66.6
18154,2017-07-11T12:15:00,73
18155,2017-07-11T12:35:00,69.6
18156,2017-07-11T12:55:00,65.8
18157,2017-07-11T13:15:00,60.1
18158,2017-07-11T13:35:00,57.9
18159,2017-07-11T13:55:00,61.2
18160,2017-07-11T14:15:00,57.6
18161,2017-07-11T14:35:00,55.5
18162,2017-07-11T14:55:00,53.5
18163,2017-07-11T15:15:00,54
18164,2017-07-11T15:35:00,53.7
18165,2017-07-11T15:55:00,53.8
18166,2017-07-11T16:15:00,56.2
18167,2017-07-11T16:35:00,57.3
18168,2017-07-11T16:55:00,59.5
18169,2017-07-11T17:15:00,59.2
18170,2017-07-11T17:35:00,61.5
18171,2017-07-11T17:55:00,61.7
18172,2017-07-11T18:15:00,62.3
18173,2017-07-11T18:35:00,61.2
18174,2017-07-11T18:55:00,61.7
18175,2017-07-11T19:20:00,62.2
18176,2017-07-11T19:40:00,62
18177,2017-07-11T20:00:00,64.5
18178,2017-07-11T20:20:00,66.6
18179,2017-07-11T20:40:00,67.4
18180,2017-07-11T21:00:00,67.8
18181,2017-07-11T21:20:00,68
18182,2017-07-11T21:40:00,69.3
18183,2017-07-11T22:00:00,69.4
18184,2017-07-11T22:20:00,69.4
18185,2017-07-11T22:40:00,69.9
18186,2017-07-11T23:00:00,70.2
18187,2017-07-11T23:20:00,71.2
18188,2017-07-11T23:40:00,70.7
18189,2017-07-12T00:00:00,71.2
18190,2017-07-12T00:20:00,72.1
18191,2017-07-12T00:40:00,71.6
18192,2017-07-12T01:00:00,71.9
18193,2017-07-12T01:20:00,70.7
18194,2017-07-12T01:40:00,67.4
18195,2017-07-12T02:00:00,66
18196,2017-07-12T02:20:00,63.9
18197,2017-07-12T03:00:00,63.3
18198,2017-07-12T03:20:00,63.6
18199,2017-07-12T03:40:00,63.4
18200,2017-07-12T04:00:00,63.3
18201,2017-07-12T04:20:00,63
18202,2017-07-12T04:40:00,62.8
18203,2017-07-12T05:00:00,61.4
18204,2017-07-12T05:20:00,61.9
18205,2017-07-12T05:40:00,62.8
18206,2017-07-12T06:00:00,64.2
18207,2017-07-12T06:25:00,63.3
18208,2017-07-12T06:45:00,62
18209,2017-07-12T07:05:00,56.5
18210,2017-07-12T07:25:00,52.7
18211,2017-07-12T07:45:00,50.3
18212,2017-07-12T08:05:00,50
18213,2017-07-12T08:25:00,50
18214,2017-07-12T08:45:00,48.9
18215,2017-07-12T09:05:00,43.4
18216,2017-07-12T09:25:00,42.3
18217,2017-07-12T09:45:00,41.7
18218,2017-07-12T10:05:00,37.1
18219,2017-07-12T10:25:00,38.5
18220,2017-07-12T10:45:00,39.2
18221,2017-07-12T11:05:00,40.6
18222,2017-07-12T11:25:00,34.9
18223,2017-07-12T11:45:00,35.7
18224,2017-07-12T12:05:00,36.5
18225,2017-07-12T12:25:00,35.1
18226,2017-07-12T12:45:00,35.4
18227,2017-07-12T13:05:00,34.7
18228,2017-07-12T13:25:00,36
18229,2017-07-12T13:45:00,35.2
18230,2017-07-12T14:05:00,33.5
18231,2017-07-12T14:25:00,36.9
18232,2017-07-12T14:45:00,36
18233,2017-07-12T15:05:00,38.8
18234,2017-07-12T15:25:00,37.6
18235,2017-07-12T15:45:00,38.7
18236,2017-07-12T16:05:00,39.3
18237,2017-07-12T16:25:00,39.2
18238,2017-07-12T16:45:00,40.1
18239,2017-07-12T17:05:00,40.3
18240,2017-07-12T17:30:00,41.4
18241,2017-07-12T17:50:00,42.3
18242,2017-07-12T18:10:00,42
18243,2017-07-29T05:05:00,77.5
18244,2017-07-12T18:30:00,44.4
18245,2017-07-12T18:50:00,46.6
18246,2017-07-12T19:10:00,49.2
18247,2017-07-12T19:30:00,51.3
18248,2017-07-12T19:50:00,53.2
18249,2017-07-12T20:10:00,54.8
18250,2017-07-12T20:30:00,56.2
18251,2017-07-12T20:50:00,57.9
18252,2017-07-12T21:10:00,58.7
18253,2017-07-12T21:30:00,60.3
18254,2017-07-12T21:50:00,60.6
18255,2017-07-12T22:10:00,60.8
18256,2017-07-12T22:30:00,61.4
18257,2017-07-12T22:50:00,61.9
18258,2017-07-12T23:10:00,61.9
18259,2017-07-12T23:30:00,62
18260,2017-07-12T23:50:00,61.9
18261,2017-07-13T00:10:00,62.2
18262,2017-07-13T00:30:00,63
18263,2017-07-13T00:50:00,62
18264,2017-07-13T01:10:00,62.5
18265,2017-07-13T01:30:00,63
18266,2017-07-13T01:50:00,62.2
18267,2017-07-13T02:10:00,62
18268,2017-07-13T02:30:00,62.6
18269,2017-07-13T02:50:00,62
18270,2017-07-13T03:10:00,60.9
18271,2017-07-13T03:30:00,61.5
18272,2017-07-13T03:50:00,60.8
18273,2017-07-13T04:10:00,60.1
18274,2017-07-13T04:35:00,59
18275,2017-07-13T04:55:00,53
18276,2017-07-13T05:15:00,46.4
18277,2017-07-13T05:35:00,43.7
18278,2017-07-13T05:55:00,43.1
18279,2017-07-13T06:15:00,41.2
18280,2017-07-13T06:35:00,39.5
18281,2017-07-13T06:55:00,39
18282,2017-07-13T07:15:00,36.6
18283,2017-07-13T07:35:00,35.2
18284,2017-07-13T07:55:00,35.2
18285,2017-07-13T08:15:00,35.4
18286,2017-07-13T08:35:00,32.7
18287,2017-07-13T08:55:00,32.2
18288,2017-07-13T09:15:00,31.9
18289,2017-07-13T09:35:00,31.9
18290,2017-07-13T09:55:00,35.7
18291,2017-07-13T10:15:00,30.6
18292,2017-07-13T10:35:00,31.9
18293,2017-07-13T10:55:00,31.4
18294,2017-07-13T11:15:00,31.4
18295,2017-07-13T11:35:00,30.8
18296,2017-07-13T11:55:00,31.3
18297,2017-07-13T12:15:00,31.7
18298,2017-07-13T12:35:00,30.2
18299,2017-07-13T12:55:00,31
18300,2017-07-13T13:15:00,30.3
18301,2017-07-13T13:35:00,34.3
18302,2017-07-13T13:55:00,35.2
18303,2017-07-13T14:15:00,35.5
18304,2017-07-13T14:35:00,35.7
18305,2017-07-13T14:55:00,35.8
18306,2017-07-13T15:20:00,34.9
18307,2017-07-13T15:40:00,36.9
18308,2017-07-13T16:00:00,36.5
18309,2017-07-13T16:20:00,36.3
18310,2017-07-13T16:40:00,37.6
18311,2017-07-13T17:00:00,39.6
18312,2017-07-13T17:20:00,39.9
18313,2017-07-13T17:40:00,40.4
18314,2017-07-13T18:00:00,41.5
18315,2017-07-13T18:20:00,41.8
18316,2017-07-13T18:40:00,43.7
18317,2017-07-13T19:00:00,45.3
18318,2017-07-13T19:20:00,46.7
18319,2017-07-13T19:40:00,48.6
18320,2017-07-13T20:00:00,50.5
18321,2017-07-13T20:20:00,53
18322,2017-07-13T20:40:00,54.3
18323,2017-07-13T21:00:00,54.4
18324,2017-07-13T21:20:00,58.5
18325,2017-07-13T21:40:00,59.5
18326,2017-07-13T22:00:00,60
18327,2017-07-13T22:20:00,62.2
18328,2017-07-13T22:40:00,63
18329,2017-07-13T23:00:00,64.4
18330,2017-07-13T23:20:00,65.3
18331,2017-07-13T23:40:00,64.4
18332,2017-07-14T00:00:00,64.7
18333,2017-07-14T00:20:00,65.6
18334,2017-07-14T00:40:00,65.3
18335,2017-07-14T01:00:00,65.2
18336,2017-07-14T01:20:00,67.1
18337,2017-07-14T01:40:00,66.9
18338,2017-07-14T02:00:00,67.2
18339,2017-07-14T02:25:00,66.7
18340,2017-07-14T02:45:00,67.5
18341,2017-07-14T03:05:00,66.7
18342,2017-07-14T03:25:00,67.2
18343,2017-07-14T03:45:00,67.2
18344,2017-07-14T04:05:00,67.5
18345,2017-07-14T04:25:00,65.8
18346,2017-07-14T04:45:00,65.3
18347,2017-07-14T05:05:00,64.5
18348,2017-07-14T05:25:00,64.4
18349,2017-07-14T05:45:00,61.9
18350,2017-07-14T06:05:00,61.5
18351,2017-07-14T06:25:00,60.8
18352,2017-07-14T06:45:00,59.5
18353,2017-07-14T07:05:00,57.4
18354,2017-07-14T07:25:00,57.8
18355,2017-07-14T07:45:00,54.3
18356,2017-07-14T08:05:00,52.4
18357,2017-07-14T08:25:00,52.7
18358,2017-07-14T08:45:00,53.3
18359,2017-07-14T09:05:00,54.9
18360,2017-07-14T09:25:00,50.8
18361,2017-07-14T09:45:00,61.2
18362,2017-07-14T10:05:00,60.6
18363,2017-07-14T10:25:00,63.4
18364,2017-07-14T10:45:00,62.6
18365,2017-07-14T11:05:00,69.1
18366,2017-07-14T11:25:00,66.1
18367,2017-07-14T11:45:00,61.5
18368,2017-07-14T12:05:00,62.2
18369,2017-07-14T12:25:00,60.3
18370,2017-07-14T12:45:00,64.2
18371,2017-07-14T13:05:00,61.9
18372,2017-07-14T13:25:00,61.4
18373,2017-07-14T13:50:00,59.6
18374,2017-07-14T14:10:00,57
18375,2017-07-14T14:30:00,61.4
18376,2017-07-14T14:50:00,60.3
18377,2017-07-14T15:10:00,58.5
18378,2017-07-14T15:30:00,55.7
18379,2017-07-14T15:50:00,54.1
18380,2017-07-14T16:10:00,58.7
18381,2017-07-14T16:30:00,54.4
18382,2017-07-14T16:50:00,54.1
18383,2017-07-14T17:10:00,54.1
18384,2017-07-14T17:30:00,57.3
18385,2017-07-14T17:50:00,57.9
18386,2017-07-14T18:10:00,59
18387,2017-07-14T18:30:00,57.9
18388,2017-07-14T18:50:00,58.9
18389,2017-07-14T19:10:00,60.8
18390,2017-07-14T19:30:00,61.4
18391,2017-07-14T19:50:00,63.6
18392,2017-07-14T20:10:00,63.7
18393,2017-07-14T20:30:00,63.9
18394,2017-07-14T20:50:00,64.7
18395,2017-07-14T21:10:00,65.3
18396,2017-07-14T21:30:00,65.3
18397,2017-07-14T21:50:00,65.6
18398,2017-07-14T22:10:00,66.6
18399,2017-07-14T22:30:00,65.8
18400,2017-07-14T22:50:00,66.3
18401,2017-07-14T23:10:00,66.9
18402,2017-07-14T23:30:00,66.3
18403,2017-07-14T23:50:00,66.6
18404,2017-07-15T00:10:00,68.2
18405,2017-07-15T00:30:00,68.5
18406,2017-07-15T00:50:00,69.7
18407,2017-07-15T01:15:00,68.8
18408,2017-07-15T01:35:00,68.6
18409,2017-07-15T01:55:00,70.1
18410,2017-07-15T02:15:00,69.6
18411,2017-07-15T02:35:00,69.7
18412,2017-07-15T02:55:00,68.8
18413,2017-07-15T03:15:00,68.6
18414,2017-07-15T03:35:00,67.7
18415,2017-07-15T03:55:00,68.6
18416,2017-07-15T04:15:00,66.9
18417,2017-07-15T04:35:00,66.4
18418,2017-07-15T04:55:00,59.2
18419,2017-07-15T05:15:00,51.8
18420,2017-07-15T05:35:00,49.2
18421,2017-07-15T05:55:00,46.1
18422,2017-07-15T06:15:00,44.8
18423,2017-07-15T06:35:00,46.1
18424,2017-07-15T06:55:00,44.4
18425,2017-07-15T07:15:00,44.8
18426,2017-07-15T08:15:00,42.6
18427,2017-07-15T08:35:00,40.1
18428,2017-07-15T08:55:00,46.9
18429,2017-07-15T09:15:00,47.8
18430,2017-07-15T09:35:00,45.3
18431,2017-07-15T09:55:00,50.2
18432,2017-07-15T10:15:00,57.3
18433,2017-07-15T10:35:00,55.7
18434,2017-07-15T10:55:00,56.2
18435,2017-07-15T11:15:00,53.5
18436,2017-07-15T11:35:00,47.3
18437,2017-07-15T11:55:00,47.5
18438,2017-07-15T12:20:00,46.4
18439,2017-07-15T12:40:00,50.8
18440,2017-07-15T13:00:00,53.5
18441,2017-07-15T13:20:00,48
18442,2017-07-15T13:40:00,45.5
18443,2017-07-15T14:00:00,45.9
18444,2017-07-15T14:20:00,45
18445,2017-07-15T14:40:00,45
18446,2017-07-15T15:00:00,44.5
18447,2017-07-15T15:20:00,45.9
18448,2017-07-15T15:40:00,45.9
18449,2017-07-15T16:00:00,47.7
18450,2017-07-15T16:20:00,47.7
18451,2017-07-15T16:40:00,48.6
18452,2017-07-15T17:00:00,48.8
18453,2017-07-15T17:20:00,50.3
18454,2017-07-15T17:40:00,50.5
18455,2017-07-15T18:00:00,49.4
18456,2017-07-15T18:20:00,50.3
18457,2017-07-15T18:40:00,51.4
18458,2017-07-15T19:00:00,53.3
18459,2017-07-15T19:20:00,55.1
18460,2017-07-15T19:40:00,55.1
18461,2017-07-15T20:00:00,55.2
18462,2017-07-15T20:20:00,57
18463,2017-07-15T20:40:00,59
18464,2017-07-15T21:00:00,60.4
18465,2017-07-15T21:20:00,61.9
18466,2017-07-15T21:40:00,62
18467,2017-07-15T22:00:00,63
18468,2017-07-15T22:20:00,63.7
18469,2017-07-15T22:40:00,64.5
18470,2017-07-15T23:00:00,65.2
18471,2017-07-15T23:25:00,65.2
18472,2017-07-15T23:45:00,65.5
18473,2017-07-16T00:05:00,66
18474,2017-07-16T00:25:00,65.5
18475,2017-07-16T00:45:00,66
18476,2017-07-16T01:05:00,66.4
18477,2017-07-16T01:25:00,66.1
18478,2017-07-16T01:45:00,66.3
18479,2017-07-16T02:05:00,66.9
18480,2017-07-16T02:25:00,67.7
18481,2017-07-16T02:45:00,69.1
18482,2017-07-16T03:05:00,69.3
18483,2017-07-16T03:25:00,68.9
18484,2017-07-16T03:45:00,69.1
18485,2017-07-16T04:05:00,69.3
18486,2017-07-16T04:25:00,70.2
18487,2017-07-16T04:45:00,72.7
18488,2017-07-16T05:05:00,73.2
18489,2017-07-16T05:25:00,74.3
18490,2017-07-16T05:45:00,75.4
18491,2017-07-16T06:05:00,76
18492,2017-07-16T06:25:00,76.5
18493,2017-07-16T06:45:00,76.5
18494,2017-07-16T07:05:00,76.4
18495,2017-07-16T07:25:00,75.1
18496,2017-07-16T07:45:00,74.6
18497,2017-07-16T08:05:00,74.3
18498,2017-07-16T08:25:00,74.2
18499,2017-07-16T08:45:00,74.5
18500,2017-07-16T09:05:00,75.3
18501,2017-07-16T09:25:00,72.1
18502,2017-07-16T09:45:00,70.5
18503,2017-07-16T10:05:00,70.4
18504,2017-07-16T10:25:00,66.1
18505,2017-07-16T10:50:00,66.4
18506,2017-07-16T11:10:00,60.9
18507,2017-07-16T11:30:00,59.8
18508,2017-07-16T11:50:00,57.8
18509,2017-07-16T12:10:00,58.2
18510,2017-07-16T12:30:00,54.4
18511,2017-07-16T12:50:00,53.3
18512,2017-07-16T13:10:00,57.3
18513,2017-07-16T13:30:00,58.1
18514,2017-07-16T13:50:00,59.5
18515,2017-07-16T14:10:00,55.4
18516,2017-07-16T14:30:00,52.7
18517,2017-07-16T14:50:00,48.6
18518,2017-07-16T15:10:00,48
18519,2017-07-16T15:30:00,46.6
18520,2017-07-16T15:50:00,46.7
18521,2017-07-16T16:10:00,46.2
18522,2017-07-16T16:30:00,47.8
18523,2017-07-16T16:50:00,46.2
18524,2017-07-16T17:10:00,44.7
18525,2017-07-16T17:30:00,46.9
18526,2017-07-16T17:50:00,47.2
18527,2017-07-16T18:10:00,47
18528,2017-07-16T18:30:00,48.8
18529,2017-07-16T18:50:00,48.9
18530,2017-07-16T19:10:00,49.4
18531,2017-07-16T19:30:00,50.8
18532,2017-07-16T19:50:00,53
18533,2017-07-16T20:10:00,54.4
18534,2017-07-16T20:30:00,55.7
18535,2017-07-16T20:50:00,57.6
18536,2017-07-16T21:10:00,60.1
18537,2017-07-16T21:30:00,62.8
18538,2017-07-16T21:50:00,63.4
18539,2017-07-16T22:15:00,65.8
18540,2017-07-16T22:35:00,66.3
18541,2017-07-16T22:55:00,67.4
18542,2017-07-16T23:15:00,68.2
18543,2017-07-16T23:35:00,68.3
18544,2017-07-16T23:55:00,68.3
18545,2017-07-17T00:15:00,68.6
18546,2017-07-17T00:35:00,68.9
18547,2017-07-17T00:55:00,68
18548,2017-07-17T01:15:00,68.2
18549,2017-07-17T01:35:00,68.2
18550,2017-07-17T01:55:00,68.2
18551,2017-07-17T02:15:00,67.1
18552,2017-07-17T02:35:00,68
18553,2017-07-17T02:55:00,67.4
18554,2017-07-17T03:15:00,65.8
18555,2017-07-17T03:35:00,67.1
18556,2017-07-17T03:55:00,66.7
18557,2017-07-17T04:15:00,67.4
18558,2017-07-17T04:35:00,66.9
18559,2017-07-17T04:55:00,57.9
18560,2017-07-17T05:15:00,52.7
18561,2017-07-17T05:35:00,49.9
18562,2017-07-17T05:55:00,48.3
18563,2017-07-17T06:15:00,47.2
18564,2017-07-17T06:35:00,44.2
18565,2017-07-17T06:55:00,44.4
18566,2017-07-17T07:15:00,43.9
18567,2017-07-17T07:35:00,41.2
18568,2017-07-17T07:55:00,42.5
18569,2017-07-17T08:15:00,40.1
18570,2017-07-17T08:35:00,42.9
18571,2017-07-17T08:55:00,45
18572,2017-07-17T09:20:00,46.1
18573,2017-07-17T09:40:00,38.4
18574,2017-07-17T10:00:00,39.3
18575,2017-07-17T10:20:00,41
18576,2017-07-17T10:40:00,41.4
18577,2017-07-17T11:00:00,38.4
18578,2017-07-17T11:20:00,38.5
18579,2017-07-17T11:40:00,35.7
18580,2017-07-17T12:00:00,41.7
18581,2017-07-17T12:20:00,42
18582,2017-07-17T12:40:00,38.2
18583,2017-07-17T13:00:00,39.2
18584,2017-07-17T13:20:00,41.4
18585,2017-07-17T13:40:00,42.9
18586,2017-07-17T14:00:00,39.8
18587,2017-07-17T14:20:00,42
18588,2017-07-17T14:40:00,42.8
18589,2017-07-17T15:00:00,42
18590,2017-07-17T15:20:00,40.4
18591,2017-07-17T15:40:00,41.5
18592,2017-07-17T16:00:00,43.9
18593,2017-07-17T16:20:00,43.3
18594,2017-07-17T16:40:00,44.7
18595,2017-07-17T17:00:00,45.8
18596,2017-07-17T17:20:00,46.1
18597,2017-07-17T17:40:00,48.3
18598,2017-07-17T18:00:00,48.1
18599,2017-07-17T18:20:00,50.7
18600,2017-07-17T18:40:00,53
18601,2017-07-17T19:00:00,52.7
18602,2017-07-17T19:20:00,54.6
18603,2017-07-17T19:40:00,55.5
18604,2017-07-17T20:00:00,56.7
18605,2017-07-17T20:20:00,57.1
18606,2017-07-17T20:45:00,58.2
18607,2017-07-17T21:05:00,60.4
18608,2017-07-17T21:25:00,62.2
18609,2017-07-17T21:45:00,62.6
18610,2017-07-17T22:05:00,63.4
18611,2017-07-17T22:25:00,63.9
18612,2017-07-17T22:45:00,64.1
18613,2017-07-17T23:05:00,63.6
18614,2017-07-17T23:25:00,63.3
18615,2017-07-17T23:45:00,62.8
18616,2017-07-18T00:05:00,61.9
18617,2017-07-18T00:25:00,62.5
18618,2017-07-18T00:45:00,61.7
18619,2017-07-18T01:05:00,61.2
18620,2017-07-18T01:25:00,61.4
18621,2017-07-18T01:45:00,62.2
18622,2017-07-18T02:05:00,62.2
18623,2017-07-18T02:25:00,62.6
18624,2017-07-18T02:45:00,62.5
18625,2017-07-18T03:05:00,63
18626,2017-07-18T03:25:00,63
18627,2017-07-18T03:45:00,63.3
18628,2017-07-18T04:05:00,64.1
18629,2017-07-18T04:25:00,64.5
18630,2017-07-18T04:45:00,65.5
18631,2017-07-18T05:05:00,63.9
18632,2017-07-18T05:25:00,63.9
18633,2017-07-18T05:45:00,64.5
18634,2017-07-18T06:05:00,64.7
18635,2017-07-18T06:25:00,64.5
18636,2017-07-18T06:45:00,61.2
18637,2017-07-18T07:05:00,59.3
18638,2017-07-18T07:25:00,60.1
18639,2017-07-18T07:45:00,58.2
18640,2017-07-18T08:10:00,57.8
18641,2017-07-18T08:30:00,56.8
18642,2017-07-18T08:50:00,55.2
18643,2017-07-18T09:10:00,52.7
18644,2017-07-18T09:30:00,52.1
18645,2017-07-18T09:50:00,52.2
18646,2017-07-18T10:10:00,49.2
18647,2017-07-18T10:30:00,46.9
18648,2017-07-18T10:50:00,43.9
18649,2017-07-18T11:10:00,42.8
18650,2017-07-18T11:30:00,42.9
18651,2017-07-18T11:50:00,43.7
18652,2017-07-18T12:10:00,41.8
18653,2017-07-18T12:30:00,41.4
18654,2017-07-18T12:50:00,42.5
18655,2017-07-18T13:10:00,44.2
18656,2017-07-18T13:30:00,42.9
18657,2017-07-18T13:50:00,43.4
18658,2017-07-18T14:10:00,44.4
18659,2017-07-18T14:30:00,44.5
18660,2017-07-18T14:50:00,44.8
18661,2017-07-18T15:10:00,44.5
18662,2017-07-18T15:30:00,44.7
18663,2017-07-18T15:50:00,44.7
18664,2017-07-18T16:10:00,45.3
18665,2017-07-18T16:30:00,46.1
18666,2017-07-18T16:50:00,47.2
18667,2017-07-18T17:10:00,47.7
18668,2017-07-18T17:30:00,47.7
18669,2017-07-18T17:50:00,47.8
18670,2017-07-18T18:10:00,48.8
18671,2017-07-18T18:30:00,49.9
18672,2017-07-18T18:50:00,51.6
18673,2017-07-18T19:10:00,52.9
18674,2017-07-18T19:35:00,54.1
18675,2017-07-18T19:55:00,55.9
18676,2017-07-18T20:15:00,57
18677,2017-07-18T20:35:00,57.4
18678,2017-07-18T20:55:00,58.4
18679,2017-07-18T21:15:00,59.6
18680,2017-07-18T21:35:00,61.7
18681,2017-07-18T21:55:00,62.2
18682,2017-07-18T22:15:00,63.4
18683,2017-07-18T22:35:00,64.2
18684,2017-07-18T22:55:00,65.5
18685,2017-07-18T23:15:00,65.8
18686,2017-07-18T23:35:00,66.7
18687,2017-07-18T23:55:00,67.7
18688,2017-07-19T00:15:00,67.5
18689,2017-07-19T00:35:00,66.9
18690,2017-07-19T00:55:00,66.7
18691,2017-07-19T01:15:00,67.1
18692,2017-07-19T01:35:00,68
18693,2017-07-19T01:55:00,68.6
18694,2017-07-19T02:15:00,68.6
18695,2017-07-19T02:35:00,68.9
18696,2017-07-19T02:55:00,67.7
18697,2017-07-19T03:15:00,67.2
18698,2017-07-19T03:35:00,66.9
18699,2017-07-19T03:55:00,65.3
18700,2017-07-19T04:15:00,65
18701,2017-07-19T04:35:00,62.6
18702,2017-07-19T04:55:00,54
18703,2017-07-19T05:15:00,49.1
18704,2017-07-19T05:35:00,46.2
18705,2017-07-19T05:55:00,43.4
18706,2017-07-19T06:15:00,41.7
18707,2017-07-19T06:40:00,40.3
18708,2017-07-19T07:00:00,39.5
18709,2017-07-19T07:20:00,38
18710,2017-07-19T07:40:00,37.7
18711,2017-07-19T08:00:00,39.5
18712,2017-07-19T08:20:00,40.7
18713,2017-07-19T08:40:00,45
18714,2017-07-19T09:00:00,46.7
18715,2017-07-19T09:20:00,45.3
18716,2017-07-19T09:40:00,48.1
18717,2017-07-19T10:00:00,50.2
18718,2017-07-19T10:20:00,52.6
18719,2017-07-19T10:40:00,51.6
18720,2017-07-19T11:00:00,52.1
18721,2017-07-19T11:20:00,52.1
18722,2017-07-19T11:40:00,51.9
18723,2017-07-19T12:00:00,51.3
18724,2017-07-19T12:20:00,49.1
18725,2017-07-19T12:40:00,48.6
18726,2017-07-19T13:00:00,48.9
18727,2017-07-19T13:20:00,51.6
18728,2017-07-19T13:40:00,52.6
18729,2017-07-19T14:00:00,50.7
18730,2017-07-19T14:20:00,50.7
18731,2017-07-19T14:40:00,51.3
18732,2017-07-19T15:00:00,52.2
18733,2017-07-19T15:20:00,54.9
18734,2017-07-19T15:40:00,56.3
18735,2017-07-19T16:00:00,56.5
18736,2017-07-19T16:20:00,57.4
18737,2017-07-19T16:40:00,59.2
18738,2017-07-19T17:00:00,57.8
18739,2017-07-19T17:20:00,57.9
18740,2017-07-19T18:25:00,59.6
18741,2017-07-19T18:45:00,63.4
18742,2017-07-19T19:05:00,66.3
18743,2017-07-19T19:25:00,66.7
18744,2017-07-19T19:45:00,63.7
18745,2017-07-19T20:05:00,64.5
18746,2017-07-19T20:25:00,66.4
18747,2017-07-19T20:45:00,66
18748,2017-07-19T21:05:00,65
18749,2017-07-19T21:25:00,66.1
18750,2017-07-19T21:45:00,66
18751,2017-07-19T22:05:00,64.4
18752,2017-07-19T22:25:00,63.7
18753,2017-07-19T22:45:00,63.6
18754,2017-07-19T23:05:00,63.3
18755,2017-07-19T23:25:00,62.6
18756,2017-07-19T23:45:00,63.7
18757,2017-07-20T00:05:00,65.3
18758,2017-07-20T00:25:00,64.7
18759,2017-07-20T00:45:00,63.9
18760,2017-07-20T01:05:00,66.3
18761,2017-07-20T01:25:00,65.8
18762,2017-07-20T01:45:00,66.9
18763,2017-07-20T02:05:00,66.3
18764,2017-07-20T02:25:00,65.6
18765,2017-07-20T02:45:00,66
18766,2017-07-20T03:05:00,65.3
18767,2017-07-20T03:25:00,65.3
18768,2017-07-20T03:45:00,64.1
18769,2017-07-20T04:05:00,64.2
18770,2017-07-20T04:25:00,64.2
18771,2017-07-20T04:50:00,62.2
18772,2017-07-20T05:10:00,57.9
18773,2017-07-20T05:30:00,54.4
18774,2017-07-20T05:50:00,54.6
18775,2017-07-20T06:10:00,55.5
18776,2017-07-20T06:30:00,53.3
18777,2017-07-20T06:50:00,51.4
18778,2017-07-20T07:10:00,52.7
18779,2017-07-20T07:30:00,51.8
18780,2017-07-20T07:50:00,51
18781,2017-07-20T08:10:00,50.8
18782,2017-07-20T08:30:00,51.8
18783,2017-07-20T08:50:00,50.8
18784,2017-07-20T09:10:00,52.1
18785,2017-07-20T09:30:00,52.6
18786,2017-07-20T09:50:00,52.6
18787,2017-07-20T10:10:00,52.2
18788,2017-07-20T10:30:00,53.8
18789,2017-07-20T10:50:00,55.1
18790,2017-07-20T11:10:00,54.6
18791,2017-07-20T11:30:00,59
18792,2017-07-20T11:50:00,60.4
18793,2017-07-20T12:10:00,60.8
18794,2017-07-20T12:30:00,63.3
18795,2017-07-20T12:50:00,63.1
18796,2017-07-20T13:10:00,63.9
18797,2017-07-20T13:30:00,61.7
18798,2017-07-20T13:50:00,60.8
18799,2017-07-20T14:10:00,62.3
18800,2017-07-20T14:30:00,63.1
18801,2017-07-20T14:50:00,63.1
18802,2017-07-20T15:10:00,64.7
18803,2017-07-20T15:30:00,62.8
18804,2017-07-20T15:55:00,64.9
18805,2017-07-20T16:15:00,64.5
18806,2017-07-20T16:35:00,68.2
18807,2017-07-20T16:55:00,72.6
18808,2017-07-20T17:15:00,73
18809,2017-07-20T17:35:00,73.7
18810,2017-07-20T17:55:00,74.9
18811,2017-07-20T18:15:00,76.2
18812,2017-07-20T18:35:00,76.4
18813,2017-07-20T18:55:00,77.3
18814,2017-07-20T19:15:00,77.5
18815,2017-07-20T19:35:00,77.5
18816,2017-07-20T19:55:00,78.1
18817,2017-07-20T20:15:00,77.6
18818,2017-07-20T20:35:00,78.1
18819,2017-07-20T20:55:00,78.1
18820,2017-07-20T21:15:00,77.6
18821,2017-07-20T21:35:00,77
18822,2017-07-20T21:55:00,76.2
18823,2017-07-20T22:15:00,75.9
18824,2017-07-20T22:35:00,77
18825,2017-07-20T22:55:00,77.1
18826,2017-07-20T23:15:00,77
18827,2017-07-20T23:35:00,77.1
18828,2017-07-20T23:55:00,77.5
18829,2017-07-21T00:15:00,77.3
18830,2017-07-21T00:35:00,77
18831,2017-07-21T00:55:00,77.6
18832,2017-07-21T01:15:00,77.8
18833,2017-07-21T01:35:00,78.7
18834,2017-07-21T01:55:00,78.9
18835,2017-07-21T02:15:00,78.9
18836,2017-07-21T02:35:00,79.5
18837,2017-07-21T02:55:00,79.4
18838,2017-07-21T03:20:00,79.7
18839,2017-07-21T03:40:00,79.4
18840,2017-07-21T04:00:00,79.8
18841,2017-07-21T04:20:00,80
18842,2017-07-21T04:40:00,80.1
18843,2017-07-21T05:00:00,80
18844,2017-07-21T05:20:00,80
18845,2017-07-21T05:40:00,78.3
18846,2017-07-21T06:00:00,75.6
18847,2017-07-21T06:20:00,74
18848,2017-07-21T06:40:00,69.9
18849,2017-07-21T07:00:00,67.7
18850,2017-07-21T07:20:00,68.9
18851,2017-07-21T07:40:00,67.5
18852,2017-07-21T08:00:00,67.4
18853,2017-07-21T08:20:00,65.5
18854,2017-07-21T08:40:00,68.5
18855,2017-07-21T09:00:00,67.2
18856,2017-07-21T09:20:00,65
18857,2017-07-21T09:40:00,60.3
18858,2017-07-21T10:00:00,56.5
18859,2017-07-21T10:20:00,57.4
18860,2017-07-21T10:40:00,57.6
18861,2017-07-21T11:00:00,56.3
18862,2017-07-21T11:20:00,58.1
18863,2017-07-21T11:40:00,57.1
18864,2017-07-21T12:00:00,51.8
18865,2017-07-21T12:20:00,50.2
18866,2017-07-21T12:40:00,48.8
18867,2017-07-21T13:00:00,49.4
18868,2017-07-21T13:20:00,50.3
18869,2017-07-21T13:40:00,57.1
18870,2017-07-21T14:00:00,60.1
18871,2017-07-21T14:20:00,60.6
18872,2017-07-21T14:45:00,59
18873,2017-07-21T15:05:00,59
18874,2017-07-21T15:25:00,58.1
18875,2017-07-21T15:45:00,60.3
18876,2017-07-21T16:05:00,60.6
18877,2017-07-21T16:25:00,60.1
18878,2017-07-21T16:45:00,59.5
18879,2017-07-21T17:05:00,59.8
18880,2017-07-21T17:25:00,59.5
18881,2017-07-21T17:45:00,60.6
18882,2017-07-21T18:05:00,60.1
18883,2017-07-21T18:25:00,62.2
18884,2017-07-21T18:45:00,63.3
18885,2017-07-21T19:05:00,64.1
18886,2017-07-21T19:25:00,64.7
18887,2017-07-21T19:45:00,65.2
18888,2017-07-21T20:05:00,66.6
18889,2017-07-21T20:25:00,66.9
18890,2017-07-21T20:45:00,67.8
18891,2017-07-21T21:05:00,68.9
18892,2017-07-21T21:25:00,69.1
18893,2017-07-21T21:45:00,72.3
18894,2017-07-21T22:05:00,73.4
18895,2017-07-21T22:25:00,73.8
18896,2017-07-21T22:45:00,74.6
18897,2017-07-21T23:05:00,74.6
18898,2017-07-21T23:25:00,74.8
18899,2017-07-21T23:45:00,74.9
18900,2017-07-22T00:05:00,75.3
18901,2017-07-22T00:25:00,75.4
18902,2017-07-22T00:45:00,74.9
18903,2017-07-22T01:05:00,75.7
18904,2017-07-22T01:25:00,75.9
18905,2017-07-22T01:50:00,76.4
18906,2017-07-22T02:10:00,75.4
18907,2017-07-22T02:30:00,75.3
18908,2017-07-22T02:50:00,74.8
18909,2017-07-22T03:10:00,74.9
18910,2017-07-22T03:30:00,74.5
18911,2017-07-22T03:50:00,74.8
18912,2017-07-22T04:10:00,74.6
18913,2017-07-22T04:30:00,74.9
18914,2017-07-22T04:50:00,74.2
18915,2017-07-22T05:10:00,72.9
18916,2017-07-22T05:30:00,72.4
18917,2017-07-22T05:50:00,72.4
18918,2017-07-22T06:10:00,72.3
18919,2017-07-22T06:30:00,72.3
18920,2017-07-22T06:50:00,71.3
18921,2017-07-22T07:10:00,70.7
18922,2017-07-22T07:30:00,68.9
18923,2017-07-22T07:50:00,68.8
18924,2017-07-22T08:10:00,69.1
18925,2017-07-22T08:30:00,68.9
18926,2017-07-22T08:50:00,68.8
18927,2017-07-22T09:10:00,69.1
18928,2017-07-22T09:30:00,63.7
18929,2017-07-22T09:50:00,59.2
18930,2017-07-22T10:10:00,58.4
18931,2017-07-22T10:30:00,60.9
18932,2017-07-22T10:50:00,61.9
18933,2017-07-22T11:10:00,56.3
18934,2017-07-22T11:30:00,56.8
18935,2017-07-22T11:50:00,56.3
18936,2017-07-22T12:10:00,57.6
18937,2017-07-22T12:30:00,56.3
18938,2017-07-22T12:50:00,57.9
18939,2017-07-22T13:15:00,56.7
18940,2017-07-22T13:35:00,57.1
18941,2017-07-22T13:55:00,60.9
18942,2017-07-22T14:15:00,62
18943,2017-07-22T14:35:00,63
18944,2017-07-22T14:55:00,64.9
18945,2017-07-22T15:15:00,66.1
18946,2017-07-22T15:35:00,71.2
18947,2017-07-22T15:55:00,73.2
18948,2017-07-22T16:15:00,70.7
18949,2017-07-22T16:35:00,69.7
18950,2017-07-22T16:55:00,68.8
18951,2017-07-22T17:15:00,68
18952,2017-07-22T17:35:00,66.4
18953,2017-07-22T17:55:00,63.9
18954,2017-07-22T18:15:00,66.7
18955,2017-07-22T18:35:00,68.3
18956,2017-07-22T18:55:00,67.7
18957,2017-07-22T19:15:00,67.8
18958,2017-07-22T19:35:00,67.7
18959,2017-07-22T19:55:00,67.2
18960,2017-07-22T20:15:00,67.1
18961,2017-07-22T20:35:00,67.2
18962,2017-07-22T20:55:00,65.3
18963,2017-07-22T21:15:00,64.4
18964,2017-07-22T21:35:00,63.4
18965,2017-07-22T21:55:00,64.4
18966,2017-07-22T22:15:00,64.1
18967,2017-07-22T22:35:00,63.1
18968,2017-07-22T22:55:00,64.4
18969,2017-07-22T23:15:00,64.1
18970,2017-07-22T23:35:00,63.7
18971,2017-07-22T23:55:00,63.6
18972,2017-07-23T00:15:00,62.2
18973,2017-07-23T00:40:00,61.9
18974,2017-07-23T01:00:00,63
18975,2017-07-23T01:20:00,63.1
18976,2017-07-23T01:40:00,64.4
18977,2017-07-23T02:00:00,65.2
18978,2017-07-23T02:20:00,67.1
18979,2017-07-23T02:40:00,67.2
18980,2017-07-23T03:00:00,68.5
18981,2017-07-23T03:20:00,68.6
18982,2017-07-23T03:40:00,69.4
18983,2017-07-23T04:00:00,68.8
18984,2017-07-23T04:20:00,70.8
18985,2017-07-23T04:40:00,73
18986,2017-07-23T05:00:00,72.6
18987,2017-07-23T05:20:00,70.2
18988,2017-07-23T05:40:00,74
18989,2017-07-23T06:00:00,76.2
18990,2017-07-23T06:20:00,76.7
18991,2017-07-23T06:40:00,77.1
18992,2017-07-23T07:00:00,75.6
18993,2017-07-23T07:20:00,74.3
18994,2017-07-23T07:40:00,73.4
18995,2017-07-23T08:00:00,72.4
18996,2017-07-23T08:20:00,72.3
18997,2017-07-23T08:40:00,73.4
18998,2017-07-23T09:00:00,72.1
18999,2017-07-23T09:20:00,73.5
19000,2017-07-23T09:40:00,72.6
19001,2017-07-23T10:00:00,73.4
19002,2017-07-23T10:20:00,73.4
19003,2017-07-23T10:40:00,72.4
19004,2017-07-23T11:00:00,72.9
19005,2017-07-23T11:20:00,77.6
19006,2017-07-23T11:40:00,76.7
19007,2017-07-23T12:05:00,76
19008,2017-07-23T12:25:00,78.3
19009,2017-07-23T12:45:00,78.1
19010,2017-07-23T13:05:00,78.7
19011,2017-07-23T13:25:00,78.9
19012,2017-07-23T13:45:00,79
19013,2017-07-23T14:05:00,78.9
19014,2017-07-23T14:25:00,79
19015,2017-07-23T14:45:00,79
19016,2017-07-23T15:05:00,79.4
19017,2017-07-23T15:25:00,80.1
19018,2017-07-23T15:45:00,80.1
19019,2017-07-23T16:05:00,80.5
19020,2017-07-23T16:25:00,80.6
19021,2017-07-23T16:45:00,80.3
19022,2017-07-23T17:05:00,80.5
19023,2017-07-23T17:25:00,80
19024,2017-07-23T17:45:00,77.1
19025,2017-07-23T18:05:00,75.4
19026,2017-07-23T18:25:00,76
19027,2017-07-23T18:45:00,76.7
19028,2017-07-23T19:05:00,77.3
19029,2017-07-23T19:25:00,77.6
19030,2017-07-23T19:45:00,78.1
19031,2017-07-23T20:05:00,77.9
19032,2017-07-23T20:25:00,78.1
19033,2017-07-23T20:45:00,78.7
19034,2017-07-23T21:05:00,78.7
19035,2017-07-23T21:25:00,79
19036,2017-07-23T21:45:00,79
19037,2017-07-23T22:05:00,78.9
19038,2017-07-23T22:25:00,79.2
19039,2017-07-23T22:45:00,79
19040,2017-07-23T23:10:00,78.6
19041,2017-07-23T23:30:00,78.6
19042,2017-07-23T23:50:00,78.6
19043,2017-07-24T00:10:00,78.7
19044,2017-07-24T00:30:00,78.9
19045,2017-07-24T00:50:00,79
19046,2017-07-24T01:10:00,78.9
19047,2017-07-24T01:30:00,78.4
19048,2017-07-24T01:50:00,78.4
19049,2017-07-24T02:10:00,78.6
19050,2017-07-24T02:30:00,78.4
19051,2017-07-24T02:50:00,78.7
19052,2017-07-24T03:10:00,78.7
19053,2017-07-24T03:30:00,78.3
19054,2017-07-24T03:50:00,77.8
19055,2017-07-24T04:10:00,77.8
19056,2017-07-24T05:10:00,77
19057,2017-07-24T05:30:00,70.2
19058,2017-07-24T05:50:00,70.5
19059,2017-07-24T06:10:00,67.5
19060,2017-07-24T06:30:00,69.7
19061,2017-07-24T06:50:00,68.5
19062,2017-07-24T07:10:00,65
19063,2017-07-24T07:30:00,63
19064,2017-07-24T07:50:00,59.8
19065,2017-07-24T08:10:00,58.4
19066,2017-07-24T08:30:00,52.4
19067,2017-07-24T08:50:00,52.1
19068,2017-07-24T09:10:00,47.2
19069,2017-07-24T09:30:00,52.1
19070,2017-07-24T09:50:00,50.2
19071,2017-07-24T10:10:00,55.9
19072,2017-07-24T10:35:00,58.9
19073,2017-07-24T10:55:00,54.4
19074,2017-07-24T11:15:00,56.8
19075,2017-07-24T11:35:00,58.1
19076,2017-07-24T11:55:00,60.9
19077,2017-07-24T12:15:00,57.4
19078,2017-07-24T12:35:00,61.1
19079,2017-07-24T12:55:00,59.8
19080,2017-07-24T13:15:00,59.3
19081,2017-07-24T13:35:00,59.5
19082,2017-07-24T13:55:00,60.9
19083,2017-07-24T14:15:00,62
19084,2017-07-24T14:35:00,61.1
19085,2017-07-24T14:55:00,60.3
19086,2017-07-24T15:15:00,60.9
19087,2017-07-24T15:35:00,63.4
19088,2017-07-24T15:55:00,62.6
19089,2017-07-24T16:15:00,66
19090,2017-07-24T16:35:00,66.6
19091,2017-07-24T16:55:00,67.8
19092,2017-07-24T17:15:00,68
19093,2017-07-24T17:35:00,68
19094,2017-07-24T17:55:00,68.3
19095,2017-07-24T18:15:00,68.5
19096,2017-07-24T18:35:00,68.6
19097,2017-07-24T18:55:00,69.6
19098,2017-07-24T19:15:00,70.1
19099,2017-07-24T19:35:00,70.2
19100,2017-07-24T19:55:00,69.9
19101,2017-07-24T20:15:00,70.4
19102,2017-07-24T20:35:00,70.7
19103,2017-07-24T20:55:00,71
19104,2017-07-24T21:15:00,71.2
19105,2017-07-24T21:35:00,71.6
19106,2017-07-24T22:00:00,72.7
19107,2017-07-24T22:20:00,71.2
19108,2017-07-24T22:40:00,71.2
19109,2017-07-24T23:00:00,69.1
19110,2017-07-24T23:20:00,69.4
19111,2017-07-24T23:40:00,69.6
19112,2017-07-25T00:00:00,70.1
19113,2017-07-25T00:20:00,70.2
19114,2017-07-25T00:40:00,69.7
19115,2017-07-25T01:00:00,70.2
19116,2017-07-25T01:20:00,69.3
19117,2017-07-25T01:40:00,66.1
19118,2017-07-25T02:00:00,67.2
19119,2017-07-25T02:20:00,66.4
19120,2017-07-25T02:40:00,65.6
19121,2017-07-25T03:00:00,65.5
19122,2017-07-25T03:20:00,67.2
19123,2017-07-25T03:40:00,68.5
19124,2017-07-25T04:00:00,68.8
19125,2017-07-25T04:20:00,69.1
19126,2017-07-25T04:40:00,69.4
19127,2017-07-25T05:00:00,68.3
19128,2017-07-25T05:20:00,65.8
19129,2017-07-25T05:40:00,62.3
19130,2017-07-25T06:00:00,61.2
19131,2017-07-25T06:20:00,57
19132,2017-07-25T06:40:00,55.5
19133,2017-07-25T07:00:00,52.4
19134,2017-07-25T07:20:00,49.7
19135,2017-07-25T07:40:00,48.5
19136,2017-07-25T08:00:00,47
19137,2017-07-25T08:20:00,45.9
19138,2017-07-25T08:40:00,46.6
19139,2017-07-25T09:00:00,46.4
19140,2017-07-25T09:25:00,46.4
19141,2017-07-25T09:45:00,45.6
19142,2017-07-25T10:05:00,48
19143,2017-07-25T10:25:00,49.2
19144,2017-07-25T10:45:00,47.8
19145,2017-07-25T11:05:00,49.6
19146,2017-07-25T11:25:00,49.4
19147,2017-07-25T11:45:00,51.1
19148,2017-07-25T12:05:00,52.2
19149,2017-07-25T12:25:00,52.4
19150,2017-07-25T12:45:00,53
19151,2017-07-25T13:05:00,54.4
19152,2017-07-25T13:25:00,53.2
19153,2017-07-25T13:45:00,53
19154,2017-07-25T14:05:00,53.2
19155,2017-07-25T14:25:00,50.5
19156,2017-07-25T14:45:00,50.5
19157,2017-07-25T15:05:00,50.5
19158,2017-07-25T15:25:00,51.8
19159,2017-07-25T15:45:00,52.7
19160,2017-07-25T16:05:00,53.8
19161,2017-07-25T16:25:00,54.6
19162,2017-07-25T16:45:00,54.6
19163,2017-07-25T17:05:00,55.1
19164,2017-07-25T17:25:00,55.5
19165,2017-07-25T17:45:00,56.8
19166,2017-07-25T18:05:00,58.1
19167,2017-07-25T18:25:00,58.7
19168,2017-07-25T18:45:00,59.5
19169,2017-07-25T19:05:00,59.6
19170,2017-07-25T19:25:00,59.6
19171,2017-07-25T19:45:00,60.4
19172,2017-07-25T20:05:00,60.4
19173,2017-07-25T20:25:00,61.9
19174,2017-07-25T20:50:00,62.2
19175,2017-07-25T21:10:00,62.8
19176,2017-07-25T21:30:00,61.9
19177,2017-07-25T21:50:00,62.2
19178,2017-07-25T22:10:00,61.9
19179,2017-07-25T22:30:00,61.9
19180,2017-07-25T22:50:00,63.6
19181,2017-07-25T23:10:00,63.9
19182,2017-07-25T23:30:00,65.8
19183,2017-07-25T23:50:00,66.1
19184,2017-07-26T00:10:00,66.4
19185,2017-07-26T00:30:00,66.1
19186,2017-07-26T00:50:00,67.1
19187,2017-07-26T01:10:00,66.7
19188,2017-07-26T01:30:00,66.9
19189,2017-07-26T01:50:00,66.9
19190,2017-07-26T02:10:00,67.7
19191,2017-07-26T02:30:00,67.7
19192,2017-07-26T02:50:00,67.5
19193,2017-07-26T03:10:00,66.9
19194,2017-07-26T03:30:00,67.7
19195,2017-07-26T03:50:00,68.2
19196,2017-07-26T04:10:00,68
19197,2017-07-26T04:30:00,67.1
19198,2017-07-26T04:50:00,66.7
19199,2017-07-26T05:10:00,64.2
19200,2017-07-26T05:30:00,63.7
19201,2017-07-26T05:50:00,62
19202,2017-07-26T06:10:00,59.6
19203,2017-07-26T06:30:00,56.5
19204,2017-07-26T06:50:00,55.1
19205,2017-07-26T07:10:00,54
19206,2017-07-26T07:30:00,52.4
19207,2017-07-26T07:55:00,49.4
19208,2017-07-26T08:15:00,44.8
19209,2017-07-26T08:35:00,40.6
19210,2017-07-26T08:55:00,37.1
19211,2017-07-26T09:15:00,34.6
19212,2017-07-26T09:35:00,36.8
19213,2017-07-26T09:55:00,36.2
19214,2017-07-26T10:15:00,38.4
19215,2017-07-26T10:35:00,36.9
19216,2017-07-26T10:55:00,37.3
19217,2017-07-26T11:15:00,39.3
19218,2017-07-26T11:35:00,40.1
19219,2017-07-26T11:55:00,41
19220,2017-07-26T12:15:00,39.2
19221,2017-07-26T12:35:00,42.9
19222,2017-07-26T12:55:00,42.5
19223,2017-07-26T13:15:00,42.8
19224,2017-07-26T13:35:00,45.3
19225,2017-07-26T13:55:00,43.4
19226,2017-07-26T14:15:00,46.7
19227,2017-07-26T14:35:00,51.1
19228,2017-07-26T14:55:00,49.4
19229,2017-07-26T15:15:00,51.4
19230,2017-07-26T15:35:00,51.9
19231,2017-07-26T15:55:00,50.3
19232,2017-07-26T16:15:00,54.1
19233,2017-07-26T16:35:00,53.7
19234,2017-07-26T16:55:00,53.3
19235,2017-07-26T17:15:00,53.2
19236,2017-07-26T17:35:00,52.4
19237,2017-07-26T17:55:00,55.5
19238,2017-07-26T18:15:00,53.7
19239,2017-07-26T18:35:00,55.5
19240,2017-07-26T18:55:00,55.9
19241,2017-07-26T19:20:00,54.8
19242,2017-07-26T19:40:00,55.5
19243,2017-07-26T20:00:00,56.5
19244,2017-07-26T20:20:00,57
19245,2017-07-26T20:40:00,56.3
19246,2017-07-26T21:00:00,56.8
19247,2017-07-26T21:20:00,56.2
19248,2017-07-26T21:40:00,55.7
19249,2017-07-26T22:00:00,56.8
19250,2017-07-26T22:20:00,55.5
19251,2017-07-26T22:40:00,54.8
19252,2017-07-26T23:00:00,55.2
19253,2017-07-26T23:20:00,57.1
19254,2017-07-26T23:40:00,58.5
19255,2017-07-27T00:00:00,61.1
19256,2017-07-27T00:20:00,62.8
19257,2017-07-27T00:40:00,64.5
19258,2017-07-27T01:00:00,64.9
19259,2017-07-27T01:20:00,65.3
19260,2017-07-27T01:40:00,66
19261,2017-07-27T02:00:00,66.6
19262,2017-07-27T02:20:00,66
19263,2017-07-27T02:40:00,67.1
19264,2017-07-27T03:00:00,66.4
19265,2017-07-27T03:20:00,63.6
19266,2017-07-27T03:40:00,60.9
19267,2017-07-27T04:00:00,61.7
19268,2017-07-27T04:20:00,60.9
19269,2017-07-27T04:40:00,60.8
19270,2017-07-27T05:00:00,60.6
19271,2017-07-27T05:20:00,66
19272,2017-07-27T05:40:00,65
19273,2017-07-27T06:00:00,63.7
19274,2017-07-27T06:20:00,61.7
19275,2017-07-27T06:45:00,60.3
19276,2017-07-27T07:05:00,61.1
19277,2017-07-27T07:25:00,64.1
19278,2017-07-27T07:45:00,63.1
19279,2017-07-27T08:05:00,63.9
19280,2017-07-27T08:25:00,64.9
19281,2017-07-27T08:45:00,65.5
19282,2017-07-27T09:05:00,67.2
19283,2017-07-27T09:25:00,67.4
19284,2017-07-27T09:45:00,69.7
19285,2017-07-27T10:05:00,76
19286,2017-07-27T10:25:00,76.4
19287,2017-07-27T10:45:00,77.6
19288,2017-07-27T11:05:00,75.7
19289,2017-07-27T11:25:00,71.5
19290,2017-07-27T11:45:00,62.3
19291,2017-07-27T12:05:00,64.9
19292,2017-07-27T12:25:00,62.8
19293,2017-07-27T12:45:00,57.4
19294,2017-07-27T13:05:00,58.4
19295,2017-07-27T13:25:00,51.3
19296,2017-07-27T13:45:00,47.5
19297,2017-07-27T14:05:00,46.1
19298,2017-07-27T14:25:00,45.3
19299,2017-07-27T14:45:00,45.5
19300,2017-07-27T15:05:00,45
19301,2017-07-27T15:25:00,45.5
19302,2017-07-27T15:45:00,44.8
19303,2017-07-27T16:05:00,47.3
19304,2017-07-27T16:25:00,49.4
19305,2017-07-27T16:45:00,50.5
19306,2017-07-27T17:05:00,51.1
19307,2017-07-27T17:25:00,53.2
19308,2017-07-27T17:45:00,52.9
19309,2017-07-27T18:10:00,55.2
19310,2017-07-27T18:30:00,55.5
19311,2017-07-27T18:50:00,57.1
19312,2017-07-27T19:10:00,57.8
19313,2017-07-27T19:30:00,58.2
19314,2017-07-27T19:50:00,59.8
19315,2017-07-27T20:10:00,60.3
19316,2017-07-27T20:30:00,61.5
19317,2017-07-27T20:50:00,62.3
19318,2017-07-27T21:10:00,62.6
19319,2017-07-27T21:30:00,62.6
19320,2017-07-27T21:50:00,62.3
19321,2017-07-27T22:10:00,63.3
19322,2017-07-27T22:30:00,63.7
19323,2017-07-27T22:50:00,64.7
19324,2017-07-27T23:10:00,65.8
19325,2017-07-27T23:30:00,66.6
19326,2017-07-27T23:50:00,67.4
19327,2017-07-28T00:10:00,68.5
19328,2017-07-28T00:30:00,68.9
19329,2017-07-28T00:50:00,68.9
19330,2017-07-28T01:10:00,68.8
19331,2017-07-28T01:30:00,69.4
19332,2017-07-28T01:50:00,68.8
19333,2017-07-28T02:10:00,69.7
19334,2017-07-28T02:30:00,69.6
19335,2017-07-28T02:50:00,70.1
19336,2017-07-28T03:10:00,69.4
19337,2017-07-28T03:30:00,68.5
19338,2017-07-28T03:50:00,68.6
19339,2017-07-28T04:10:00,67.4
19340,2017-07-28T04:30:00,66.1
19341,2017-07-28T04:50:00,55.9
19342,2017-07-28T05:10:00,51.8
19343,2017-07-28T05:35:00,50.8
19344,2017-07-28T05:55:00,48.8
19345,2017-07-28T06:15:00,47.8
19346,2017-07-28T06:35:00,54.3
19347,2017-07-28T06:55:00,46.6
19348,2017-07-28T07:15:00,45.3
19349,2017-07-28T07:35:00,46.4
19350,2017-07-28T07:55:00,42.1
19351,2017-07-28T08:15:00,46.1
19352,2017-07-28T08:35:00,43.6
19353,2017-07-28T08:55:00,44.8
19354,2017-07-28T09:15:00,49.7
19355,2017-07-28T09:35:00,61.1
19356,2017-07-28T09:55:00,57.3
19357,2017-07-28T10:15:00,52.6
19358,2017-07-28T10:35:00,44.7
19359,2017-07-28T10:55:00,47.3
19360,2017-07-28T11:15:00,45.6
19361,2017-07-28T11:35:00,44.7
19362,2017-07-28T11:55:00,50.7
19363,2017-07-28T12:15:00,48.8
19364,2017-07-28T12:35:00,50.8
19365,2017-07-28T12:55:00,57.3
19366,2017-07-28T13:15:00,51.9
19367,2017-07-28T13:35:00,48.5
19368,2017-07-28T13:55:00,43.1
19369,2017-07-28T14:15:00,40.9
19370,2017-07-28T14:35:00,43.1
19371,2017-07-28T14:55:00,48.3
19372,2017-07-28T15:15:00,46.1
19373,2017-07-28T15:35:00,47.8
19374,2017-07-28T15:55:00,47
19375,2017-07-28T16:15:00,46.4
19376,2017-07-28T16:40:00,50.2
19377,2017-07-28T17:00:00,51.1
19378,2017-07-28T17:20:00,50
19379,2017-07-28T17:40:00,52.9
19380,2017-07-28T18:00:00,64.7
19381,2017-07-28T18:20:00,61.9
19382,2017-07-28T18:40:00,62.3
19383,2017-07-28T19:00:00,62.6
19384,2017-07-28T19:20:00,62.3
19385,2017-07-28T19:40:00,63
19386,2017-07-28T20:00:00,62.2
19387,2017-07-28T21:00:00,63.4
19388,2017-07-28T21:20:00,64.1
19389,2017-07-28T21:40:00,66.1
19390,2017-07-28T22:00:00,66.9
19391,2017-07-28T22:20:00,66.3
19392,2017-07-28T22:40:00,66.6
19393,2017-07-28T23:00:00,67.2
19394,2017-07-28T23:20:00,67.5
19395,2017-07-28T23:40:00,68.5
19396,2017-07-29T00:00:00,68.6
19397,2017-07-29T00:20:00,69.3
19398,2017-07-29T00:40:00,69.3
19399,2017-07-29T01:00:00,68.3
19400,2017-07-29T01:20:00,68.5
19401,2017-07-29T01:40:00,68.2
19402,2017-07-29T02:00:00,68.8
19403,2017-07-29T02:20:00,69.3
19404,2017-07-29T02:40:00,70.4
19405,2017-07-29T03:00:00,70.1
19406,2017-07-29T03:20:00,73.2
19407,2017-07-29T03:40:00,73.5
19408,2017-07-29T04:05:00,74.6
19409,2017-07-29T04:25:00,74.6
19410,2017-07-29T04:45:00,75.6
19411,2017-07-29T05:25:00,78.4
19412,2017-07-29T05:45:00,79
19413,2017-07-29T06:05:00,79.2
19414,2017-07-29T06:25:00,78.9
19415,2017-07-29T06:45:00,79
19416,2017-07-29T07:05:00,79.2
19417,2017-07-29T07:25:00,79.2
19418,2017-07-29T07:45:00,79.5
19419,2017-07-29T08:05:00,78.7
19420,2017-07-29T08:25:00,78.3
19421,2017-07-29T08:45:00,78.3
19422,2017-07-29T09:05:00,77.3
19423,2017-07-29T09:25:00,77.1
19424,2017-07-29T09:45:00,77.1
19425,2017-07-29T10:05:00,75.6
19426,2017-07-29T10:25:00,74.9
19427,2017-07-29T10:45:00,74.2
19428,2017-07-29T11:05:00,72.3
19429,2017-07-29T11:25:00,73.5
19430,2017-07-29T11:45:00,70.7
19431,2017-07-29T12:05:00,66.3
19432,2017-07-29T12:25:00,59.5
19433,2017-07-29T12:45:00,53.7
19434,2017-07-29T13:05:00,53
19435,2017-07-29T13:25:00,51.4
19436,2017-07-29T13:45:00,52.7
19437,2017-07-29T14:05:00,55.7
19438,2017-07-29T14:25:00,56.5
19439,2017-07-29T14:45:00,57.4
19440,2017-07-29T15:05:00,58.1
19441,2017-07-29T15:30:00,59.2
19442,2017-07-29T15:50:00,59
19443,2017-07-29T16:10:00,58.9
19444,2017-07-29T16:30:00,57.8
19445,2017-07-29T16:50:00,54.9
19446,2017-07-29T17:10:00,53.2
19447,2017-07-29T17:30:00,53.8
19448,2017-07-29T17:50:00,53.7
19449,2017-07-29T18:10:00,55.5
19450,2017-07-29T18:30:00,56.7
19451,2017-07-29T18:50:00,57.6
19452,2017-07-29T19:10:00,58.4
19453,2017-07-29T19:30:00,59.2
19454,2017-07-29T19:50:00,61.1
19455,2017-07-29T20:10:00,62.5
19456,2017-07-29T20:30:00,63.6
19457,2017-07-29T20:50:00,65.6
19458,2017-07-29T21:10:00,67.2
19459,2017-07-29T21:30:00,68
19460,2017-07-29T21:50:00,68.9
19461,2017-07-29T22:10:00,69.6
19462,2017-07-29T22:30:00,69.3
19463,2017-07-29T22:50:00,69.3
19464,2017-07-29T23:10:00,69.4
19465,2017-07-29T23:30:00,70.5
19466,2017-07-29T23:50:00,70.4
19467,2017-07-30T00:10:00,70.8
19468,2017-07-30T00:30:00,71.2
19469,2017-07-30T00:50:00,71
19470,2017-07-30T01:10:00,70.7
19471,2017-07-30T01:30:00,70.7
19472,2017-07-30T01:50:00,70.5
19473,2017-07-30T02:10:00,70.7
19474,2017-07-30T02:30:00,71.2
19475,2017-07-30T02:55:00,71.5
19476,2017-07-30T03:15:00,71.3
19477,2017-07-30T03:35:00,70.5
19478,2017-07-30T03:55:00,71.6
19479,2017-07-30T04:15:00,73.2
19480,2017-07-30T04:35:00,70.4
19481,2017-07-30T04:55:00,69.7
19482,2017-07-30T05:15:00,70.4
19483,2017-07-30T05:35:00,72.9
19484,2017-07-30T05:55:00,73.8
19485,2017-07-30T06:15:00,75.1
19486,2017-07-30T06:35:00,77
19487,2017-07-30T06:55:00,77
19488,2017-07-30T07:15:00,77.5
19489,2017-07-30T07:35:00,77.6
19490,2017-07-30T07:55:00,72.9
19491,2017-07-30T08:15:00,75.4
19492,2017-07-30T08:35:00,73.7
19493,2017-07-30T08:55:00,74.5
19494,2017-07-30T09:15:00,74.9
19495,2017-07-30T09:35:00,75.4
19496,2017-07-30T09:55:00,75.9
19497,2017-07-30T10:15:00,78.1
19498,2017-07-30T10:35:00,78.9
19499,2017-07-30T10:55:00,80.1
19500,2017-07-30T11:15:00,76.4
19501,2017-07-30T11:35:00,72.7
19502,2017-07-30T11:55:00,71.9
19503,2017-07-30T12:15:00,73
19504,2017-07-30T12:35:00,68.6
19505,2017-07-30T12:55:00,67.5
19506,2017-07-30T13:15:00,68.5
19507,2017-07-30T13:35:00,69.4
19508,2017-07-30T13:55:00,62.2
19509,2017-07-30T14:20:00,51.3
19510,2017-07-30T14:40:00,52.2
19511,2017-07-30T15:00:00,52.6
19512,2017-07-30T15:20:00,52.4
19513,2017-07-30T15:40:00,52.9
19514,2017-07-30T16:00:00,52.9
19515,2017-07-30T16:20:00,52.4
19516,2017-07-30T16:40:00,52.9
19517,2017-07-30T17:00:00,55.2
19518,2017-07-30T17:20:00,54.8
19519,2017-07-30T17:40:00,55.2
19520,2017-07-30T18:00:00,54.4
19521,2017-07-30T18:20:00,56.5
19522,2017-07-30T18:40:00,56.8
19523,2017-07-30T19:00:00,58.2
19524,2017-07-30T19:20:00,58.9
19525,2017-07-30T19:40:00,60.4
19526,2017-07-30T20:00:00,61.7
19527,2017-07-30T20:20:00,63.3
19528,2017-07-30T20:40:00,63.7
19529,2017-07-30T21:00:00,64.7
19530,2017-07-30T21:20:00,65.3
19531,2017-07-30T21:40:00,66.3
19532,2017-07-30T22:00:00,67.2
19533,2017-07-30T22:20:00,68
19534,2017-07-30T22:40:00,68.2
19535,2017-07-30T23:00:00,68.8
19536,2017-07-30T23:20:00,68.9
19537,2017-07-30T23:40:00,69.3
19538,2017-07-31T00:00:00,69.9
19539,2017-07-31T00:20:00,70.1
19540,2017-07-31T00:40:00,69.9
19541,2017-07-31T01:00:00,69.7
19542,2017-07-31T01:25:00,69.9
19543,2017-07-31T01:45:00,70.2
19544,2017-07-31T02:05:00,70.1
19545,2017-07-31T02:25:00,70.7
19546,2017-07-31T02:45:00,70.2
19547,2017-07-31T03:05:00,70.1
19548,2017-07-31T03:25:00,70.2
19549,2017-07-31T03:45:00,70.8
19550,2017-07-31T04:05:00,70.8
19551,2017-07-31T04:25:00,70.7
19552,2017-07-31T04:45:00,62.8
19553,2017-07-31T05:05:00,58.1
19554,2017-07-31T05:25:00,55.4
19555,2017-07-31T05:45:00,55.1
19556,2017-07-31T06:05:00,51.6
19557,2017-07-31T06:25:00,51.4
19558,2017-07-31T06:45:00,53.5
19559,2017-07-31T07:05:00,51.4
19560,2017-07-31T07:25:00,62
19561,2017-07-31T07:45:00,61.2
19562,2017-07-31T08:05:00,59.6
19563,2017-07-31T08:25:00,59.2
19564,2017-07-31T08:45:00,59.2
19565,2017-07-31T09:05:00,58.5
19566,2017-07-31T09:25:00,52.1
19567,2017-07-31T09:45:00,53.7
19568,2017-07-31T10:05:00,53.5
19569,2017-07-31T10:25:00,47.8
19570,2017-07-31T10:45:00,52.1
19571,2017-07-31T11:05:00,47.7
19572,2017-07-31T11:25:00,48.3
19573,2017-07-31T11:45:00,58.4
19574,2017-07-31T12:05:00,46.4
19575,2017-07-31T12:25:00,53.7
19576,2017-07-31T12:50:00,48.5
19577,2017-07-31T13:10:00,46.4
19578,2017-07-31T13:30:00,45.3
19579,2017-07-31T13:50:00,43.7
19580,2017-07-31T14:10:00,44.7
19581,2017-07-31T14:30:00,49.2
19582,2017-07-31T14:50:00,46.7
19583,2017-07-31T15:10:00,48.1
19584,2017-07-31T15:30:00,48.8
19585,2017-07-31T15:50:00,46.9
19586,2017-07-31T16:10:00,47.2
19587,2017-07-31T16:30:00,49.6
19588,2017-07-31T16:50:00,47.5
19589,2017-07-31T17:10:00,49.1
19590,2017-07-31T17:30:00,49.6
19591,2017-07-31T17:50:00,49.2
19592,2017-07-31T18:10:00,50
19593,2017-07-31T18:30:00,51.8
19594,2017-07-31T18:50:00,52.2
19595,2017-07-31T19:10:00,53.5
19596,2017-07-31T19:30:00,54.8
19597,2017-07-31T19:50:00,56.2
19598,2017-07-31T20:10:00,58.5
19599,2017-07-31T20:30:00,60.1
19600,2017-07-31T20:50:00,61.4
19601,2017-07-31T21:10:00,62
19602,2017-07-31T21:30:00,63.6
19603,2017-07-31T21:50:00,64.2
19604,2017-07-31T22:10:00,65.5
19605,2017-07-31T22:30:00,66.6
19606,2017-07-31T22:50:00,67.1
19607,2017-07-31T23:10:00,67.7
19608,2017-07-31T23:30:00,68.3
19609,2017-07-31T23:50:00,69.1
19610,2017-08-01T00:15:00,69.6
19611,2017-08-01T00:35:00,68.8
19612,2017-08-01T00:55:00,68.9
19613,2017-08-01T01:15:00,70.4
19614,2017-08-01T01:35:00,70.7
19615,2017-08-01T01:55:00,70.8
19616,2017-08-01T02:15:00,71.6
19617,2017-08-01T02:35:00,71.6
19618,2017-08-01T02:55:00,70.5
19619,2017-08-01T03:15:00,70.7
19620,2017-08-01T03:35:00,70.5
19621,2017-08-01T03:55:00,71.9
19622,2017-08-01T04:15:00,71
19623,2017-08-01T04:35:00,69.1
19624,2017-08-01T04:55:00,62.8
19625,2017-08-01T05:15:00,58.5
19626,2017-08-01T05:35:00,53.5
19627,2017-08-01T05:55:00,50.2
19628,2017-08-01T06:15:00,47.8
19629,2017-08-01T06:35:00,45.3
19630,2017-08-01T06:55:00,42.3
19631,2017-08-01T07:15:00,41.2
19632,2017-08-01T07:35:00,45.1
19633,2017-08-01T07:55:00,44.4
19634,2017-08-01T08:15:00,48.1
19635,2017-08-01T08:35:00,47.7
19636,2017-08-01T08:55:00,47.7
19637,2017-08-01T09:15:00,47.5
19638,2017-08-01T09:35:00,47
19639,2017-08-01T09:55:00,51.8
19640,2017-08-01T10:15:00,52.7
19641,2017-08-01T10:35:00,54.9
19642,2017-08-01T10:55:00,51.6
19643,2017-08-01T11:15:00,51.3
19644,2017-08-01T11:40:00,55.4
19645,2017-08-01T12:00:00,53.5
19646,2017-08-01T12:20:00,54.6
19647,2017-08-01T12:40:00,55.7
19648,2017-08-01T13:00:00,59.5
19649,2017-08-01T13:20:00,56.2
19650,2017-08-01T13:40:00,60.6
19651,2017-08-01T14:00:00,61.7
19652,2017-08-01T14:20:00,61.2
19653,2017-08-01T14:40:00,62.6
19654,2017-08-01T15:00:00,63
19655,2017-08-01T15:20:00,62.2
19656,2017-08-01T15:40:00,63.1
19657,2017-08-01T16:00:00,64.4
19658,2017-08-01T16:20:00,63.6
19659,2017-08-01T16:40:00,63.6
19660,2017-08-01T17:00:00,61.5
19661,2017-08-01T17:20:00,61.7
19662,2017-08-01T17:40:00,60.9
19663,2017-08-01T18:00:00,59.8
19664,2017-08-01T18:20:00,60.9
19665,2017-08-01T18:40:00,62.8
19666,2017-08-01T19:00:00,65.5
19667,2017-08-01T19:20:00,66.1
19668,2017-08-01T19:40:00,66.4
19669,2017-08-01T20:00:00,67.4
19670,2017-08-01T20:20:00,66.7
19671,2017-08-01T20:40:00,65.2
19672,2017-08-01T21:00:00,65.5
19673,2017-08-01T21:20:00,66
19674,2017-08-01T21:40:00,66.4
19675,2017-08-01T22:00:00,70.4
19676,2017-08-01T22:20:00,70.5
19677,2017-08-01T22:40:00,71.9
19678,2017-08-01T23:05:00,73.5
19679,2017-08-01T23:25:00,74.5
19680,2017-08-01T23:45:00,75.4
19681,2017-08-02T00:05:00,76
19682,2017-08-02T00:25:00,75.6
19683,2017-08-02T00:45:00,75.1
19684,2017-08-02T01:05:00,75.6
19685,2017-08-02T01:25:00,75.6
19686,2017-08-02T01:45:00,75.3
19687,2017-08-02T02:05:00,76.4
19688,2017-08-02T02:25:00,76
19689,2017-08-02T02:45:00,76
19690,2017-08-02T03:05:00,75.6
19691,2017-08-02T03:25:00,75.4
19692,2017-08-02T03:45:00,73.8
19693,2017-08-02T04:05:00,73.7
19694,2017-08-02T04:25:00,71.6
19695,2017-08-02T04:45:00,67.2
19696,2017-08-02T05:05:00,66
19697,2017-08-02T05:25:00,59.8
19698,2017-08-02T05:45:00,60
19699,2017-08-02T06:05:00,57.6
19700,2017-08-02T06:25:00,56
19701,2017-08-02T06:45:00,55.5
19702,2017-08-02T07:05:00,51.1
19703,2017-08-02T07:25:00,52.4
19704,2017-08-02T07:45:00,50.2
19705,2017-08-02T08:05:00,49.2
19706,2017-08-02T08:25:00,53.7
19707,2017-08-02T08:45:00,63.9
19708,2017-08-02T09:05:00,67.5
19709,2017-08-02T09:25:00,63
19710,2017-08-02T09:45:00,58.1
19711,2017-08-02T10:10:00,56.7
19712,2017-08-02T10:30:00,55.1
19713,2017-08-02T10:50:00,56
19714,2017-08-02T11:10:00,52.6
19715,2017-08-02T11:30:00,46.6
19716,2017-08-02T12:30:00,43.3
19717,2017-08-02T12:50:00,45.5
19718,2017-08-02T13:10:00,46.4
19719,2017-08-02T13:30:00,45.6
19720,2017-08-02T13:50:00,43.1
19721,2017-08-02T14:10:00,42.9
19722,2017-08-02T14:30:00,41.8
19723,2017-08-02T14:50:00,41.2
19724,2017-08-02T15:10:00,47
19725,2017-08-02T15:30:00,48.1
19726,2017-08-02T15:50:00,49.6
19727,2017-08-02T16:10:00,52.9
19728,2017-08-02T16:30:00,54.9
19729,2017-08-02T16:50:00,58.7
19730,2017-08-02T17:10:00,57
19731,2017-08-02T17:30:00,56
19732,2017-08-02T17:50:00,54.6
19733,2017-08-02T18:10:00,56.5
19734,2017-08-02T18:30:00,58.5
19735,2017-08-02T18:50:00,59.8
19736,2017-08-02T19:10:00,62.8
19737,2017-08-02T19:30:00,63.4
19738,2017-08-02T19:50:00,65.5
19739,2017-08-02T20:10:00,66.3
19740,2017-08-02T20:30:00,67.1
19741,2017-08-02T20:50:00,66.7
19742,2017-08-02T21:10:00,66.7
19743,2017-08-02T21:35:00,67.8
19744,2017-08-02T21:55:00,68.2
19745,2017-08-02T22:15:00,69.3
19746,2017-08-02T22:35:00,69.6
19747,2017-08-02T22:55:00,70.5
19748,2017-08-02T23:15:00,71.5
19749,2017-08-02T23:35:00,72.1
19750,2017-08-02T23:55:00,72.9
19751,2017-08-03T00:15:00,73.2
19752,2017-08-03T00:35:00,71.6
19753,2017-08-03T00:55:00,72.9
19754,2017-08-03T01:15:00,72.7
19755,2017-08-03T01:35:00,72.6
19756,2017-08-03T01:55:00,72.6
19757,2017-08-03T02:15:00,72.4
19758,2017-08-03T02:35:00,73.7
19759,2017-08-03T02:55:00,73.8
19760,2017-08-03T03:15:00,72.6
19761,2017-08-03T03:35:00,70.4
19762,2017-08-03T03:55:00,71
19763,2017-08-03T04:15:00,68.3
19764,2017-08-03T04:35:00,70.2
19765,2017-08-03T04:55:00,68.8
19766,2017-08-03T05:15:00,72.7
19767,2017-08-03T05:35:00,76.7
19768,2017-08-03T05:55:00,78.4
19769,2017-08-03T06:15:00,79
19770,2017-08-03T06:35:00,79.4
19771,2017-08-03T06:55:00,78.1
19772,2017-08-03T07:15:00,77.9
19773,2017-08-03T07:35:00,78.1
19774,2017-08-03T07:55:00,77.8
19775,2017-08-03T08:15:00,77.5
19776,2017-08-03T08:35:00,79.4
19777,2017-08-03T09:00:00,79.8
19778,2017-08-03T09:20:00,80.3
19779,2017-08-03T09:40:00,80.5
19780,2017-08-03T10:00:00,80.1
19781,2017-08-03T10:20:00,80.3
19782,2017-08-03T10:40:00,80.5
19783,2017-08-03T11:00:00,78.4
19784,2017-08-03T11:20:00,79
19785,2017-08-03T11:40:00,80.1
19786,2017-08-03T12:00:00,78.3
19787,2017-08-03T12:20:00,77.5
19788,2017-08-03T12:40:00,74.9
19789,2017-08-03T13:00:00,74
19790,2017-08-03T13:20:00,73.5
19791,2017-08-03T13:40:00,71.5
19792,2017-08-03T14:00:00,69.4
19793,2017-08-03T14:20:00,67.4
19794,2017-08-03T14:40:00,67.1
19795,2017-08-03T15:00:00,63
19796,2017-08-03T15:20:00,61.1
19797,2017-08-03T15:40:00,66.4
19798,2017-08-03T16:00:00,60.4
19799,2017-08-03T16:20:00,63.9
19800,2017-08-03T16:40:00,53.8
19801,2017-08-03T17:00:00,53.8
19802,2017-08-03T17:20:00,56
19803,2017-08-03T17:40:00,55.5
19804,2017-08-03T18:00:00,56.8
19805,2017-08-03T18:20:00,57.3
19806,2017-08-03T18:40:00,59.2
19807,2017-08-03T19:00:00,63.6
19808,2017-08-03T19:20:00,68.5
19809,2017-08-03T19:40:00,69.1
19810,2017-08-03T20:00:00,72.4
19811,2017-08-03T20:25:00,74.8
19812,2017-08-03T20:45:00,74.3
19813,2017-08-03T21:05:00,73.5
19814,2017-08-03T21:25:00,73.7
19815,2017-08-03T21:45:00,73.8
19816,2017-08-03T22:05:00,74.6
19817,2017-08-03T22:25:00,74.8
19818,2017-08-03T22:45:00,75.3
19819,2017-08-03T23:05:00,75.1
19820,2017-08-03T23:25:00,74.5
19821,2017-08-03T23:45:00,75.9
19822,2017-08-04T00:05:00,75.6
19823,2017-08-04T00:25:00,75.4
19824,2017-08-04T00:45:00,75.1
19825,2017-08-04T01:05:00,75.3
19826,2017-08-04T01:25:00,75.6
19827,2017-08-04T01:45:00,76.4
19828,2017-08-04T02:05:00,75.6
19829,2017-08-04T02:25:00,75.3
19830,2017-08-04T02:45:00,75.4
19831,2017-08-04T03:05:00,75.6
19832,2017-08-04T03:25:00,75.9
19833,2017-08-04T03:45:00,74.9
19834,2017-08-04T04:05:00,74.6
19835,2017-08-04T04:25:00,74
19836,2017-08-04T04:45:00,72.1
19837,2017-08-04T05:05:00,71.8
19838,2017-08-04T05:25:00,70.8
19839,2017-08-04T05:45:00,62.6
19840,2017-08-04T06:05:00,68
19841,2017-08-04T06:25:00,67.4
19842,2017-08-04T06:45:00,66.4
19843,2017-08-04T07:05:00,65
19844,2017-08-04T07:25:00,60.3
19845,2017-08-04T07:50:00,60.8
19846,2017-08-04T08:10:00,57.8
19847,2017-08-04T08:30:00,57
19848,2017-08-04T08:50:00,53.8
19849,2017-08-04T09:10:00,53.5
19850,2017-08-04T09:30:00,64.5
19851,2017-08-04T09:50:00,63.9
19852,2017-08-04T10:10:00,54.8
19853,2017-08-04T10:30:00,55.1
19854,2017-08-04T10:50:00,55.2
19855,2017-08-04T11:10:00,55.2
19856,2017-08-04T11:30:00,62
19857,2017-08-04T11:50:00,61.1
19858,2017-08-04T12:10:00,53
19859,2017-08-04T12:30:00,55.1
19860,2017-08-04T12:50:00,58.2
19861,2017-08-04T13:10:00,54.3
19862,2017-08-04T13:30:00,68.9
19863,2017-08-04T13:50:00,62
19864,2017-08-04T14:10:00,62
19865,2017-08-04T14:30:00,66.7
19866,2017-08-04T14:50:00,71.2
19867,2017-08-04T15:10:00,66.7
19868,2017-08-04T15:30:00,65.2
19869,2017-08-04T15:50:00,61.5
19870,2017-08-04T16:10:00,70.8
19871,2017-08-04T16:30:00,69.6
19872,2017-08-04T16:50:00,67.5
19873,2017-08-04T17:10:00,67.1
19874,2017-08-04T17:30:00,67.4
19875,2017-08-04T17:50:00,66.9
19876,2017-08-04T18:10:00,67.8
19877,2017-08-04T18:30:00,66.9
19878,2017-08-04T18:55:00,66.4
19879,2017-08-04T19:15:00,65.8
19880,2017-08-04T19:35:00,66.7
19881,2017-08-04T19:55:00,67.7
19882,2017-08-04T20:15:00,67.5
19883,2017-08-04T20:35:00,68.6
19884,2017-08-04T20:55:00,68.8
19885,2017-08-04T21:15:00,72.3
19886,2017-08-04T21:35:00,74.8
19887,2017-08-04T21:55:00,72.7
19888,2017-08-04T22:15:00,71.9
19889,2017-08-04T22:35:00,72.4
19890,2017-08-04T22:55:00,71.8
19891,2017-08-04T23:15:00,71.5
19892,2017-08-04T23:35:00,70.5
19893,2017-08-04T23:55:00,70.2
19894,2017-08-05T00:15:00,70.8
19895,2017-08-05T00:35:00,69.6
19896,2017-08-05T00:55:00,70.4
19897,2017-08-05T01:15:00,69.9
19898,2017-08-05T01:35:00,68.6
19899,2017-08-05T01:55:00,68.2
19900,2017-08-05T02:15:00,68.9
19901,2017-08-05T02:35:00,70.2
19902,2017-08-05T02:55:00,70.4
19903,2017-08-05T03:15:00,70.1
19904,2017-08-05T03:35:00,71.5
19905,2017-08-05T03:55:00,70.5
19906,2017-08-05T04:15:00,70.1
19907,2017-08-05T04:35:00,69.7
19908,2017-08-05T04:55:00,70.4
19909,2017-08-05T05:15:00,69.7
19910,2017-08-05T05:35:00,67.2
19911,2017-08-05T05:55:00,61.9
19912,2017-08-05T06:20:00,56
19913,2017-08-05T06:40:00,60.1
19914,2017-08-05T07:00:00,53
19915,2017-08-05T07:20:00,61.2
19916,2017-08-05T07:40:00,58.4
19917,2017-08-05T08:00:00,55.7
19918,2017-08-05T08:20:00,54
19919,2017-08-05T08:40:00,58.4
19920,2017-08-05T09:00:00,58.7
19921,2017-08-05T09:20:00,70.2
19922,2017-08-05T09:40:00,60
19923,2017-08-05T10:00:00,53
19924,2017-08-05T10:20:00,54.3
19925,2017-08-05T10:40:00,59
19926,2017-08-05T11:00:00,48.6
19927,2017-08-05T11:20:00,46.1
19928,2017-08-05T11:40:00,44.5
19929,2017-08-05T12:00:00,48.3
19930,2017-08-05T12:20:00,46.1
19931,2017-08-05T12:40:00,54.1
19932,2017-08-05T13:00:00,56.5
19933,2017-08-05T13:20:00,55.2
19934,2017-08-05T13:40:00,52.6
19935,2017-08-05T14:00:00,46.9
19936,2017-08-05T14:20:00,50
19937,2017-08-05T14:40:00,48.6
19938,2017-08-05T15:00:00,50.5
19939,2017-08-05T15:20:00,52.2
19940,2017-08-05T15:40:00,49.9
19941,2017-08-05T16:00:00,51.8
19942,2017-08-05T16:20:00,52.9
19943,2017-08-05T16:40:00,51.6
19944,2017-08-05T17:00:00,51.9
19945,2017-08-05T17:20:00,52.2
19946,2017-08-05T17:45:00,54.3
19947,2017-08-05T18:05:00,55.9
19948,2017-08-05T18:25:00,54.1
19949,2017-08-05T18:45:00,55.4
19950,2017-08-05T19:05:00,55.9
19951,2017-08-05T19:25:00,58.9
19952,2017-08-05T19:45:00,60.3
19953,2017-08-05T20:05:00,62
19954,2017-08-05T20:25:00,62.6
19955,2017-08-05T20:45:00,63.6
19956,2017-08-05T21:05:00,64.4
19957,2017-08-05T21:25:00,65.3
19958,2017-08-05T21:45:00,66.1
19959,2017-08-05T22:05:00,67.1
19960,2017-08-05T22:25:00,67.1
19961,2017-08-05T22:45:00,68.2
19962,2017-08-05T23:05:00,67.8
19963,2017-08-05T23:25:00,68.2
19964,2017-08-05T23:45:00,68.6
19965,2017-08-06T00:05:00,68.5
19966,2017-08-06T00:25:00,69.7
19967,2017-08-06T00:45:00,70.2
19968,2017-08-06T01:05:00,69.4
19969,2017-08-06T01:25:00,69.4
19970,2017-08-06T01:45:00,68.8
19971,2017-08-06T02:05:00,68.8
19972,2017-08-06T02:25:00,69.1
19973,2017-08-06T02:45:00,69.6
19974,2017-08-06T03:05:00,69.3
19975,2017-08-06T03:25:00,69.7
19976,2017-08-06T03:45:00,69.6
19977,2017-08-06T04:05:00,68.3
19978,2017-08-06T04:25:00,68.3
19979,2017-08-06T04:45:00,68
19980,2017-08-06T05:10:00,60.6
19981,2017-08-06T05:30:00,54
19982,2017-08-06T05:50:00,53.7
19983,2017-08-06T06:10:00,51.1
19984,2017-08-06T06:30:00,48.3
19985,2017-08-06T06:50:00,47.7
19986,2017-08-06T07:10:00,46.1
19987,2017-08-06T07:30:00,41.4
19988,2017-08-06T07:50:00,44.8
19989,2017-08-06T08:10:00,43.7
19990,2017-08-06T08:30:00,39.2
19991,2017-08-06T08:50:00,43.3
19992,2017-08-06T09:10:00,57.6
19993,2017-08-06T09:30:00,55.4
19994,2017-08-06T09:50:00,51.3
19995,2017-08-06T10:10:00,47
19996,2017-08-06T10:30:00,50.5
19997,2017-08-06T10:50:00,46.4
19998,2017-08-06T11:10:00,42
19999,2017-08-06T11:30:00,53
20000,2017-08-06T11:50:00,45.1
20001,2017-08-06T12:10:00,43.1
20002,2017-08-06T12:30:00,41.8
20003,2017-08-06T12:50:00,40.1
20004,2017-08-06T13:10:00,51.4
20005,2017-08-06T13:30:00,44.4
20006,2017-08-06T13:50:00,53.8
20007,2017-08-06T14:10:00,56.2
20008,2017-08-06T14:30:00,54.1
20009,2017-08-06T14:50:00,52.4
20010,2017-08-06T15:10:00,53.3
20011,2017-08-06T15:30:00,52.9
20012,2017-08-06T15:50:00,51
20013,2017-08-06T16:10:00,47.5
20014,2017-08-06T16:35:00,47.2
20015,2017-08-06T16:55:00,47.5
20016,2017-08-06T17:15:00,47.5
20017,2017-08-06T17:35:00,47.8
20018,2017-08-06T17:55:00,49.2
20019,2017-08-06T18:15:00,50.3
20020,2017-08-06T18:35:00,52.4
20021,2017-08-06T18:55:00,54.1
20022,2017-08-06T19:15:00,55.9
20023,2017-08-06T19:35:00,57.8
20024,2017-08-06T19:55:00,59.3
20025,2017-08-06T20:15:00,60.4
20026,2017-08-06T20:35:00,61.4
20027,2017-08-06T20:55:00,63.6
20028,2017-08-06T21:15:00,66
20029,2017-08-06T21:35:00,66.4
20030,2017-08-06T21:55:00,67.2
20031,2017-08-06T22:15:00,67.1
20032,2017-08-06T22:35:00,67.1
20033,2017-08-06T22:55:00,67.5
20034,2017-08-06T23:15:00,67.8
20035,2017-08-06T23:35:00,67.4
20036,2017-08-06T23:55:00,68.3
20037,2017-08-07T00:15:00,67.7
20038,2017-08-07T00:35:00,68.2
20039,2017-08-07T00:55:00,67.7
20040,2017-08-07T01:15:00,67.1
20041,2017-08-07T01:35:00,66.9
20042,2017-08-07T01:55:00,67.2
20043,2017-08-07T02:55:00,67.4
20044,2017-08-07T03:15:00,66.9
20045,2017-08-07T03:40:00,66.4
20046,2017-08-07T04:00:00,66
20047,2017-08-07T04:20:00,65.3
20048,2017-08-07T04:40:00,61.2
20049,2017-08-07T05:00:00,57.9
20050,2017-08-07T05:20:00,55.9
20051,2017-08-07T05:40:00,54
20052,2017-08-07T06:00:00,49.9
20053,2017-08-07T06:20:00,53
20054,2017-08-07T06:40:00,52.1
20055,2017-08-07T07:00:00,52.1
20056,2017-08-07T07:20:00,50.8
20057,2017-08-07T07:40:00,49.7
20058,2017-08-07T08:00:00,50.7
20059,2017-08-07T08:20:00,50.3
20060,2017-08-07T08:40:00,51.1
20061,2017-08-07T09:00:00,50.5
20062,2017-08-07T09:20:00,46.7
20063,2017-08-07T09:40:00,45.9
20064,2017-08-07T10:00:00,43.3
20065,2017-08-07T10:20:00,45.3
20066,2017-08-07T10:40:00,42.8
20067,2017-08-07T11:00:00,42.6
20068,2017-08-07T11:20:00,41.8
20069,2017-08-07T11:40:00,40.4
20070,2017-08-07T12:00:00,39
20071,2017-08-07T12:20:00,43.4
20072,2017-08-07T12:40:00,40.3
20073,2017-08-07T13:00:00,39.8
20074,2017-08-07T13:20:00,36.2
20075,2017-08-07T13:40:00,38.2
20076,2017-08-07T14:00:00,35.5
20077,2017-08-07T14:20:00,35.7
20078,2017-08-07T14:40:00,36.9
20079,2017-08-07T15:05:00,36.8
20080,2017-08-07T15:25:00,39.8
20081,2017-08-07T15:45:00,39.9
20082,2017-08-07T16:05:00,39.5
20083,2017-08-07T16:25:00,41.4
20084,2017-08-07T16:45:00,41.7
20085,2017-08-07T17:05:00,42.8
20086,2017-08-07T17:25:00,45.1
20087,2017-08-07T17:45:00,45.6
20088,2017-08-07T18:05:00,46.4
20089,2017-08-07T18:25:00,48
20090,2017-08-07T18:45:00,49.9
20091,2017-08-07T19:05:00,50.8
20092,2017-08-07T19:25:00,51.8
20093,2017-08-07T19:45:00,53
20094,2017-08-07T20:05:00,53.3
20095,2017-08-07T20:25:00,54
20096,2017-08-07T20:45:00,56.5
20097,2017-08-07T21:05:00,57
20098,2017-08-07T21:25:00,58.2
20099,2017-08-07T21:45:00,58.9
20100,2017-08-07T22:05:00,60.3
20101,2017-08-07T22:25:00,60.8
20102,2017-08-07T22:45:00,61.1
20103,2017-08-07T23:05:00,61.5
20104,2017-08-07T23:25:00,62
20105,2017-08-07T23:45:00,62.5
20106,2017-08-08T00:05:00,63.7
20107,2017-08-08T00:25:00,63.9
20108,2017-08-08T00:45:00,63.7
20109,2017-08-08T01:05:00,63
20110,2017-08-08T01:25:00,63.4
20111,2017-08-08T01:45:00,63.7
20112,2017-08-08T02:05:00,64.4
20113,2017-08-08T02:30:00,64.7
20114,2017-08-08T02:50:00,66
20115,2017-08-08T03:10:00,67.1
20116,2017-08-08T03:30:00,67.1
20117,2017-08-08T03:50:00,67.5
20118,2017-08-08T04:10:00,67.4
20119,2017-08-08T04:30:00,66.6
20120,2017-08-08T04:50:00,62.2
20121,2017-08-08T05:10:00,63.7
20122,2017-08-08T05:30:00,64.4
20123,2017-08-08T05:50:00,63
20124,2017-08-08T06:10:00,58.2
20125,2017-08-08T06:30:00,59.6
20126,2017-08-08T06:50:00,56.2
20127,2017-08-08T07:10:00,52.7
20128,2017-08-08T07:30:00,48.8
20129,2017-08-08T07:50:00,52.6
20130,2017-08-08T08:10:00,49.4
20131,2017-08-08T08:30:00,50.3
20132,2017-08-08T08:50:00,51
20133,2017-08-08T09:10:00,49.7
20134,2017-08-08T09:30:00,46.7
20135,2017-08-08T09:50:00,46.1
20136,2017-08-08T10:10:00,45.9
20137,2017-08-08T10:30:00,47.2
20138,2017-08-08T10:50:00,44
20139,2017-08-08T11:10:00,44.5
20140,2017-08-08T11:30:00,43.1
20141,2017-08-08T11:50:00,42.6
20142,2017-08-08T12:10:00,44.8
20143,2017-08-08T12:30:00,47.2
20144,2017-08-08T12:50:00,48.6
20145,2017-08-08T13:10:00,49.4
20146,2017-08-08T13:30:00,50
20147,2017-08-08T13:55:00,51.4
20148,2017-08-08T14:15:00,53.5
20149,2017-08-08T14:35:00,57.1
20150,2017-08-08T14:55:00,58.2
20151,2017-08-08T15:15:00,59.6
20152,2017-08-08T15:35:00,54.6
20153,2017-08-08T15:55:00,57.6
20154,2017-08-08T16:15:00,57.6
20155,2017-08-08T16:35:00,57
20156,2017-08-08T16:55:00,57.4
20157,2017-08-08T17:15:00,58.1
20158,2017-08-08T17:35:00,58.2
20159,2017-08-08T17:55:00,56.7
20160,2017-08-08T18:15:00,56
20161,2017-08-08T18:35:00,56.7
20162,2017-08-08T18:55:00,57.6
20163,2017-08-08T19:15:00,58.9
20164,2017-08-08T19:35:00,58.7
20165,2017-08-08T19:55:00,60.1
20166,2017-08-08T20:15:00,60.9
20167,2017-08-08T20:35:00,61.7
20168,2017-08-08T20:55:00,61.9
20169,2017-08-08T21:15:00,61.1
20170,2017-08-08T21:35:00,61.2
20171,2017-08-08T21:55:00,62
20172,2017-08-08T22:15:00,71.8
20173,2017-08-08T22:35:00,71.6
20174,2017-08-08T22:55:00,73
20175,2017-08-08T23:15:00,74.9
20176,2017-08-08T23:35:00,75.4
20177,2017-08-08T23:55:00,75.9
20178,2017-08-09T00:15:00,74.8
20179,2017-08-09T00:35:00,73.7
20180,2017-08-09T00:55:00,72.7
20181,2017-08-09T01:20:00,72.7
20182,2017-08-09T01:40:00,71.9
20183,2017-08-09T02:00:00,71.9
20184,2017-08-09T02:20:00,72.7
20185,2017-08-09T02:40:00,71.9
20186,2017-08-09T03:00:00,72.1
20187,2017-08-09T03:20:00,72.3
20188,2017-08-09T03:40:00,73.2
20189,2017-08-09T04:00:00,73.4
20190,2017-08-09T04:20:00,73.5
20191,2017-08-09T04:40:00,73.2
20192,2017-08-09T05:00:00,71.2
20193,2017-08-09T05:20:00,68.2
20194,2017-08-09T05:40:00,66.4
20195,2017-08-09T06:00:00,61.4
20196,2017-08-09T06:20:00,69.4
20197,2017-08-09T06:40:00,69.3
20198,2017-08-09T07:00:00,71.8
20199,2017-08-09T07:20:00,71.2
20200,2017-08-09T07:40:00,67.4
20201,2017-08-09T08:00:00,66.7
20202,2017-08-09T08:20:00,65.3
20203,2017-08-09T08:40:00,60.1
20204,2017-08-09T09:00:00,61.4
20205,2017-08-09T09:20:00,61.1
20206,2017-08-09T09:40:00,56.7
20207,2017-08-09T10:00:00,51.3
20208,2017-08-09T10:20:00,54.4
20209,2017-08-09T10:40:00,54.8
20210,2017-08-09T11:00:00,52.4
20211,2017-08-09T11:20:00,51.6
20212,2017-08-09T11:40:00,47
20213,2017-08-09T12:00:00,45.6
20214,2017-08-09T12:25:00,42.6
20215,2017-08-09T12:45:00,42.8
20216,2017-08-09T13:05:00,43.6
20217,2017-08-09T13:25:00,47
20218,2017-08-09T13:45:00,46.4
20219,2017-08-09T14:05:00,48.1
20220,2017-08-09T14:25:00,49.6
20221,2017-08-09T14:45:00,49.9
20222,2017-08-09T15:05:00,49.9
20223,2017-08-09T15:25:00,51.1
20224,2017-08-09T15:45:00,53
20225,2017-08-09T16:05:00,54.6
20226,2017-08-09T16:25:00,55.4
20227,2017-08-09T16:45:00,55.9
20228,2017-08-09T17:05:00,53
20229,2017-08-09T17:25:00,54.3
20230,2017-08-09T17:45:00,56.3
20231,2017-08-09T18:05:00,56.8
20232,2017-08-09T18:25:00,58.1
20233,2017-08-09T18:45:00,59.3
20234,2017-08-09T19:05:00,60.4
20235,2017-08-09T19:25:00,62
20236,2017-08-09T19:45:00,62.6
20237,2017-08-09T20:05:00,63.7
20238,2017-08-09T20:25:00,63.7
20239,2017-08-09T20:45:00,64.7
20240,2017-08-09T21:05:00,65.5
20241,2017-08-09T21:25:00,66.9
20242,2017-08-09T21:45:00,66.7
20243,2017-08-09T22:05:00,66.6
20244,2017-08-09T22:25:00,64.7
20245,2017-08-09T22:45:00,66.7
20246,2017-08-09T23:05:00,67.7
20247,2017-08-09T23:25:00,69.3
20248,2017-08-09T23:50:00,68.8
20249,2017-08-10T00:10:00,68.9
20250,2017-08-10T00:30:00,69.1
20251,2017-08-10T00:50:00,69.1
20252,2017-08-10T01:10:00,69.9
20253,2017-08-10T01:30:00,71
20254,2017-08-10T01:50:00,71.6
20255,2017-08-10T02:10:00,72.3
20256,2017-08-10T02:30:00,72.9
20257,2017-08-10T02:50:00,72.6
20258,2017-08-10T03:10:00,71.9
20259,2017-08-10T03:30:00,72.3
20260,2017-08-10T03:50:00,72.1
20261,2017-08-10T04:10:00,71.6
20262,2017-08-10T04:30:00,69.4
20263,2017-08-10T04:50:00,70.5
20264,2017-08-10T05:10:00,70.4
20265,2017-08-10T05:30:00,68.3
20266,2017-08-10T05:50:00,63.7
20267,2017-08-10T06:10:00,63.7
20268,2017-08-10T06:30:00,57.8
20269,2017-08-10T06:50:00,59.2
20270,2017-08-10T07:10:00,58.9
20271,2017-08-10T07:30:00,58.9
20272,2017-08-10T07:50:00,52.9
20273,2017-08-10T08:10:00,51.8
20274,2017-08-10T08:30:00,54.4
20275,2017-08-10T08:50:00,47.5
20276,2017-08-10T09:10:00,46.2
20277,2017-08-10T09:30:00,44
20278,2017-08-10T09:50:00,49.9
20279,2017-08-10T10:10:00,43.6
20280,2017-08-10T10:30:00,47.5
20281,2017-08-10T10:50:00,41.7
20282,2017-08-10T11:15:00,40.6
20283,2017-08-10T11:35:00,39.8
20284,2017-08-10T11:55:00,39.3
20285,2017-08-10T12:15:00,40.3
20286,2017-08-10T12:35:00,39.6
20287,2017-08-10T12:55:00,36.3
20288,2017-08-10T13:15:00,38.5
20289,2017-08-10T13:35:00,36.9
20290,2017-08-10T13:55:00,37.9
20291,2017-08-10T14:15:00,37.1
20292,2017-08-10T14:35:00,38.7
20293,2017-08-10T14:55:00,38.7
20294,2017-08-10T15:15:00,39.6
20295,2017-08-10T15:35:00,41.4
20296,2017-08-10T15:55:00,42.6
20297,2017-08-10T16:15:00,42.8
20298,2017-08-10T16:35:00,43.6
20299,2017-08-10T16:55:00,44.7
20300,2017-08-10T17:15:00,45.5
20301,2017-08-10T17:35:00,47.2
20302,2017-08-10T17:55:00,48
20303,2017-08-10T18:15:00,49.1
20304,2017-08-10T18:35:00,49.4
20305,2017-08-10T18:55:00,52.4
20306,2017-08-10T19:15:00,53.3
20307,2017-08-10T19:35:00,54.3
20308,2017-08-10T19:55:00,55.9
20309,2017-08-10T20:15:00,56.8
20310,2017-08-10T20:35:00,58.4
20311,2017-08-10T20:55:00,59.2
20312,2017-08-10T21:15:00,60.8
20313,2017-08-10T21:35:00,61.9
20314,2017-08-10T21:55:00,62.6
20315,2017-08-10T22:15:00,61.5
20316,2017-08-10T22:40:00,62.2
20317,2017-08-10T23:00:00,62.5
20318,2017-08-10T23:20:00,64.9
20319,2017-08-10T23:40:00,66.6
20320,2017-08-11T00:00:00,66.3
20321,2017-08-11T00:20:00,67.4
20322,2017-08-11T00:40:00,66.7
20323,2017-08-11T01:00:00,67.1
20324,2017-08-11T01:20:00,64.7
20325,2017-08-11T01:40:00,65
20326,2017-08-11T02:00:00,65.6
20327,2017-08-11T02:20:00,65.5
20328,2017-08-11T02:40:00,65
20329,2017-08-11T03:00:00,65.5
20330,2017-08-11T03:20:00,63.7
20331,2017-08-11T03:40:00,64.4
20332,2017-08-11T04:00:00,62.8
20333,2017-08-11T04:20:00,61.5
20334,2017-08-11T04:40:00,61.7
20335,2017-08-11T05:00:00,61.5
20336,2017-08-11T05:20:00,63.1
20337,2017-08-11T05:40:00,62.8
20338,2017-08-11T06:00:00,61.7
20339,2017-08-11T06:20:00,59.3
20340,2017-08-11T06:40:00,57.6
20341,2017-08-11T07:00:00,55.7
20342,2017-08-11T07:20:00,57
20343,2017-08-11T07:40:00,54.3
20344,2017-08-11T08:00:00,53.3
20345,2017-08-11T08:20:00,52.4
20346,2017-08-11T08:40:00,51
20347,2017-08-11T09:00:00,49.9
20348,2017-08-11T09:20:00,50
20349,2017-08-11T09:45:00,51.3
20350,2017-08-11T10:05:00,51.9
20351,2017-08-11T10:25:00,51
20352,2017-08-11T10:45:00,48.8
20353,2017-08-11T11:05:00,48.3
20354,2017-08-11T11:25:00,49.2
20355,2017-08-11T11:45:00,47.7
20356,2017-08-11T12:05:00,48.1
20357,2017-08-11T12:25:00,48.8
20358,2017-08-11T12:45:00,51
20359,2017-08-11T13:05:00,49.1
20360,2017-08-11T13:25:00,51.9
20361,2017-08-11T13:45:00,51
20362,2017-08-11T14:05:00,51.6
20363,2017-08-11T14:25:00,51.8
20364,2017-08-11T14:45:00,49.7
20365,2017-08-11T15:05:00,47
20366,2017-08-11T15:25:00,47.3
20367,2017-08-11T15:45:00,50.5
20368,2017-08-11T16:05:00,52.7
20369,2017-08-11T16:25:00,51.6
20370,2017-08-11T16:45:00,57
20371,2017-08-11T17:05:00,56.2
20372,2017-08-11T17:25:00,56.8
20373,2017-08-11T17:45:00,56.7
20374,2017-08-11T18:45:00,58.7
20375,2017-08-11T19:05:00,58.9
20376,2017-08-11T19:25:00,60.1
20377,2017-08-11T19:45:00,60
20378,2017-08-11T20:05:00,59.8
20379,2017-08-11T20:25:00,60.1
20380,2017-08-11T20:45:00,59
20381,2017-08-11T21:10:00,58.4
20382,2017-08-11T21:30:00,57.8
20383,2017-08-11T21:50:00,58.7
20384,2017-08-11T22:10:00,59.8
20385,2017-08-11T22:30:00,60
20386,2017-08-11T22:50:00,60.1
20387,2017-08-11T23:10:00,60.3
20388,2017-08-11T23:30:00,60.3
20389,2017-08-11T23:50:00,59.8
20390,2017-08-12T00:10:00,59.8
20391,2017-08-12T00:30:00,60.1
20392,2017-08-12T00:50:00,60.6
20393,2017-08-12T01:10:00,60.6
20394,2017-08-12T01:30:00,61.4
20395,2017-08-12T01:50:00,62.8
20396,2017-08-12T02:10:00,63.7
20397,2017-08-12T02:30:00,63.4
20398,2017-08-12T02:50:00,65.3
20399,2017-08-12T03:10:00,65.6
20400,2017-08-12T03:30:00,65.3
20401,2017-08-12T03:50:00,65.2
20402,2017-08-12T04:10:00,65.5
20403,2017-08-12T04:30:00,65.5
20404,2017-08-12T04:50:00,66
20405,2017-08-12T05:10:00,66.1
20406,2017-08-12T05:30:00,64.7
20407,2017-08-12T05:50:00,64.1
20408,2017-08-12T06:10:00,64.2
20409,2017-08-12T06:30:00,64.7
20410,2017-08-12T06:50:00,63.9
20411,2017-08-12T07:10:00,63
20412,2017-08-12T07:30:00,60
20413,2017-08-12T07:50:00,57.4
20414,2017-08-12T08:10:00,45.6
20415,2017-08-12T08:35:00,52.2
20416,2017-08-12T08:55:00,52.9
20417,2017-08-12T09:15:00,52.6
20418,2017-08-12T09:35:00,55.9
20419,2017-08-12T09:55:00,60
20420,2017-08-12T10:15:00,68.9
20421,2017-08-12T10:35:00,70.5
20422,2017-08-12T10:55:00,69.4
20423,2017-08-12T11:15:00,72.4
20424,2017-08-12T11:35:00,74.8
20425,2017-08-12T11:55:00,73.7
20426,2017-08-12T12:15:00,73.5
20427,2017-08-12T12:35:00,72.3
20428,2017-08-12T12:55:00,72.9
20429,2017-08-12T13:15:00,75.1
20430,2017-08-12T13:35:00,75.6
20431,2017-08-12T13:55:00,76.2
20432,2017-08-12T14:15:00,75.6
20433,2017-08-12T14:35:00,72.4
20434,2017-08-12T14:55:00,70.7
20435,2017-08-12T15:15:00,70.2
20436,2017-08-12T15:35:00,68.2
20437,2017-08-12T15:55:00,70.2
20438,2017-08-12T16:15:00,68.9
20439,2017-08-12T16:35:00,70.1
20440,2017-08-12T16:55:00,68
20441,2017-08-12T17:15:00,69.6
20442,2017-08-12T17:35:00,69.3
20443,2017-08-12T17:55:00,69.7
20444,2017-08-12T18:15:00,67.4
20445,2017-08-12T18:35:00,66.1
20446,2017-08-12T18:55:00,67.5
20447,2017-08-12T19:15:00,66.9
20448,2017-08-12T19:35:00,67.5
20449,2017-08-12T20:00:00,67.5
20450,2017-08-12T20:20:00,68.9
20451,2017-08-12T20:40:00,69.3
20452,2017-08-12T21:00:00,70.7
20453,2017-08-12T21:20:00,70.5
20454,2017-08-12T21:40:00,68.9
20455,2017-08-12T22:00:00,67.4
20456,2017-08-12T22:20:00,66.7
20457,2017-08-12T22:40:00,65.6
20458,2017-08-12T23:00:00,65.6
20459,2017-08-12T23:20:00,66.7
20460,2017-08-12T23:40:00,67.7
20461,2017-08-13T00:00:00,67.8
20462,2017-08-13T00:20:00,66.9
20463,2017-08-13T00:40:00,66
20464,2017-08-13T01:00:00,66
20465,2017-08-13T01:20:00,66
20466,2017-08-13T01:40:00,66
20467,2017-08-13T02:00:00,65.6
20468,2017-08-13T02:20:00,66.7
20469,2017-08-13T02:40:00,66.6
20470,2017-08-13T03:00:00,66.7
20471,2017-08-13T03:20:00,65.5
20472,2017-08-13T03:40:00,64.9
20473,2017-08-13T04:00:00,65
20474,2017-08-13T04:20:00,64.4
20475,2017-08-13T04:40:00,61.2
20476,2017-08-13T05:00:00,55.4
20477,2017-08-13T05:20:00,52.2
20478,2017-08-13T05:40:00,51.8
20479,2017-08-13T06:00:00,48.6
20480,2017-08-13T06:20:00,47.5
20481,2017-08-13T06:40:00,46.7
20482,2017-08-13T07:00:00,43.4
20483,2017-08-13T07:25:00,42.3
20484,2017-08-13T07:45:00,42.3
20485,2017-08-13T08:05:00,40.7
20486,2017-08-13T08:25:00,39.3
20487,2017-08-13T08:45:00,39
20488,2017-08-13T09:05:00,37.3
20489,2017-08-13T09:25:00,36.8
20490,2017-08-13T09:45:00,35.2
20491,2017-08-13T10:05:00,36.3
20492,2017-08-13T10:25:00,37.1
20493,2017-08-13T10:45:00,42.8
20494,2017-08-13T11:05:00,39
20495,2017-08-13T11:25:00,37.3
20496,2017-08-13T11:45:00,38.7
20497,2017-08-13T12:05:00,37.3
20498,2017-08-13T12:25:00,33.5
20499,2017-08-13T12:45:00,37.7
20500,2017-08-13T13:05:00,34.7
20501,2017-08-13T13:25:00,36.2
20502,2017-08-13T13:45:00,37.6
20503,2017-08-13T14:05:00,34.3
20504,2017-08-13T14:25:00,35.5
20505,2017-08-13T14:45:00,35.1
20506,2017-08-13T15:05:00,36
20507,2017-08-13T15:25:00,36.3
20508,2017-08-13T15:45:00,37.4
20509,2017-08-13T16:05:00,37.3
20510,2017-08-13T16:25:00,38.5
20511,2017-08-13T16:45:00,39.8
20512,2017-08-13T17:05:00,40.3
20513,2017-08-13T17:25:00,38.8
20514,2017-08-13T17:45:00,40.4
20515,2017-08-13T18:05:00,42.9
20516,2017-08-13T18:30:00,44.2
20517,2017-08-13T18:50:00,46.7
20518,2017-08-13T19:10:00,49.1
20519,2017-08-13T19:30:00,50.5
20520,2017-08-13T19:50:00,51.6
20521,2017-08-13T20:10:00,54.6
20522,2017-08-13T20:30:00,57.4
20523,2017-08-13T20:50:00,59.3
20524,2017-08-13T21:10:00,60.3
20525,2017-08-13T21:30:00,60.9
20526,2017-08-13T21:50:00,60.3
20527,2017-08-13T22:10:00,60.3
20528,2017-08-13T22:30:00,61.1
20529,2017-08-13T22:50:00,61.2
20530,2017-08-13T23:10:00,61.9
20531,2017-08-13T23:30:00,62.2
20532,2017-08-13T23:50:00,61.2
20533,2017-08-14T00:10:00,63.4
20534,2017-08-14T00:30:00,65.6
20535,2017-08-14T00:50:00,65.8
20536,2017-08-14T01:10:00,66.6
20537,2017-08-14T01:30:00,65.5
20538,2017-08-14T01:50:00,66.4
20539,2017-08-14T02:10:00,66.6
20540,2017-08-14T02:30:00,65.6
20541,2017-08-14T02:50:00,65.6
20542,2017-08-14T03:10:00,65.8
20543,2017-08-14T03:30:00,64.5
20544,2017-08-14T03:50:00,65.2
20545,2017-08-14T04:10:00,64.2
20546,2017-08-14T04:30:00,59
20547,2017-08-14T04:50:00,54.6
20548,2017-08-14T05:10:00,51.3
20549,2017-08-14T05:30:00,48.8
20550,2017-08-14T05:55:00,46.4
20551,2017-08-14T06:15:00,43.4
20552,2017-08-14T06:35:00,41.5
20553,2017-08-14T06:55:00,39.3
20554,2017-08-14T07:15:00,37.4
20555,2017-08-14T07:35:00,41.5
20556,2017-08-14T07:55:00,38.2
20557,2017-08-14T08:15:00,38
20558,2017-08-14T08:35:00,38
20559,2017-08-14T08:55:00,36.2
20560,2017-08-14T09:15:00,39.6
20561,2017-08-14T09:35:00,40.3
20562,2017-08-14T09:55:00,42.5
20563,2017-08-14T10:15:00,44.4
20564,2017-08-14T10:35:00,50.5
20565,2017-08-14T10:55:00,47
20566,2017-08-14T11:15:00,49.9
20567,2017-08-14T11:35:00,51.6
20568,2017-08-14T11:55:00,52.1
20569,2017-08-14T12:15:00,49.9
20570,2017-08-14T12:35:00,48.9
20571,2017-08-14T12:55:00,47.8
20572,2017-08-14T13:15:00,51.1
20573,2017-08-14T13:35:00,47.5
20574,2017-08-14T13:55:00,47.8
20575,2017-08-14T14:15:00,48.3
20576,2017-08-14T14:35:00,49.6
20577,2017-08-14T14:55:00,49.4
20578,2017-08-14T15:15:00,51.8
20579,2017-08-14T15:35:00,53
20580,2017-08-14T15:55:00,53.5
20581,2017-08-14T16:15:00,52.7
20582,2017-08-14T16:35:00,51.8
20583,2017-08-14T16:55:00,51.4
20584,2017-08-14T17:20:00,50
20585,2017-08-14T17:40:00,49.2
20586,2017-08-14T18:00:00,49.7
20587,2017-08-14T18:20:00,52.1
20588,2017-08-14T18:40:00,49.9
20589,2017-08-14T19:00:00,51.6
20590,2017-08-14T19:20:00,52.9
20591,2017-08-14T19:40:00,52.6
20592,2017-08-14T20:00:00,58.5
20593,2017-08-14T20:20:00,58.7
20594,2017-08-14T20:40:00,57.4
20595,2017-08-14T21:00:00,57
20596,2017-08-14T21:20:00,59.5
20597,2017-08-14T21:40:00,59.8
20598,2017-08-14T22:00:00,55.9
20599,2017-08-14T22:20:00,52.6
20600,2017-08-14T22:40:00,53.2
20601,2017-08-14T23:00:00,54.9
20602,2017-08-14T23:20:00,57.9
20603,2017-08-14T23:40:00,58.2
20604,2017-08-15T00:00:00,58.7
20605,2017-08-15T00:20:00,58.9
20606,2017-08-15T00:40:00,60.6
20607,2017-08-15T01:00:00,63.3
20608,2017-08-15T01:20:00,62.5
20609,2017-08-15T01:40:00,63.6
20610,2017-08-15T02:00:00,63.6
20611,2017-08-15T02:20:00,65.3
20612,2017-08-15T02:40:00,65.3
20613,2017-08-15T03:00:00,66.4
20614,2017-08-15T03:20:00,66.9
20615,2017-08-15T03:40:00,66.9
20616,2017-08-15T04:00:00,67.4
20617,2017-08-15T04:20:00,68.9
20618,2017-08-15T04:45:00,69.7
20619,2017-08-15T05:05:00,69.4
20620,2017-08-15T05:25:00,69.3
20621,2017-08-15T05:45:00,69.3
20622,2017-08-15T06:05:00,68.5
20623,2017-08-15T06:25:00,68.6
20624,2017-08-15T06:45:00,66.6
20625,2017-08-15T07:05:00,65.6
20626,2017-08-15T07:25:00,66.4
20627,2017-08-15T07:45:00,66.7
20628,2017-08-15T08:05:00,62
20629,2017-08-15T08:25:00,57
20630,2017-08-15T08:45:00,58.9
20631,2017-08-15T09:05:00,62.3
20632,2017-08-15T09:25:00,59.3
20633,2017-08-15T09:45:00,57.8
20634,2017-08-15T10:05:00,56.5
20635,2017-08-15T10:25:00,54.1
20636,2017-08-15T10:45:00,54.1
20637,2017-08-15T11:05:00,51
20638,2017-08-15T11:25:00,54.3
20639,2017-08-15T11:45:00,58.4
20640,2017-08-15T12:05:00,56.8
20641,2017-08-15T12:25:00,54.8
20642,2017-08-15T12:45:00,54.1
20643,2017-08-15T13:05:00,58.9
20644,2017-08-15T13:25:00,57.3
20645,2017-08-15T13:45:00,55.9
20646,2017-08-15T14:05:00,56.8
20647,2017-08-15T14:25:00,56.2
20648,2017-08-15T14:45:00,56
20649,2017-08-15T15:05:00,57.1
20650,2017-08-15T15:25:00,57.8
20651,2017-08-15T15:45:00,58.2
20652,2017-08-15T16:10:00,59
20653,2017-08-15T16:30:00,59.5
20654,2017-08-15T16:50:00,64.7
20655,2017-08-15T17:10:00,71.5
20656,2017-08-15T17:30:00,69.4
20657,2017-08-15T17:50:00,70.5
20658,2017-08-15T18:10:00,71
20659,2017-08-15T18:30:00,71.5
20660,2017-08-15T18:50:00,72.1
20661,2017-08-15T19:10:00,72.7
20662,2017-08-15T19:30:00,74.3
20663,2017-08-15T19:50:00,75.1
20664,2017-08-15T20:10:00,76.5
20665,2017-08-15T20:30:00,76.8
20666,2017-08-15T20:50:00,76.2
20667,2017-08-15T21:10:00,76.4
20668,2017-08-15T21:30:00,75.9
20669,2017-08-15T21:50:00,75.7
20670,2017-08-15T22:10:00,75.6
20671,2017-08-15T22:30:00,76.8
20672,2017-08-15T22:50:00,76.4
20673,2017-08-15T23:10:00,76.2
20674,2017-08-15T23:30:00,76.5
20675,2017-08-15T23:50:00,75.9
20676,2017-08-16T00:10:00,75.6
20677,2017-08-16T00:30:00,76
20678,2017-08-16T00:50:00,76.2
20679,2017-08-16T01:10:00,76.4
20680,2017-08-16T01:30:00,76.7
20681,2017-08-16T01:50:00,77
20682,2017-08-16T02:10:00,76.5
20683,2017-08-16T02:30:00,76.8
20684,2017-08-16T02:50:00,76.7
20685,2017-08-16T03:15:00,76.7
20686,2017-08-16T03:35:00,77
20687,2017-08-16T03:55:00,77.8
20688,2017-08-16T04:15:00,77.3
20689,2017-08-16T04:35:00,76.4
20690,2017-08-16T04:55:00,70.7
20691,2017-08-16T05:15:00,74.5
20692,2017-08-16T05:35:00,75.1
20693,2017-08-16T05:55:00,72.7
20694,2017-08-16T06:15:00,71.2
20695,2017-08-16T06:35:00,55.1
20696,2017-08-16T06:55:00,52.6
20697,2017-08-16T07:15:00,49.9
20698,2017-08-16T07:35:00,50.8
20699,2017-08-16T07:55:00,50.7
20700,2017-08-16T08:55:00,51.4
20701,2017-08-16T09:15:00,49.4
20702,2017-08-16T09:35:00,42.1
20703,2017-08-16T09:55:00,37.7
20704,2017-08-16T10:15:00,40.1
20705,2017-08-16T10:35:00,36.9
20706,2017-08-16T10:55:00,39
20707,2017-08-16T11:15:00,39
20708,2017-08-16T11:35:00,40.3
20709,2017-08-16T11:55:00,40.7
20710,2017-08-16T12:15:00,34.6
20711,2017-08-16T12:35:00,36.6
20712,2017-08-16T12:55:00,35.8
20713,2017-08-16T13:15:00,34.1
20714,2017-08-16T13:35:00,33.9
20715,2017-08-16T13:55:00,34.4
20716,2017-08-16T14:15:00,35.7
20717,2017-08-16T14:40:00,34.9
20718,2017-08-16T15:00:00,35.8
20719,2017-08-16T15:20:00,44.5
20720,2017-08-16T15:40:00,39.2
20721,2017-08-16T16:00:00,38.8
20722,2017-08-16T16:20:00,41.7
20723,2017-08-16T16:40:00,46.7
20724,2017-08-16T17:00:00,49.2
20725,2017-08-16T17:20:00,48.3
20726,2017-08-16T17:40:00,48.1
20727,2017-08-16T18:00:00,45.9
20728,2017-08-16T18:20:00,46.7
20729,2017-08-16T18:40:00,47.5
20730,2017-08-16T19:00:00,48.8
20731,2017-08-16T19:20:00,49.2
20732,2017-08-16T19:40:00,50.7
20733,2017-08-16T20:00:00,51.8
20734,2017-08-16T20:20:00,54
20735,2017-08-16T20:40:00,55.2
20736,2017-08-16T21:00:00,56.7
20737,2017-08-16T21:20:00,57.8
20738,2017-08-16T21:40:00,58.7
20739,2017-08-16T22:00:00,60
20740,2017-08-16T22:20:00,60.8
20741,2017-08-16T22:40:00,60.9
20742,2017-08-16T23:00:00,61.2
20743,2017-08-16T23:20:00,62.2
20744,2017-08-16T23:40:00,62.3
20745,2017-08-17T00:00:00,64.2
20746,2017-08-17T00:20:00,65.5
20747,2017-08-17T00:40:00,65.5
20748,2017-08-17T01:00:00,66.3
20749,2017-08-17T01:20:00,66.3
20750,2017-08-17T01:40:00,66.1
20751,2017-08-17T02:05:00,66.1
20752,2017-08-17T02:25:00,66.3
20753,2017-08-17T02:45:00,66.4
20754,2017-08-17T03:05:00,66
20755,2017-08-17T03:25:00,66.4
20756,2017-08-17T03:45:00,65.8
20757,2017-08-17T04:05:00,66.3
20758,2017-08-17T04:25:00,65
20759,2017-08-17T04:45:00,64.2
20760,2017-08-17T05:05:00,56.3
20761,2017-08-17T05:25:00,54.4
20762,2017-08-17T05:45:00,55.9
20763,2017-08-17T06:05:00,57.1
20764,2017-08-17T06:25:00,57.9
20765,2017-08-17T06:45:00,56.3
20766,2017-08-17T07:05:00,54.1
20767,2017-08-17T07:25:00,56.5
20768,2017-08-17T07:45:00,60.6
20769,2017-08-17T08:05:00,55.2
20770,2017-08-17T08:25:00,51.6
20771,2017-08-17T08:45:00,51.3
20772,2017-08-17T09:05:00,51.6
20773,2017-08-17T09:25:00,51.6
20774,2017-08-17T09:45:00,54.8
20775,2017-08-17T10:05:00,56.3
20776,2017-08-17T10:25:00,56
20777,2017-08-17T10:45:00,57.6
20778,2017-08-17T11:05:00,57.9
20779,2017-08-17T11:45:00,65.6
20780,2017-08-17T12:05:00,65.2
20781,2017-08-17T12:25:00,65.2
20782,2017-08-17T12:45:00,65.3
20783,2017-08-17T13:05:00,67.8
20784,2017-08-17T13:30:00,67.5
20785,2017-08-17T13:50:00,66.6
20786,2017-08-17T14:10:00,66.3
20787,2017-08-17T14:30:00,66.6
20788,2017-08-17T14:50:00,66.6
20789,2017-08-17T15:10:00,67.7
20790,2017-08-17T15:30:00,73.2
20791,2017-08-17T15:50:00,75.1
20792,2017-08-17T16:10:00,76.5
20793,2017-08-17T16:30:00,79.7
20794,2017-08-17T16:50:00,79.8
20795,2017-08-17T17:10:00,79.5
20796,2017-08-17T17:30:00,79.5
20797,2017-08-17T17:50:00,79.5
20798,2017-08-17T18:10:00,79.5
20799,2017-08-17T18:30:00,79.8
20800,2017-08-17T18:50:00,79.2
20801,2017-08-17T19:10:00,78.6
20802,2017-08-17T19:30:00,78.3
20803,2017-08-17T19:50:00,78.6
20804,2017-08-17T20:10:00,78.3
20805,2017-08-17T20:30:00,78.7
20806,2017-08-17T20:50:00,78.4
20807,2017-08-17T21:10:00,78.3
20808,2017-08-17T21:30:00,78.7
20809,2017-08-17T21:50:00,78.4
20810,2017-08-17T22:10:00,78.7
20811,2017-08-17T22:30:00,78.1
20812,2017-08-17T22:50:00,77.9
20813,2017-08-17T23:10:00,78.3
20814,2017-08-17T23:30:00,78.1
20815,2017-08-17T23:50:00,78.4
20816,2017-08-18T00:10:00,78.7
20817,2017-08-18T00:30:00,78.6
20818,2017-08-18T00:55:00,79
20819,2017-08-18T01:15:00,78.9
20820,2017-08-18T01:35:00,79.4
20821,2017-08-18T01:55:00,79.2
20822,2017-08-18T02:15:00,79.4
20823,2017-08-18T02:35:00,79.4
20824,2017-08-18T02:55:00,79.8
20825,2017-08-18T03:15:00,79.2
20826,2017-08-18T03:35:00,79.5
20827,2017-08-18T03:55:00,79.8
20828,2017-08-18T04:15:00,79.5
20829,2017-08-18T04:35:00,79
20830,2017-08-18T04:55:00,79.2
20831,2017-08-18T05:15:00,74.2
20832,2017-08-18T05:35:00,77.5
20833,2017-08-18T05:55:00,78.3
20834,2017-08-18T06:15:00,77.6
20835,2017-08-18T06:35:00,78.6
20836,2017-08-18T06:55:00,79
20837,2017-08-18T07:15:00,78.3
20838,2017-08-18T07:35:00,78.6
20839,2017-08-18T07:55:00,77.9
20840,2017-08-18T08:15:00,77.3
20841,2017-08-18T08:35:00,70.5
20842,2017-08-18T08:55:00,63.9
20843,2017-08-18T09:15:00,60.8
20844,2017-08-18T09:35:00,62
20845,2017-08-18T09:55:00,59
20846,2017-08-18T10:15:00,60.8
20847,2017-08-18T10:35:00,58.1
20848,2017-08-18T10:55:00,60.9
20849,2017-08-18T11:15:00,61.4
20850,2017-08-18T11:35:00,60.4
20851,2017-08-18T12:00:00,62
20852,2017-08-18T12:20:00,62
20853,2017-08-18T12:40:00,62.2
20854,2017-08-18T13:00:00,60
20855,2017-08-18T13:20:00,61.1
20856,2017-08-18T13:40:00,63.6
20857,2017-08-18T14:00:00,63.6
20858,2017-08-18T14:20:00,63.3
20859,2017-08-18T14:40:00,61.7
20860,2017-08-18T15:00:00,62.5
20861,2017-08-18T15:20:00,60.8
20862,2017-08-18T15:40:00,60.8
20863,2017-08-18T16:00:00,59.5
20864,2017-08-18T16:20:00,60.6
20865,2017-08-18T16:40:00,61.5
20866,2017-08-18T17:00:00,62.2
20867,2017-08-18T17:20:00,62.5
20868,2017-08-18T17:40:00,62.5
20869,2017-08-18T18:00:00,64.7
20870,2017-08-18T18:20:00,65.3
20871,2017-08-18T18:40:00,66.4
20872,2017-08-18T19:00:00,66
20873,2017-08-18T19:20:00,66.4
20874,2017-08-18T19:40:00,64.9
20875,2017-08-18T20:00:00,66
20876,2017-08-18T20:20:00,73
20877,2017-08-18T20:40:00,76.4
20878,2017-08-18T21:00:00,75.6
20879,2017-08-18T21:20:00,75.9
20880,2017-08-18T21:40:00,76.2
20881,2017-08-18T22:00:00,76.4
20882,2017-08-18T22:20:00,76.7
20883,2017-08-18T22:40:00,76.2
20884,2017-08-18T23:00:00,76.2
20885,2017-08-18T23:25:00,76.4
20886,2017-08-18T23:45:00,76.7
20887,2017-08-19T00:05:00,77.5
20888,2017-08-19T00:25:00,77.5
20889,2017-08-19T00:45:00,77.8
20890,2017-08-19T01:05:00,77.8
20891,2017-08-19T01:25:00,77
20892,2017-08-19T01:45:00,76.8
20893,2017-08-19T02:05:00,76.5
20894,2017-08-19T02:25:00,75.6
20895,2017-08-19T02:45:00,75.4
20896,2017-08-19T03:05:00,76
20897,2017-08-19T03:25:00,75.7
20898,2017-08-19T03:45:00,75.4
20899,2017-08-19T04:05:00,75.6
20900,2017-08-19T04:25:00,73.8
20901,2017-08-19T04:45:00,72.9
20902,2017-08-19T05:05:00,63.6
20903,2017-08-19T05:25:00,67.2
20904,2017-08-19T05:45:00,60
20905,2017-08-19T06:05:00,63.7
20906,2017-08-19T06:25:00,62.5
20907,2017-08-19T06:45:00,52.1
20908,2017-08-19T07:05:00,52.9
20909,2017-08-19T07:25:00,46.6
20910,2017-08-19T07:45:00,44.7
20911,2017-08-19T08:05:00,43.4
20912,2017-08-19T08:25:00,44.7
20913,2017-08-19T08:45:00,47
20914,2017-08-19T09:05:00,48.6
20915,2017-08-19T09:25:00,51.6
20916,2017-08-19T09:45:00,53.5
20917,2017-08-19T10:05:00,54.1
20918,2017-08-19T10:25:00,45.8
20919,2017-08-19T10:50:00,43.6
20920,2017-08-19T11:10:00,43.4
20921,2017-08-19T11:30:00,41
20922,2017-08-19T11:50:00,39.8
20923,2017-08-19T12:10:00,43.9
20924,2017-08-19T12:30:00,46.9
20925,2017-08-19T12:50:00,44.7
20926,2017-08-19T13:10:00,42.3
20927,2017-08-19T13:30:00,45.8
20928,2017-08-19T13:50:00,43.6
20929,2017-08-19T14:10:00,52.7
20930,2017-08-19T14:30:00,47.5
20931,2017-08-19T14:50:00,51.1
20932,2017-08-19T15:10:00,54.3
20933,2017-08-19T15:30:00,60.8
20934,2017-08-19T15:50:00,54.6
20935,2017-08-19T16:10:00,52.6
20936,2017-08-19T16:30:00,52.7
20937,2017-08-19T16:50:00,53.7
20938,2017-08-19T17:10:00,56.7
20939,2017-08-19T17:30:00,57
20940,2017-08-19T17:50:00,58.5
20941,2017-08-19T18:10:00,60
20942,2017-08-19T18:30:00,59.2
20943,2017-08-19T18:50:00,60.9
20944,2017-08-19T19:10:00,61.1
20945,2017-08-19T19:30:00,60.6
20946,2017-08-19T19:50:00,62
20947,2017-08-19T20:10:00,63.1
20948,2017-08-19T20:30:00,63.6
20949,2017-08-19T20:50:00,64.4
20950,2017-08-19T21:10:00,64.9
20951,2017-08-19T21:30:00,65.6
20952,2017-08-19T21:50:00,65.5
20953,2017-08-19T22:15:00,66.3
20954,2017-08-19T22:35:00,66.4
20955,2017-08-19T22:55:00,66.3
20956,2017-08-19T23:15:00,66
20957,2017-08-19T23:35:00,66
20958,2017-08-19T23:55:00,66.3
20959,2017-08-20T00:15:00,66.3
20960,2017-08-20T00:35:00,69.9
20961,2017-08-20T00:55:00,69.6
20962,2017-08-20T01:15:00,69.4
20963,2017-08-20T01:35:00,69.6
20964,2017-08-20T01:55:00,70.5
20965,2017-08-20T02:15:00,71
20966,2017-08-20T02:35:00,70.8
20967,2017-08-20T02:55:00,70.1
20968,2017-08-20T03:15:00,69.3
20969,2017-08-20T03:35:00,69.6
20970,2017-08-20T03:55:00,69.1
20971,2017-08-20T04:15:00,71.2
20972,2017-08-20T04:35:00,73.8
20973,2017-08-20T04:55:00,73
20974,2017-08-20T05:15:00,74.2
20975,2017-08-20T05:35:00,73
20976,2017-08-20T05:55:00,72.4
20977,2017-08-20T06:15:00,71.3
20978,2017-08-20T06:35:00,68.8
20979,2017-08-20T06:55:00,70.2
20980,2017-08-20T07:15:00,67.2
20981,2017-08-20T07:35:00,60.8
20982,2017-08-20T07:55:00,56.3
20983,2017-08-20T08:15:00,56.5
20984,2017-08-20T08:35:00,52.2
20985,2017-08-20T08:55:00,49.4
20986,2017-08-20T09:15:00,48.5
20987,2017-08-20T09:40:00,48.9
20988,2017-08-20T10:00:00,49.9
20989,2017-08-20T10:20:00,52.1
20990,2017-08-20T10:40:00,57
20991,2017-08-20T11:00:00,57.9
20992,2017-08-20T11:20:00,58.4
20993,2017-08-20T11:40:00,49.2
20994,2017-08-20T12:00:00,49.7
20995,2017-08-20T12:20:00,55.5
20996,2017-08-20T12:40:00,53
20997,2017-08-20T13:00:00,54.8
20998,2017-08-20T13:20:00,59.8
20999,2017-08-20T13:40:00,51.3
21000,2017-08-20T14:00:00,54
21001,2017-08-20T14:20:00,52.6
21002,2017-08-20T14:40:00,54.3
21003,2017-08-20T15:00:00,60.4
21004,2017-08-20T15:20:00,60.8
21005,2017-08-20T15:40:00,61.7
21006,2017-08-20T16:00:00,63.4
21007,2017-08-20T16:20:00,60.6
21008,2017-08-20T16:40:00,61.2
21009,2017-08-20T17:00:00,58.5
21010,2017-08-20T17:20:00,60.8
21011,2017-08-20T17:40:00,62.2
21012,2017-08-20T18:00:00,67.2
21013,2017-08-20T18:20:00,66.4
21014,2017-08-20T18:40:00,68.3
21015,2017-08-20T19:00:00,69.9
21016,2017-08-20T19:20:00,70.5
21017,2017-08-20T19:40:00,70.5
21018,2017-08-20T20:00:00,70.2
21019,2017-08-20T20:20:00,72.4
21020,2017-08-20T20:45:00,72.1
21021,2017-08-20T21:05:00,72.4
21022,2017-08-20T21:25:00,72.6
21023,2017-08-20T21:45:00,72.6
21024,2017-08-20T22:05:00,73.5
21025,2017-08-20T22:25:00,72.9
21026,2017-08-20T22:45:00,73
21027,2017-08-20T23:45:00,73
21028,2017-08-21T00:05:00,72.4
21029,2017-08-21T00:25:00,73
21030,2017-08-21T00:45:00,73.2
21031,2017-08-21T01:05:00,73.2
21032,2017-08-21T01:25:00,73
21033,2017-08-21T01:45:00,73.4
21034,2017-08-21T02:05:00,72.3
21035,2017-08-21T02:25:00,72.1
21036,2017-08-21T02:45:00,71.6
21037,2017-08-21T03:05:00,71.2
21038,2017-08-21T03:25:00,71.6
21039,2017-08-21T03:45:00,70.7
21040,2017-08-21T04:05:00,69.7
21041,2017-08-21T04:25:00,66.9
21042,2017-08-21T04:45:00,62.8
21043,2017-08-21T05:05:00,58.5
21044,2017-08-21T05:25:00,56.5
21045,2017-08-21T05:45:00,57.3
21046,2017-08-21T06:05:00,53.2
21047,2017-08-21T06:25:00,51
21048,2017-08-21T06:45:00,49.2
21049,2017-08-21T07:05:00,48.9
21050,2017-08-21T07:25:00,51.8
21051,2017-08-21T07:45:00,50.2
21052,2017-08-21T08:10:00,48.1
21053,2017-08-21T08:30:00,46.4
21054,2017-08-21T08:50:00,44.4
21055,2017-08-21T09:10:00,42.9
21056,2017-08-21T09:30:00,42.9
21057,2017-08-21T09:50:00,42.1
21058,2017-08-21T10:10:00,43.3
21059,2017-08-21T10:30:00,46.6
21060,2017-08-21T10:50:00,44.8
21061,2017-08-21T11:10:00,43.3
21062,2017-08-21T11:30:00,41.7
21063,2017-08-21T11:50:00,42.8
21064,2017-08-21T12:10:00,42.3
21065,2017-08-21T12:30:00,40.3
21066,2017-08-21T12:50:00,45.8
21067,2017-08-21T13:10:00,42.8
21068,2017-08-21T13:30:00,43.1
21069,2017-08-21T13:50:00,42.1
21070,2017-08-21T14:10:00,43.7
21071,2017-08-21T14:30:00,45.8
21072,2017-08-21T14:50:00,46.4
21073,2017-08-21T15:10:00,49.4
21074,2017-08-21T15:30:00,50.2
21075,2017-08-21T15:50:00,51.1
21076,2017-08-21T16:10:00,52.4
21077,2017-08-21T16:30:00,53.8
21078,2017-08-21T16:50:00,54.4
21079,2017-08-21T17:10:00,55.7
21080,2017-08-21T17:30:00,56.5
21081,2017-08-21T17:50:00,56.8
21082,2017-08-21T18:10:00,57.4
21083,2017-08-21T18:30:00,58.4
21084,2017-08-21T18:50:00,57.6
21085,2017-08-21T19:10:00,58.7
21086,2017-08-21T19:35:00,58.9
21087,2017-08-21T19:55:00,58.7
21088,2017-08-21T20:15:00,58.9
21089,2017-08-21T20:35:00,58.9
21090,2017-08-21T20:55:00,59.3
21091,2017-08-21T21:15:00,60.3
21092,2017-08-21T21:35:00,61.4
21093,2017-08-21T21:55:00,63.3
21094,2017-08-21T22:15:00,63.9
21095,2017-08-21T22:35:00,63.7
21096,2017-08-21T22:55:00,65.2
21097,2017-08-21T23:15:00,65.5
21098,2017-08-21T23:35:00,66
21099,2017-08-21T23:55:00,66.1
21100,2017-08-22T00:15:00,66.1
21101,2017-08-22T00:35:00,66.9
21102,2017-08-22T00:55:00,66.1
21103,2017-08-22T01:15:00,67.1
21104,2017-08-22T01:35:00,66.6
21105,2017-08-22T01:55:00,65.8
21106,2017-08-22T02:15:00,65.3
21107,2017-08-22T02:35:00,64.9
21108,2017-08-22T02:55:00,66
21109,2017-08-22T03:15:00,66.3
21110,2017-08-22T03:35:00,66.3
21111,2017-08-22T03:55:00,66.7
21112,2017-08-22T04:15:00,66.9
21113,2017-08-22T04:35:00,66
21114,2017-08-22T04:55:00,65.3
21115,2017-08-22T05:15:00,62.8
21116,2017-08-22T05:35:00,54.8
21117,2017-08-22T05:55:00,52.7
21118,2017-08-22T06:15:00,49.7
21119,2017-08-22T06:35:00,48.3
21120,2017-08-22T07:00:00,45.6
21121,2017-08-22T07:20:00,46.1
21122,2017-08-22T07:40:00,43.1
21123,2017-08-22T08:00:00,43.3
21124,2017-08-22T08:20:00,42.8
21125,2017-08-22T08:40:00,42.6
21126,2017-08-22T09:00:00,41.2
21127,2017-08-22T09:20:00,42
21128,2017-08-22T09:40:00,40.6
21129,2017-08-22T10:00:00,36.5
21130,2017-08-22T10:20:00,40.6
21131,2017-08-22T10:40:00,46.4
21132,2017-08-22T11:00:00,51.6
21133,2017-08-22T11:20:00,45.3
21134,2017-08-22T11:40:00,36
21135,2017-08-22T12:00:00,39.9
21136,2017-08-22T12:20:00,45.3
21137,2017-08-22T12:40:00,40.7
21138,2017-08-22T13:00:00,36.3
21139,2017-08-22T13:20:00,37.4
21140,2017-08-22T13:40:00,46.4
21141,2017-08-22T14:00:00,46.7
21142,2017-08-22T14:20:00,45.6
21143,2017-08-22T14:40:00,48
21144,2017-08-22T15:00:00,47.2
21145,2017-08-22T15:20:00,45.5
21146,2017-08-22T15:40:00,47.5
21147,2017-08-22T16:00:00,46.1
21148,2017-08-22T16:20:00,45.9
21149,2017-08-22T16:40:00,47.8
21150,2017-08-22T17:00:00,48.8
21151,2017-08-22T17:20:00,51.8
21152,2017-08-22T17:40:00,53.7
21153,2017-08-22T18:00:00,53.8
21154,2017-08-22T18:25:00,54
21155,2017-08-22T18:45:00,56.2
21156,2017-08-22T19:05:00,57.6
21157,2017-08-22T19:25:00,59.5
21158,2017-08-22T19:45:00,60.9
21159,2017-08-22T20:05:00,61.7
21160,2017-08-22T20:25:00,63
21161,2017-08-22T20:45:00,65
21162,2017-08-22T21:05:00,66.1
21163,2017-08-22T21:25:00,66.3
21164,2017-08-22T21:45:00,66.3
21165,2017-08-22T22:05:00,66.6
21166,2017-08-22T22:25:00,66.9
21167,2017-08-22T22:45:00,66.6
21168,2017-08-22T23:05:00,67.4
21169,2017-08-22T23:25:00,66.9
21170,2017-08-22T23:45:00,67.2
21171,2017-08-23T00:05:00,66.9
21172,2017-08-23T00:25:00,66.9
21173,2017-08-23T00:45:00,66.4
21174,2017-08-23T01:05:00,66.7
21175,2017-08-23T01:25:00,67.7
21176,2017-08-23T01:45:00,67.5
21177,2017-08-23T02:05:00,68.3
21178,2017-08-23T02:25:00,68
21179,2017-08-23T02:45:00,68
21180,2017-08-23T03:05:00,68.8
21181,2017-08-23T03:25:00,69.3
21182,2017-08-23T03:45:00,67.7
21183,2017-08-23T04:05:00,70.8
21184,2017-08-23T04:25:00,64.9
21185,2017-08-23T04:45:00,56.5
21186,2017-08-23T05:05:00,50.8
21187,2017-08-23T05:30:00,48.8
21188,2017-08-23T05:50:00,49.4
21189,2017-08-23T06:10:00,48.3
21190,2017-08-23T06:30:00,48.9
21191,2017-08-23T06:50:00,44
21192,2017-08-23T07:10:00,41.7
21193,2017-08-23T07:30:00,40.4
21194,2017-08-23T07:50:00,38.2
21195,2017-08-23T08:10:00,36.8
21196,2017-08-23T08:30:00,36.8
21197,2017-08-23T08:50:00,34.4
21198,2017-08-23T09:10:00,34.1
21199,2017-08-23T09:30:00,33.8
21200,2017-08-23T09:50:00,36
21201,2017-08-23T10:10:00,37.1
21202,2017-08-23T10:30:00,37.7
21203,2017-08-23T10:50:00,37.9
21204,2017-08-23T11:10:00,37.3
21205,2017-08-23T11:30:00,41.8
21206,2017-08-23T11:50:00,43.9
21207,2017-08-23T12:10:00,42.8
21208,2017-08-23T12:30:00,42.9
21209,2017-08-23T12:50:00,42.9
21210,2017-08-23T13:10:00,43.4
21211,2017-08-23T13:30:00,43.7
21212,2017-08-23T13:50:00,44.4
21213,2017-08-23T14:10:00,45.1
21214,2017-08-23T14:30:00,45.9
21215,2017-08-23T14:50:00,46.4
21216,2017-08-23T15:10:00,46.6
21217,2017-08-23T15:30:00,48.5
21218,2017-08-23T15:50:00,50.2
21219,2017-08-23T16:10:00,49.9
21220,2017-08-23T16:30:00,51
21221,2017-08-23T16:55:00,50.8
21222,2017-08-23T17:15:00,51.8
21223,2017-08-23T17:35:00,51.6
21224,2017-08-23T17:55:00,53.2
21225,2017-08-23T18:15:00,52.4
21226,2017-08-23T18:35:00,52.4
21227,2017-08-23T18:55:00,53
21228,2017-08-23T19:15:00,54.3
21229,2017-08-23T19:35:00,55.1
21230,2017-08-23T19:55:00,56.5
21231,2017-08-23T20:15:00,59
21232,2017-08-23T20:35:00,58.9
21233,2017-08-23T20:55:00,59.5
21234,2017-08-23T21:15:00,59.8
21235,2017-08-23T21:35:00,60
21236,2017-08-23T21:55:00,59.6
21237,2017-08-23T22:15:00,59.8
21238,2017-08-23T22:35:00,60.4
21239,2017-08-23T22:55:00,61.2
21240,2017-08-23T23:15:00,61.7
21241,2017-08-23T23:35:00,63.1
21242,2017-08-23T23:55:00,63.7
21243,2017-08-24T00:15:00,65.8
21244,2017-08-24T00:35:00,65.6
21245,2017-08-24T00:55:00,66.1
21246,2017-08-24T01:15:00,66.3
21247,2017-08-24T01:35:00,65.6
21248,2017-08-24T01:55:00,66.4
21249,2017-08-24T02:15:00,65.6
21250,2017-08-24T02:35:00,65.3
21251,2017-08-24T02:55:00,66.1
21252,2017-08-24T03:15:00,67.2
21253,2017-08-24T03:35:00,67.8
21254,2017-08-24T03:55:00,68.3
21255,2017-08-24T04:20:00,68
21256,2017-08-24T04:40:00,68.6
21257,2017-08-24T05:00:00,69.4
21258,2017-08-24T05:20:00,69.9
21259,2017-08-24T05:40:00,68.5
21260,2017-08-24T06:00:00,66.9
21261,2017-08-24T06:20:00,63.9
21262,2017-08-24T06:40:00,58.2
21263,2017-08-24T07:00:00,61.2
21264,2017-08-24T07:20:00,56.3
21265,2017-08-24T07:40:00,56.3
21266,2017-08-24T08:00:00,62.3
21267,2017-08-24T08:20:00,55.7
21268,2017-08-24T08:40:00,59.5
21269,2017-08-24T09:00:00,60.1
21270,2017-08-24T09:20:00,61.1
21271,2017-08-24T09:40:00,63.3
21272,2017-08-24T10:00:00,64.9
21273,2017-08-24T10:20:00,62.8
21274,2017-08-24T10:40:00,61.7
21275,2017-08-24T11:00:00,60.6
21276,2017-08-24T11:20:00,61.4
21277,2017-08-24T11:40:00,60.6
21278,2017-08-24T12:00:00,55.7
21279,2017-08-24T12:20:00,53.8
21280,2017-08-24T12:40:00,54.6
21281,2017-08-24T13:00:00,55.7
21282,2017-08-24T13:20:00,56.3
21283,2017-08-24T13:40:00,62.2
21284,2017-08-24T14:00:00,54.9
21285,2017-08-24T14:20:00,53.8
21286,2017-08-24T14:40:00,53.3
21287,2017-08-24T15:00:00,54
21288,2017-08-24T15:20:00,51
21289,2017-08-24T15:45:00,53.3
21290,2017-08-24T16:05:00,53.3
21291,2017-08-24T16:25:00,55.4
21292,2017-08-24T16:45:00,56.8
21293,2017-08-24T17:05:00,57
21294,2017-08-24T17:25:00,58.1
21295,2017-08-24T17:45:00,59
21296,2017-08-24T18:05:00,60
21297,2017-08-24T18:25:00,62
21298,2017-08-24T18:45:00,63
21299,2017-08-24T19:05:00,64.1
21300,2017-08-24T19:25:00,64.5
21301,2017-08-24T19:45:00,66.4
21302,2017-08-24T20:05:00,67.2
21303,2017-08-24T20:25:00,67.5
21304,2017-08-24T20:45:00,67.5
21305,2017-08-24T21:05:00,67.8
21306,2017-08-24T21:25:00,68.3
21307,2017-08-24T21:45:00,69.3
21308,2017-08-24T22:05:00,69.7
21309,2017-08-24T22:25:00,70.1
21310,2017-08-24T22:45:00,69.1
21311,2017-08-24T23:05:00,68.9
21312,2017-08-24T23:25:00,69.6
21313,2017-08-24T23:45:00,69.1
21314,2017-08-25T00:05:00,69.4
21315,2017-08-25T00:25:00,69.3
21316,2017-08-25T00:45:00,69.4
21317,2017-08-25T01:05:00,69.9
21318,2017-08-25T01:25:00,70.1
21319,2017-08-25T01:45:00,70.8
21320,2017-08-25T02:05:00,71.5
21321,2017-08-25T02:25:00,71.3
21322,2017-08-25T02:45:00,71.8
21323,2017-08-25T03:10:00,72.3
21324,2017-08-25T03:30:00,72.9
21325,2017-08-25T03:50:00,72.7
21326,2017-08-25T04:10:00,72.3
21327,2017-08-25T04:30:00,70.7
21328,2017-08-25T04:50:00,67.8
21329,2017-08-25T05:10:00,64.4
21330,2017-08-25T05:30:00,59
21331,2017-08-25T05:50:00,58.7
21332,2017-08-25T06:10:00,57.6
21333,2017-08-25T06:30:00,54
21334,2017-08-25T06:50:00,53.3
21335,2017-08-25T07:10:00,51
21336,2017-08-25T07:30:00,49.2
21337,2017-08-25T07:50:00,47
21338,2017-08-25T08:10:00,44
21339,2017-08-25T08:30:00,43.7
21340,2017-08-25T08:50:00,41.8
21341,2017-08-25T09:10:00,42.8
21342,2017-08-25T09:30:00,38
21343,2017-08-25T09:50:00,42.3
21344,2017-08-25T10:10:00,40.3
21345,2017-08-25T10:30:00,39.8
21346,2017-08-25T10:50:00,40.1
21347,2017-08-25T11:10:00,39.5
21348,2017-08-25T11:30:00,40.6
21349,2017-08-25T11:50:00,37.9
21350,2017-08-25T12:10:00,36.6
21351,2017-08-25T12:30:00,38.2
21352,2017-08-25T13:50:00,40.7
21353,2017-08-25T14:15:00,42.1
21354,2017-08-25T14:35:00,45.1
21355,2017-08-25T14:55:00,44.4
21356,2017-08-25T15:15:00,44.5
21357,2017-08-25T15:35:00,46.1
21358,2017-08-25T15:55:00,48.3
21359,2017-08-25T16:15:00,47
21360,2017-08-25T16:35:00,49.1
21361,2017-08-25T16:55:00,49.7
21362,2017-08-25T17:15:00,53
21363,2017-08-25T17:35:00,53.7
21364,2017-08-25T17:55:00,55.4
21365,2017-08-25T18:15:00,56.5
21366,2017-08-25T18:35:00,58.9
21367,2017-08-25T18:55:00,60.8
21368,2017-08-25T19:15:00,63.4
21369,2017-08-25T19:35:00,63.9
21370,2017-08-25T19:55:00,64.7
21371,2017-08-25T20:15:00,65
21372,2017-08-25T20:35:00,66.7
21373,2017-08-25T20:55:00,67.1
21374,2017-08-25T21:15:00,67.2
21375,2017-08-25T21:35:00,67.7
21376,2017-08-25T21:55:00,66.9
21377,2017-08-25T22:15:00,69.4
21378,2017-08-25T22:35:00,70.7
21379,2017-08-25T22:55:00,71.2
21380,2017-08-25T23:15:00,71
21381,2017-08-25T23:35:00,70.1
21382,2017-08-25T23:55:00,72.3
21383,2017-08-26T00:15:00,73
21384,2017-08-26T00:35:00,73
21385,2017-08-26T00:55:00,72.9
21386,2017-08-26T01:15:00,72.9
21387,2017-08-26T01:40:00,73.2
21388,2017-08-26T02:00:00,74.3
21389,2017-08-26T02:20:00,74.3
21390,2017-08-26T02:40:00,74.2
21391,2017-08-26T03:00:00,74.5
21392,2017-08-26T03:20:00,74.2
21393,2017-08-26T03:40:00,74.6
21394,2017-08-26T04:00:00,74.3
21395,2017-08-26T04:20:00,73.4
21396,2017-08-26T04:40:00,73.4
21397,2017-08-26T05:00:00,72.4
21398,2017-08-26T05:20:00,72.4
21399,2017-08-26T05:40:00,71.8
21400,2017-08-26T06:00:00,71.2
21401,2017-08-26T06:20:00,69.9
21402,2017-08-26T06:40:00,69.7
21403,2017-08-26T07:00:00,68.3
21404,2017-08-26T07:20:00,61.1
21405,2017-08-26T07:40:00,59.3
21406,2017-08-26T08:00:00,56.7
21407,2017-08-26T08:20:00,55.1
21408,2017-08-26T08:40:00,52.1
21409,2017-08-26T09:00:00,47.3
21410,2017-08-26T09:20:00,44.2
21411,2017-08-26T09:40:00,41.7
21412,2017-08-26T10:00:00,47.2
21413,2017-08-26T10:20:00,45.6
21414,2017-08-26T10:40:00,50.7
21415,2017-08-26T11:00:00,52.4
21416,2017-08-26T11:20:00,52.6
21417,2017-08-26T11:40:00,52.9
21418,2017-08-26T12:00:00,51.9
21419,2017-08-26T12:20:00,50.2
21420,2017-08-26T12:40:00,43.3
21421,2017-08-26T13:05:00,49.1
21422,2017-08-26T13:25:00,52.1
21423,2017-08-26T13:45:00,48.8
21424,2017-08-26T14:05:00,49.2
21425,2017-08-26T14:25:00,49.9
21426,2017-08-26T14:45:00,51.3
21427,2017-08-26T15:05:00,50.8
21428,2017-08-26T15:25:00,54.6
21429,2017-08-26T15:45:00,56.3
21430,2017-08-26T16:05:00,57.9
21431,2017-08-26T16:25:00,59.5
21432,2017-08-26T16:45:00,59.6
21433,2017-08-26T17:05:00,60.1
21434,2017-08-26T17:25:00,61.2
21435,2017-08-26T17:45:00,61.1
21436,2017-08-26T18:05:00,62.2
21437,2017-08-26T18:25:00,66.4
21438,2017-08-26T18:45:00,67.5
21439,2017-08-26T19:05:00,68.5
21440,2017-08-26T19:25:00,68.6
21441,2017-08-26T19:45:00,68.8
21442,2017-08-26T20:05:00,69.4
21443,2017-08-26T20:25:00,69.4
21444,2017-08-26T20:45:00,68.6
21445,2017-08-26T21:05:00,68.9
21446,2017-08-26T21:25:00,69.6
21447,2017-08-26T21:45:00,69.4
21448,2017-08-26T22:05:00,70.8
21449,2017-08-26T22:25:00,71.2
21450,2017-08-26T22:45:00,71.9
21451,2017-08-26T23:05:00,71.5
21452,2017-08-26T23:25:00,70.8
21453,2017-08-26T23:45:00,72.7
21454,2017-08-27T00:05:00,73.4
21455,2017-08-27T00:30:00,73
21456,2017-08-27T00:50:00,71.5
21457,2017-08-27T01:10:00,71.2
21458,2017-08-27T01:30:00,70.5
21459,2017-08-27T01:50:00,70.4
21460,2017-08-27T02:10:00,71.8
21461,2017-08-27T02:30:00,73.4
21462,2017-08-27T02:50:00,72.4
21463,2017-08-27T03:10:00,71.9
21464,2017-08-27T03:30:00,70.8
21465,2017-08-27T03:50:00,71.6
21466,2017-08-27T04:10:00,71.3
21467,2017-08-27T04:30:00,71
21468,2017-08-27T04:50:00,69.9
21469,2017-08-27T05:10:00,68.2
21470,2017-08-27T05:30:00,67.8
21471,2017-08-27T05:50:00,58.4
21472,2017-08-27T06:10:00,65.6
21473,2017-08-27T06:30:00,64.1
21474,2017-08-27T06:50:00,56.2
21475,2017-08-27T07:10:00,54.3
21476,2017-08-27T07:30:00,51.8
21477,2017-08-27T07:50:00,53.3
21478,2017-08-27T08:10:00,57.8
21479,2017-08-27T08:30:00,48.5
21480,2017-08-27T08:50:00,52.2
21481,2017-08-27T09:10:00,49.7
21482,2017-08-27T09:30:00,46.4
21483,2017-08-27T09:50:00,48
21484,2017-08-27T10:10:00,45.8
21485,2017-08-27T10:30:00,43.3
21486,2017-08-27T10:50:00,43.6
21487,2017-08-27T11:10:00,41.4
21488,2017-08-27T11:30:00,39.6
21489,2017-08-27T11:55:00,41.7
21490,2017-08-27T12:15:00,51.1
21491,2017-08-27T12:35:00,47.7
21492,2017-08-27T12:55:00,41
21493,2017-08-27T13:15:00,41.7
21494,2017-08-27T13:35:00,56.2
21495,2017-08-27T13:55:00,57.3
21496,2017-08-27T14:15:00,55.4
21497,2017-08-27T14:35:00,49.2
21498,2017-08-27T14:55:00,54
21499,2017-08-27T15:15:00,54.8
21500,2017-08-27T15:35:00,54.6
21501,2017-08-27T15:55:00,52.2
21502,2017-08-27T16:15:00,53.3
21503,2017-08-27T16:35:00,55.1
21504,2017-08-27T16:55:00,57.4
21505,2017-08-27T17:15:00,58.7
21506,2017-08-27T17:35:00,59.5
21507,2017-08-27T17:55:00,60.6
21508,2017-08-27T18:15:00,61.9
21509,2017-08-27T18:35:00,62
21510,2017-08-27T18:55:00,62.3
21511,2017-08-27T19:15:00,62.2
21512,2017-08-27T19:35:00,61.7
21513,2017-08-27T19:55:00,60
21514,2017-08-27T20:15:00,59.6
21515,2017-08-27T20:35:00,61.9
21516,2017-08-27T20:55:00,66.7
21517,2017-08-27T21:15:00,68.5
21518,2017-08-27T21:35:00,69.1
21519,2017-08-27T21:55:00,69.1
21520,2017-08-27T22:15:00,68.8
21521,2017-08-27T22:35:00,68.6
21522,2017-08-27T23:00:00,68
21523,2017-08-27T23:20:00,68.5
21524,2017-08-27T23:40:00,68.5
21525,2017-08-28T00:00:00,68.8
21526,2017-08-28T00:20:00,68.5
21527,2017-08-28T00:40:00,68.2
21528,2017-08-28T01:00:00,69.3
21529,2017-08-28T01:20:00,70.4
21530,2017-08-28T01:40:00,72.1
21531,2017-08-28T02:00:00,71
21532,2017-08-28T02:20:00,71
21533,2017-08-28T02:40:00,71.2
21534,2017-08-28T03:00:00,71.2
21535,2017-08-28T03:20:00,70.7
21536,2017-08-28T03:40:00,71.3
21537,2017-08-28T04:00:00,71.6
21538,2017-08-28T04:20:00,72.3
21539,2017-08-28T04:40:00,70.7
21540,2017-08-28T05:00:00,66.1
21541,2017-08-28T05:20:00,58.1
21542,2017-08-28T05:40:00,53.7
21543,2017-08-28T06:00:00,50.2
21544,2017-08-28T06:20:00,48.3
21545,2017-08-28T06:40:00,44
21546,2017-08-28T07:00:00,48
21547,2017-08-28T07:20:00,50.2
21548,2017-08-28T07:40:00,48.8
21549,2017-08-28T08:00:00,50
21550,2017-08-28T08:20:00,45.3
21551,2017-08-28T08:40:00,49.2
21552,2017-08-28T09:00:00,41.5
21553,2017-08-28T09:20:00,36.2
21554,2017-08-28T09:40:00,45.3
21555,2017-08-28T10:00:00,53.2
21556,2017-08-28T10:25:00,53.5
21557,2017-08-28T10:45:00,47.8
21558,2017-08-28T11:05:00,51.6
21559,2017-08-28T11:25:00,55.1
21560,2017-08-28T11:45:00,43.3
21561,2017-08-28T12:05:00,43.6
21562,2017-08-28T12:25:00,41.8
21563,2017-08-28T12:45:00,44.5
21564,2017-08-28T13:05:00,38.5
21565,2017-08-28T13:25:00,40.7
21566,2017-08-28T13:45:00,42.6
21567,2017-08-28T14:05:00,43.3
21568,2017-08-28T14:25:00,43.3
21569,2017-08-28T14:45:00,49.2
21570,2017-08-28T15:05:00,56
21571,2017-08-28T15:25:00,56
21572,2017-08-28T15:45:00,58.7
21573,2017-08-28T16:05:00,58.5
21574,2017-08-28T16:25:00,58.1
21575,2017-08-28T16:45:00,57.6
21576,2017-08-28T17:05:00,58.5
21577,2017-08-28T17:25:00,58.5
21578,2017-08-28T17:45:00,60.9
21579,2017-08-28T18:05:00,61.1
21580,2017-08-28T18:25:00,62.2
21581,2017-08-28T18:45:00,62.6
21582,2017-08-28T19:05:00,63.6
21583,2017-08-28T19:25:00,63.6
21584,2017-08-28T19:45:00,63.6
21585,2017-08-28T20:05:00,64.9
21586,2017-08-28T20:25:00,65.6
21587,2017-08-28T20:45:00,66.4
21588,2017-08-28T21:05:00,66.6
21589,2017-08-28T21:25:00,67.4
21590,2017-08-28T21:50:00,67.7
21591,2017-08-28T22:10:00,68
21592,2017-08-28T22:30:00,68.2
21593,2017-08-28T22:50:00,68.5
21594,2017-08-28T23:10:00,68.3
21595,2017-08-28T23:30:00,67.8
21596,2017-08-28T23:50:00,68.8
21597,2017-08-29T00:10:00,70.1
21598,2017-08-29T00:30:00,71.5
21599,2017-08-29T00:50:00,72.3
21600,2017-08-29T01:10:00,72.9
21601,2017-08-29T01:30:00,73
21602,2017-08-29T01:50:00,73.8
21603,2017-08-29T02:10:00,74.6
21604,2017-08-29T02:30:00,75.1
21605,2017-08-29T02:50:00,74.9
21606,2017-08-29T03:10:00,74.6
21607,2017-08-29T03:30:00,74.2
21608,2017-08-29T03:50:00,73.5
21609,2017-08-29T04:10:00,72.3
21610,2017-08-29T04:30:00,70.8
21611,2017-08-29T04:50:00,66.7
21612,2017-08-29T05:10:00,62.5
21613,2017-08-29T05:30:00,60.4
21614,2017-08-29T05:50:00,63.3
21615,2017-08-29T06:10:00,62.3
21616,2017-08-29T06:30:00,60.3
21617,2017-08-29T06:50:00,58.9
21618,2017-08-29T07:10:00,53.5
21619,2017-08-29T07:30:00,53
21620,2017-08-29T07:50:00,53.3
21621,2017-08-29T08:10:00,47.5
21622,2017-08-29T08:30:00,47.8
21623,2017-08-29T08:50:00,47.5
21624,2017-08-29T09:15:00,45.5
21625,2017-08-29T09:35:00,43.4
21626,2017-08-29T09:55:00,42.8
21627,2017-08-29T10:15:00,42.3
21628,2017-08-29T10:35:00,42
21629,2017-08-29T10:55:00,41
21630,2017-08-29T11:15:00,40.1
21631,2017-08-29T11:35:00,40.9
21632,2017-08-29T11:55:00,41
21633,2017-08-29T12:15:00,40.9
21634,2017-08-29T12:35:00,40.7
21635,2017-08-29T12:55:00,44
21636,2017-08-29T13:15:00,43.1
21637,2017-08-29T13:35:00,47.3
21638,2017-08-29T13:55:00,43.7
21639,2017-08-29T14:15:00,43.9
21640,2017-08-29T14:35:00,46.9
21641,2017-08-29T14:55:00,46.7
21642,2017-08-29T15:15:00,47.2
21643,2017-08-29T15:35:00,48
21644,2017-08-29T15:55:00,47
21645,2017-08-29T16:15:00,45.9
21646,2017-08-29T16:35:00,45.8
21647,2017-08-29T16:55:00,46.6
21648,2017-08-29T17:15:00,49.1
21649,2017-08-29T17:35:00,51.4
21650,2017-08-29T17:55:00,54.3
21651,2017-08-29T18:15:00,56.3
21652,2017-08-29T18:35:00,57.9
21653,2017-08-29T18:55:00,59.3
21654,2017-08-29T19:15:00,61.4
21655,2017-08-29T19:35:00,63
21656,2017-08-29T19:55:00,64.5
21657,2017-08-29T20:15:00,66.1
21658,2017-08-29T20:40:00,67.5
21659,2017-08-29T21:00:00,69.7
21660,2017-08-29T21:20:00,70.8
21661,2017-08-29T21:40:00,71.9
21662,2017-08-29T22:00:00,71.8
21663,2017-08-29T22:20:00,70.2
21664,2017-08-29T22:40:00,70.7
21665,2017-08-29T23:00:00,71.3
21666,2017-08-29T23:20:00,71
21667,2017-08-29T23:40:00,71.2
21668,2017-08-30T00:00:00,71.3
21669,2017-08-30T00:20:00,70.4
21670,2017-08-30T00:40:00,69.9
21671,2017-08-30T01:00:00,68.5
21672,2017-08-30T01:20:00,66.9
21673,2017-08-30T01:40:00,66.9
21674,2017-08-30T02:00:00,66.3
21675,2017-08-30T02:20:00,66
21676,2017-08-30T02:40:00,65.5
21677,2017-08-30T03:00:00,65.3
21678,2017-08-30T03:20:00,65.5
21679,2017-08-30T03:40:00,65.3
21680,2017-08-30T04:00:00,65.8
21681,2017-08-30T04:20:00,66.4
21682,2017-08-30T05:20:00,65.2
21683,2017-08-30T05:40:00,64.4
21684,2017-08-30T06:00:00,61.4
21685,2017-08-30T06:20:00,60.1
21686,2017-08-30T06:40:00,57.4
21687,2017-08-30T07:00:00,52.2
21688,2017-08-30T07:20:00,54
21689,2017-08-30T07:45:00,55.1
21690,2017-08-30T08:05:00,55.4
21691,2017-08-30T08:25:00,55.2
21692,2017-08-30T08:45:00,53.3
21693,2017-08-30T09:05:00,52.4
21694,2017-08-30T09:25:00,50.5
21695,2017-08-30T09:45:00,50
21696,2017-08-30T10:05:00,53.5
21697,2017-08-30T10:25:00,53.8
21698,2017-08-30T10:45:00,53.5
21699,2017-08-30T11:05:00,56.3
21700,2017-08-30T11:25:00,57.8
21701,2017-08-30T11:45:00,59.3
21702,2017-08-30T12:05:00,60.3
21703,2017-08-30T12:25:00,61.9
21704,2017-08-30T12:45:00,63.4
21705,2017-08-30T13:05:00,62.6
21706,2017-08-30T13:25:00,62.6
21707,2017-08-30T13:45:00,63.6
21708,2017-08-30T14:05:00,62.2
21709,2017-08-30T14:25:00,61.7
21710,2017-08-30T14:45:00,62.3
21711,2017-08-30T15:05:00,64.1
21712,2017-08-30T15:25:00,62.3
21713,2017-08-30T15:45:00,63
21714,2017-08-30T16:05:00,62
21715,2017-08-30T16:25:00,63.7
21716,2017-08-30T16:45:00,65.5
21717,2017-08-30T17:05:00,67.5
21718,2017-08-30T17:25:00,66.7
21719,2017-08-30T17:45:00,66
21720,2017-08-30T18:05:00,64.7
21721,2017-08-30T18:25:00,64.5
21722,2017-08-30T18:45:00,64.9
21723,2017-08-30T19:10:00,64.2
21724,2017-08-30T19:30:00,64.4
21725,2017-08-30T19:50:00,66
21726,2017-08-30T20:10:00,67.1
21727,2017-08-30T20:30:00,67.5
21728,2017-08-30T20:50:00,67.7
21729,2017-08-30T21:10:00,68
21730,2017-08-30T21:30:00,68.3
21731,2017-08-30T21:50:00,68.9
21732,2017-08-30T22:10:00,68.6
21733,2017-08-30T22:30:00,68.2
21734,2017-08-30T22:50:00,67.2
21735,2017-08-30T23:10:00,67.4
21736,2017-08-30T23:30:00,68.5
21737,2017-08-30T23:50:00,69.6
21738,2017-08-31T00:10:00,68.5
21739,2017-08-31T00:30:00,68.3
21740,2017-08-31T00:50:00,67.4
21741,2017-08-31T01:10:00,66.9
21742,2017-08-31T01:30:00,66.7
21743,2017-08-31T01:50:00,66.7
21744,2017-08-31T02:10:00,66.6
21745,2017-08-31T02:30:00,65.8
21746,2017-08-31T02:50:00,65.2
21747,2017-08-31T03:10:00,64.7
21748,2017-08-31T03:30:00,65.2
21749,2017-08-31T03:50:00,65.6
21750,2017-08-31T04:10:00,64.7
21751,2017-08-31T04:30:00,65.8
21752,2017-08-31T04:50:00,67.2
21753,2017-08-31T05:10:00,65.5
21754,2017-08-31T05:30:00,65.5
21755,2017-08-31T05:50:00,65.6
21756,2017-08-31T06:10:00,66.7
21757,2017-08-31T06:35:00,65.3
21758,2017-08-31T06:55:00,63.6
21759,2017-08-31T07:15:00,63.4
21760,2017-08-31T07:35:00,64.7
21761,2017-08-31T07:55:00,64.1
21762,2017-08-31T08:15:00,63.4
21763,2017-08-31T08:35:00,61.5
21764,2017-08-31T08:55:00,61.9
21765,2017-08-31T09:15:00,58.7
21766,2017-08-31T09:35:00,55.7
21767,2017-08-31T09:55:00,56.5
21768,2017-08-31T10:15:00,56
21769,2017-08-31T10:35:00,54.4
21770,2017-08-31T10:55:00,52.7
21771,2017-08-31T11:15:00,55.5
21772,2017-08-31T11:35:00,57
21773,2017-08-31T11:55:00,58.7
21774,2017-08-31T12:15:00,56
21775,2017-08-31T12:35:00,48.8
21776,2017-08-31T12:55:00,45
21777,2017-08-31T13:15:00,50.7
21778,2017-08-31T13:35:00,45.6
21779,2017-08-31T13:55:00,47
21780,2017-08-31T14:15:00,51.3
21781,2017-08-31T14:35:00,52.9
21782,2017-08-31T14:55:00,52.4
21783,2017-08-31T15:15:00,53
21784,2017-08-31T15:35:00,48.5
21785,2017-08-31T15:55:00,49.6
21786,2017-08-31T16:15:00,51.1
21787,2017-08-31T16:35:00,52.1
21788,2017-08-31T16:55:00,53.5
21789,2017-08-31T17:15:00,54.8
21790,2017-08-31T17:35:00,57.3
21791,2017-08-31T18:00:00,57.9
21792,2017-08-31T18:20:00,60.1
21793,2017-08-31T18:40:00,60.6
21794,2017-08-31T19:00:00,63.4
21795,2017-08-31T19:20:00,64.9
21796,2017-08-31T19:40:00,64.7
21797,2017-08-31T20:00:00,64.9
21798,2017-08-31T20:20:00,65.8
21799,2017-08-31T20:40:00,67.2
21800,2017-08-31T21:00:00,67.5
21801,2017-08-31T21:20:00,68.6
21802,2017-08-31T21:40:00,68.3
21803,2017-08-31T22:00:00,68
21804,2017-08-31T22:20:00,68
21805,2017-08-31T22:40:00,67.7
21806,2017-08-31T23:00:00,69.1
21807,2017-08-31T23:20:00,69.6
21808,2017-08-31T23:40:00,69.6
21809,2017-09-01T00:00:00,70.2
21810,2017-09-01T00:20:00,70.4
21811,2017-09-01T00:40:00,69.7
21812,2017-09-01T01:00:00,71.2
21813,2017-09-01T01:20:00,70.7
21814,2017-09-01T01:40:00,71
21815,2017-09-01T02:00:00,70.5
21816,2017-09-01T02:20:00,70.4
21817,2017-09-01T02:40:00,69.7
21818,2017-09-01T03:00:00,69.3
21819,2017-09-01T03:20:00,70.1
21820,2017-09-01T03:40:00,70.2
21821,2017-09-01T04:00:00,70.1
21822,2017-09-01T04:20:00,69.6
21823,2017-09-01T04:40:00,68.5
21824,2017-09-01T05:00:00,63.4
21825,2017-09-01T05:25:00,58.7
21826,2017-09-01T05:45:00,55.7
21827,2017-09-01T06:05:00,55.1
21828,2017-09-01T06:25:00,52.2
21829,2017-09-01T06:45:00,49.4
21830,2017-09-01T07:05:00,46.2
21831,2017-09-01T07:25:00,46.2
21832,2017-09-01T07:45:00,43.1
21833,2017-09-01T08:05:00,45.8
21834,2017-09-01T08:25:00,49.4
21835,2017-09-01T08:45:00,45
21836,2017-09-01T09:05:00,40.9
21837,2017-09-01T09:25:00,39.2
21838,2017-09-01T09:45:00,40.6
21839,2017-09-01T10:05:00,40.3
21840,2017-09-01T10:25:00,36.2
21841,2017-09-01T10:45:00,36.3
21842,2017-09-01T11:05:00,36.6
21843,2017-09-01T11:25:00,33.3
21844,2017-09-01T11:45:00,38.4
21845,2017-09-01T12:05:00,43.6
21846,2017-09-01T12:25:00,46.6
21847,2017-09-01T12:45:00,42.6
21848,2017-09-01T13:05:00,36.6
21849,2017-09-01T13:25:00,36.9
21850,2017-09-01T13:45:00,37.6
21851,2017-09-01T14:05:00,38.8
21852,2017-09-01T14:25:00,37.7
21853,2017-09-01T14:45:00,40.4
21854,2017-09-01T15:05:00,38.5
21855,2017-09-01T15:25:00,40.4
21856,2017-09-01T15:45:00,43.6
21857,2017-09-01T16:05:00,45.6
21858,2017-09-01T16:30:00,44.8
21859,2017-09-01T16:50:00,46.2
21860,2017-09-01T17:10:00,46.9
21861,2017-09-01T17:30:00,48.9
21862,2017-09-01T17:50:00,50.5
21863,2017-09-01T18:10:00,50.3
21864,2017-09-01T18:30:00,51.3
21865,2017-09-01T18:50:00,51.3
21866,2017-09-01T19:10:00,52.2
21867,2017-09-01T19:30:00,53.7
21868,2017-09-01T19:50:00,55.1
21869,2017-09-01T20:10:00,56.3
21870,2017-09-01T20:30:00,56.8
21871,2017-09-01T20:50:00,57.6
21872,2017-09-01T21:10:00,59
21873,2017-09-01T21:30:00,59.5
21874,2017-09-01T21:50:00,60.1
21875,2017-09-01T22:10:00,60.8
21876,2017-09-01T22:30:00,61.4
21877,2017-09-01T22:50:00,61.2
21878,2017-09-01T23:10:00,62.2
21879,2017-09-01T23:30:00,63.4
21880,2017-09-01T23:50:00,63
21881,2017-09-02T00:10:00,63.7
21882,2017-09-02T00:30:00,64.2
21883,2017-09-02T00:50:00,64.9
21884,2017-09-02T01:10:00,67.2
21885,2017-09-02T01:30:00,68.9
21886,2017-09-02T01:50:00,68.8
21887,2017-09-02T02:10:00,69.4
21888,2017-09-02T02:30:00,67.7
21889,2017-09-02T02:50:00,67.8
21890,2017-09-02T03:10:00,68.9
21891,2017-09-02T03:30:00,68.3
21892,2017-09-02T03:55:00,68.5
21893,2017-09-02T04:15:00,69.7
21894,2017-09-02T04:35:00,68.8
21895,2017-09-02T04:55:00,60.3
21896,2017-09-02T05:15:00,57
21897,2017-09-02T05:35:00,55.1
21898,2017-09-02T05:55:00,52.6
21899,2017-09-02T06:15:00,49.6
21900,2017-09-02T06:35:00,46.9
21901,2017-09-02T06:55:00,42.6
21902,2017-09-02T07:15:00,42.8
21903,2017-09-02T07:35:00,42.8
21904,2017-09-02T07:55:00,38.2
21905,2017-09-02T08:15:00,44
21906,2017-09-02T08:35:00,42.8
21907,2017-09-02T08:55:00,44.7
21908,2017-09-02T09:15:00,43.3
21909,2017-09-02T09:35:00,44.8
21910,2017-09-02T09:55:00,49.2
21911,2017-09-02T10:15:00,43.4
21912,2017-09-02T10:35:00,44.2
21913,2017-09-02T10:55:00,41.4
21914,2017-09-02T11:15:00,44
21915,2017-09-02T11:35:00,46.6
21916,2017-09-02T11:55:00,49.7
21917,2017-09-02T12:15:00,49.2
21918,2017-09-02T12:35:00,44.8
21919,2017-09-02T12:55:00,37.7
21920,2017-09-02T13:15:00,42.9
21921,2017-09-02T13:35:00,51
21922,2017-09-02T13:55:00,52.2
21923,2017-09-02T14:15:00,52.7
21924,2017-09-02T14:35:00,53.2
21925,2017-09-02T14:55:00,51.4
21926,2017-09-02T15:20:00,52.4
21927,2017-09-02T15:40:00,52.4
21928,2017-09-02T16:00:00,54.8
21929,2017-09-02T16:20:00,55.5
21930,2017-09-02T16:40:00,55.5
21931,2017-09-02T17:00:00,55.5
21932,2017-09-02T17:20:00,55.1
21933,2017-09-02T17:40:00,56.5
21934,2017-09-02T18:00:00,58.5
21935,2017-09-02T18:20:00,58.2
21936,2017-09-02T18:40:00,57.4
21937,2017-09-02T19:00:00,57.9
21938,2017-09-02T19:20:00,57.8
21939,2017-09-02T19:40:00,55.9
21940,2017-09-02T20:00:00,57
21941,2017-09-02T20:20:00,57.8
21942,2017-09-02T20:40:00,58.7
21943,2017-09-02T21:00:00,60
21944,2017-09-02T21:20:00,59.5
21945,2017-09-02T21:40:00,60.3
21946,2017-09-02T22:00:00,60.8
21947,2017-09-02T22:20:00,61.2
21948,2017-09-02T22:40:00,62
21949,2017-09-02T23:00:00,62.8
21950,2017-09-02T23:20:00,63
21951,2017-09-02T23:40:00,62.5
21952,2017-09-03T00:00:00,63.6
21953,2017-09-03T00:20:00,63.9
21954,2017-09-03T00:40:00,64.1
21955,2017-09-03T01:00:00,64.2
21956,2017-09-03T01:20:00,65.3
21957,2017-09-03T01:40:00,67.1
21958,2017-09-03T02:00:00,67.1
21959,2017-09-03T02:20:00,65.5
21960,2017-09-03T02:45:00,65
21961,2017-09-03T03:05:00,65.8
21962,2017-09-03T03:25:00,65.2
21963,2017-09-03T03:45:00,66
21964,2017-09-03T04:05:00,65.3
21965,2017-09-03T04:25:00,66
21966,2017-09-03T04:45:00,65.8
21967,2017-09-03T05:05:00,57.1
21968,2017-09-03T05:25:00,57
21969,2017-09-03T05:45:00,55.9
21970,2017-09-03T06:05:00,49.4
21971,2017-09-03T06:25:00,47.3
21972,2017-09-03T06:45:00,45.8
21973,2017-09-03T07:05:00,45
21974,2017-09-03T07:25:00,45.6
21975,2017-09-03T07:45:00,43.4
21976,2017-09-03T08:05:00,43.3
21977,2017-09-03T08:25:00,43.4
21978,2017-09-03T08:45:00,43.6
21979,2017-09-03T09:05:00,40.4
21980,2017-09-03T09:25:00,43.1
21981,2017-09-03T09:45:00,41
21982,2017-09-03T10:05:00,40.3
21983,2017-09-03T10:25:00,39.5
21984,2017-09-03T10:45:00,43.9
21985,2017-09-03T11:05:00,41
21986,2017-09-03T11:25:00,42.8
21987,2017-09-03T11:45:00,42.1
21988,2017-09-03T12:05:00,40.7
21989,2017-09-03T12:25:00,40.9
21990,2017-09-03T12:45:00,40.1
21991,2017-09-03T13:05:00,39.6
21992,2017-09-03T13:25:00,40.3
21993,2017-09-03T13:50:00,44.2
21994,2017-09-03T14:10:00,44.7
21995,2017-09-03T14:30:00,45.9
21996,2017-09-03T14:50:00,45.6
21997,2017-09-03T15:10:00,45
21998,2017-09-03T15:30:00,46.6
21999,2017-09-03T15:50:00,48.9
22000,2017-09-03T16:10:00,49.9
22001,2017-09-03T16:30:00,53.8
22002,2017-09-03T16:50:00,56
22003,2017-09-03T17:10:00,57.4
22004,2017-09-03T17:30:00,57.4
22005,2017-09-03T17:50:00,58.1
22006,2017-09-03T18:50:00,55.2
22007,2017-09-03T19:10:00,55.7
22008,2017-09-03T19:30:00,56.7
22009,2017-09-03T19:50:00,58.4
22010,2017-09-03T20:10:00,58.9
22011,2017-09-03T20:30:00,58.7
22012,2017-09-03T20:50:00,60
22013,2017-09-03T21:10:00,59.2
22014,2017-09-03T21:30:00,59.3
22015,2017-09-03T21:50:00,59.6
22016,2017-09-03T22:10:00,60
22017,2017-09-03T22:30:00,60.1
22018,2017-09-03T22:50:00,60.8
22019,2017-09-03T23:10:00,61.7
22020,2017-09-03T23:30:00,60.4
22021,2017-09-03T23:50:00,60.1
22022,2017-09-04T00:10:00,60.8
22023,2017-09-04T00:30:00,60.6
22024,2017-09-04T00:50:00,62.8
22025,2017-09-04T01:15:00,63.9
22026,2017-09-04T01:35:00,64.2
22027,2017-09-04T01:55:00,63.4
22028,2017-09-04T02:15:00,64.4
22029,2017-09-04T02:35:00,65.8
22030,2017-09-04T02:55:00,64.4
22031,2017-09-04T03:15:00,64.1
22032,2017-09-04T03:35:00,63.4
22033,2017-09-04T03:55:00,63.9
22034,2017-09-04T04:15:00,65.5
22035,2017-09-04T04:35:00,65.3
22036,2017-09-04T04:55:00,59.8
22037,2017-09-04T05:15:00,52.4
22038,2017-09-04T05:35:00,52.1
22039,2017-09-04T05:55:00,49.4
22040,2017-09-04T06:15:00,46.6
22041,2017-09-04T06:35:00,45.3
22042,2017-09-04T06:55:00,54.1
22043,2017-09-04T07:15:00,53.5
22044,2017-09-04T07:35:00,55.7
22045,2017-09-04T07:55:00,55.4
22046,2017-09-04T08:15:00,54.4
22047,2017-09-04T08:35:00,57.1
22048,2017-09-04T08:55:00,55.4
22049,2017-09-04T09:15:00,56.7
22050,2017-09-04T09:35:00,57
22051,2017-09-04T09:55:00,56.7
22052,2017-09-04T10:15:00,50.8
22053,2017-09-04T10:35:00,51.3
22054,2017-09-04T10:55:00,50.8
22055,2017-09-04T11:15:00,50.5
22056,2017-09-04T11:35:00,41.7
22057,2017-09-04T11:55:00,51.9
22058,2017-09-04T12:15:00,54.4
22059,2017-09-04T12:40:00,54.3
22060,2017-09-04T13:00:00,54.1
22061,2017-09-04T13:20:00,48.6
22062,2017-09-04T13:40:00,51.3
22063,2017-09-04T14:00:00,45
22064,2017-09-04T14:20:00,47
22065,2017-09-04T14:40:00,45.8
22066,2017-09-04T15:00:00,48.1
22067,2017-09-04T15:20:00,49.2
22068,2017-09-04T15:40:00,53.5
22069,2017-09-04T16:00:00,54.9
22070,2017-09-04T16:20:00,55.5
22071,2017-09-04T16:40:00,56.3
22072,2017-09-04T17:00:00,56.8
22073,2017-09-04T17:20:00,58.1
22074,2017-09-04T17:40:00,59.2
22075,2017-09-04T18:00:00,61.4
22076,2017-09-04T18:20:00,61.9
22077,2017-09-04T18:40:00,61.4
22078,2017-09-04T19:00:00,62.6
22079,2017-09-04T19:20:00,63.4
22080,2017-09-04T19:40:00,62.6
22081,2017-09-04T20:00:00,62.6
22082,2017-09-04T20:20:00,63.6
22083,2017-09-04T20:40:00,64.5
22084,2017-09-04T21:00:00,64.9
22085,2017-09-04T21:20:00,64.2
22086,2017-09-04T21:40:00,64.5
22087,2017-09-04T22:00:00,64.5
22088,2017-09-04T22:20:00,63.6
22089,2017-09-04T22:40:00,63.9
22090,2017-09-04T23:00:00,63.7
22091,2017-09-04T23:20:00,64.9
22092,2017-09-04T23:40:00,65.3
22093,2017-09-05T00:05:00,67.2
22094,2017-09-05T00:25:00,66.7
22095,2017-09-05T00:45:00,68.5
22096,2017-09-05T01:05:00,69.9
22097,2017-09-05T01:25:00,68.6
22098,2017-09-05T01:45:00,67.1
22099,2017-09-05T02:05:00,66.4
22100,2017-09-05T02:25:00,66.7
22101,2017-09-05T02:45:00,68.3
22102,2017-09-05T03:05:00,68.5
22103,2017-09-05T03:25:00,67.8
22104,2017-09-05T03:45:00,69.4
22105,2017-09-05T04:05:00,69.7
22106,2017-09-05T04:25:00,69.3
22107,2017-09-05T04:45:00,64.2
22108,2017-09-05T05:05:00,67.4
22109,2017-09-05T05:25:00,66
22110,2017-09-05T05:45:00,68.5
22111,2017-09-05T06:05:00,65
22112,2017-09-05T06:25:00,64.9
22113,2017-09-05T06:45:00,62.3
22114,2017-09-05T07:05:00,57.6
22115,2017-09-05T07:25:00,59
22116,2017-09-05T07:45:00,59.3
22117,2017-09-05T08:05:00,50.8
22118,2017-09-05T08:25:00,48.8
22119,2017-09-05T08:45:00,48.1
22120,2017-09-05T09:05:00,48.1
22121,2017-09-05T09:25:00,48.1
22122,2017-09-05T09:45:00,52.7
22123,2017-09-05T10:05:00,49.1
22124,2017-09-05T10:25:00,57.6
22125,2017-09-05T10:45:00,60.3
22126,2017-09-05T11:10:00,59
22127,2017-09-05T11:30:00,58.9
22128,2017-09-05T11:50:00,58.2
22129,2017-09-05T12:10:00,57
22130,2017-09-05T12:30:00,57.3
22131,2017-09-05T12:50:00,57.9
22132,2017-09-05T13:10:00,54.9
22133,2017-09-05T13:30:00,57.4
22134,2017-09-05T13:50:00,60.1
22135,2017-09-05T14:10:00,60
22136,2017-09-05T14:30:00,57.3
22137,2017-09-05T14:50:00,56.2
22138,2017-09-05T15:10:00,53.5
22139,2017-09-05T15:30:00,54.8
22140,2017-09-05T15:50:00,55.9
22141,2017-09-05T16:10:00,56.3
22142,2017-09-05T16:30:00,56.8
22143,2017-09-05T16:50:00,56.8
22144,2017-09-05T17:10:00,59.3
22145,2017-09-05T17:30:00,63
22146,2017-09-05T17:50:00,63.9
22147,2017-09-05T18:10:00,62.2
22148,2017-09-05T18:30:00,63
22149,2017-09-05T18:50:00,62.2
22150,2017-09-05T19:10:00,60.6
22151,2017-09-05T19:30:00,62.2
22152,2017-09-05T19:50:00,65.5
22153,2017-09-05T20:10:00,65.8
22154,2017-09-05T20:30:00,64.7
22155,2017-09-05T20:50:00,64.2
22156,2017-09-05T21:10:00,66.9
22157,2017-09-05T21:30:00,66
22158,2017-09-05T21:50:00,66.9
22159,2017-09-05T22:10:00,67.4
22160,2017-09-05T22:35:00,72.1
22161,2017-09-05T22:55:00,74.2
22162,2017-09-05T23:15:00,74.8
22163,2017-09-05T23:35:00,74.3
22164,2017-09-05T23:55:00,74.9
22165,2017-09-06T00:15:00,75.4
22166,2017-09-06T00:35:00,75.3
22167,2017-09-06T00:55:00,75.3
22168,2017-09-06T01:15:00,75.3
22169,2017-09-06T01:35:00,75.3
22170,2017-09-06T01:55:00,76.2
22171,2017-09-06T02:15:00,76
22172,2017-09-06T02:35:00,76.7
22173,2017-09-06T02:55:00,76.5
22174,2017-09-06T03:15:00,77
22175,2017-09-06T03:35:00,76.8
22176,2017-09-06T03:55:00,76.7
22177,2017-09-06T04:15:00,77.1
22178,2017-09-06T04:35:00,77.1
22179,2017-09-06T04:55:00,77.1
22180,2017-09-06T05:15:00,77
22181,2017-09-06T05:35:00,77
22182,2017-09-06T05:55:00,77
22183,2017-09-06T06:15:00,77.9
22184,2017-09-06T06:35:00,78.1
22185,2017-09-06T06:55:00,77.8
22186,2017-09-06T07:15:00,77.6
22187,2017-09-06T07:35:00,75.6
22188,2017-09-06T07:55:00,75.4
22189,2017-09-06T08:15:00,76.8
22190,2017-09-06T08:35:00,75.6
22191,2017-09-06T08:55:00,75.7
22192,2017-09-06T09:15:00,75.9
22193,2017-09-06T09:35:00,75.1
22194,2017-09-06T10:00:00,74.8
22195,2017-09-06T10:20:00,73
22196,2017-09-06T10:40:00,72.7
22197,2017-09-06T11:00:00,73
22198,2017-09-06T11:20:00,74.5
22199,2017-09-06T11:40:00,74.2
22200,2017-09-06T12:00:00,76
22201,2017-09-06T12:20:00,76.2
22202,2017-09-06T12:40:00,77
22203,2017-09-06T13:00:00,77
22204,2017-09-06T13:20:00,76.4
22205,2017-09-06T13:40:00,75.7
22206,2017-09-06T14:00:00,74.8
22207,2017-09-06T14:20:00,73.8
22208,2017-09-06T14:40:00,73.8
22209,2017-09-06T15:00:00,73.5
22210,2017-09-06T15:20:00,74.8
22211,2017-09-06T15:40:00,77.5
22212,2017-09-06T16:00:00,77.6
22213,2017-09-06T16:20:00,77.1
22214,2017-09-06T16:40:00,75.7
22215,2017-09-06T17:00:00,75.6
22216,2017-09-06T17:20:00,75.3
22217,2017-09-06T17:40:00,74.9
22218,2017-09-06T18:00:00,74.6
22219,2017-09-06T18:20:00,74.5
22220,2017-09-06T18:40:00,74
22221,2017-09-06T19:00:00,74.3
22222,2017-09-06T19:20:00,73.8
22223,2017-09-06T19:40:00,73.7
22224,2017-09-06T20:00:00,72.9
22225,2017-09-06T20:20:00,72.6
22226,2017-09-06T20:40:00,72.1
22227,2017-09-06T21:00:00,69.9
22228,2017-09-06T21:25:00,69.6
22229,2017-09-06T21:45:00,70.2
22230,2017-09-06T22:05:00,69.9
22231,2017-09-06T22:25:00,69.4
22232,2017-09-06T22:45:00,69.6
22233,2017-09-06T23:05:00,69.6
22234,2017-09-06T23:25:00,69.3
22235,2017-09-06T23:45:00,69.3
22236,2017-09-07T00:05:00,70.1
22237,2017-09-07T00:25:00,70.2
22238,2017-09-07T00:45:00,70.1
22239,2017-09-07T01:05:00,69.7
22240,2017-09-07T01:25:00,70.1
22241,2017-09-07T01:45:00,69.7
22242,2017-09-07T02:05:00,69.1
22243,2017-09-07T02:25:00,69.3
22244,2017-09-07T02:45:00,69.1
22245,2017-09-07T03:05:00,68.5
22246,2017-09-07T03:25:00,68.5
22247,2017-09-07T03:45:00,68.5
22248,2017-09-07T04:05:00,68.8
22249,2017-09-07T04:25:00,68.8
22250,2017-09-07T04:45:00,70.1
22251,2017-09-07T05:05:00,71
22252,2017-09-07T05:25:00,70.5
22253,2017-09-07T05:45:00,70.1
22254,2017-09-07T06:05:00,71.3
22255,2017-09-07T06:25:00,71
22256,2017-09-07T06:45:00,69.6
22257,2017-09-07T07:05:00,69.7
22258,2017-09-07T07:25:00,70.1
22259,2017-09-07T07:45:00,70.5
22260,2017-09-07T08:05:00,71.2
22261,2017-09-07T08:25:00,71.2
22262,2017-09-07T08:50:00,69.4
22263,2017-09-07T09:10:00,67.7
22264,2017-09-07T09:30:00,64.9
22265,2017-09-07T09:50:00,65.3
22266,2017-09-07T10:10:00,64.2
22267,2017-09-07T10:30:00,65.8
22268,2017-09-07T10:50:00,66.4
22269,2017-09-07T11:10:00,65.5
22270,2017-09-07T11:30:00,63.3
22271,2017-09-07T11:50:00,64.1
22272,2017-09-07T12:10:00,68
22273,2017-09-07T12:30:00,71.3
22274,2017-09-07T12:50:00,70.8
22275,2017-09-07T13:10:00,69.9
22276,2017-09-07T13:30:00,72.6
22277,2017-09-07T13:50:00,71.5
22278,2017-09-07T14:10:00,72.4
22279,2017-09-07T14:30:00,71
22280,2017-09-07T14:50:00,70.2
22281,2017-09-07T15:10:00,69.3
22282,2017-09-07T15:30:00,68.6
22283,2017-09-07T15:50:00,70.4
22284,2017-09-07T16:10:00,70.8
22285,2017-09-07T16:30:00,70.4
22286,2017-09-07T16:50:00,71.5
22287,2017-09-07T17:10:00,72.3
22288,2017-09-07T17:30:00,72.7
22289,2017-09-07T17:50:00,72.9
22290,2017-09-07T18:10:00,73
22291,2017-09-07T18:30:00,72.7
22292,2017-09-07T18:50:00,71.3
22293,2017-09-07T19:10:00,69.9
22294,2017-09-07T19:30:00,70.1
22295,2017-09-07T19:55:00,69.9
22296,2017-09-07T20:15:00,69.9
22297,2017-09-07T20:35:00,69.9
22298,2017-09-07T20:55:00,70.1
22299,2017-09-07T21:15:00,70.1
22300,2017-09-07T21:35:00,69.9
22301,2017-09-07T21:55:00,69.7
22302,2017-09-07T22:15:00,69.6
22303,2017-09-07T22:35:00,69.3
22304,2017-09-07T22:55:00,69.6
22305,2017-09-07T23:15:00,69.3
22306,2017-09-07T23:35:00,68.8
22307,2017-09-07T23:55:00,68.8
22308,2017-09-08T00:15:00,68.6
22309,2017-09-08T00:35:00,68.6
22310,2017-09-08T00:55:00,68.8
22311,2017-09-08T01:15:00,69.7
22312,2017-09-08T01:35:00,70.5
22313,2017-09-08T01:55:00,71
22314,2017-09-08T02:15:00,72.3
22315,2017-09-08T02:35:00,72.7
22316,2017-09-08T02:55:00,72.4
22317,2017-09-08T03:15:00,73
22318,2017-09-08T03:35:00,73.7
22319,2017-09-08T03:55:00,74.6
22320,2017-09-08T04:15:00,75.3
22321,2017-09-08T04:35:00,74.9
22322,2017-09-08T04:55:00,74.5
22323,2017-09-08T05:15:00,74.8
22324,2017-09-08T05:35:00,74.9
22325,2017-09-08T05:55:00,73.5
22326,2017-09-08T06:15:00,72.6
22327,2017-09-08T06:35:00,71
22328,2017-09-08T06:55:00,73.2
22329,2017-09-08T07:20:00,75.9
22330,2017-09-08T07:40:00,76
22331,2017-09-08T08:40:00,76.8
22332,2017-09-08T09:00:00,77.5
22333,2017-09-08T09:20:00,76.7
22334,2017-09-08T09:40:00,75.1
22335,2017-09-08T10:00:00,75.9
22336,2017-09-08T10:20:00,76.7
22337,2017-09-08T10:40:00,77.5
22338,2017-09-08T11:00:00,77.8
22339,2017-09-08T11:20:00,77.5
22340,2017-09-08T11:40:00,78.1
22341,2017-09-08T12:00:00,78.1
22342,2017-09-08T12:20:00,77.9
22343,2017-09-08T12:40:00,77
22344,2017-09-08T13:00:00,66.4
22345,2017-09-08T13:20:00,66.6
22346,2017-09-08T13:40:00,63.9
22347,2017-09-08T14:00:00,60.3
22348,2017-09-08T14:20:00,60
22349,2017-09-08T14:40:00,61.4
22350,2017-09-08T15:00:00,56.5
22351,2017-09-08T15:20:00,58.4
22352,2017-09-08T15:40:00,57.8
22353,2017-09-08T16:00:00,58.7
22354,2017-09-08T16:20:00,60.9
22355,2017-09-08T16:40:00,63.6
22356,2017-09-08T17:00:00,64.9
22357,2017-09-08T17:20:00,64.7
22358,2017-09-08T17:40:00,65.5
22359,2017-09-08T18:00:00,66
22360,2017-09-08T18:20:00,68.3
22361,2017-09-08T18:45:00,68.5
22362,2017-09-08T19:05:00,68.8
22363,2017-09-08T19:25:00,69.4
22364,2017-09-08T19:45:00,70.1
22365,2017-09-08T20:05:00,70.4
22366,2017-09-08T20:25:00,70.8
22367,2017-09-08T20:45:00,70.8
22368,2017-09-08T21:05:00,71.3
22369,2017-09-08T21:25:00,71.2
22370,2017-09-08T21:45:00,70.8
22371,2017-09-08T22:05:00,71
22372,2017-09-08T22:25:00,70.8
22373,2017-09-08T22:45:00,71.6
22374,2017-09-08T23:05:00,72.7
22375,2017-09-08T23:25:00,73.7
22376,2017-09-08T23:45:00,73.8
22377,2017-09-09T00:05:00,75.1
22378,2017-09-09T00:25:00,76.2
22379,2017-09-09T00:45:00,76.4
22380,2017-09-09T01:05:00,76.8
22381,2017-09-09T01:25:00,76.4
22382,2017-09-09T01:45:00,76.2
22383,2017-09-09T02:05:00,75.1
22384,2017-09-09T02:25:00,74.5
22385,2017-09-09T02:45:00,74
22386,2017-09-09T03:05:00,73.5
22387,2017-09-09T03:25:00,73.7
22388,2017-09-09T03:45:00,73.8
22389,2017-09-09T04:05:00,74.5
22390,2017-09-09T04:25:00,74.2
22391,2017-09-09T04:45:00,75.6
22392,2017-09-09T05:05:00,74.3
22393,2017-09-09T05:25:00,71.9
22394,2017-09-09T05:45:00,71.2
22395,2017-09-09T06:10:00,70.7
22396,2017-09-09T06:30:00,71.8
22397,2017-09-09T06:50:00,64.7
22398,2017-09-09T07:10:00,66.7
22399,2017-09-09T07:30:00,67.5
22400,2017-09-09T07:50:00,68.8
22401,2017-09-09T08:10:00,67.1
22402,2017-09-09T08:30:00,63.9
22403,2017-09-09T08:50:00,61.4
22404,2017-09-09T09:10:00,60.3
22405,2017-09-09T09:30:00,59.8
22406,2017-09-09T09:50:00,61.2
22407,2017-09-09T10:10:00,63
22408,2017-09-09T10:30:00,64.1
22409,2017-09-09T10:50:00,65.3
22410,2017-09-09T11:10:00,62.3
22411,2017-09-09T11:30:00,61.7
22412,2017-09-09T11:50:00,66.4
22413,2017-09-09T12:10:00,65.2
22414,2017-09-09T12:30:00,67.7
22415,2017-09-09T12:50:00,68
22416,2017-09-09T13:10:00,68
22417,2017-09-09T13:30:00,68
22418,2017-09-09T13:50:00,67.4
22419,2017-09-09T14:10:00,64.1
22420,2017-09-09T14:30:00,67.7
22421,2017-09-09T14:50:00,66.3
22422,2017-09-09T15:10:00,66.7
22423,2017-09-09T15:30:00,62.5
22424,2017-09-09T15:50:00,63.9
22425,2017-09-09T16:10:00,59.2
22426,2017-09-09T16:30:00,56.8
22427,2017-09-09T16:50:00,58.1
22428,2017-09-09T17:15:00,62
22429,2017-09-09T17:35:00,64.4
22430,2017-09-09T17:55:00,66
22431,2017-09-09T18:15:00,67.4
22432,2017-09-09T18:35:00,67.7
22433,2017-09-09T18:55:00,67.8
22434,2017-09-09T19:15:00,69.4
22435,2017-09-09T19:35:00,69.9
22436,2017-09-09T19:55:00,70.1
22437,2017-09-09T20:15:00,70.5
22438,2017-09-09T20:35:00,71.6
22439,2017-09-09T20:55:00,71.6
22440,2017-09-09T21:15:00,72.3
22441,2017-09-09T21:35:00,72.1
22442,2017-09-09T21:55:00,72.3
22443,2017-09-09T22:15:00,72.4
22444,2017-09-09T22:35:00,72.4
22445,2017-09-09T22:55:00,72.1
22446,2017-09-09T23:15:00,72.9
22447,2017-09-09T23:35:00,73.2
22448,2017-09-09T23:55:00,73.2
22449,2017-09-10T00:15:00,73.2
22450,2017-09-10T00:35:00,72.6
22451,2017-09-10T00:55:00,72.6
22452,2017-09-10T01:15:00,72.3
22453,2017-09-10T01:35:00,72.4
22454,2017-09-10T01:55:00,71.8
22455,2017-09-10T02:15:00,71.9
22456,2017-09-10T02:35:00,73
22457,2017-09-10T02:55:00,71.8
22458,2017-09-10T03:15:00,73
22459,2017-09-10T03:35:00,72.7
22460,2017-09-10T03:55:00,72.3
22461,2017-09-10T04:15:00,71.9
22462,2017-09-10T04:40:00,71.8
22463,2017-09-10T05:00:00,69.7
22464,2017-09-10T05:20:00,63.9
22465,2017-09-10T05:40:00,61.2
22466,2017-09-10T06:00:00,57.6
22467,2017-09-10T06:20:00,53.8
22468,2017-09-10T06:40:00,55.1
22469,2017-09-10T07:00:00,55.5
22470,2017-09-10T07:20:00,53
22471,2017-09-10T07:40:00,52.2
22472,2017-09-10T08:00:00,51.1
22473,2017-09-10T08:20:00,50.3
22474,2017-09-10T08:40:00,49.1
22475,2017-09-10T09:00:00,48.1
22476,2017-09-10T09:20:00,53.8
22477,2017-09-10T09:40:00,52.6
22478,2017-09-10T10:00:00,57.4
22479,2017-10-24T08:45:00,71.6
22480,2017-10-24T09:05:00,70.2
22481,2017-10-24T09:25:00,70.5
22482,2017-10-24T09:45:00,70.1
22483,2017-10-24T10:05:00,69.1
22484,2017-10-24T10:25:00,70.7
22485,2017-10-24T10:45:00,70.8
22486,2017-10-24T11:05:00,72.3
22487,2017-10-24T11:25:00,70.8
22488,2017-10-24T11:45:00,71
22489,2017-10-24T12:05:00,69.9
22490,2017-10-24T12:25:00,72.4
22491,2017-10-24T12:45:00,73.8
22492,2017-10-24T13:05:00,74.3
22493,2017-10-24T13:25:00,74.6
22494,2017-10-24T13:45:00,75.3
22495,2017-10-24T14:05:00,75.7
22496,2017-10-24T14:25:00,75.7
22497,2017-10-24T14:45:00,76
22498,2017-10-24T15:05:00,75.7
22499,2017-10-24T15:25:00,76.8
22500,2017-10-24T15:45:00,76.7
22501,2017-10-24T16:05:00,76.8
22502,2017-10-24T16:25:00,77
22503,2017-10-24T16:45:00,77
22504,2017-10-24T17:05:00,77.1
22505,2017-10-24T17:25:00,77.5
22506,2017-10-24T17:45:00,77.9
22507,2017-10-24T18:05:00,77.8
22508,2017-10-24T18:30:00,78.1
22509,2017-10-24T18:50:00,78.1
22510,2017-10-24T19:10:00,78.1
22511,2017-10-24T19:30:00,78.3
22512,2017-10-24T19:50:00,78.3
22513,2017-10-24T20:10:00,78.3
22514,2017-10-24T20:30:00,78.3
22515,2017-10-24T20:50:00,78.4
22516,2017-10-24T21:10:00,78.7
22517,2017-10-24T21:30:00,78.6
22518,2017-10-24T21:50:00,79
22519,2017-10-24T22:10:00,78.9
22520,2017-10-24T22:30:00,79.5
22521,2017-10-24T22:50:00,78.9
22522,2017-10-24T23:10:00,78.4
22523,2017-10-24T23:30:00,77.9
22524,2017-10-24T23:50:00,77.8
22525,2017-10-25T00:10:00,77.3
22526,2017-10-25T00:30:00,76.8
22527,2017-10-25T00:50:00,77
22528,2017-10-25T01:10:00,76
22529,2017-10-25T01:30:00,75.4
22530,2017-10-25T01:50:00,74
22531,2017-10-25T02:10:00,72.6
22532,2017-10-25T02:30:00,72.3
22533,2017-10-25T02:50:00,71.6
22534,2017-10-25T03:10:00,72.4
22535,2017-10-25T03:30:00,72.1
22536,2017-10-25T03:50:00,72.1
22537,2017-10-25T04:10:00,72.1
22538,2017-10-25T04:30:00,72.7
22539,2017-10-25T04:50:00,73
22540,2017-10-25T05:10:00,74
22541,2017-10-25T05:30:00,75.1
22542,2017-10-25T05:55:00,75.6
22543,2017-10-25T06:15:00,75.7
22544,2017-10-25T06:35:00,76
22545,2017-10-25T06:55:00,77.3
22546,2017-10-25T07:15:00,77.6
22547,2017-10-25T07:35:00,77.8
22548,2017-10-25T07:55:00,78.1
22549,2017-10-25T08:15:00,77.6
22550,2017-10-25T08:35:00,77.8
22551,2017-10-25T08:55:00,76.8
22552,2017-10-25T09:15:00,77.6
22553,2017-10-25T09:35:00,78.1
22554,2017-10-25T09:55:00,78.6
22555,2017-10-25T10:15:00,74
22556,2017-10-25T10:35:00,74.9
22557,2017-10-25T10:55:00,71.9
22558,2017-10-25T11:15:00,69.9
22559,2017-10-25T11:35:00,68.2
22560,2017-10-25T11:55:00,64.1
22561,2017-10-25T12:15:00,63.9
22562,2017-10-25T12:35:00,62.6
22563,2017-10-25T12:55:00,53.8
22564,2017-10-25T13:15:00,60.4
22565,2017-10-25T13:35:00,59.2
22566,2017-10-25T13:55:00,54.1
22567,2017-10-25T14:15:00,53.2
22568,2017-10-25T14:35:00,55.2
22569,2017-10-25T14:55:00,58.1
22570,2017-10-25T15:15:00,61.2
22571,2017-10-25T15:35:00,64.7
22572,2017-10-25T15:55:00,65.8
22573,2017-10-25T16:15:00,65.6
22574,2017-10-25T16:35:00,66.6
22575,2017-10-25T16:55:00,67.1
22576,2017-10-25T17:20:00,68
22577,2017-10-25T17:40:00,68.5
22578,2017-10-25T18:00:00,70.1
22579,2017-10-25T18:20:00,70.1
22580,2017-10-25T18:40:00,70.4
22581,2017-10-25T19:00:00,69.7
22582,2017-10-25T19:20:00,69.3
22583,2017-10-25T19:40:00,69.6
22584,2017-10-25T20:00:00,68.6
22585,2017-10-25T20:20:00,67.7
22586,2017-10-25T20:40:00,68.6
22587,2017-10-25T21:00:00,68.5
22588,2017-10-25T21:20:00,69.1
22589,2017-10-25T21:40:00,70.2
22590,2017-10-25T22:00:00,70.2
22591,2017-10-25T22:20:00,69.9
22592,2017-10-25T22:40:00,69.7
22593,2017-10-25T23:00:00,69.1
22594,2017-10-25T23:20:00,68.5
22595,2017-10-25T23:40:00,69.1
22596,2017-10-26T00:00:00,68.5
22597,2017-10-26T00:20:00,68.8
22598,2017-10-26T00:40:00,68.2
22599,2017-10-26T01:00:00,68.2
22600,2017-10-26T01:20:00,68.3
22601,2017-10-26T01:40:00,67.5
22602,2017-10-26T02:00:00,68.2
22603,2017-10-26T02:20:00,68.3
22604,2017-10-26T02:40:00,68.2
22605,2017-10-26T03:00:00,68.9
22606,2017-10-26T03:20:00,69.3
22607,2017-10-26T03:40:00,69.9
22608,2017-10-26T04:00:00,69.3
22609,2017-10-26T04:20:00,68.6
22610,2017-10-26T04:45:00,68.3
22611,2017-10-26T05:05:00,67.7
22612,2017-10-26T05:25:00,67.8
22613,2017-10-26T05:45:00,68
22614,2017-10-26T06:05:00,68.2
22615,2017-10-26T06:25:00,67.5
22616,2017-10-26T06:45:00,68.3
22617,2017-10-26T07:05:00,68.3
22618,2017-10-26T07:25:00,68.2
22619,2017-10-26T07:45:00,68.2
22620,2017-10-26T08:05:00,67.1
22621,2017-10-26T08:25:00,66
22622,2017-10-26T08:45:00,66.9
22623,2017-10-26T09:05:00,65.3
22624,2017-10-26T09:25:00,64.7
22625,2017-10-26T09:45:00,65.8
22626,2017-10-26T10:05:00,61.9
22627,2017-10-26T10:25:00,62.5
22628,2017-10-26T10:45:00,57.4
22629,2017-10-26T11:05:00,59.5
22630,2017-10-26T11:25:00,55.5
22631,2017-10-26T11:45:00,49.9
22632,2017-10-26T12:05:00,53.5
22633,2017-10-26T12:25:00,51.4
22634,2017-10-26T12:45:00,52.2
22635,2017-10-26T13:05:00,55.7
22636,2017-10-26T13:25:00,57.9
22637,2017-10-26T13:45:00,55.4
22638,2017-10-26T14:05:00,54.1
22639,2017-10-26T14:25:00,59.5
22640,2017-10-26T14:45:00,61.2
22641,2017-10-26T15:05:00,62.5
22642,2017-10-26T15:25:00,63.7
22643,2017-10-26T15:45:00,64.5
22644,2017-10-26T16:10:00,64.4
22645,2017-10-26T16:30:00,66.3
22646,2017-10-26T16:50:00,66.1
22647,2017-10-26T17:10:00,67.7
22648,2017-10-26T17:30:00,67.2
22649,2017-10-26T17:50:00,67.8
22650,2017-10-26T18:10:00,68.6
22651,2017-10-26T18:30:00,68
22652,2017-10-26T18:50:00,68.2
22653,2017-10-26T19:10:00,67.1
22654,2017-10-26T19:30:00,68.5
22655,2017-10-26T19:50:00,66.1
22656,2017-10-26T20:10:00,65.3
22657,2017-10-26T20:30:00,65.5
22658,2017-10-26T20:50:00,64.9
22659,2017-10-26T21:10:00,65.2
22660,2017-10-26T21:30:00,65.5
22661,2017-10-26T21:50:00,65.6
22662,2017-10-26T22:10:00,66
22663,2017-10-26T22:30:00,65.2
22664,2017-10-26T22:50:00,66
22665,2017-10-26T23:10:00,66.4
22666,2017-10-26T23:30:00,66.7
22667,2017-10-26T23:50:00,66
22668,2017-10-27T00:10:00,66.9
22669,2017-10-27T00:30:00,65.8
22670,2017-10-27T00:50:00,65.3
22671,2017-10-27T01:10:00,64.9
22672,2017-10-27T01:30:00,64.5
22673,2017-10-27T01:50:00,64.9
22674,2017-10-27T02:10:00,63.9
22675,2017-10-27T02:30:00,63.7
22676,2017-10-27T02:50:00,64.9
22677,2017-10-27T03:15:00,65.6
22678,2017-10-27T03:35:00,66.3
22679,2017-10-27T03:55:00,66
22680,2017-10-27T04:15:00,65.3
22681,2017-10-27T04:35:00,64.7
22682,2017-10-27T04:55:00,63.1
22683,2017-10-27T05:15:00,63.9
22684,2017-10-27T05:35:00,63.7
22685,2017-10-27T05:55:00,64.7
22686,2017-10-27T06:15:00,65.8
22687,2017-10-27T06:35:00,65.6
22688,2017-10-27T06:55:00,58.1
22689,2017-10-27T07:15:00,62.3
22690,2017-10-27T07:35:00,57
22691,2017-10-27T07:55:00,49.9
22692,2017-10-27T08:15:00,49.7
22693,2017-10-27T08:35:00,46.1
22694,2017-10-27T08:55:00,44.2
22695,2017-10-27T09:15:00,44.2
22696,2017-10-27T09:35:00,42.1
22697,2017-10-27T09:55:00,41.7
22698,2017-10-27T10:15:00,42
22699,2017-10-27T10:35:00,43.9
22700,2017-10-27T10:55:00,44.2
22701,2017-10-27T11:15:00,40.4
22702,2017-10-27T11:35:00,48.1
22703,2017-10-27T11:55:00,48.9
22704,2017-10-27T12:15:00,49.9
22705,2017-10-27T12:35:00,46.9
22706,2017-10-27T12:55:00,47.2
22707,2017-10-27T13:15:00,44.2
22708,2017-10-27T13:35:00,45.3
22709,2017-10-27T13:55:00,48.3
22710,2017-10-27T14:15:00,49.9
22711,2017-10-27T14:40:00,51.6
22712,2017-10-27T15:00:00,52.7
22713,2017-10-27T15:20:00,54
22714,2017-10-27T15:40:00,54
22715,2017-10-27T16:00:00,53.7
22716,2017-10-27T16:20:00,53.7
22717,2017-10-27T16:40:00,54
22718,2017-10-27T17:00:00,55.2
22719,2017-10-27T17:20:00,57.4
22720,2017-10-27T17:40:00,58.2
22721,2017-10-27T18:00:00,58.2
22722,2017-10-27T18:20:00,58.5
22723,2017-10-27T18:40:00,58.4
22724,2017-10-27T19:00:00,58.7
22725,2017-10-27T19:20:00,58.1
22726,2017-10-27T19:40:00,58.7
22727,2017-10-27T20:00:00,57.6
22728,2017-10-27T20:20:00,58.9
22729,2017-10-27T20:40:00,59
22730,2017-10-27T21:00:00,59.2
22731,2017-10-27T21:20:00,59.6
22732,2017-10-27T21:40:00,59.6
22733,2017-10-27T22:00:00,59.3
22734,2017-10-27T22:20:00,58.2
22735,2017-10-27T22:40:00,56.5
22736,2017-10-27T23:00:00,56.5
22737,2017-10-27T23:20:00,57.6
22738,2017-10-27T23:40:00,60.3
22739,2017-10-28T00:00:00,60
22740,2017-10-28T00:20:00,60.8
22741,2017-10-28T00:40:00,59
22742,2017-10-28T01:00:00,56.3
22743,2017-10-28T01:20:00,54.9
22744,2017-10-28T01:40:00,54.3
22745,2017-10-28T02:05:00,55.4
22746,2017-10-28T02:25:00,54.4
22747,2017-10-28T02:45:00,54
22748,2017-10-28T03:05:00,54.3
22749,2017-10-28T03:25:00,53.2
22750,2017-10-28T03:45:00,51.6
22751,2017-10-28T04:05:00,53
22752,2017-10-28T04:25:00,55.1
22753,2017-10-28T04:45:00,56.7
22754,2017-10-28T05:05:00,56.8
22755,2017-10-28T05:25:00,58.4
22756,2017-10-28T05:45:00,58.7
22757,2017-10-28T06:05:00,59
22758,2017-10-28T06:25:00,61.4
22759,2017-10-28T06:45:00,62.6
22760,2017-10-28T07:05:00,62.6
22761,2017-10-28T07:25:00,63.6
22762,2017-10-28T07:45:00,64.9
22763,2017-10-28T08:05:00,64.1
22764,2017-10-28T08:25:00,63
22765,2017-10-28T08:45:00,62.6
22766,2017-10-28T09:05:00,61.5
22767,2017-10-28T09:25:00,63
22768,2017-10-28T09:45:00,63.7
22769,2017-10-28T10:05:00,61.5
22770,2017-10-28T10:25:00,57.4
22771,2017-10-28T10:45:00,60
22772,2017-10-28T11:05:00,60
22773,2017-10-28T11:25:00,62.3
22774,2017-10-28T11:45:00,60
22775,2017-10-28T12:05:00,54.4
22776,2017-10-28T12:25:00,57.4
22777,2017-10-28T12:45:00,52.4
22778,2017-10-28T13:05:00,55.7
22779,2017-10-28T13:30:00,53.8
22780,2017-10-28T13:50:00,54.4
22781,2017-10-28T14:10:00,55.5
22782,2017-10-28T14:30:00,57.3
22783,2017-10-28T14:50:00,58.5
22784,2017-10-28T15:10:00,58.9
22785,2017-10-28T15:30:00,59.6
22786,2017-10-28T15:50:00,60
22787,2017-10-28T16:10:00,62
22788,2017-10-28T16:30:00,62
22789,2017-10-28T16:50:00,62.5
22790,2017-10-28T17:50:00,62.3
22791,2017-10-28T18:10:00,62.3
22792,2017-10-28T18:30:00,61.9
22793,2017-10-28T18:50:00,61.1
22794,2017-10-28T19:10:00,61.2
22795,2017-10-28T19:30:00,61.2
22796,2017-10-28T19:50:00,61.7
22797,2017-10-28T20:10:00,60.4
22798,2017-10-28T20:30:00,60.4
22799,2017-10-28T20:50:00,61.1
22800,2017-10-28T21:10:00,63.4
22801,2017-10-28T21:30:00,66
22802,2017-10-28T21:50:00,66.3
22803,2017-10-28T22:10:00,64.2
22804,2017-10-28T22:30:00,64.5
22805,2017-10-28T22:50:00,64.9
22806,2017-10-28T23:10:00,64.4
22807,2017-10-28T23:30:00,63.6
22808,2017-10-28T23:50:00,60.3
22809,2017-10-29T00:10:00,57.9
22810,2017-10-29T00:35:00,57.3
22811,2017-10-29T00:55:00,53.3
22812,2017-10-29T01:15:00,58.1
22813,2017-10-29T01:35:00,57.9
22814,2017-10-29T01:55:00,56.8
22815,2017-10-29T02:15:00,57
22816,2017-10-29T02:35:00,58.2
22817,2017-10-29T02:55:00,57.3
22818,2017-10-29T03:15:00,55.7
22819,2017-10-29T03:35:00,58.2
22820,2017-10-29T03:55:00,58.5
22821,2017-10-29T04:15:00,58.7
22822,2017-10-29T04:35:00,58.7
22823,2017-10-29T04:55:00,57.9
22824,2017-10-29T05:15:00,56.7
22825,2017-10-29T05:35:00,54.8
22826,2017-10-29T05:55:00,54.8
22827,2017-10-29T06:15:00,53.7
22828,2017-10-29T06:35:00,53.8
22829,2017-10-29T06:55:00,54.3
22830,2017-10-29T07:15:00,54.6
22831,2017-10-29T07:35:00,52.9
22832,2017-10-29T07:55:00,53.2
22833,2017-10-29T08:15:00,45.1
22834,2017-10-29T08:35:00,45.6
22835,2017-10-29T08:55:00,42
22836,2017-10-29T09:15:00,38.7
22837,2017-10-29T09:35:00,37.3
22838,2017-10-29T09:55:00,37.1
22839,2017-10-29T10:15:00,34.7
22840,2017-10-29T10:35:00,33.6
22841,2017-10-29T10:55:00,32.5
22842,2017-10-29T11:15:00,31.7
22843,2017-10-29T11:35:00,30.8
22844,2017-10-29T12:00:00,28.6
22845,2017-10-29T12:20:00,29.4
22846,2017-10-29T12:40:00,28.1
22847,2017-10-29T13:00:00,27.8
22848,2017-10-29T13:20:00,26.9
22849,2017-10-29T13:40:00,27.3
22850,2017-10-29T14:00:00,28.1
22851,2017-10-29T14:20:00,28.3
22852,2017-10-29T14:40:00,30
22853,2017-10-29T15:00:00,31.3
22854,2017-10-29T15:20:00,33.8
22855,2017-10-29T15:40:00,36.2
22856,2017-10-29T16:00:00,37.4
22857,2017-10-29T16:20:00,39.2
22858,2017-10-29T16:40:00,41
22859,2017-10-29T17:00:00,42.3
22860,2017-10-29T17:20:00,42.5
22861,2017-10-29T17:40:00,43.1
22862,2017-10-29T18:00:00,43.6
22863,2017-10-29T18:20:00,44.4
22864,2017-10-29T18:40:00,44.5
22865,2017-10-29T19:00:00,45.8
22866,2017-10-29T19:20:00,45.3
22867,2017-10-29T19:40:00,45.3
22868,2017-10-29T20:00:00,44.8
22869,2017-10-29T20:20:00,44.4
22870,2017-10-29T20:40:00,45.5
22871,2017-10-29T21:00:00,44
22872,2017-10-29T21:20:00,43.3
22873,2017-10-29T21:40:00,43.1
22874,2017-10-29T22:00:00,42.9
22875,2017-10-29T22:20:00,42.9
22876,2017-10-29T22:40:00,42.1
22877,2017-10-29T23:00:00,42.6
22878,2017-10-29T23:25:00,42.5
22879,2017-10-29T23:45:00,42.9
22880,2017-10-30T00:05:00,42.9
22881,2017-10-30T00:25:00,43.3
22882,2017-10-30T00:45:00,42.3
22883,2017-10-30T01:05:00,42.5
22884,2017-10-30T01:25:00,42.1
22885,2017-10-30T01:45:00,42.6
22886,2017-10-30T02:05:00,42.5
22887,2017-10-30T02:25:00,42.8
22888,2017-10-30T02:45:00,42.8
22889,2017-10-30T03:05:00,43.7
22890,2017-10-30T03:25:00,43.7
22891,2017-10-30T03:45:00,43.3
22892,2017-10-30T04:05:00,44.2
22893,2017-10-30T04:25:00,44.4
22894,2017-10-30T04:45:00,45
22895,2017-10-30T05:05:00,45.8
22896,2017-10-30T05:25:00,45.9
22897,2017-10-30T05:45:00,46.7
22898,2017-10-30T06:05:00,46.7
22899,2017-10-30T06:25:00,46.1
22900,2017-10-30T06:45:00,43.9
22901,2017-10-30T07:05:00,45.8
22902,2017-10-30T07:25:00,37.7
22903,2017-10-30T07:45:00,37.3
22904,2017-10-30T08:05:00,37.6
22905,2017-10-30T08:25:00,35.2
22906,2017-10-30T08:45:00,32.5
22907,2017-10-30T09:05:00,31.9
22908,2017-10-30T09:25:00,30.2
22909,2017-10-30T09:45:00,31.3
22910,2017-10-30T10:05:00,30.8
22911,2017-10-30T10:25:00,28.6
22912,2017-10-30T10:50:00,28.6
22913,2017-10-30T11:10:00,27.8
22914,2017-10-30T11:30:00,27.5
22915,2017-10-30T11:50:00,26.9
22916,2017-10-30T12:10:00,26.9
22917,2017-10-30T12:30:00,27.2
22918,2017-10-30T12:50:00,25.1
22919,2017-10-30T13:10:00,24.8
22920,2017-10-30T13:30:00,29.1
22921,2017-10-30T13:50:00,30.6
22922,2017-10-30T14:10:00,29.7
22923,2017-10-30T14:30:00,31.9
22924,2017-10-30T14:50:00,34.1
22925,2017-10-30T15:10:00,36.6
22926,2017-10-30T15:30:00,38.2
22927,2017-10-30T15:50:00,40.3
22928,2017-10-30T16:10:00,41
22929,2017-10-30T16:30:00,41.7
22930,2017-10-30T16:50:00,42.9
22931,2017-10-30T17:10:00,43.3
22932,2017-10-30T17:30:00,44.4
22933,2017-10-30T17:50:00,46.4
22934,2017-10-30T18:10:00,45.3
22935,2017-10-30T18:30:00,44.4
22936,2017-10-30T18:50:00,48.8
22937,2017-10-30T19:10:00,50.3
22938,2017-10-30T19:30:00,50
22939,2017-10-30T19:50:00,51.1
22940,2017-10-30T20:10:00,50.7
22941,2017-10-30T20:30:00,51.1
22942,2017-10-30T20:50:00,52.1
22943,2017-10-30T21:10:00,53.7
22944,2017-10-30T21:30:00,54.1
22945,2017-10-30T21:50:00,54.6
22946,2017-10-30T22:15:00,53.3
22947,2017-10-30T22:35:00,52.7
22948,2017-10-30T22:55:00,54.4
22949,2017-10-30T23:15:00,60.1
22950,2017-10-30T23:35:00,58.4
22951,2017-10-30T23:55:00,58.7
22952,2017-10-31T00:15:00,59.3
22953,2017-10-31T00:35:00,60.9
22954,2017-10-31T00:55:00,60
22955,2017-10-31T01:15:00,60.1
22956,2017-10-31T01:35:00,61.1
22957,2017-10-31T01:55:00,61.4
22958,2017-10-31T02:15:00,64.2
22959,2017-10-31T02:35:00,63.1
22960,2017-10-31T02:55:00,62.5
22961,2017-10-31T03:15:00,61.9
22962,2017-10-31T03:35:00,62.6
22963,2017-10-31T03:55:00,62.6
22964,2017-10-31T04:15:00,63.1
22965,2017-10-31T04:35:00,64.5
22966,2017-10-31T04:55:00,64.1
22967,2017-10-31T05:15:00,65
22968,2017-10-31T05:35:00,64.4
22969,2017-10-31T05:55:00,65.8
22970,2017-10-31T06:15:00,64.9
22971,2017-10-31T06:35:00,66.1
22972,2017-10-31T06:55:00,65.8
22973,2017-10-31T07:15:00,64.5
22974,2017-10-31T07:35:00,63.7
22975,2017-10-31T07:55:00,61.2
22976,2017-10-31T08:15:00,59.8
22977,2017-10-31T08:35:00,58.2
22978,2017-10-31T08:55:00,58.1
22979,2017-10-31T09:20:00,58.7
22980,2017-10-31T09:40:00,57.9
22981,2017-10-31T10:00:00,56
22982,2017-10-31T10:20:00,54.9
22983,2017-10-31T10:40:00,54.3
22984,2017-10-31T11:00:00,54.9
22985,2017-10-31T11:20:00,54.6
22986,2017-10-31T11:40:00,55.9
22987,2017-10-31T12:00:00,55.1
22988,2017-10-31T12:20:00,54.8
22989,2017-10-31T12:40:00,56.2
22990,2017-10-31T13:00:00,56.7
22991,2017-10-31T13:20:00,57.1
22992,2017-10-31T13:40:00,58.7
22993,2017-10-31T14:00:00,59.5
22994,2017-10-31T14:20:00,58.9
22995,2017-10-31T14:40:00,62.5
22996,2017-10-31T15:00:00,63.3
22997,2017-10-31T15:20:00,64.4
22998,2017-10-31T15:40:00,64.7
22999,2017-10-31T16:00:00,64.7
23000,2017-10-31T16:20:00,62.6
23001,2017-10-31T16:40:00,63.7
23002,2017-10-31T17:00:00,64.2
23003,2017-10-31T17:20:00,63.9
23004,2017-10-31T17:40:00,63.1
23005,2017-10-31T18:00:00,63
23006,2017-10-31T18:20:00,62.5
23007,2017-10-31T18:40:00,62.5
23008,2017-10-31T19:00:00,63.1
23009,2017-10-31T19:20:00,62.8
23010,2017-10-31T19:40:00,62.8
23011,2017-10-31T20:00:00,62.8
23012,2017-10-31T20:20:00,64.1
23013,2017-10-31T20:45:00,63.9
23014,2017-10-31T21:05:00,64.2
23015,2017-10-31T21:25:00,64.7
23016,2017-10-31T21:45:00,66.7
23017,2017-10-31T22:05:00,66.9
23018,2017-10-31T22:25:00,66.3
23019,2017-10-31T22:45:00,67.5
23020,2017-10-31T23:05:00,68.5
23021,2017-10-31T23:25:00,69.6
23022,2017-10-31T23:45:00,70.5
23023,2017-11-01T00:05:00,71.2
23024,2017-11-01T00:25:00,71
23025,2017-11-01T00:45:00,71.6
23026,2017-11-01T01:05:00,71.9
23027,2017-11-01T01:25:00,72.6
23028,2017-11-01T01:45:00,72.7
23029,2017-11-01T02:05:00,72.6
23030,2017-11-01T02:25:00,71.6
23031,2017-11-01T02:45:00,71.5
23032,2017-11-01T03:05:00,72.1
23033,2017-11-01T03:25:00,73.4
23034,2017-11-01T03:45:00,74.2
23035,2017-11-01T04:05:00,74
23036,2017-11-01T04:25:00,75.1
23037,2017-11-01T04:45:00,74.2
23038,2017-11-01T05:05:00,72.6
23039,2017-11-01T05:25:00,73.8
23040,2017-11-01T05:45:00,74
23041,2017-11-01T06:05:00,73.7
23042,2017-11-01T06:25:00,70.5
23043,2017-11-01T06:45:00,71
23044,2017-11-01T07:05:00,69.6
23045,2017-11-01T07:25:00,69.4
23046,2017-11-01T07:45:00,69.3
23047,2017-11-01T08:10:00,70.2
23048,2017-11-01T08:30:00,69.7
23049,2017-11-01T08:50:00,69.4
23050,2017-11-01T09:10:00,68.9
23051,2017-11-01T09:30:00,69.6
23052,2017-11-01T09:50:00,68.9
23053,2017-11-01T10:10:00,69.4
23054,2017-11-01T10:30:00,70.2
23055,2017-11-01T10:50:00,70.2
23056,2017-11-01T11:10:00,69.9
23057,2017-11-01T11:30:00,68.8
23058,2017-11-01T11:50:00,69.1
23059,2017-11-01T12:10:00,70.8
23060,2017-11-01T12:30:00,70.4
23061,2017-11-01T12:50:00,72.3
23062,2017-11-01T13:10:00,71.3
23063,2017-11-01T13:30:00,68.6
23064,2017-11-01T13:50:00,68.8
23065,2017-11-01T14:10:00,68.2
23066,2017-11-01T14:30:00,66.7
23067,2017-11-01T14:50:00,67.4
23068,2017-11-01T15:10:00,67.4
23069,2017-11-01T15:30:00,66.9
23070,2017-11-01T15:50:00,67.4
23071,2017-11-01T16:10:00,66.7
23072,2017-11-01T16:30:00,67.1
23073,2017-11-01T16:50:00,67.1
23074,2017-11-01T17:10:00,67.2
23075,2017-11-01T17:30:00,66.9
23076,2017-11-01T17:50:00,66.3
23077,2017-11-01T18:10:00,67.2
23078,2017-11-01T18:30:00,67.2
23079,2017-11-01T18:50:00,68
23080,2017-11-01T19:10:00,71.9
23081,2017-11-01T19:35:00,70.5
23082,2017-11-01T19:55:00,70.5
23083,2017-11-01T20:15:00,70.7
23084,2017-11-01T20:35:00,71.2
23085,2017-11-01T20:55:00,72.9
23086,2017-11-01T21:15:00,72.9
23087,2017-11-01T21:35:00,72.7
23088,2017-11-01T21:55:00,72.6
23089,2017-11-01T22:15:00,72.1
23090,2017-11-01T22:35:00,71.9
23091,2017-11-01T22:55:00,72.7
23092,2017-11-01T23:15:00,74.2
23093,2017-11-01T23:35:00,73.4
23094,2017-11-01T23:55:00,72.1
23095,2017-11-02T00:15:00,72.6
23096,2017-11-02T00:35:00,72.3
23097,2017-11-02T00:55:00,72.6
23098,2017-11-02T01:15:00,73
23099,2017-11-02T01:35:00,72.6
23100,2017-11-02T01:55:00,72.7
23101,2017-11-02T02:15:00,72.4
23102,2017-11-02T02:35:00,72.1
23103,2017-11-02T02:55:00,70.7
23104,2017-11-02T03:55:00,70.1
23105,2017-11-02T04:15:00,67.5
23106,2017-11-02T04:35:00,66.6
23107,2017-11-02T04:55:00,66.1
23108,2017-11-02T05:15:00,66.4
23109,2017-11-02T05:35:00,67.8
23110,2017-11-02T05:55:00,65.2
23111,2017-11-02T06:15:00,65.6
23112,2017-11-02T06:40:00,66
23113,2017-11-02T07:00:00,64.9
23114,2017-11-02T07:20:00,63.4
23115,2017-11-02T07:40:00,63
23116,2017-11-02T08:00:00,60.9
23117,2017-11-02T08:20:00,57.3
23118,2017-11-02T08:40:00,60.4
23119,2017-11-02T09:00:00,60.4
23120,2017-11-02T09:20:00,61.1
23121,2017-11-02T09:40:00,61.7
23122,2017-11-02T10:00:00,61.9
23123,2017-11-02T10:20:00,63.7
23124,2017-11-02T10:40:00,63.1
23125,2017-11-02T11:00:00,62
23126,2017-11-02T11:20:00,61.4
23127,2017-11-02T11:40:00,60.6
23128,2017-11-02T12:00:00,60.1
23129,2017-11-02T12:20:00,58.4
23130,2017-11-02T12:40:00,59.3
23131,2017-11-02T13:00:00,57.1
23132,2017-11-02T13:20:00,58.2
23133,2017-11-02T13:40:00,59.2
23134,2017-11-02T14:00:00,59.3
23135,2017-11-02T14:20:00,60.1
23136,2017-11-02T14:40:00,60.9
23137,2017-11-02T15:00:00,61.1
23138,2017-11-02T15:20:00,62
23139,2017-11-02T15:40:00,62.6
23140,2017-11-02T16:00:00,63.9
23141,2017-11-02T16:20:00,66.3
23142,2017-11-02T16:40:00,66.4
23143,2017-11-02T17:00:00,66.3
23144,2017-11-02T17:20:00,65.5
23145,2017-11-02T17:40:00,66.9
23146,2017-11-02T18:05:00,67.1
23147,2017-11-02T18:25:00,66.7
23148,2017-11-02T18:45:00,67.2
23149,2017-11-02T19:05:00,67.8
23150,2017-11-02T19:25:00,69.4
23151,2017-11-02T19:45:00,67.1
23152,2017-11-02T20:05:00,67.2
23153,2017-11-02T20:25:00,67.2
23154,2017-11-02T20:45:00,66.6
23155,2017-11-02T21:05:00,66.4
23156,2017-11-02T21:25:00,67.4
23157,2017-11-02T21:45:00,66.3
23158,2017-11-02T22:05:00,65.3
23159,2017-11-07T00:50:00,61.4
23160,2017-11-02T22:25:00,66.9
23161,2017-11-02T22:45:00,67.5
23162,2017-11-02T23:05:00,66.9
23163,2017-11-02T23:25:00,66.4
23164,2017-11-02T23:45:00,68.2
23165,2017-11-03T00:05:00,67.7
23166,2017-11-03T00:25:00,66.1
23167,2017-11-03T00:45:00,66.9
23168,2017-11-03T01:05:00,67.5
23169,2017-11-03T01:25:00,68.3
23170,2017-11-03T01:45:00,67.1
23171,2017-11-03T02:05:00,66.9
23172,2017-11-03T02:25:00,67.2
23173,2017-11-03T02:45:00,65.8
23174,2017-11-03T03:05:00,66.3
23175,2017-11-03T03:25:00,64.7
23176,2017-11-03T03:45:00,64.9
23177,2017-11-03T04:05:00,63.9
23178,2017-11-03T04:25:00,63
23179,2017-11-03T04:45:00,63.4
23180,2017-11-03T05:05:00,63.6
23181,2017-11-03T05:30:00,64.7
23182,2017-11-03T05:50:00,62.6
23183,2017-11-03T06:10:00,61.7
23184,2017-11-03T06:30:00,61.4
23185,2017-11-03T06:50:00,60.9
23186,2017-11-03T07:10:00,60.9
23187,2017-11-03T07:30:00,60.4
23188,2017-11-03T07:50:00,60.3
23189,2017-11-03T08:10:00,60.9
23190,2017-11-03T08:30:00,60.4
23191,2017-11-03T08:50:00,59.2
23192,2017-11-03T09:10:00,54.9
23193,2017-11-03T09:30:00,57
23194,2017-11-03T09:50:00,58.1
23195,2017-11-03T10:10:00,58.1
23196,2017-11-03T10:30:00,58.4
23197,2017-11-03T10:50:00,57.4
23198,2017-11-03T11:10:00,57.3
23199,2017-11-03T11:30:00,56.3
23200,2017-11-03T11:50:00,56
23201,2017-11-03T12:10:00,56
23202,2017-11-03T12:30:00,55.4
23203,2017-11-03T12:50:00,54.3
23204,2017-11-03T13:10:00,53.2
23205,2017-11-03T13:30:00,51.3
23206,2017-11-03T13:50:00,51.3
23207,2017-11-03T14:10:00,52.6
23208,2017-11-03T14:30:00,54.3
23209,2017-11-03T14:50:00,56.3
23210,2017-11-03T15:10:00,57.3
23211,2017-11-03T15:30:00,58.9
23212,2017-11-03T15:50:00,60.8
23213,2017-11-03T16:10:00,63.6
23214,2017-11-03T16:30:00,68.8
23215,2017-11-03T16:55:00,70.5
23216,2017-11-03T17:15:00,69.9
23217,2017-11-03T17:35:00,68.8
23218,2017-11-03T17:55:00,67.1
23219,2017-11-03T18:15:00,66.1
23220,2017-11-03T18:35:00,67.1
23221,2017-11-03T18:55:00,67.7
23222,2017-11-03T19:15:00,68.9
23223,2017-11-03T19:35:00,69.4
23224,2017-11-03T19:55:00,69.3
23225,2017-11-03T20:15:00,71.5
23226,2017-11-03T20:35:00,70.7
23227,2017-11-03T20:55:00,70.8
23228,2017-11-03T21:15:00,70.1
23229,2017-11-03T21:35:00,70.2
23230,2017-11-03T21:55:00,70.2
23231,2017-11-03T22:15:00,69.7
23232,2017-11-03T22:35:00,69.6
23233,2017-11-03T22:55:00,69.4
23234,2017-11-03T23:15:00,71.5
23235,2017-11-03T23:35:00,71.6
23236,2017-11-03T23:55:00,71
23237,2017-11-04T00:15:00,71.8
23238,2017-11-04T00:35:00,71.5
23239,2017-11-04T00:55:00,71.2
23240,2017-11-04T01:15:00,70.2
23241,2017-11-04T01:35:00,70.4
23242,2017-11-04T01:55:00,70.5
23243,2017-11-04T02:15:00,71.6
23244,2017-11-04T02:35:00,70.7
23245,2017-11-04T02:55:00,70.4
23246,2017-11-04T03:15:00,70.2
23247,2017-11-04T03:35:00,70.7
23248,2017-11-04T03:55:00,69.6
23249,2017-11-04T04:20:00,70.1
23250,2017-11-04T04:40:00,69.6
23251,2017-11-04T05:00:00,68.8
23252,2017-11-04T05:20:00,68
23253,2017-11-04T05:40:00,68.3
23254,2017-11-04T06:00:00,69.1
23255,2017-11-04T06:20:00,70.1
23256,2017-11-04T06:40:00,70.5
23257,2017-11-04T07:00:00,70.2
23258,2017-11-04T07:20:00,69.7
23259,2017-11-04T07:40:00,69.7
23260,2017-11-04T08:00:00,69.6
23261,2017-11-04T08:20:00,67.7
23262,2017-11-04T08:40:00,66.1
23263,2017-11-04T09:00:00,64.9
23264,2017-11-04T09:20:00,63.9
23265,2017-11-04T09:40:00,64.2
23266,2017-11-04T10:00:00,64.4
23267,2017-11-04T10:20:00,65.8
23268,2017-11-04T10:40:00,66.7
23269,2017-11-04T11:00:00,67.1
23270,2017-11-04T11:20:00,66.4
23271,2017-11-04T11:40:00,65.2
23272,2017-11-04T12:00:00,63.3
23273,2017-11-04T12:20:00,62.6
23274,2017-11-04T12:40:00,63.3
23275,2017-11-04T13:00:00,63.6
23276,2017-11-04T13:20:00,62.3
23277,2017-11-04T13:40:00,63.3
23278,2017-11-04T14:00:00,64.4
23279,2017-11-04T14:20:00,63.6
23280,2017-11-04T14:40:00,63
23281,2017-11-04T15:00:00,64.1
23282,2017-11-04T15:25:00,62.8
23283,2017-11-04T15:45:00,63.7
23284,2017-11-04T16:05:00,65.2
23285,2017-11-04T16:25:00,66.9
23286,2017-11-04T16:45:00,67.5
23287,2017-11-04T17:05:00,67.8
23288,2017-11-04T17:25:00,67.5
23289,2017-11-04T17:45:00,66.3
23290,2017-11-04T18:05:00,67.7
23291,2017-11-04T18:25:00,68.2
23292,2017-11-04T18:45:00,67.7
23293,2017-11-04T19:05:00,66.4
23294,2017-11-04T19:25:00,66.1
23295,2017-11-04T19:45:00,67.2
23296,2017-11-04T20:05:00,67.1
23297,2017-11-04T20:25:00,67.5
23298,2017-11-04T20:45:00,67.5
23299,2017-11-04T21:05:00,67.7
23300,2017-11-04T21:25:00,68.5
23301,2017-11-04T21:45:00,69.1
23302,2017-11-04T22:05:00,68.8
23303,2017-11-04T22:25:00,69.6
23304,2017-11-04T22:45:00,69.9
23305,2017-11-04T23:05:00,71.2
23306,2017-11-04T23:25:00,71.3
23307,2017-11-04T23:45:00,71.3
23308,2017-11-05T00:05:00,70.8
23309,2017-11-05T00:25:00,71
23310,2017-11-05T00:45:00,71.9
23311,2017-11-05T01:05:00,73.2
23312,2017-11-05T01:25:00,74
23313,2017-11-05T01:45:00,74.6
23314,2017-11-05T02:05:00,74.2
23315,2017-11-05T02:25:00,74.8
23316,2017-11-05T02:50:00,75.1
23317,2017-11-05T03:10:00,75.1
23318,2017-11-05T03:30:00,74.5
23319,2017-11-05T03:50:00,74
23320,2017-11-05T04:10:00,72.7
23321,2017-11-05T04:30:00,69.6
23322,2017-11-05T04:50:00,67.8
23323,2017-11-05T05:10:00,66.6
23324,2017-11-05T05:30:00,67.5
23325,2017-11-05T05:50:00,69.6
23326,2017-11-05T06:10:00,69.4
23327,2017-11-05T06:30:00,69.3
23328,2017-11-05T06:50:00,69.4
23329,2017-11-05T07:10:00,69.3
23330,2017-11-05T07:30:00,68.3
23331,2017-11-05T07:50:00,68.2
23332,2017-11-05T08:10:00,67.5
23333,2017-11-05T08:30:00,68.3
23334,2017-11-05T08:50:00,67.8
23335,2017-11-05T09:10:00,67.2
23336,2017-11-05T09:30:00,66.9
23337,2017-11-05T09:50:00,65.5
23338,2017-11-05T10:10:00,64.4
23339,2017-11-05T10:30:00,65
23340,2017-11-05T10:50:00,63.1
23341,2017-11-05T11:10:00,63.4
23342,2017-11-05T11:30:00,63.6
23343,2017-11-05T11:50:00,62.6
23344,2017-11-05T12:10:00,62.3
23345,2017-11-05T12:30:00,60.8
23346,2017-11-05T12:50:00,61.5
23347,2017-11-05T13:10:00,61.4
23348,2017-11-05T13:30:00,61.1
23349,2017-11-05T13:50:00,62.6
23350,2017-11-05T14:15:00,62.3
23351,2017-11-05T14:35:00,63.7
23352,2017-11-05T14:55:00,63.4
23353,2017-11-05T15:15:00,61.4
23354,2017-11-05T15:35:00,59
23355,2017-11-05T15:55:00,59.5
23356,2017-11-05T16:15:00,60.1
23357,2017-11-05T16:35:00,61.4
23358,2017-11-05T16:55:00,62.5
23359,2017-11-05T17:15:00,63.4
23360,2017-11-05T17:35:00,63.9
23361,2017-11-05T17:55:00,65
23362,2017-11-05T18:15:00,64.5
23363,2017-11-05T18:35:00,64.2
23364,2017-11-05T18:55:00,64.9
23365,2017-11-05T19:15:00,64.4
23366,2017-11-05T19:35:00,65
23367,2017-11-05T19:55:00,65.5
23368,2017-11-05T20:15:00,65.2
23369,2017-11-05T20:35:00,65.6
23370,2017-11-05T20:55:00,65.5
23371,2017-11-05T21:15:00,67.1
23372,2017-11-05T21:35:00,66.6
23373,2017-11-05T21:55:00,66.7
23374,2017-11-05T22:15:00,66
23375,2017-11-05T22:35:00,66.3
23376,2017-11-05T22:55:00,67.1
23377,2017-11-05T23:15:00,66
23378,2017-11-05T23:35:00,66.7
23379,2017-11-05T23:55:00,66.7
23380,2017-11-06T00:15:00,66.7
23381,2017-11-06T00:35:00,67.2
23382,2017-11-06T00:55:00,66.4
23383,2017-11-06T01:15:00,66.3
23384,2017-11-06T01:40:00,66.1
23385,2017-11-06T02:00:00,65.8
23386,2017-11-06T02:20:00,66.1
23387,2017-11-06T02:40:00,65.2
23388,2017-11-06T03:00:00,65.6
23389,2017-11-06T03:20:00,66.1
23390,2017-11-06T03:40:00,66.4
23391,2017-11-06T04:00:00,66.3
23392,2017-11-06T04:20:00,67.2
23393,2017-11-06T04:40:00,67.2
23394,2017-11-06T05:00:00,66
23395,2017-11-06T05:20:00,65.5
23396,2017-11-06T05:40:00,64.4
23397,2017-11-06T06:00:00,65
23398,2017-11-06T06:20:00,64.9
23399,2017-11-06T06:40:00,65.6
23400,2017-11-06T07:00:00,64.2
23401,2017-11-06T07:20:00,60.9
23402,2017-11-06T07:40:00,56
23403,2017-11-06T08:00:00,54.9
23404,2017-11-06T08:20:00,52.4
23405,2017-11-06T08:40:00,48.3
23406,2017-11-06T09:00:00,47.8
23407,2017-11-06T09:20:00,45.6
23408,2017-11-06T09:40:00,41.8
23409,2017-11-06T10:00:00,44.5
23410,2017-11-06T10:20:00,42
23411,2017-11-06T10:40:00,41.2
23412,2017-11-06T11:00:00,40.4
23413,2017-11-06T11:20:00,40.1
23414,2017-11-06T11:40:00,41.8
23415,2017-11-06T12:00:00,39.2
23416,2017-11-06T12:20:00,38.7
23417,2017-11-06T12:40:00,37.9
23418,2017-11-06T13:05:00,38.7
23419,2017-11-06T13:25:00,38
23420,2017-11-06T13:45:00,38.7
23421,2017-11-06T14:05:00,39.8
23422,2017-11-06T15:05:00,45.8
23423,2017-11-06T15:25:00,48.3
23424,2017-11-06T15:45:00,51.4
23425,2017-11-06T16:05:00,51.9
23426,2017-11-06T16:25:00,52.4
23427,2017-11-06T16:45:00,52.6
23428,2017-11-06T17:05:00,54.3
23429,2017-11-06T17:25:00,54.4
23430,2017-11-06T17:45:00,55.4
23431,2017-11-06T18:05:00,55.9
23432,2017-11-06T18:25:00,55.5
23433,2017-11-06T18:45:00,55.9
23434,2017-11-06T19:05:00,54.9
23435,2017-11-06T19:25:00,56
23436,2017-11-06T19:45:00,56.3
23437,2017-11-06T20:05:00,56.3
23438,2017-11-06T20:25:00,56
23439,2017-11-06T20:45:00,56.8
23440,2017-11-06T21:05:00,57.1
23441,2017-11-06T21:25:00,57.8
23442,2017-11-06T21:45:00,57.6
23443,2017-11-06T22:05:00,57.1
23444,2017-11-06T22:25:00,57.4
23445,2017-11-06T22:45:00,57.8
23446,2017-11-06T23:05:00,59
23447,2017-11-06T23:25:00,58.4
23448,2017-11-06T23:45:00,60.8
23449,2017-11-07T00:10:00,60.8
23450,2017-11-07T00:30:00,59.6
23451,2017-11-07T01:10:00,61.9
23452,2017-11-07T01:30:00,60.6
23453,2017-11-07T01:50:00,60
23454,2017-11-07T02:10:00,59.8
23455,2017-11-07T02:30:00,62.6
23456,2017-11-07T02:50:00,62.5
23457,2017-11-07T03:10:00,62.6
23458,2017-11-07T03:30:00,62.3
23459,2017-11-07T03:50:00,62.3
23460,2017-11-07T04:10:00,63
23461,2017-11-07T04:30:00,63
23462,2017-11-07T04:50:00,62
23463,2017-11-07T05:10:00,63.9
23464,2017-11-07T05:30:00,63.4
23465,2017-11-07T05:50:00,62.5
23466,2017-11-07T06:10:00,64.4
23467,2017-11-07T06:30:00,64.4
23468,2017-11-07T06:50:00,64.9
23469,2017-11-07T07:10:00,65.6
23470,2017-11-07T07:30:00,54.6
23471,2017-11-07T07:50:00,52.9
23472,2017-11-07T08:10:00,50.7
23473,2017-11-07T08:30:00,49.1
23474,2017-11-07T08:50:00,45.9
23475,2017-11-07T09:10:00,45.3
23476,2017-11-07T09:30:00,45.1
23477,2017-11-07T09:50:00,46.7
23478,2017-11-07T10:10:00,45
23479,2017-11-07T10:30:00,44.7
23480,2017-11-07T10:50:00,44.8
23481,2017-11-07T11:10:00,42.3
23482,2017-11-07T11:35:00,41.8
23483,2017-11-07T11:55:00,41.4
23484,2017-11-07T12:15:00,41.8
23485,2017-11-07T12:35:00,46.4
23486,2017-11-07T12:55:00,53
23487,2017-11-07T13:15:00,50
23488,2017-11-07T13:35:00,53.8
23489,2017-11-07T13:55:00,53.7
23490,2017-11-07T14:15:00,54.6
23491,2017-11-07T14:35:00,55.4
23492,2017-11-07T14:55:00,54.6
23493,2017-11-07T15:15:00,56.8
23494,2017-11-07T15:35:00,57.3
23495,2017-11-07T15:55:00,57.1
23496,2017-11-07T16:15:00,57
23497,2017-11-07T16:35:00,56.3
23498,2017-11-07T16:55:00,56.7
23499,2017-11-07T17:15:00,56.5
23500,2017-11-07T17:35:00,57.6
23501,2017-11-07T17:55:00,58.4
23502,2017-11-07T18:15:00,59.6
23503,2017-11-07T18:35:00,59.3
23504,2017-11-07T18:55:00,59.5
23505,2017-11-07T19:15:00,59.2
23506,2017-11-07T19:35:00,58.5
23507,2017-11-07T19:55:00,59.2
23508,2017-11-07T20:15:00,59
23509,2017-11-07T20:35:00,57.3
23510,2017-11-07T20:55:00,56.7
23511,2017-11-07T21:15:00,57.1
23512,2017-11-07T21:35:00,56.5
23513,2017-11-07T21:55:00,56
23514,2017-11-07T22:15:00,57.6
23515,2017-11-07T22:35:00,57.3
23516,2017-11-07T23:00:00,56.7
23517,2017-11-07T23:20:00,56
23518,2017-11-07T23:40:00,57.8
23519,2017-11-08T00:00:00,60.6
23520,2017-11-08T00:20:00,60
23521,2017-11-08T00:40:00,59.6
23522,2017-11-08T01:00:00,58.5
23523,2017-11-08T01:20:00,59.3
23524,2017-11-08T01:40:00,58.1
23525,2017-11-08T02:00:00,59
23526,2017-11-08T02:20:00,58.7
23527,2017-11-08T02:40:00,58.5
23528,2017-11-08T03:00:00,58.7
23529,2017-11-08T03:20:00,58.7
23530,2017-11-08T03:40:00,59.3
23531,2017-11-08T04:00:00,61.4
23532,2017-11-08T04:20:00,61.5
23533,2017-11-08T04:40:00,62.5
23534,2017-11-08T05:00:00,63.3
23535,2017-11-08T05:20:00,63.6
23536,2017-11-08T05:40:00,63.9
23537,2017-11-08T06:00:00,63.7
23538,2017-11-08T06:20:00,63.3
23539,2017-11-08T06:40:00,63.4
23540,2017-11-08T07:00:00,65
23541,2017-11-08T07:20:00,65.5
23542,2017-11-08T07:40:00,64.5
23543,2017-11-08T08:00:00,59.8
23544,2017-11-08T08:20:00,55.5
23545,2017-11-08T08:40:00,54.9
23546,2017-11-08T09:00:00,54.8
23547,2017-11-08T09:20:00,59.5
23548,2017-11-08T09:40:00,62.2
23549,2017-11-08T10:00:00,63.1
23550,2017-11-08T10:25:00,63.1
23551,2017-11-08T10:45:00,63.9
23552,2017-11-08T11:05:00,64.1
23553,2017-11-08T11:25:00,64.2
23554,2017-11-08T11:45:00,63.4
23555,2017-11-08T12:05:00,62.2
23556,2017-11-08T12:25:00,61.7
23557,2017-11-08T12:45:00,62.8
23558,2017-11-08T13:05:00,62.8
23559,2017-11-08T13:25:00,62.6
23560,2017-11-08T13:45:00,63
23561,2017-11-08T14:05:00,62.2
23562,2017-11-08T14:25:00,60.8
23563,2017-11-08T14:45:00,60.1
23564,2017-11-08T15:05:00,58.9
23565,2017-11-08T15:25:00,60.3
23566,2017-11-08T15:45:00,62.3
23567,2017-11-08T16:05:00,63.9
23568,2017-11-08T16:25:00,64.7
23569,2017-11-08T16:45:00,65.3
23570,2017-11-08T17:05:00,65.3
23571,2017-11-08T17:25:00,66.4
23572,2017-11-08T17:45:00,68.2
23573,2017-11-08T18:05:00,65.8
23574,2017-11-08T18:25:00,66.1
23575,2017-11-08T18:45:00,67.2
23576,2017-11-08T19:05:00,68
23577,2017-11-08T19:25:00,66.9
23578,2017-11-08T19:45:00,67.8
23579,2017-11-08T20:05:00,67.2
23580,2017-11-08T20:25:00,66.4
23581,2017-11-08T20:45:00,67.8
23582,2017-11-08T21:05:00,66
23583,2017-11-08T21:30:00,66
23584,2017-11-08T21:50:00,66.1
23585,2017-11-08T22:10:00,65
23586,2017-11-08T22:30:00,65.5
23587,2017-11-08T22:50:00,64.9
23588,2017-11-08T23:10:00,65
23589,2017-11-08T23:30:00,64.5
23590,2017-11-08T23:50:00,62.5
23591,2017-11-09T00:10:00,63.7
23592,2017-11-09T00:30:00,63.6
23593,2017-11-09T00:50:00,63
23594,2017-11-09T01:10:00,63.7
23595,2017-11-09T01:30:00,63.1
23596,2017-11-09T01:50:00,63.4
23597,2017-11-09T02:10:00,64.5
23598,2017-11-09T02:30:00,65.2
23599,2017-11-09T02:50:00,65.6
23600,2017-11-09T03:10:00,66.3
23601,2017-11-09T03:30:00,66.6
23602,2017-11-09T03:50:00,66.3
23603,2017-11-09T04:10:00,65.5
23604,2017-11-09T04:30:00,64.4
23605,2017-11-09T04:50:00,64.2
23606,2017-11-09T05:10:00,64.5
23607,2017-11-09T05:30:00,64.7
23608,2017-11-09T05:50:00,63.4
23609,2017-11-09T06:10:00,61.2
23610,2017-11-09T06:30:00,60.9
23611,2017-11-09T06:50:00,59.2
23612,2017-11-09T07:10:00,59.3
23613,2017-11-09T07:30:00,58.4
23614,2017-11-09T07:50:00,58.2
23615,2017-11-09T08:10:00,57.8
23616,2017-11-09T08:30:00,58.2
23617,2017-11-09T08:55:00,59
23618,2017-11-09T09:15:00,59.3
23619,2017-11-09T09:35:00,60.8
23620,2017-11-09T09:55:00,61.5
23621,2017-11-09T10:15:00,63.1
23622,2017-11-09T10:35:00,64.2
23623,2017-11-09T10:55:00,65.2
23624,2017-11-09T11:15:00,65.2
23625,2017-11-09T11:35:00,64.9
23626,2017-11-09T11:55:00,65
23627,2017-11-09T12:15:00,67.7
23628,2017-11-09T12:35:00,67.1
23629,2017-11-09T12:55:00,65.5
23630,2017-11-09T13:15:00,64.7
23631,2017-11-09T13:35:00,67.1
23632,2017-11-09T13:55:00,67.2
23633,2017-11-09T14:15:00,66.9
23634,2017-11-09T14:35:00,67.2
23635,2017-11-09T14:55:00,70.5
23636,2017-11-09T15:15:00,71.2
23637,2017-11-09T15:35:00,69.4
23638,2017-11-09T15:55:00,67.8
23639,2017-11-09T16:15:00,69.6
23640,2017-11-09T16:35:00,70.2
23641,2017-11-09T16:55:00,70.4
23642,2017-11-09T17:15:00,69.7
23643,2017-11-09T17:35:00,69.4
23644,2017-11-09T17:55:00,68.6
23645,2017-11-09T18:15:00,69.3
23646,2017-11-09T18:35:00,68.5
23647,2017-11-09T18:55:00,68.6
23648,2017-11-09T19:15:00,67.2
23649,2017-11-09T19:35:00,65.5
23650,2017-11-09T19:55:00,65
23651,2017-11-09T20:20:00,64.2
23652,2017-11-09T20:40:00,65
23653,2017-11-09T21:00:00,65.3
23654,2017-11-09T21:20:00,65.5
23655,2017-11-09T21:40:00,65.6
23656,2017-11-09T22:00:00,65.8
23657,2017-11-09T22:20:00,65.2
23658,2017-11-09T22:40:00,64.2
23659,2017-11-09T23:00:00,65.3
23660,2017-11-09T23:20:00,65.5
23661,2017-11-09T23:40:00,65
23662,2017-11-10T00:00:00,64.7
23663,2017-11-10T00:20:00,65.5
23664,2017-11-10T00:40:00,65.3
23665,2017-11-10T01:00:00,65.5
23666,2017-11-10T01:20:00,63.6
23667,2017-11-10T01:40:00,63.9
23668,2017-11-10T02:00:00,63
23669,2017-11-10T02:20:00,62.5
23670,2017-11-10T02:40:00,63
23671,2017-11-10T03:00:00,63.6
23672,2017-11-10T03:20:00,64.4
23673,2017-11-10T03:40:00,64.7
23674,2017-11-10T04:00:00,64.2
23675,2017-11-10T04:20:00,62.5
23676,2017-11-10T04:40:00,64.2
23677,2017-11-10T05:00:00,66.7
23678,2017-11-10T05:20:00,67.2
23679,2017-11-10T05:40:00,67.2
23680,2017-11-10T06:00:00,67.8
23681,2017-11-10T06:20:00,68.3
23682,2017-11-10T06:40:00,68
23683,2017-11-10T07:00:00,68
23684,2017-11-10T07:20:00,67.2
23685,2017-11-10T07:45:00,65.2
23686,2017-11-10T08:05:00,60.1
23687,2017-11-10T08:25:00,57
23688,2017-11-10T08:45:00,55.5
23689,2017-11-10T09:05:00,53.3
23690,2017-11-10T09:25:00,54.4
23691,2017-11-10T09:45:00,60.1
23692,2017-11-10T10:05:00,62.2
23693,2017-11-10T10:25:00,64.5
23694,2017-11-10T10:45:00,64.2
23695,2017-11-10T11:05:00,63.1
23696,2017-11-10T11:25:00,66.7
23697,2017-11-10T11:45:00,69.4
23698,2017-11-10T12:05:00,69.1
23699,2017-11-10T12:25:00,68.9
23700,2017-11-10T12:45:00,68.8
23701,2017-11-10T13:05:00,65.8
23702,2017-11-10T13:25:00,64.1
23703,2017-11-10T13:45:00,63.4
23704,2017-11-10T14:05:00,62.3
23705,2017-11-10T14:25:00,63.6
23706,2017-11-10T14:45:00,63.6
23707,2017-11-10T15:05:00,63.9
23708,2017-11-10T15:25:00,63.6
23709,2017-11-10T15:45:00,62.6
23710,2017-11-10T16:05:00,59.3
23711,2017-11-10T16:25:00,62
23712,2017-11-10T16:45:00,60.6
23713,2017-11-10T17:05:00,59
23714,2017-11-10T17:25:00,57.3
23715,2017-11-10T17:45:00,55.2
23716,2017-11-10T18:05:00,54.4
23717,2017-11-10T18:25:00,53.3
23718,2017-11-10T18:45:00,52.6
23719,2017-11-10T19:10:00,52.9
23720,2017-11-10T19:30:00,52.7
23721,2017-11-10T19:50:00,51
23722,2017-11-10T20:10:00,50.5
23723,2017-11-10T20:30:00,51.4
23724,2017-11-10T20:50:00,51
23725,2017-11-10T21:10:00,51.9
23726,2017-11-10T21:30:00,52.4
23727,2017-11-10T21:50:00,52.2
23728,2017-11-10T22:10:00,53.5
23729,2017-11-10T22:30:00,54.4
23730,2017-11-10T22:50:00,54.8
23731,2017-11-10T23:10:00,54.1
23732,2017-11-10T23:30:00,55.2
23733,2017-11-10T23:50:00,54.6
23734,2017-11-11T00:50:00,55.2
23735,2017-11-11T01:10:00,56
23736,2017-11-11T01:30:00,56.7
23737,2017-11-11T01:50:00,56.7
23738,2017-11-11T02:10:00,54.8
23739,2017-11-11T02:30:00,51.8
23740,2017-11-11T02:50:00,55.5
23741,2017-11-11T03:10:00,56
23742,2017-11-11T03:30:00,56.8
23743,2017-11-11T03:50:00,57
23744,2017-11-11T04:10:00,57.4
23745,2017-11-11T04:30:00,57.6
23746,2017-11-11T04:50:00,57.6
23747,2017-11-11T05:10:00,56.2
23748,2017-11-11T05:30:00,55.9
23749,2017-11-11T05:50:00,59
23750,2017-11-11T06:15:00,59.3
23751,2017-11-11T06:35:00,57.3
23752,2017-11-11T06:55:00,56.3
23753,2017-11-11T07:15:00,57
23754,2017-11-11T07:35:00,53.3
23755,2017-11-11T07:55:00,50.7
23756,2017-11-11T08:15:00,46.9
23757,2017-11-11T08:35:00,51.8
23758,2017-11-11T08:55:00,45.3
23759,2017-11-11T09:15:00,45.8
23760,2017-11-11T09:35:00,42.6
23761,2017-11-11T09:55:00,42
23762,2017-11-11T10:15:00,40.6
23763,2017-11-11T10:35:00,39.2
23764,2017-11-11T10:55:00,38.7
23765,2017-11-11T11:15:00,39.9
23766,2017-11-11T11:35:00,38
23767,2017-11-11T11:55:00,42
23768,2017-11-11T12:15:00,39.9
23769,2017-11-11T12:35:00,38.5
23770,2017-11-11T12:55:00,41.7
23771,2017-11-11T13:15:00,39.5
23772,2017-11-11T13:35:00,42.9
23773,2017-11-11T13:55:00,46.1
23774,2017-11-11T14:15:00,50.7
23775,2017-11-11T14:35:00,50.8
23776,2017-11-11T14:55:00,53.3
23777,2017-11-11T15:15:00,53.7
23778,2017-11-11T15:35:00,53.7
23779,2017-11-11T15:55:00,56.2
23780,2017-11-11T16:15:00,55.7
23781,2017-11-11T16:35:00,56
23782,2017-11-11T16:55:00,56.8
23783,2017-11-11T17:15:00,59.3
23784,2017-11-11T17:40:00,58.9
23785,2017-11-11T18:00:00,58.7
23786,2017-11-11T18:20:00,62.3
23787,2017-11-11T18:40:00,63.3
23788,2017-11-11T19:00:00,61.9
23789,2017-11-11T19:20:00,62.2
23790,2017-11-11T19:40:00,62.5
23791,2017-11-11T20:00:00,59.3
23792,2017-11-11T20:20:00,60.8
23793,2017-11-11T20:40:00,59.2
23794,2017-11-11T21:00:00,60.6
23795,2017-11-11T21:20:00,59.2
23796,2017-11-11T21:40:00,59.3
23797,2017-11-11T22:00:00,59.2
23798,2017-11-11T22:20:00,58.4
23799,2017-11-11T22:40:00,59
23800,2017-11-11T23:00:00,61.2
23801,2017-11-11T23:20:00,61.9
23802,2017-11-11T23:40:00,62
23803,2017-11-12T00:00:00,63.7
23804,2017-11-12T00:20:00,64.1
23805,2017-11-12T00:40:00,64.5
23806,2017-11-12T01:00:00,62.8
23807,2017-11-12T01:20:00,63.4
23808,2017-11-12T01:40:00,63.3
23809,2017-11-12T02:00:00,62.8
23810,2017-11-12T02:20:00,62.5
23811,2017-11-12T02:40:00,64.7
23812,2017-11-12T03:00:00,65.2
23813,2017-11-12T03:20:00,63.9
23814,2017-11-12T03:40:00,63.1
23815,2017-11-12T04:00:00,64.7
23816,2017-11-12T04:20:00,62.8
23817,2017-11-12T04:40:00,61.9
23818,2017-11-12T05:05:00,63.3
23819,2017-11-12T05:25:00,63.9
23820,2017-11-12T05:45:00,62.8
23821,2017-11-12T06:05:00,64.5
23822,2017-11-12T06:25:00,63.9
23823,2017-11-12T06:45:00,64.2
23824,2017-11-12T07:05:00,63.4
23825,2017-11-12T07:25:00,60.4
23826,2017-11-12T07:45:00,54.4
23827,2017-11-12T08:05:00,53.7
23828,2017-11-12T08:25:00,56.5
23829,2017-11-12T08:45:00,58.1
23830,2017-11-12T09:05:00,59.3
23831,2017-11-12T09:25:00,56.7
23832,2017-11-12T09:45:00,56.5
23833,2017-11-12T10:05:00,56
23834,2017-11-12T10:25:00,56.2
23835,2017-11-12T10:45:00,53.7
23836,2017-11-12T11:05:00,54.8
23837,2017-11-12T11:25:00,53.3
23838,2017-11-12T11:45:00,53.5
23839,2017-11-12T12:05:00,54.9
23840,2017-11-12T12:25:00,52.7
23841,2017-11-12T12:45:00,54.1
23842,2017-11-12T13:05:00,53.7
23843,2017-11-12T13:25:00,52.1
23844,2017-11-12T13:45:00,53.5
23845,2017-11-12T14:05:00,55.9
23846,2017-11-12T14:25:00,57.1
23847,2017-11-12T14:45:00,58.2
23848,2017-11-12T15:05:00,60.3
23849,2017-11-12T15:25:00,60.6
23850,2017-11-12T15:45:00,59.6
23851,2017-11-12T16:05:00,59.2
23852,2017-11-12T16:30:00,59.6
23853,2017-11-12T16:50:00,58.4
23854,2017-11-12T17:10:00,57.9
23855,2017-11-12T17:30:00,57.8
23856,2017-11-12T17:50:00,56.7
23857,2017-11-12T18:10:00,56
23858,2017-11-12T18:30:00,56
23859,2017-11-12T18:50:00,56
23860,2017-11-12T19:10:00,55.7
23861,2017-11-12T19:30:00,55.7
23862,2017-11-12T19:50:00,55.7
23863,2017-11-12T20:10:00,54.8
23864,2017-11-12T20:30:00,54.6
23865,2017-11-12T20:50:00,53.5
23866,2017-11-12T21:10:00,53.8
23867,2017-11-12T21:30:00,54
23868,2017-11-12T21:50:00,53.8
23869,2017-11-12T22:10:00,55.1
23870,2017-11-12T22:30:00,55.9
23871,2017-11-12T22:50:00,55.7
23872,2017-11-12T23:10:00,55.7
23873,2017-11-12T23:30:00,55.1
23874,2017-11-12T23:50:00,57.3
23875,2017-11-13T00:10:00,58.4
23876,2017-11-13T00:30:00,57.9
23877,2017-11-13T00:50:00,57.3
23878,2017-11-13T01:10:00,57.6
23879,2017-11-13T01:30:00,57.1
23880,2017-11-13T01:50:00,56.7
23881,2017-11-13T02:10:00,55.7
23882,2017-11-13T02:30:00,54.6
23883,2017-11-13T02:50:00,53.8
23884,2017-11-13T03:10:00,53.7
23885,2017-11-13T03:35:00,53.7
23886,2017-11-13T03:55:00,53
23887,2017-11-13T04:15:00,53.5
23888,2017-11-13T04:35:00,53
23889,2017-11-13T04:55:00,53.2
23890,2017-11-13T05:15:00,52.9
23891,2017-11-13T05:35:00,52.7
23892,2017-11-13T05:55:00,54.8
23893,2017-11-13T06:15:00,54.9
23894,2017-11-13T06:35:00,55.1
23895,2017-11-13T06:55:00,55.9
23896,2017-11-13T07:15:00,55.5
23897,2017-11-13T07:35:00,49.1
23898,2017-11-13T07:55:00,45.9
23899,2017-11-13T08:15:00,45
23900,2017-11-13T08:35:00,44
23901,2017-11-13T08:55:00,43.3
23902,2017-11-13T09:15:00,40.7
23903,2017-11-13T09:35:00,40.6
23904,2017-11-13T09:55:00,39.3
23905,2017-11-13T10:15:00,41
23906,2017-11-13T10:35:00,38.7
23907,2017-11-13T10:55:00,37.4
23908,2017-11-13T11:15:00,39.8
23909,2017-11-13T11:35:00,38.5
23910,2017-11-13T11:55:00,39.9
23911,2017-11-13T12:15:00,36.6
23912,2017-11-13T12:35:00,39.5
23913,2017-11-13T12:55:00,40.6
23914,2017-11-13T13:15:00,46.6
23915,2017-11-13T13:35:00,43.6
23916,2017-11-13T13:55:00,45.9
23917,2017-11-13T14:15:00,47.7
23918,2017-11-13T14:35:00,46.6
23919,2017-11-13T15:00:00,49.7
23920,2017-11-13T15:20:00,51.3
23921,2017-11-13T15:40:00,53
23922,2017-11-13T16:00:00,52.1
23923,2017-11-13T16:20:00,52.4
23924,2017-11-13T16:40:00,55.1
23925,2017-11-13T17:00:00,55.1
23926,2017-11-13T17:20:00,55.4
23927,2017-11-13T17:40:00,55.5
23928,2017-11-13T18:00:00,56.7
23929,2017-11-13T18:20:00,56.2
23930,2017-11-13T18:40:00,56
23931,2017-11-13T19:00:00,56.2
23932,2017-11-13T19:20:00,55.9
23933,2017-11-13T19:40:00,54.6
23934,2017-11-13T20:00:00,54.6
23935,2017-11-13T20:20:00,56
23936,2017-11-13T20:40:00,57.9
23937,2017-11-13T21:00:00,58.7
23938,2017-11-13T21:20:00,58.5
23939,2017-11-13T21:40:00,59.3
23940,2017-11-13T22:00:00,60.4
23941,2017-11-13T22:20:00,61.1
23942,2017-11-13T22:40:00,60.3
23943,2017-11-13T23:00:00,60.4
23944,2017-11-13T23:20:00,60.4
23945,2017-11-13T23:40:00,60.8
23946,2017-11-14T00:00:00,61.4
23947,2017-11-14T00:20:00,60
23948,2017-11-14T00:40:00,60.6
23949,2017-11-14T01:00:00,60
23950,2017-11-14T01:20:00,61.2
23951,2017-11-14T01:40:00,62
23952,2017-11-14T02:00:00,62.3
23953,2017-11-14T02:25:00,61.5
23954,2017-11-14T02:45:00,62.3
23955,2017-11-14T03:05:00,61.9
23956,2017-11-14T03:25:00,59.3
23957,2017-11-14T03:45:00,59.2
23958,2017-11-14T04:05:00,59.3
23959,2017-11-14T04:25:00,60
23960,2017-11-14T04:45:00,59.2
23961,2017-11-14T05:05:00,60.1
23962,2017-11-14T05:25:00,60.4
23963,2017-11-14T05:45:00,60.9
23964,2017-11-14T06:05:00,62.5
23965,2017-11-14T06:45:00,66
23966,2017-11-14T07:05:00,67.2
23967,2017-11-14T07:25:00,68.3
23968,2017-11-14T07:45:00,68.8
23969,2017-11-14T08:05:00,69.7
23970,2017-11-14T08:25:00,69.4
23971,2017-11-14T08:45:00,69.9
23972,2017-11-14T09:05:00,70.2
23973,2017-11-14T09:25:00,69.9
23974,2017-11-14T09:45:00,69.9
23975,2017-11-14T10:05:00,70.8
23976,2017-11-14T10:25:00,71.3
23977,2017-11-14T10:45:00,71.9
23978,2017-11-14T11:05:00,73.4
23979,2017-11-14T11:25:00,71
23980,2017-11-14T11:45:00,70.2
23981,2017-11-14T12:05:00,72.1
23982,2017-11-14T12:25:00,70.8
23983,2017-11-14T12:45:00,69.1
23984,2017-11-14T13:05:00,70.4
23985,2017-11-14T13:25:00,68.6
23986,2017-11-14T13:50:00,58.5
23987,2017-11-14T14:10:00,60.1
23988,2017-11-14T14:30:00,57.8
23989,2017-11-14T14:50:00,58.7
23990,2017-11-14T15:10:00,60.3
23991,2017-11-14T15:30:00,60.4
23992,2017-11-14T15:50:00,60.8
23993,2017-11-14T16:10:00,60.6
23994,2017-11-14T16:30:00,61.2
23995,2017-11-14T16:50:00,61.1
23996,2017-11-14T17:10:00,61.2
23997,2017-11-14T17:30:00,61.2
23998,2017-11-14T17:50:00,63.3
23999,2017-11-14T18:10:00,64.5
24000,2017-11-14T18:30:00,64.2
24001,2017-11-14T18:50:00,64.9
24002,2017-11-14T19:10:00,64.2
24003,2017-11-14T19:30:00,64.2
24004,2017-11-14T19:50:00,65.2
24005,2017-11-14T20:10:00,65.2
24006,2017-11-14T20:30:00,66.4
24007,2017-11-14T20:50:00,67.4
24008,2017-11-14T21:10:00,67.2
24009,2017-11-14T21:30:00,66.7
24010,2017-11-14T21:50:00,67.1
24011,2017-11-14T22:10:00,66
24012,2017-11-14T22:30:00,65.8
24013,2017-11-14T22:50:00,66.3
24014,2017-11-14T23:10:00,67.4
24015,2017-11-14T23:30:00,66.7
24016,2017-11-14T23:50:00,66.6
24017,2017-11-15T00:10:00,65
24018,2017-11-15T00:30:00,65.2
24019,2017-11-15T00:50:00,66.3
24020,2017-11-15T01:15:00,67.1
24021,2017-11-15T01:35:00,67.1
24022,2017-11-15T01:55:00,67.1
24023,2017-11-15T02:15:00,66.6
24024,2017-11-15T02:35:00,66.4
24025,2017-11-15T02:55:00,66.9
24026,2017-11-15T03:15:00,66.9
24027,2017-11-15T03:35:00,66.6
24028,2017-11-15T03:55:00,68.2
24029,2017-11-15T04:15:00,69.4
24030,2017-11-15T04:35:00,67.8
24031,2017-11-15T04:55:00,67.2
24032,2017-11-15T05:15:00,67.7
24033,2017-11-15T05:35:00,67.7
24034,2017-11-15T05:55:00,67.7
24035,2017-11-15T06:15:00,67.8
24036,2017-11-15T06:35:00,68
24037,2017-11-15T06:55:00,68.5
24038,2017-11-15T07:15:00,66.3
24039,2017-11-15T07:35:00,63.7
24040,2017-11-15T07:55:00,61.5
24041,2017-11-15T08:55:00,61.4
24042,2017-11-15T09:15:00,63.1
24043,2017-11-15T09:35:00,62
24044,2017-11-15T09:55:00,63
24045,2017-11-15T10:15:00,65.5
24046,2017-11-15T10:35:00,57.9
24047,2017-11-15T10:55:00,57.8
24048,2017-11-15T11:15:00,54.8
24049,2017-11-15T11:35:00,53.2
24050,2017-11-15T11:55:00,53.5
24051,2017-11-15T12:20:00,50.2
24052,2017-11-15T12:40:00,53.3
24053,2017-11-15T13:00:00,55.4
24054,2017-11-15T13:20:00,56.3
24055,2017-11-15T13:40:00,55.9
24056,2017-11-15T14:00:00,58.2
24057,2017-11-15T14:20:00,59
24058,2017-11-15T14:40:00,58.7
24059,2017-11-15T15:00:00,60.6
24060,2017-11-15T15:20:00,60
24061,2017-11-15T15:40:00,60.3
24062,2017-11-15T16:00:00,62.5
24063,2017-11-15T16:20:00,64.4
24064,2017-11-15T16:40:00,64.1
24065,2017-11-15T17:00:00,64.9
24066,2017-11-15T17:20:00,64.4
24067,2017-11-15T17:40:00,64.7
24068,2017-11-15T18:00:00,64.4
24069,2017-11-15T18:20:00,64.1
24070,2017-11-15T18:40:00,64.2
24071,2017-11-15T19:00:00,65
24072,2017-11-15T19:20:00,65
24073,2017-11-15T19:40:00,65.5
24074,2017-11-15T20:00:00,65.2
24075,2017-11-15T20:20:00,64.9
24076,2017-11-15T20:40:00,65.2
24077,2017-11-15T21:00:00,65
24078,2017-11-15T21:20:00,66.4
24079,2017-11-15T21:40:00,66.4
24080,2017-11-15T22:00:00,65.5
24081,2017-11-15T22:20:00,65.8
24082,2017-11-15T22:40:00,66
24083,2017-11-15T23:00:00,66
24084,2017-11-15T23:20:00,66.3
24085,2017-11-15T23:45:00,66.4
24086,2017-11-16T00:05:00,64.9
24087,2017-11-16T00:25:00,64.5
24088,2017-11-16T00:45:00,65.2
24089,2017-11-16T01:05:00,65.5
24090,2017-11-16T01:25:00,63.9
24091,2017-11-16T01:45:00,64.4
24092,2017-11-16T02:05:00,63.7
24093,2017-11-16T02:25:00,65.8
24094,2017-11-16T02:45:00,66.3
24095,2017-11-16T03:05:00,67.4
24096,2017-11-16T03:25:00,66.6
24097,2017-11-16T03:45:00,65.6
24098,2017-11-16T04:05:00,66.3
24099,2017-11-16T04:25:00,66.9
24100,2017-11-16T04:45:00,66.1
24101,2017-11-16T05:05:00,66.1
24102,2017-11-16T05:25:00,65.3
24103,2017-11-16T05:45:00,67.8
24104,2017-11-16T06:05:00,68.3
24105,2017-11-16T06:25:00,68.8
24106,2017-11-16T06:45:00,68.9
24107,2017-11-16T07:05:00,69.6
24108,2017-11-16T07:25:00,67.4
24109,2017-11-16T07:45:00,68
24110,2017-11-16T08:05:00,67.7
24111,2017-11-16T08:25:00,66.9
24112,2017-11-16T08:45:00,69.7
24113,2017-11-16T09:05:00,71.5
24114,2017-11-16T09:25:00,72.4
24115,2017-11-16T09:45:00,73.4
24116,2017-11-16T10:05:00,73.4
24117,2017-11-16T10:25:00,72.7
24118,2017-11-16T10:45:00,71.5
24119,2017-11-16T11:10:00,72.6
24120,2017-11-16T11:30:00,72.7
24121,2017-11-16T11:50:00,73.2
24122,2017-11-16T12:10:00,73
24123,2017-11-16T12:30:00,72.7
24124,2017-11-16T12:50:00,72.3
24125,2017-11-16T13:10:00,71.9
24126,2017-11-16T13:30:00,71.5
24127,2017-11-16T13:50:00,71.5
24128,2017-11-16T14:10:00,70.8
24129,2017-11-16T14:30:00,70.5
24130,2017-11-16T14:50:00,71.2
24131,2017-11-16T15:10:00,70.8
24132,2017-11-16T15:30:00,70.8
24133,2017-11-16T15:50:00,70.7
24134,2017-11-16T16:10:00,70.7
24135,2017-11-16T16:30:00,70.2
24136,2017-11-16T16:50:00,70.2
24137,2017-11-16T17:10:00,71.3
24138,2017-11-16T17:30:00,72.3
24139,2017-11-16T17:50:00,72.7
24140,2017-11-16T18:10:00,73.2
24141,2017-11-16T18:30:00,72.1
24142,2017-11-16T18:50:00,71.9
24143,2017-11-16T19:10:00,73
24144,2017-11-16T19:30:00,70.7
24145,2017-11-16T19:50:00,68.8
24146,2017-11-16T20:10:00,68.6
24147,2017-11-16T20:30:00,67.4
24148,2017-11-16T20:50:00,67.2
24149,2017-11-16T21:10:00,68
24150,2017-11-16T21:30:00,68
24151,2017-11-16T21:50:00,68
24152,2017-11-16T22:10:00,67.8
24153,2017-11-16T22:35:00,66.6
24154,2017-11-16T22:55:00,64.4
24155,2017-11-16T23:15:00,62.8
24156,2017-11-16T23:35:00,62.2
24157,2017-11-16T23:55:00,61.7
24158,2017-11-17T00:15:00,60.8
24159,2017-11-17T00:35:00,60.4
24160,2017-11-17T00:55:00,61.5
24161,2017-11-17T01:15:00,61.2
24162,2017-11-17T01:35:00,61.4
24163,2017-11-17T01:55:00,62
24164,2017-11-17T02:15:00,61.4
24165,2017-11-17T02:35:00,61.2
24166,2017-11-17T02:55:00,61.5
24167,2017-11-17T03:15:00,61.4
24168,2017-11-17T03:35:00,60.3
24169,2017-11-17T03:55:00,61.4
24170,2017-11-17T04:15:00,62.2
24171,2017-11-17T04:35:00,62.8
24172,2017-11-17T04:55:00,62.5
24173,2017-11-17T05:15:00,63.4
24174,2017-11-17T05:35:00,63.3
24175,2017-11-17T05:55:00,62.8
24176,2017-11-17T06:15:00,62.2
24177,2017-11-17T06:35:00,62.2
24178,2017-11-17T06:55:00,62.8
24179,2017-11-17T07:15:00,62.8
24180,2017-11-17T07:35:00,62.8
24181,2017-11-17T07:55:00,57.1
24182,2017-11-17T08:15:00,54.3
24183,2017-11-17T08:35:00,51.9
24184,2017-11-17T08:55:00,49.2
24185,2017-11-17T09:15:00,48.9
24186,2017-11-17T09:40:00,47.8
24187,2017-11-17T10:00:00,45.8
24188,2017-11-17T10:20:00,49.4
24189,2017-11-17T10:40:00,46.9
24190,2017-11-17T11:00:00,46.2
24191,2017-11-17T11:20:00,46.7
24192,2017-11-17T11:40:00,46.7
24193,2017-11-17T12:00:00,47
24194,2017-11-17T12:20:00,45.1
24195,2017-11-17T12:40:00,44.8
24196,2017-11-17T13:00:00,47
24197,2017-11-17T13:20:00,45.9
24198,2017-11-17T13:40:00,47.5
24199,2017-11-17T14:00:00,51
24200,2017-11-17T14:20:00,51.8
24201,2017-11-17T14:40:00,53.7
24202,2017-11-17T15:00:00,54.6
24203,2017-11-17T15:20:00,55.5
24204,2017-11-17T15:40:00,54.9
24205,2017-11-17T16:00:00,55.9
24206,2017-11-17T16:20:00,56.2
24207,2017-11-17T16:40:00,56.8
24208,2017-11-17T17:00:00,58.5
24209,2017-11-17T17:20:00,58.4
24210,2017-11-17T17:40:00,57.9
24211,2017-11-17T18:00:00,58.9
24212,2017-11-17T18:20:00,58.7
24213,2017-11-17T18:40:00,58.2
24214,2017-11-17T19:00:00,59
24215,2017-11-17T19:20:00,59.6
24216,2017-11-17T19:40:00,59.8
24217,2017-11-17T20:00:00,59
24218,2017-11-17T20:20:00,59.3
24219,2017-11-17T20:40:00,60
24220,2017-11-17T21:05:00,60.1
24221,2017-11-17T21:25:00,59.8
24222,2017-11-17T21:45:00,62.5
24223,2017-11-17T22:05:00,62.2
24224,2017-11-17T22:25:00,63
24225,2017-11-17T22:45:00,63.7
24226,2017-11-17T23:05:00,63.4
24227,2017-11-17T23:25:00,63.9
24228,2017-11-17T23:45:00,63.3
24229,2017-11-18T00:05:00,63.6
24230,2017-11-18T00:25:00,63.6
24231,2017-11-18T00:45:00,64.7
24232,2017-11-18T01:05:00,64.4
24233,2017-11-18T01:25:00,65
24234,2017-11-18T01:45:00,64.5
24235,2017-11-18T02:05:00,66.4
24236,2017-11-18T02:25:00,66.9
24237,2017-11-18T02:45:00,66.1
24238,2017-11-18T03:05:00,66.1
24239,2017-11-18T03:25:00,66.6
24240,2017-11-18T03:45:00,66.9
24241,2017-11-18T04:05:00,66.9
24242,2017-11-18T04:25:00,66.4
24243,2017-11-18T04:45:00,67.1
24244,2017-11-18T05:05:00,67.4
24245,2017-11-18T05:25:00,65.3
24246,2017-11-18T05:45:00,65.2
24247,2017-11-18T06:05:00,67.1
24248,2017-11-18T06:25:00,67.5
24249,2017-11-18T06:45:00,67.5
24250,2017-11-18T07:05:00,66.6
24251,2017-11-18T07:25:00,66.4
24252,2017-11-18T07:45:00,66
24253,2017-11-18T08:05:00,64.7
24254,2017-11-18T08:30:00,63.9
24255,2017-11-18T08:50:00,63.7
24256,2017-11-18T09:10:00,63.4
24257,2017-11-18T09:30:00,62.8
24258,2017-11-18T09:50:00,65.5
24259,2017-11-18T10:10:00,60.4
24260,2017-11-18T10:30:00,57.6
24261,2017-11-18T10:50:00,49.1
24262,2017-11-18T11:10:00,47.8
24263,2017-11-18T11:30:00,46.1
24264,2017-11-18T11:50:00,47.3
24265,2017-11-18T12:10:00,45.1
24266,2017-11-18T12:30:00,48.9
24267,2017-11-18T12:50:00,48.5
24268,2017-11-18T13:10:00,48
24269,2017-11-18T13:30:00,51.3
24270,2017-11-18T13:50:00,53
24271,2017-11-18T14:10:00,55.2
24272,2017-11-18T14:30:00,56.7
24273,2017-11-18T14:50:00,57.9
24274,2017-11-18T15:10:00,57.9
24275,2017-11-18T15:30:00,58.2
24276,2017-11-18T15:50:00,57.6
24277,2017-11-18T16:10:00,58.1
24278,2017-11-18T16:30:00,57.8
24279,2017-11-18T16:50:00,58.5
24280,2017-11-18T17:10:00,61.4
24281,2017-11-18T17:30:00,63.9
24282,2017-11-18T17:50:00,62.5
24283,2017-11-18T18:10:00,62.2
24284,2017-11-18T18:30:00,63.3
24285,2017-11-18T18:50:00,63.3
24286,2017-11-18T19:10:00,62.3
24287,2017-11-18T19:30:00,60.9
24288,2017-11-18T19:55:00,62.6
24289,2017-11-18T20:15:00,61.7
24290,2017-11-18T20:35:00,60.3
24291,2017-11-18T20:55:00,59.6
24292,2017-11-18T21:15:00,62.5
24293,2017-11-18T21:35:00,61.2
24294,2017-11-18T21:55:00,61.1
24295,2017-11-18T22:15:00,60.9
24296,2017-11-18T22:35:00,61.1
24297,2017-11-18T22:55:00,60.3
24298,2017-11-18T23:15:00,61.4
24299,2017-11-18T23:35:00,62.6
24300,2017-11-18T23:55:00,64.7
24301,2017-11-19T00:15:00,65
24302,2017-11-19T00:35:00,64.5
24303,2017-11-19T00:55:00,62.8
24304,2017-11-19T01:15:00,63.3
24305,2017-11-19T01:35:00,63
24306,2017-11-19T01:55:00,61.7
24307,2017-11-19T02:15:00,60.4
24308,2017-11-19T02:35:00,60.1
24309,2017-11-19T02:55:00,61.2
24310,2017-11-19T03:15:00,61.4
24311,2017-11-19T03:35:00,60.4
24312,2017-11-19T03:55:00,59.6
24313,2017-11-19T04:15:00,59.2
24314,2017-11-19T04:35:00,58.4
24315,2017-11-19T04:55:00,57.8
24316,2017-11-19T05:15:00,56
24317,2017-11-19T05:35:00,56.3
24318,2017-11-19T05:55:00,56.3
24319,2017-11-19T06:15:00,55.4
24320,2017-11-19T06:35:00,55.9
24321,2017-11-19T06:55:00,56.2
24322,2017-11-19T07:20:00,56.2
24323,2017-11-19T07:40:00,55.5
24324,2017-11-19T08:00:00,54.3
24325,2017-11-19T08:20:00,55.4
24326,2017-11-19T08:40:00,53.8
24327,2017-11-19T09:00:00,45.1
24328,2017-11-19T09:20:00,44
24329,2017-11-19T09:40:00,40.9
24330,2017-11-19T10:00:00,40.1
24331,2017-11-19T10:20:00,39.9
24332,2017-11-19T10:40:00,40.1
24333,2017-11-19T11:00:00,40.7
24334,2017-11-19T11:20:00,39.8
24335,2017-11-19T11:40:00,41.7
24336,2017-11-19T12:00:00,43.3
24337,2017-11-19T12:20:00,43.1
24338,2017-11-19T12:40:00,38.8
24339,2017-11-19T13:00:00,40.1
24340,2017-11-19T13:20:00,37.6
24341,2017-11-19T13:40:00,38.7
24342,2017-11-19T14:00:00,41.8
24343,2017-11-19T14:20:00,42.8
24344,2017-11-19T14:40:00,42.6
24345,2017-11-19T15:00:00,43.6
24346,2017-11-19T15:20:00,44.7
24347,2017-11-19T15:40:00,44.7
24348,2017-11-19T16:00:00,44.8
24349,2017-11-19T16:20:00,45.6
24350,2017-11-19T16:40:00,46.7
24351,2017-11-19T17:40:00,48.6
24352,2017-11-19T18:00:00,48.1
24353,2017-11-19T18:25:00,48
24354,2017-11-19T18:45:00,48.6
24355,2017-11-19T19:05:00,49.2
24356,2017-11-19T19:25:00,50
24357,2017-11-19T19:45:00,52.7
24358,2017-11-19T20:05:00,55.4
24359,2017-11-19T20:25:00,55.2
24360,2017-11-19T20:45:00,56.3
24361,2017-11-19T21:05:00,56.5
24362,2017-11-19T21:25:00,56.5
24363,2017-11-19T21:45:00,56.8
24364,2017-11-19T22:05:00,57.9
24365,2017-11-19T22:25:00,57.8
24366,2017-11-19T22:45:00,57
24367,2017-11-19T23:05:00,55.5
24368,2017-11-19T23:25:00,54.4
24369,2017-11-19T23:45:00,55.2
24370,2017-11-20T00:05:00,55.4
24371,2017-11-20T00:25:00,55.9
24372,2017-11-20T00:45:00,56.5
24373,2017-11-20T01:05:00,57
24374,2017-11-20T01:25:00,57.9
24375,2017-11-20T01:45:00,58.4
24376,2017-11-20T02:05:00,59.6
24377,2017-11-20T02:25:00,60.4
24378,2017-11-20T02:45:00,61.2
24379,2017-11-20T03:05:00,62.8
24380,2017-11-20T03:25:00,61.2
24381,2017-11-20T03:45:00,60.1
24382,2017-11-20T04:05:00,59
24383,2017-11-20T04:25:00,59.2
24384,2017-11-20T04:45:00,59
24385,2017-11-20T05:05:00,58.4
24386,2017-11-20T05:25:00,58.5
24387,2017-11-20T05:50:00,57.9
24388,2017-11-20T06:10:00,58.2
24389,2017-11-20T06:30:00,60.1
24390,2017-11-20T06:50:00,62.8
24391,2017-11-20T07:10:00,62.2
24392,2017-11-20T07:30:00,62
24393,2017-11-20T07:50:00,58.5
24394,2017-11-20T08:10:00,55.2
24395,2017-11-20T08:30:00,54.9
24396,2017-11-20T08:50:00,50.2
24397,2017-11-20T09:10:00,51.3
24398,2017-11-20T09:30:00,48.3
24399,2017-11-20T09:50:00,48.9
24400,2017-11-20T10:10:00,49.6
24401,2017-11-20T10:30:00,45.8
24402,2017-11-20T10:50:00,48.1
24403,2017-11-20T11:10:00,53.8
24404,2017-11-20T11:30:00,51.4
24405,2017-11-20T11:50:00,54
24406,2017-11-20T12:10:00,56.2
24407,2017-11-20T12:30:00,54
24408,2017-11-20T12:50:00,56
24409,2017-11-20T13:10:00,55.5
24410,2017-11-20T13:30:00,55.5
24411,2017-11-20T13:50:00,55.9
24412,2017-11-20T14:10:00,57.6
24413,2017-11-20T14:30:00,58.5
24414,2017-11-20T14:50:00,58.1
24415,2017-11-20T15:10:00,59.6
24416,2017-11-20T15:30:00,59.8
24417,2017-11-20T15:50:00,61.2
24418,2017-11-20T16:10:00,58.9
24419,2017-11-20T16:30:00,60.4
24420,2017-11-20T16:50:00,59.3
24421,2017-11-20T17:15:00,61.7
24422,2017-11-20T17:35:00,60.6
24423,2017-11-20T17:55:00,59.2
24424,2017-11-20T18:15:00,59
24425,2017-11-20T18:35:00,58.2
24426,2017-11-20T18:55:00,60.6
24427,2017-11-20T19:15:00,60.4
24428,2017-11-20T19:35:00,62.3
24429,2017-11-20T19:55:00,60
24430,2017-11-20T20:15:00,60
24431,2017-11-20T20:35:00,59.3
24432,2017-11-20T20:55:00,59.5
24433,2017-11-20T21:15:00,60
24434,2017-11-20T21:35:00,60.8
24435,2017-11-20T21:55:00,58.9
24436,2017-11-20T22:15:00,57.9
24437,2017-11-20T22:35:00,59.3
24438,2017-11-20T22:55:00,58.9
24439,2017-11-20T23:15:00,59.6
24440,2017-11-20T23:35:00,59.2
24441,2017-11-20T23:55:00,59.3
24442,2017-11-21T00:15:00,58.4
24443,2017-11-21T00:35:00,58.9
24444,2017-11-21T00:55:00,58.7
24445,2017-11-21T01:15:00,58.1
24446,2017-11-21T01:35:00,57.9
24447,2017-11-21T01:55:00,58.4
24448,2017-11-21T02:15:00,59
24449,2017-11-21T02:35:00,60.1
24450,2017-11-21T02:55:00,63
24451,2017-11-21T03:15:00,60.8
24452,2017-11-21T03:35:00,61.1
24453,2017-11-21T03:55:00,61.7
24454,2017-11-21T04:15:00,59.6
24455,2017-11-21T04:40:00,60.9
24456,2017-11-21T05:00:00,59.2
24457,2017-11-21T05:20:00,59.8
24458,2017-11-21T05:40:00,60.3
24459,2017-11-21T06:00:00,60.3
24460,2017-11-21T06:20:00,61.7
24461,2017-11-21T06:40:00,61.7
24462,2017-11-21T07:00:00,62.8
24463,2017-11-21T07:20:00,60.4
24464,2017-11-21T07:40:00,59.3
24465,2017-11-21T08:00:00,57.6
24466,2017-11-21T08:20:00,57.1
24467,2017-11-21T08:40:00,56.7
24468,2017-11-21T09:00:00,56.5
24469,2017-11-21T09:20:00,56.3
24470,2017-11-21T09:40:00,59.8
24471,2017-11-21T10:00:00,57.3
24472,2017-11-21T10:20:00,57.9
24473,2017-11-21T10:40:00,55.7
24474,2017-11-21T11:00:00,56.8
24475,2017-11-21T11:20:00,55.5
24476,2017-11-21T11:40:00,54.1
24477,2017-11-21T12:00:00,53
24478,2017-11-21T12:20:00,53.7
24479,2017-11-21T12:40:00,55.9
24480,2017-11-21T13:00:00,59.3
24481,2017-11-21T13:20:00,59
24482,2017-11-21T13:40:00,58.7
24483,2017-11-21T14:00:00,57.8
24484,2017-11-21T14:20:00,57.6
24485,2017-11-21T14:40:00,57.4
24486,2017-11-21T15:00:00,60.1
24487,2017-11-21T15:20:00,60.9
24488,2017-11-21T15:45:00,61.9
24489,2017-11-21T16:05:00,60.4
24490,2017-11-21T16:25:00,60.4
24491,2017-11-21T16:45:00,59.8
24492,2017-11-21T17:05:00,60.3
24493,2017-11-21T17:25:00,59.8
24494,2017-11-21T17:45:00,61.2
24495,2017-11-21T18:05:00,61.2
24496,2017-11-21T18:25:00,61.5
24497,2017-11-21T18:45:00,62.6
24498,2017-11-21T19:05:00,66.1
24499,2017-11-21T19:25:00,67.7
24500,2017-11-21T19:45:00,68.3
24501,2017-11-21T20:05:00,69.3
24502,2017-11-21T20:25:00,68.3
24503,2017-11-21T20:45:00,67.5
24504,2017-11-21T21:05:00,66.9
24505,2017-11-21T21:25:00,66.9
24506,2017-11-21T21:45:00,67.4
24507,2017-11-21T22:05:00,67.5
24508,2017-11-21T22:25:00,68.8
24509,2017-11-21T22:45:00,69.1
24510,2017-11-21T23:05:00,69.3
24511,2017-11-21T23:25:00,70.1
24512,2017-11-21T23:45:00,70.1
24513,2017-11-22T00:05:00,70.4
24514,2017-11-22T00:25:00,70.5
24515,2017-11-22T00:45:00,70.8
24516,2017-11-22T01:05:00,70.5
24517,2017-11-22T01:25:00,71.2
24518,2017-11-22T01:45:00,71.3
24519,2017-11-22T02:05:00,71.6
24520,2017-11-22T02:25:00,71.9
24521,2017-11-22T02:45:00,71.9
24522,2017-11-22T03:10:00,72.3
24523,2017-11-22T03:30:00,72.6
24524,2017-11-22T03:50:00,72.7
24525,2017-11-22T04:10:00,73.5
24526,2017-11-22T04:30:00,73.7
24527,2017-11-22T04:50:00,73.5
24528,2017-11-22T05:10:00,73.4
24529,2017-11-22T05:30:00,74.2
24530,2017-11-22T05:50:00,74
24531,2017-11-22T06:10:00,74.2
24532,2017-11-22T06:30:00,74.3
24533,2017-11-22T06:50:00,74.5
24534,2017-11-22T07:10:00,75.3
24535,2017-11-22T07:30:00,75.3
24536,2017-11-22T07:50:00,75.9
24537,2017-11-22T08:10:00,75.9
24538,2017-11-22T08:30:00,75.9
24539,2017-11-22T08:50:00,75.4
24540,2017-11-22T09:10:00,75.1
24541,2017-11-22T09:30:00,74.8
24542,2017-11-22T09:50:00,75.1
24543,2017-11-22T10:10:00,74.9
24544,2017-11-22T10:30:00,73.7
24545,2017-11-22T10:50:00,71.8
24546,2017-11-22T11:10:00,73.4
24547,2017-11-22T11:30:00,73
24548,2017-11-22T11:50:00,73.4
24549,2017-11-22T12:10:00,73.2
24550,2017-11-22T12:30:00,72.9
24551,2017-11-22T12:50:00,73.8
24552,2017-11-22T13:10:00,74.2
24553,2017-11-22T13:30:00,75.7
24554,2017-11-22T13:50:00,76
24555,2017-11-22T14:10:00,76.2
24556,2017-11-22T14:35:00,76.2
24557,2017-11-22T14:55:00,76.5
24558,2017-11-22T15:15:00,76.2
24559,2017-11-22T15:35:00,76.2
24560,2017-11-22T15:55:00,76
24561,2017-11-22T16:15:00,75.7
24562,2017-11-22T16:35:00,75.7
24563,2017-11-22T16:55:00,75.6
24564,2017-11-22T17:15:00,74.9
24565,2017-11-22T17:35:00,74.5
24566,2017-11-22T17:55:00,74.3
24567,2017-11-22T18:15:00,73.8
24568,2017-11-22T18:35:00,73.5
24569,2017-11-22T18:55:00,73.4
24570,2017-11-22T19:15:00,73.2
24571,2017-11-22T19:35:00,72.4
24572,2017-11-22T19:55:00,68.9
24573,2017-11-22T20:15:00,66.1
24574,2017-11-22T20:35:00,65.2
24575,2017-11-22T20:55:00,64.9
24576,2017-11-22T21:15:00,64.7
24577,2017-11-22T21:35:00,64.2
24578,2017-11-22T21:55:00,63.1
24579,2017-11-22T22:15:00,63
24580,2017-11-22T22:35:00,61.9
24581,2017-11-22T22:55:00,62.2
24582,2017-11-22T23:15:00,62.5
24583,2017-11-22T23:35:00,61.7
24584,2017-11-22T23:55:00,60.4
24585,2017-11-23T00:15:00,59.5
24586,2017-11-23T00:35:00,59
24587,2017-11-23T00:55:00,60.1
24588,2017-11-23T01:15:00,60.8
24589,2017-11-23T01:35:00,60.9
24590,2017-11-23T02:00:00,59.6
24591,2017-11-23T02:20:00,58.7
24592,2017-11-23T02:40:00,57.9
24593,2017-11-23T03:00:00,57.9
24594,2017-11-23T03:20:00,57.4
24595,2017-11-23T03:40:00,57.4
24596,2017-11-23T04:00:00,56.7
24597,2017-11-23T04:20:00,56.8
24598,2017-11-23T04:40:00,57
24599,2017-11-23T05:00:00,57
24600,2017-11-23T05:20:00,56.5
24601,2017-11-23T05:40:00,56.3
24602,2017-11-23T06:00:00,56.2
24603,2017-11-23T06:20:00,55.9
24604,2017-11-23T06:40:00,55.7
24605,2017-11-23T07:00:00,55.1
24606,2017-11-23T07:20:00,54.3
24607,2017-11-23T07:40:00,53.8
24608,2017-11-23T08:00:00,53.3
24609,2017-11-23T08:20:00,53.2
24610,2017-11-23T08:40:00,55.5
24611,2017-11-23T09:00:00,55.2
24612,2017-11-23T09:20:00,57.4
24613,2017-11-23T09:40:00,60.1
24614,2017-11-23T10:00:00,55.5
24615,2017-11-23T10:20:00,54.3
24616,2017-11-23T10:40:00,53.8
24617,2017-11-23T11:00:00,51.8
24618,2017-11-23T11:20:00,52.6
24619,2017-11-23T11:40:00,54.1
24620,2017-11-23T12:00:00,56
24621,2017-11-23T12:20:00,65.5
24622,2017-11-23T12:40:00,69.7
24623,2017-11-23T13:00:00,70.7
24624,2017-11-23T13:25:00,71.9
24625,2017-11-23T13:45:00,72.6
24626,2017-11-23T14:05:00,72.1
24627,2017-11-23T14:25:00,72.6
24628,2017-11-23T14:45:00,72.6
24629,2017-11-23T15:05:00,71.8
24630,2017-11-23T15:25:00,71.9
24631,2017-11-23T15:45:00,71.3
24632,2017-11-23T16:05:00,69.6
24633,2017-11-23T16:25:00,69.3
24634,2017-11-23T16:45:00,67.7
24635,2017-11-23T17:05:00,68.2
24636,2017-11-23T17:25:00,68.3
24637,2017-11-23T17:45:00,66
24638,2017-11-23T18:05:00,58.5
24639,2017-11-23T18:25:00,58.2
24640,2017-11-23T18:45:00,59.5
24641,2017-11-23T19:05:00,59.8
24642,2017-11-23T19:25:00,59.6
24643,2017-11-23T19:45:00,60.1
24644,2017-11-23T20:05:00,58.5
24645,2017-11-23T20:25:00,58.5
24646,2017-11-23T20:45:00,58.5
24647,2017-11-23T21:05:00,58.7
24648,2017-11-23T21:25:00,59
24649,2017-11-23T21:45:00,60.6
24650,2017-11-23T22:05:00,62.3
24651,2017-11-23T22:25:00,62.5
24652,2017-11-23T22:45:00,64.1
24653,2017-11-23T23:05:00,64.5
24654,2017-11-23T23:25:00,64.5
24655,2017-11-23T23:45:00,62.5
24656,2017-11-24T00:05:00,60.4
24657,2017-11-24T00:30:00,60.8
24658,2017-11-24T00:50:00,60.3
24659,2017-11-24T01:10:00,60.4
24660,2017-11-24T01:30:00,60.3
24661,2017-11-24T01:50:00,60.4
24662,2017-11-24T02:30:00,60.1
24663,2017-11-24T02:50:00,61.1
24664,2017-11-24T03:10:00,61.4
24665,2017-11-24T03:30:00,62
24666,2017-11-24T03:50:00,62.2
24667,2017-11-24T04:10:00,62.5
24668,2017-11-24T04:30:00,62.5
24669,2017-11-24T04:50:00,62.3
24670,2017-11-24T05:10:00,62.8
24671,2017-11-24T05:30:00,63
24672,2017-11-24T05:50:00,63
24673,2017-11-24T06:10:00,63.1
24674,2017-11-24T06:30:00,63
24675,2017-11-24T06:50:00,63.6
24676,2017-11-24T07:10:00,63.3
24677,2017-11-24T07:30:00,63.6
24678,2017-11-24T07:50:00,63.1
24679,2017-11-24T08:10:00,62.6
24680,2017-11-24T08:30:00,63.3
24681,2017-11-24T08:50:00,62.6
24682,2017-11-24T09:10:00,62.5
24683,2017-11-24T09:30:00,61.9
24684,2017-11-24T09:50:00,61.2
24685,2017-11-24T10:10:00,60.9
24686,2017-11-24T10:30:00,60.8
24687,2017-11-24T10:50:00,59.8
24688,2017-11-24T11:10:00,61.4
24689,2017-11-24T11:30:00,61.9
24690,2017-11-24T11:55:00,61.2
24691,2017-11-24T12:15:00,60.4
24692,2017-11-24T12:35:00,60.4
24693,2017-11-24T12:55:00,61.9
24694,2017-11-24T13:15:00,61.7
24695,2017-11-24T13:35:00,63.4
24696,2017-11-24T13:55:00,63.6
24697,2017-11-24T14:15:00,64.1
24698,2017-11-24T14:35:00,65.3
24699,2017-11-24T14:55:00,64.9
24700,2017-11-24T15:15:00,65.2
24701,2017-11-24T15:35:00,65.2
24702,2017-11-24T15:55:00,62.6
24703,2017-11-24T16:15:00,62
24704,2017-11-24T16:35:00,62.3
24705,2017-11-24T16:55:00,61.9
24706,2017-11-24T17:15:00,60.8
24707,2017-11-24T17:35:00,60.9
24708,2017-11-24T17:55:00,61.5
24709,2017-11-24T18:15:00,61.7
24710,2017-11-24T18:35:00,61.9
24711,2017-11-24T18:55:00,62.6
24712,2017-11-24T19:15:00,63.6
24713,2017-11-24T19:35:00,64.1
24714,2017-11-24T19:55:00,63.9
24715,2017-11-24T20:15:00,65
24716,2017-11-24T20:35:00,65.2
24717,2017-11-24T20:55:00,66
24718,2017-11-24T21:15:00,65
24719,2017-11-24T21:35:00,64.7
24720,2017-11-24T21:55:00,65
24721,2017-11-24T22:15:00,64.5
24722,2017-11-24T22:35:00,64.7
24723,2017-11-24T22:55:00,64.7
24724,2017-11-24T23:20:00,64.2
24725,2017-11-24T23:40:00,64.2
24726,2017-11-25T00:00:00,64.5
24727,2017-11-25T00:20:00,64.9
24728,2017-11-25T00:40:00,65.5
24729,2017-11-25T01:00:00,64.9
24730,2017-11-25T01:20:00,64.5
24731,2017-11-25T01:40:00,65.3
24732,2017-11-25T02:00:00,64.4
24733,2017-11-25T02:20:00,63.6
24734,2017-11-25T02:40:00,64.5
24735,2017-11-25T03:00:00,64.1
24736,2017-11-25T03:20:00,63.6
24737,2017-11-25T03:40:00,64.1
24738,2017-11-25T04:00:00,64.2
24739,2017-11-25T04:20:00,63.3
24740,2017-11-25T04:40:00,63.4
24741,2017-11-25T05:00:00,62.3
24742,2017-11-25T05:20:00,62.3
24743,2017-11-25T05:40:00,62.6
24744,2017-11-25T06:00:00,62
24745,2017-11-25T06:20:00,62.3
24746,2017-11-25T06:40:00,63.1
24747,2017-11-25T07:00:00,61.9
24748,2017-11-25T07:20:00,62.3
24749,2017-11-25T07:40:00,62.5
24750,2017-11-25T08:00:00,60.1
24751,2017-11-25T08:20:00,50.7
24752,2017-11-25T08:40:00,48.9
24753,2017-11-25T09:00:00,53.8
24754,2017-11-25T09:20:00,55.9
24755,2017-11-25T09:40:00,52.4
24756,2017-11-25T10:00:00,47.5
24757,2017-11-25T10:20:00,48.1
24758,2017-11-25T10:45:00,55.2
24759,2017-11-25T11:05:00,56
24760,2017-11-25T11:25:00,57.4
24761,2017-11-25T11:45:00,57.8
24762,2017-11-25T12:05:00,57.1
24763,2017-11-25T12:25:00,49.4
24764,2017-11-25T12:45:00,49.6
24765,2017-11-25T13:05:00,52.2
24766,2017-11-25T13:25:00,51
24767,2017-11-25T13:45:00,52.6
24768,2017-11-25T14:05:00,58.9
24769,2017-11-25T14:25:00,59.8
24770,2017-11-25T14:45:00,60.9
24771,2017-11-25T15:05:00,61.1
24772,2017-11-25T15:25:00,62.2
24773,2017-11-25T15:45:00,62.5
24774,2017-11-25T16:05:00,63.9
24775,2017-11-25T16:25:00,64.1
24776,2017-11-25T16:45:00,63.4
24777,2017-11-25T17:05:00,63.9
24778,2017-11-25T17:25:00,63.7
24779,2017-11-25T17:45:00,64.1
24780,2017-11-25T18:05:00,63.7
24781,2017-11-25T18:25:00,63.4
24782,2017-11-25T18:45:00,63.3
24783,2017-11-25T19:05:00,63.7
24784,2017-11-25T19:25:00,63.9
24785,2017-11-25T19:45:00,63.9
24786,2017-11-25T20:05:00,64.2
24787,2017-11-25T20:25:00,63.9
24788,2017-11-25T20:45:00,63.9
24789,2017-11-25T21:05:00,63.4
24790,2017-11-25T21:25:00,63.3
24791,2017-11-25T21:50:00,63
24792,2017-11-25T22:10:00,63
24793,2017-11-25T22:30:00,63.3
24794,2017-11-25T22:50:00,63
24795,2017-11-25T23:10:00,62.5
24796,2017-11-25T23:30:00,62.8
24797,2017-11-25T23:50:00,62.5
24798,2017-11-26T00:10:00,63.3
24799,2017-11-26T00:30:00,64.1
24800,2017-11-26T00:50:00,63.1
24801,2017-11-26T01:10:00,63.7
24802,2017-11-26T01:30:00,64.4
24803,2017-11-26T01:50:00,64.4
24804,2017-11-26T02:10:00,63.6
24805,2017-11-26T02:30:00,63.6
24806,2017-11-26T02:50:00,63
24807,2017-11-26T03:10:00,62.6
24808,2017-11-26T03:30:00,62.6
24809,2017-11-26T03:50:00,62.5
24810,2017-11-26T04:10:00,62.5
24811,2017-11-26T04:30:00,62.6
24812,2017-11-26T04:50:00,63.6
24813,2017-11-26T05:10:00,64.9
24814,2017-11-26T05:30:00,66.9
24815,2017-11-26T05:50:00,66.3
24816,2017-11-26T06:10:00,66
24817,2017-11-26T06:30:00,66.1
24818,2017-11-26T06:50:00,66.6
24819,2017-11-26T07:10:00,66.3
24820,2017-11-26T07:30:00,67.1
24821,2017-11-26T07:50:00,66.9
24822,2017-11-26T08:10:00,66.7
24823,2017-11-26T08:30:00,63.6
24824,2017-11-26T08:50:00,57.4
24825,2017-11-26T09:15:00,59
24826,2017-11-26T09:35:00,63.3
24827,2017-11-26T09:55:00,62.3
24828,2017-11-26T10:15:00,58.5
24829,2017-11-26T10:35:00,63
24830,2017-11-26T10:55:00,63
24831,2017-11-26T11:15:00,56.7
24832,2017-11-26T11:35:00,56.2
24833,2017-11-26T11:55:00,56.3
24834,2017-11-26T12:15:00,54.1
24835,2017-11-26T12:35:00,54.4
24836,2017-11-26T12:55:00,53.7
24837,2017-11-26T13:15:00,59.6
24838,2017-11-26T13:35:00,60.4
24839,2017-11-26T13:55:00,61.1
24840,2017-11-26T14:15:00,61.9
24841,2017-11-26T14:35:00,62.2
24842,2017-11-26T14:55:00,63.1
24843,2017-11-26T15:15:00,64.7
24844,2017-11-26T15:35:00,64.5
24845,2017-11-26T15:55:00,64.2
24846,2017-11-26T16:15:00,64.5
24847,2017-11-26T16:35:00,65.5
24848,2017-11-26T16:55:00,65
24849,2017-11-26T17:15:00,64.9
24850,2017-11-26T17:35:00,64.4
24851,2017-11-26T17:55:00,63.7
24852,2017-11-26T18:15:00,61.4
24853,2017-11-26T18:35:00,61.5
24854,2017-11-26T18:55:00,62.8
24855,2017-11-26T19:15:00,62
24856,2017-11-26T19:35:00,61.2
24857,2017-11-26T19:55:00,60.6
24858,2017-11-26T20:15:00,61.9
24859,2017-11-26T20:40:00,63
24860,2017-11-26T21:00:00,63.4
24861,2017-11-26T21:20:00,64.4
24862,2017-11-26T21:40:00,65.3
24863,2017-11-26T22:00:00,65.3
24864,2017-11-26T22:20:00,65.2
24865,2017-11-26T22:40:00,64.9
24866,2017-11-26T23:00:00,63.4
24867,2017-11-26T23:20:00,63.7
24868,2017-11-26T23:40:00,64.5
24869,2017-11-27T00:00:00,65.6
24870,2017-11-27T00:20:00,66.1
24871,2017-11-27T00:40:00,65.8
24872,2017-11-27T01:00:00,66.1
24873,2017-11-27T01:20:00,66
24874,2017-11-27T01:40:00,66.1
24875,2017-11-27T02:00:00,66.7
24876,2017-11-27T02:20:00,66.3
24877,2017-11-27T02:40:00,65.8
24878,2017-11-27T03:00:00,65.6
24879,2017-11-27T03:20:00,65.5
24880,2017-11-27T03:40:00,66.6
24881,2017-11-27T04:00:00,66.6
24882,2017-11-27T04:20:00,65.8
24883,2017-11-27T04:40:00,66.3
24884,2017-11-27T05:00:00,65.5
24885,2017-11-27T05:20:00,65
24886,2017-11-27T05:40:00,65
24887,2017-11-27T06:00:00,64.1
24888,2017-11-27T06:20:00,64.1
24889,2017-11-27T06:40:00,65.8
24890,2017-11-27T07:00:00,66.3
24891,2017-11-27T07:20:00,66.6
24892,2017-11-27T07:40:00,66.6
24893,2017-11-27T08:05:00,65.2
24894,2017-11-27T08:25:00,62.8
24895,2017-11-27T08:45:00,63.7
24896,2017-11-27T09:05:00,64.2
24897,2017-11-27T09:25:00,64.1
24898,2017-11-27T09:45:00,64.7
24899,2017-11-27T10:05:00,65.5
24900,2017-11-27T10:25:00,67.8
24901,2017-11-27T10:45:00,69.1
24902,2017-11-27T11:05:00,69.9
24903,2017-11-27T11:25:00,70.1
24904,2017-11-27T11:45:00,70.4
24905,2017-11-27T12:05:00,70.4
24906,2017-11-27T12:25:00,70.5
24907,2017-11-27T12:45:00,70.5
24908,2017-11-27T13:05:00,70.5
24909,2017-11-27T13:25:00,70.4
24910,2017-11-27T13:45:00,70.7
24911,2017-11-27T14:05:00,70.7
24912,2017-11-27T14:25:00,71.2
24913,2017-11-27T14:45:00,71.2
24914,2017-11-27T15:05:00,71.6
24915,2017-11-27T15:25:00,71.8
24916,2017-11-27T15:45:00,72.4
24917,2017-11-27T16:05:00,72.7
24918,2017-11-27T16:25:00,72.4
24919,2017-11-27T16:45:00,71.9
24920,2017-11-27T17:05:00,71.9
24921,2017-11-27T17:25:00,71.3
24922,2017-11-27T17:45:00,70.7
24923,2017-11-27T18:05:00,70.4
24924,2017-11-27T18:25:00,70.8
24925,2017-11-27T18:45:00,70.1
24926,2017-11-27T19:05:00,69.6
24927,2017-11-27T19:30:00,68.9
24928,2017-11-27T19:50:00,68.9
24929,2017-11-27T20:10:00,69.4
24930,2017-11-27T20:30:00,69.6
24931,2017-11-27T20:50:00,69.6
24932,2017-11-27T21:10:00,69.1
24933,2017-11-27T21:30:00,68.5
24934,2017-11-27T21:50:00,67.4
24935,2017-11-27T22:10:00,66.6
24936,2017-11-27T22:30:00,65.5
24937,2017-11-27T22:50:00,66.4
24938,2017-11-27T23:10:00,66.6
24939,2017-11-27T23:30:00,66.3
24940,2017-11-27T23:50:00,66.1
24941,2017-11-28T00:10:00,65.6
24942,2017-11-28T00:30:00,66.6
24943,2017-11-28T00:50:00,66.9
24944,2017-11-28T01:10:00,67.7
24945,2017-11-28T01:30:00,68.6
24946,2017-11-28T01:50:00,68.9
24947,2017-11-28T02:10:00,68.6
24948,2017-11-28T02:30:00,68.6
24949,2017-11-28T02:50:00,67.4
24950,2017-11-28T03:10:00,68.3
24951,2017-11-28T03:30:00,68.9
24952,2017-11-28T03:50:00,68.3
24953,2017-11-28T04:10:00,67.5
24954,2017-11-28T04:30:00,67.2
24955,2017-11-28T04:50:00,67.4
24956,2017-11-28T05:10:00,66.1
24957,2017-11-28T05:30:00,66.1
24958,2017-11-28T05:50:00,66
24959,2017-11-28T06:10:00,66
24960,2017-11-28T06:35:00,65.8
24961,2017-11-28T06:55:00,65.6
24962,2017-11-28T07:15:00,64.9
24963,2017-11-28T07:35:00,65.3
24964,2017-11-28T07:55:00,65.5
24965,2017-11-28T08:15:00,65.3
24966,2017-11-28T08:55:00,66.4
24967,2017-11-28T09:15:00,67.5
24968,2017-11-28T09:35:00,65.8
24969,2017-11-28T09:55:00,63.4
24970,2017-11-28T10:15:00,62
24971,2017-11-28T10:35:00,59.5
24972,2017-11-28T10:55:00,61.4
24973,2017-11-28T11:15:00,61.4
24974,2017-11-28T11:35:00,60.4
24975,2017-11-28T11:55:00,59.6
24976,2017-11-28T12:15:00,59.8
24977,2017-11-28T12:35:00,58.9
24978,2017-11-28T12:55:00,58.9
24979,2017-11-28T13:15:00,59.8
24980,2017-11-28T13:35:00,59.5
24981,2017-11-28T13:55:00,60
24982,2017-11-28T14:15:00,59.3
24983,2017-11-28T14:35:00,59.6
24984,2017-11-28T14:55:00,60
24985,2017-11-28T15:15:00,60.4
24986,2017-11-28T15:35:00,62.8
24987,2017-11-28T15:55:00,64.9
24988,2017-11-28T16:15:00,66.3
24989,2017-11-28T16:35:00,66.1
24990,2017-11-28T16:55:00,65.5
24991,2017-11-28T17:15:00,65.5
24992,2017-11-28T17:35:00,65.3
24993,2017-11-28T18:00:00,66
24994,2017-11-28T18:20:00,65.5
24995,2017-11-28T18:40:00,66.1
24996,2017-11-28T19:00:00,66.4
24997,2017-11-28T19:20:00,66.3
24998,2017-11-28T19:40:00,67.4
24999,2017-11-28T20:20:00,66.9
25000,2017-11-28T20:40:00,66.6
25001,2017-11-28T21:00:00,66.4
25002,2017-11-28T21:20:00,66.6
25003,2017-11-28T21:40:00,66.3
25004,2017-11-28T22:00:00,66.1
25005,2017-11-28T22:20:00,65.5
25006,2017-11-28T22:40:00,66.1
25007,2017-11-28T23:00:00,65.8
25008,2017-11-28T23:20:00,66.3
25009,2017-11-28T23:40:00,66.3
25010,2017-11-29T00:00:00,66.3
25011,2017-11-29T00:20:00,66.7
25012,2017-11-29T00:40:00,65.6
25013,2017-11-29T01:00:00,66
25014,2017-11-29T01:20:00,66.1
25015,2017-11-29T01:40:00,66.7
25016,2017-11-29T02:00:00,67.2
25017,2017-11-29T02:20:00,67.2
25018,2017-11-29T02:40:00,67.5
25019,2017-11-29T03:00:00,68
25020,2017-11-29T03:20:00,68
25021,2017-11-29T03:40:00,67.7
25022,2017-11-29T04:00:00,67.7
25023,2017-11-29T04:20:00,69.6
25024,2017-11-29T04:40:00,68.6
25025,2017-11-29T05:00:00,67.5
25026,2017-11-29T05:25:00,66.6
25027,2017-11-29T05:45:00,66
25028,2017-11-29T06:05:00,64.9
25029,2017-11-29T06:25:00,66.6
25030,2017-11-29T06:45:00,66.1
25031,2017-11-29T07:05:00,66.1
25032,2017-11-29T07:25:00,65.5
25033,2017-11-29T07:45:00,65
25034,2017-11-29T08:05:00,64.9
25035,2017-11-29T08:25:00,65
25036,2017-11-29T08:45:00,62.3
25037,2017-11-29T09:05:00,64.4
25038,2017-11-29T09:25:00,64.9
25039,2017-11-29T09:45:00,64.9
25040,2017-11-29T10:05:00,63.9
25041,2017-11-29T10:25:00,66.6
25042,2017-11-29T10:45:00,62
25043,2017-11-29T11:05:00,65.6
25044,2017-11-29T11:25:00,62.3
25045,2017-11-29T11:45:00,62.5
25046,2017-11-29T12:05:00,61.4
25047,2017-11-29T12:25:00,60.8
25048,2017-11-29T12:45:00,63
25049,2017-11-29T13:05:00,62.8
25050,2017-11-29T13:25:00,62.8
25051,2017-11-29T13:45:00,62.8
25052,2017-11-29T14:05:00,64.2
25053,2017-11-29T14:25:00,61.4
25054,2017-11-29T14:45:00,62.5
25055,2017-11-29T15:05:00,66.3
25056,2017-11-29T15:25:00,65.3
25057,2017-11-29T15:45:00,66.7
25058,2017-11-29T16:05:00,67.2
25059,2017-11-29T16:25:00,66.9
25060,2017-11-29T16:50:00,67.4
25061,2017-11-29T17:10:00,67.4
25062,2017-11-29T17:30:00,66.9
25063,2017-11-29T17:50:00,66.7
25064,2017-11-29T18:10:00,66.9
25065,2017-11-29T18:30:00,66.9
25066,2017-11-29T18:50:00,67.1
25067,2017-11-29T19:10:00,67.1
25068,2017-11-29T19:30:00,67.1
25069,2017-11-29T19:50:00,66.7
25070,2017-11-29T20:10:00,67.1
25071,2017-11-29T20:30:00,67.2
25072,2017-11-29T20:50:00,67.8
25073,2017-11-29T21:10:00,67.7
25074,2017-11-29T21:30:00,67.5
25075,2017-11-29T21:50:00,67.8
25076,2017-11-29T22:10:00,68
25077,2017-11-29T22:30:00,67.8
25078,2017-11-29T22:50:00,67.7
25079,2017-11-29T23:10:00,67.7
25080,2017-11-29T23:30:00,67.2
25081,2017-11-29T23:50:00,67.8
25082,2017-11-30T00:10:00,67.7
25083,2017-11-30T00:30:00,67.7
25084,2017-11-30T00:50:00,68
25085,2017-11-30T01:10:00,67.7
25086,2017-11-30T01:30:00,67.2
25087,2017-11-30T01:50:00,66.7
25088,2017-11-30T02:10:00,66.1
25089,2017-11-30T02:30:00,66.6
25090,2017-11-30T02:50:00,67.7
25091,2017-11-30T03:10:00,67.1
25092,2017-11-30T03:30:00,67.4
25093,2017-11-30T03:55:00,67.7
25094,2017-11-30T04:15:00,67.5
25095,2017-11-30T04:35:00,67.7
25096,2017-11-30T04:55:00,70.1
25097,2017-11-30T05:15:00,67.2
25098,2017-11-30T05:35:00,67.5
25099,2017-11-30T05:55:00,66.9
25100,2017-11-30T06:15:00,67.1
25101,2017-11-30T06:35:00,66.1
25102,2017-11-30T06:55:00,65
25103,2017-11-30T07:15:00,66.7
25104,2017-11-30T07:35:00,66.6
25105,2017-11-30T07:55:00,65.2
25106,2017-11-30T08:15:00,64.2
25107,2017-11-30T08:35:00,63.1
25108,2017-11-30T08:55:00,63.1
25109,2017-11-30T09:15:00,63.4
25110,2017-11-30T09:35:00,63.6
25111,2017-11-30T09:55:00,63
25112,2017-11-30T10:15:00,62.5
25113,2017-11-30T10:35:00,52.2
25114,2017-11-30T10:55:00,52.7
25115,2017-11-30T11:15:00,49.1
25116,2017-11-30T11:35:00,56.5
25117,2017-11-30T11:55:00,62.5
25118,2017-11-30T12:15:00,64.7
25119,2017-11-30T12:35:00,58.4
25120,2017-11-30T12:55:00,57.3
25121,2017-11-30T13:15:00,52.1
25122,2017-11-30T13:35:00,51.8
25123,2017-11-30T13:55:00,54.6
25124,2017-11-30T14:15:00,57.1
25125,2017-11-30T14:35:00,57.9
25126,2017-11-30T14:55:00,57.3
25127,2017-11-30T15:20:00,58.9
25128,2017-11-30T15:40:00,59.2
25129,2017-11-30T16:00:00,61.5
25130,2017-11-30T16:20:00,63
25131,2017-11-30T16:40:00,64.1
25132,2017-11-30T17:00:00,64.4
25133,2017-11-30T17:20:00,65
25134,2017-11-30T17:40:00,65.2
25135,2017-11-30T18:00:00,66.7
25136,2017-11-30T18:20:00,66.1
25137,2017-11-30T18:40:00,65
25138,2017-11-30T19:00:00,64.5
25139,2017-11-30T19:20:00,65.6
25140,2017-11-30T19:40:00,66.6
25141,2017-11-30T20:00:00,66.7
25142,2017-11-30T20:20:00,65.8
25143,2017-11-30T20:40:00,65.3
25144,2017-11-30T21:00:00,65
25145,2017-11-30T21:20:00,64.7
25146,2017-11-30T21:40:00,64.4
25147,2017-11-30T22:00:00,65
25148,2017-11-30T22:20:00,65
25149,2017-11-30T22:40:00,65.2
25150,2017-11-30T23:00:00,65.5
25151,2017-11-30T23:20:00,63.6
25152,2017-11-30T23:40:00,64.2
25153,2017-12-01T00:00:00,64.9
25154,2017-12-01T00:20:00,65.5
25155,2017-12-01T00:40:00,65.5
25156,2017-12-01T01:00:00,64.9
25157,2017-12-01T01:20:00,64.9
25158,2017-12-01T01:40:00,66
25159,2017-12-01T02:00:00,65.8
25160,2017-12-01T02:20:00,66.3
25161,2017-12-01T02:45:00,66.7
25162,2017-12-01T03:05:00,66.7
25163,2017-12-01T03:25:00,66.3
25164,2017-12-01T03:45:00,66.3
25165,2017-12-01T04:05:00,66.3
25166,2017-12-01T04:25:00,66.9
25167,2017-12-01T04:45:00,66.9
25168,2017-12-01T05:05:00,68.3
25169,2017-12-01T05:25:00,63.3
25170,2017-12-01T05:45:00,62.2
25171,2017-12-01T06:05:00,62.3
25172,2017-12-01T06:25:00,60.6
25173,2017-12-01T06:45:00,60.3
25174,2017-12-01T07:05:00,61.1
25175,2017-12-01T07:25:00,61.2
25176,2017-12-01T07:45:00,60
25177,2017-12-01T08:05:00,59.3
25178,2017-12-01T08:25:00,58.7
25179,2017-12-01T08:45:00,60.3
25180,2017-12-01T09:05:00,59.6
25181,2017-12-01T09:25:00,61.1
25182,2017-12-01T09:45:00,59.3
25183,2017-12-01T10:05:00,60
25184,2017-12-01T10:25:00,52.2
25185,2017-12-01T10:45:00,51.1
25186,2017-12-01T11:05:00,49.1
25187,2017-12-01T11:25:00,54
25188,2017-12-01T11:45:00,53.7
25189,2017-12-01T12:05:00,56
25190,2017-12-01T12:25:00,57.4
25191,2017-12-01T12:45:00,52.4
25192,2017-12-01T13:05:00,54.1
25193,2017-12-01T13:25:00,56.7
25194,2017-12-01T13:45:00,61.2
25195,2017-12-01T14:10:00,61.1
25196,2017-12-01T14:30:00,58.2
25197,2017-12-01T14:50:00,55.4
25198,2017-12-01T15:10:00,52.9
25199,2017-12-01T15:30:00,53.3
25200,2017-12-01T15:50:00,54.4
25201,2017-12-01T16:10:00,55.2
25202,2017-12-01T16:30:00,55.4
25203,2017-12-01T16:50:00,55.4
25204,2017-12-01T17:10:00,56.2
25205,2017-12-01T17:30:00,57.9
25206,2017-12-01T17:50:00,57.9
25207,2017-12-01T18:10:00,59
25208,2017-12-01T18:30:00,58.4
25209,2017-12-01T18:50:00,58.7
25210,2017-12-01T19:10:00,59
25211,2017-12-01T19:30:00,58.5
25212,2017-12-01T19:50:00,58.9
25213,2017-12-01T20:10:00,58.4
25214,2017-12-01T20:30:00,57.4
25215,2017-12-01T20:50:00,57.6
25216,2017-12-01T21:10:00,61.9
25217,2017-12-01T21:30:00,62.8
25218,2017-12-01T21:50:00,63.4
25219,2017-12-01T22:10:00,63.7
25220,2017-12-01T22:30:00,64.7
25221,2017-12-01T22:50:00,63.3
25222,2017-12-01T23:10:00,62.2
25223,2017-12-01T23:30:00,63.4
25224,2017-12-01T23:50:00,65
25225,2017-12-02T00:10:00,64.7
25226,2017-12-02T00:30:00,63.7
25227,2017-12-02T00:50:00,64.9
25228,2017-12-02T01:15:00,63.9
25229,2017-12-02T01:35:00,63.1
25230,2017-12-02T01:55:00,63.9
25231,2017-12-02T02:15:00,63.7
25232,2017-12-02T02:35:00,64.4
25233,2017-12-02T02:55:00,64.2
25234,2017-12-02T03:15:00,63.7
25235,2017-12-02T03:35:00,63.1
25236,2017-12-02T03:55:00,63
25237,2017-12-02T04:15:00,61.9
25238,2017-12-02T04:35:00,61.7
25239,2017-12-02T04:55:00,62.6
25240,2017-12-02T05:15:00,60.8
25241,2017-12-02T05:35:00,61.5
25242,2017-12-02T05:55:00,61.5
25243,2017-12-02T06:15:00,61.1
25244,2017-12-02T06:35:00,61.1
25245,2017-12-02T06:55:00,62.3
25246,2017-12-02T07:15:00,62.6
25247,2017-12-02T07:35:00,62.2
25248,2017-12-02T07:55:00,60.6
25249,2017-12-02T08:15:00,61.9
25250,2017-12-02T08:35:00,61.5
25251,2017-12-02T08:55:00,62
25252,2017-12-02T09:15:00,62
25253,2017-12-02T09:35:00,61.5
25254,2017-12-02T09:55:00,61.5
25255,2017-12-02T10:15:00,59.8
25256,2017-12-02T10:35:00,59
25257,2017-12-02T10:55:00,57.8
25258,2017-12-02T11:15:00,52.6
25259,2017-12-02T11:35:00,54.3
25260,2017-12-02T11:55:00,55.9
25261,2017-12-02T12:15:00,56.3
25262,2017-12-02T12:40:00,57.1
25263,2017-12-02T13:00:00,57.9
25264,2017-12-02T13:20:00,58.7
25265,2017-12-02T13:40:00,58.5
25266,2017-12-02T14:00:00,61.1
25267,2017-12-02T14:20:00,62.3
25268,2017-12-02T14:40:00,62.8
25269,2017-12-02T15:00:00,64.1
25270,2017-12-02T15:20:00,66.1
25271,2017-12-02T15:40:00,66.6
25272,2017-12-02T16:00:00,67.1
25273,2017-12-02T16:20:00,67.8
25274,2017-12-02T16:40:00,68.5
25275,2017-12-02T17:00:00,68.8
25276,2017-12-02T17:20:00,68.8
25277,2017-12-02T17:40:00,69.6
25278,2017-12-02T18:00:00,69.9
25279,2017-12-02T18:20:00,70.5
25280,2017-12-02T18:40:00,70.5
25281,2017-12-02T19:00:00,70.4
25282,2017-12-02T19:20:00,69.6
25283,2017-12-02T19:40:00,69.3
25284,2017-12-02T20:00:00,69.9
25285,2017-12-02T20:20:00,70.1
25286,2017-12-02T20:40:00,70.4
25287,2017-12-02T21:00:00,69.9
25288,2017-12-02T21:20:00,70.1
25289,2017-12-02T21:40:00,70.1
25290,2017-12-02T22:00:00,70.8
25291,2017-12-02T22:20:00,71
25292,2017-12-02T22:40:00,71
25293,2017-12-02T23:00:00,71.9
25294,2017-12-02T23:20:00,71.9
25295,2017-12-02T23:40:00,72.3
25296,2017-12-03T00:05:00,72.3
25297,2017-12-03T00:25:00,72.6
25298,2017-12-03T00:45:00,72.3
25299,2017-12-03T01:05:00,72.3
25300,2017-12-03T01:25:00,72.4
25301,2017-12-03T01:45:00,72.7
25302,2017-12-03T02:05:00,72.7
25303,2017-12-03T02:25:00,72.9
25304,2017-12-03T02:45:00,72.9
25305,2017-12-03T03:05:00,72.9
25306,2017-12-03T03:25:00,73.2
25307,2017-12-03T03:45:00,73.4
25308,2017-12-03T04:05:00,73.2
25309,2017-12-03T04:25:00,73.7
25310,2017-12-03T04:45:00,73.7
25311,2017-12-03T05:05:00,74.6
25312,2017-12-03T05:25:00,73.2
25313,2017-12-03T05:45:00,72.1
25314,2017-12-03T06:05:00,70.4
25315,2017-12-03T06:25:00,68.8
25316,2017-12-03T06:45:00,68.6
25317,2017-12-03T07:05:00,68.2
25318,2017-12-03T07:25:00,68.5
25319,2017-12-03T07:45:00,68.2
25320,2017-12-03T08:05:00,68
25321,2017-12-03T08:25:00,66.4
25322,2017-12-03T08:45:00,65.5
25323,2017-12-03T09:05:00,67.1
25324,2017-12-03T09:25:00,60.4
25325,2017-12-03T09:45:00,54.9
25326,2017-12-03T10:05:00,52.2
25327,2017-12-03T10:25:00,51.1
25328,2017-12-03T10:45:00,49.1
25329,2017-12-03T11:05:00,51
25330,2017-12-03T11:30:00,50
25331,2017-12-03T11:50:00,51
25332,2017-12-03T12:10:00,49.6
25333,2017-12-03T12:30:00,51.9
25334,2017-12-03T12:50:00,55.5
25335,2017-12-03T13:10:00,55.9
25336,2017-12-03T13:30:00,57.1
25337,2017-12-03T13:50:00,54.8
25338,2017-12-03T14:10:00,51.8
25339,2017-12-03T14:30:00,51.8
25340,2017-12-03T14:50:00,51.6
25341,2017-12-03T15:10:00,52.4
25342,2017-12-03T15:30:00,53.7
25343,2017-12-03T15:50:00,56
25344,2017-12-03T16:10:00,56.2
25345,2017-12-03T16:30:00,56.3
25346,2017-12-03T16:50:00,56.3
25347,2017-12-03T17:10:00,57.1
25348,2017-12-03T17:30:00,57.6
25349,2017-12-03T17:50:00,57.6
25350,2017-12-03T18:10:00,57.4
25351,2017-12-03T18:30:00,58.1
25352,2017-12-03T18:50:00,58.4
25353,2017-12-03T19:10:00,57.8
25354,2017-12-03T19:30:00,57.8
25355,2017-12-03T19:50:00,58.5
25356,2017-12-03T20:10:00,57.8
25357,2017-12-03T20:30:00,58.2
25358,2017-12-03T20:50:00,57.9
25359,2017-12-03T21:10:00,58.9
25360,2017-12-03T21:30:00,59.2
25361,2017-12-03T21:50:00,59.5
25362,2017-12-03T22:10:00,59.2
25363,2017-12-03T22:30:00,60.3
25364,2017-12-03T22:55:00,60.8
25365,2017-12-03T23:15:00,60.9
25366,2017-12-03T23:35:00,61.4
25367,2017-12-03T23:55:00,61.7
25368,2017-12-04T00:15:00,61.4
25369,2017-12-04T00:35:00,61.9
25370,2017-12-04T00:55:00,62.3
25371,2017-12-04T01:15:00,62.5
25372,2017-12-04T01:35:00,62.3
25373,2017-12-04T01:55:00,62.5
25374,2017-12-04T02:15:00,62.5
25375,2017-12-04T02:35:00,62.6
25376,2017-12-04T02:55:00,62.8
25377,2017-12-04T03:15:00,63.1
25378,2017-12-04T03:35:00,62.5
25379,2017-12-04T03:55:00,62.2
25380,2017-12-04T04:15:00,62.2
25381,2017-12-04T04:35:00,63
25382,2017-12-04T04:55:00,65
25383,2017-12-04T05:15:00,59.2
25384,2017-12-04T05:35:00,57.6
25385,2017-12-04T05:55:00,58.5
25386,2017-12-04T06:15:00,57.6
25387,2017-12-04T06:35:00,59.8
25388,2017-12-04T06:55:00,60.8
25389,2017-12-04T07:15:00,61.7
25390,2017-12-04T07:35:00,61.5
25391,2017-12-04T07:55:00,60
25392,2017-12-04T08:15:00,51.4
25393,2017-12-04T08:35:00,51.1
25394,2017-12-04T08:55:00,49.6
25395,2017-12-04T09:15:00,49.4
25396,2017-12-04T09:35:00,47.2
25397,2017-12-04T10:00:00,43.6
25398,2017-12-04T10:20:00,43.3
25399,2017-12-04T10:40:00,44.8
25400,2017-12-04T11:00:00,44
25401,2017-12-04T11:20:00,43.9
25402,2017-12-04T11:40:00,42.9
25403,2017-12-04T12:00:00,41.5
25404,2017-12-04T12:20:00,41
25405,2017-12-04T13:00:00,45.5
25406,2017-12-04T13:20:00,44.5
25407,2017-12-04T13:40:00,45.6
25408,2017-12-04T14:00:00,48
25409,2017-12-04T14:20:00,47.5
25410,2017-12-04T14:40:00,48.9
25411,2017-12-04T15:00:00,48.8
25412,2017-12-04T15:20:00,49.1
25413,2017-12-04T15:40:00,52.2
25414,2017-12-04T16:00:00,54.1
25415,2017-12-04T16:20:00,55.1
25416,2017-12-04T16:40:00,56
25417,2017-12-04T17:00:00,56.5
25418,2017-12-04T17:20:00,56.2
25419,2017-12-04T17:40:00,56.2
25420,2017-12-04T18:00:00,55.2
25421,2017-12-04T18:20:00,55.4
25422,2017-12-04T18:40:00,55.4
25423,2017-12-04T19:00:00,55.5
25424,2017-12-04T19:20:00,56
25425,2017-12-04T19:40:00,56.3
25426,2017-12-04T20:00:00,57
25427,2017-12-04T20:20:00,57.9
25428,2017-12-04T20:40:00,58.9
25429,2017-12-04T21:00:00,60.1
25430,2017-12-04T21:25:00,59.8
25431,2017-12-04T21:45:00,61.1
25432,2017-12-04T22:05:00,61.2
25433,2017-12-04T22:25:00,60.9
25434,2017-12-04T22:45:00,62.3
25435,2017-12-04T23:05:00,62.6
25436,2017-12-04T23:25:00,64.1
25437,2017-12-04T23:45:00,66.1
25438,2017-12-05T00:25:00,69.9
25439,2017-12-05T00:45:00,70.4
25440,2017-12-05T01:05:00,70.5
25441,2017-12-05T01:25:00,70.4
25442,2017-12-05T01:45:00,70.4
25443,2017-12-05T02:05:00,71.3
25444,2017-12-05T02:25:00,71
25445,2017-12-05T02:45:00,71.5
25446,2017-12-05T03:05:00,70.5
25447,2017-12-05T03:25:00,69.7
25448,2017-12-05T03:45:00,69.4
25449,2017-12-05T04:05:00,68.3
25450,2017-12-05T04:25:00,68
25451,2017-12-05T04:45:00,68.2
25452,2017-12-05T05:05:00,62.5
25453,2017-12-05T05:25:00,63.4
25454,2017-12-05T05:45:00,62.6
25455,2017-12-05T06:05:00,62.8
25456,2017-12-05T06:25:00,64.7
25457,2017-12-05T06:45:00,64.5
25458,2017-12-05T07:05:00,64.4
25459,2017-12-05T07:25:00,65.3
25460,2017-12-05T07:45:00,66.4
25461,2017-12-05T08:05:00,65.8
25462,2017-12-05T08:25:00,64.1
25463,2017-12-05T08:50:00,62.3
25464,2017-12-05T09:10:00,62.8
25465,2017-12-05T09:30:00,64.5
25466,2017-12-05T09:50:00,65.5
25467,2017-12-05T10:10:00,63.6
25468,2017-12-05T10:30:00,64.5
25469,2017-12-05T10:50:00,63.9
25470,2017-12-05T11:10:00,62
25471,2017-12-05T11:30:00,59.6
25472,2017-12-05T11:50:00,60.4
25473,2017-12-05T12:10:00,59.6
25474,2017-12-05T12:30:00,60.9
25475,2017-12-05T12:50:00,61.2
25476,2017-12-05T13:10:00,62.5
25477,2017-12-05T13:30:00,60.6
25478,2017-12-05T13:50:00,59.3
25479,2017-12-05T14:10:00,59.3
25480,2017-12-05T14:30:00,61.1
25481,2017-12-05T14:50:00,61.2
25482,2017-12-05T15:10:00,62.3
25483,2017-12-05T15:30:00,65
25484,2017-12-05T15:50:00,67.7
25485,2017-12-05T16:10:00,65.6
25486,2017-12-05T16:30:00,64.9
25487,2017-12-05T16:50:00,65.3
25488,2017-12-05T17:10:00,66.7
25489,2017-12-05T17:30:00,66.3
25490,2017-12-05T17:50:00,66.1
25491,2017-12-05T18:10:00,66
25492,2017-12-05T18:30:00,65
25493,2017-12-05T18:50:00,65.8
25494,2017-12-05T19:10:00,68.8
25495,2017-12-05T19:30:00,69.7
25496,2017-12-05T19:50:00,70.8
25497,2017-12-05T20:15:00,71.2
25498,2017-12-05T20:35:00,69.4
25499,2017-12-05T20:55:00,70.1
25500,2017-12-05T21:15:00,70.1
25501,2017-12-05T21:35:00,69.6
25502,2017-12-05T21:55:00,68
25503,2017-12-05T22:15:00,67.7
25504,2017-12-05T22:35:00,67.4
25505,2017-12-05T22:55:00,68.2
25506,2017-12-05T23:15:00,68.2
25507,2017-12-05T23:35:00,68
25508,2017-12-05T23:55:00,66.6
25509,2017-12-06T00:15:00,65.8
25510,2017-12-06T00:35:00,65.8
25511,2017-12-06T00:55:00,65.8
25512,2017-12-06T01:15:00,65.5
25513,2017-12-06T01:35:00,64.5
25514,2017-12-06T01:55:00,64.2
25515,2017-12-06T02:15:00,64.5
25516,2017-12-06T02:35:00,64.2
25517,2017-12-06T02:55:00,66.4
25518,2017-12-06T03:15:00,67.4
25519,2017-12-06T03:35:00,67.5
25520,2017-12-06T03:55:00,67.4
25521,2017-12-06T04:15:00,68.2
25522,2017-12-06T04:35:00,69.9
25523,2017-12-06T04:55:00,69.9
25524,2017-12-06T05:15:00,67.4
25525,2017-12-06T05:35:00,68.8
25526,2017-12-06T05:55:00,70.4
25527,2017-12-06T06:15:00,71
25528,2017-12-06T06:35:00,71.6
25529,2017-12-06T06:55:00,70.7
25530,2017-12-06T07:20:00,70.5
25531,2017-12-06T07:40:00,70.7
25532,2017-12-06T08:00:00,70.7
25533,2017-12-06T08:20:00,71.5
25534,2017-12-06T08:40:00,71.2
25535,2017-12-06T09:00:00,71.3
25536,2017-12-06T09:20:00,71.8
25537,2017-12-06T09:40:00,71.5
25538,2017-12-06T10:00:00,71.9
25539,2017-12-06T10:20:00,71.5
25540,2017-12-06T10:40:00,70.4
25541,2017-12-06T11:00:00,71.2
25542,2017-12-06T11:20:00,70.4
25543,2017-12-06T11:40:00,70.8
25544,2017-12-06T12:00:00,70.5
25545,2017-12-06T12:20:00,70.4
25546,2017-12-06T12:40:00,69.9
25547,2017-12-06T13:00:00,69.7
25548,2017-12-06T13:20:00,68.8
25549,2017-12-06T13:40:00,68.9
25550,2017-12-06T14:00:00,70.1
25551,2017-12-06T14:20:00,68.9
25552,2017-12-06T14:40:00,68.9
25553,2017-12-06T15:00:00,69.1
25554,2017-12-06T15:20:00,67.8
25555,2017-12-06T15:40:00,69.3
25556,2017-12-06T16:00:00,68.8
25557,2017-12-06T16:20:00,68.5
25558,2017-12-06T16:40:00,68
25559,2017-12-06T17:00:00,67.4
25560,2017-12-06T17:20:00,67.5
25561,2017-12-06T17:40:00,67.2
25562,2017-12-06T18:00:00,66.6
25563,2017-12-06T18:20:00,66.3
25564,2017-12-06T18:45:00,66.3
25565,2017-12-06T19:05:00,65.8
25566,2017-12-06T19:25:00,65.3
25567,2017-12-06T19:45:00,64.4
25568,2017-12-06T20:05:00,63.6
25569,2017-12-06T20:25:00,63
25570,2017-12-06T20:45:00,63
25571,2017-12-06T21:05:00,63
25572,2017-12-06T21:25:00,62.6
25573,2017-12-06T21:45:00,62.8
25574,2017-12-06T22:05:00,62.5
25575,2017-12-06T22:25:00,63.1
25576,2017-12-06T22:45:00,63.3
25577,2017-12-06T23:05:00,63
25578,2017-12-06T23:25:00,63.4
25579,2017-12-06T23:45:00,63
25580,2017-12-07T00:05:00,62.8
25581,2017-12-07T00:25:00,62.3
25582,2017-12-07T00:45:00,61.9
25583,2017-12-07T01:05:00,61.2
25584,2017-12-07T01:25:00,61.4
25585,2017-12-07T01:45:00,62
25586,2017-12-07T02:05:00,61.7
25587,2017-12-07T02:25:00,62.2
25588,2017-12-07T02:45:00,63.4
25589,2017-12-07T03:05:00,65
25590,2017-12-07T03:25:00,64.5
25591,2017-12-07T03:45:00,63.7
25592,2017-12-07T04:05:00,63.4
25593,2017-12-07T04:25:00,64.5
25594,2017-12-07T04:45:00,66.9
25595,2017-12-07T05:05:00,67.4
25596,2017-12-07T05:25:00,68.2
25597,2017-12-07T05:45:00,68.3
25598,2017-12-07T06:10:00,70.1
25599,2017-12-07T06:30:00,70.1
25600,2017-12-07T06:50:00,69.4
25601,2017-12-07T07:10:00,69.1
25602,2017-12-07T07:30:00,69.7
25603,2017-12-07T07:50:00,70.7
25604,2017-12-07T08:10:00,70.8
25605,2017-12-07T08:30:00,70.5
25606,2017-12-07T08:50:00,70.2
25607,2017-12-07T09:10:00,70.7
25608,2017-12-07T09:30:00,69.9
25609,2017-12-07T09:50:00,70.4
25610,2017-12-07T10:10:00,70.4
25611,2017-12-07T10:30:00,70.4
25612,2017-12-07T10:50:00,70.7
25613,2017-12-07T11:10:00,70.7
25614,2017-12-07T11:30:00,71
25615,2017-12-07T11:50:00,71.5
25616,2017-12-07T12:10:00,71.3
25617,2017-12-07T12:30:00,71.3
25618,2017-12-07T12:50:00,72.1
25619,2017-12-07T13:10:00,71.5
25620,2017-12-07T13:30:00,71.9
25621,2017-12-07T13:50:00,71.6
25622,2017-12-07T14:10:00,71.6
25623,2017-12-07T14:30:00,71.8
25624,2017-12-07T14:50:00,71.9
25625,2017-12-07T15:10:00,72.3
25626,2017-12-07T15:30:00,72.4
25627,2017-12-07T15:50:00,72.4
25628,2017-12-07T16:10:00,72.4
25629,2017-12-07T16:30:00,72.7
25630,2017-12-07T16:50:00,73.2
25631,2017-12-07T17:10:00,73
25632,2017-12-07T17:35:00,73
25633,2017-12-07T17:55:00,73.8
25634,2017-12-07T18:15:00,73.5
25635,2017-12-07T18:35:00,73.4
25636,2017-12-07T18:55:00,73
25637,2017-12-07T19:15:00,72.1
25638,2017-12-07T19:35:00,71.2
25639,2017-12-07T19:55:00,71.2
25640,2017-12-07T20:15:00,71
25641,2017-12-07T20:35:00,71.2
25642,2017-12-07T20:55:00,70.2
25643,2017-12-07T21:15:00,70.4
25644,2017-12-07T21:35:00,68.6
25645,2017-12-07T21:55:00,66.3
25646,2017-12-07T22:15:00,62.5
25647,2017-12-07T22:35:00,63.1
25648,2017-12-07T22:55:00,60.8
25649,2017-12-07T23:15:00,59.5
25650,2017-12-07T23:35:00,60.1
25651,2017-12-07T23:55:00,60.3
25652,2017-12-08T00:15:00,60
25653,2017-12-08T00:55:00,60
25654,2017-12-08T01:15:00,59.8
25655,2017-12-08T01:35:00,60.1
25656,2017-12-08T01:55:00,59.6
25657,2017-12-08T02:15:00,60.4
25658,2017-12-08T02:35:00,60
25659,2017-12-08T02:55:00,62.5
25660,2017-12-08T03:15:00,63.9
25661,2017-12-08T03:35:00,65.8
25662,2017-12-08T03:55:00,66.7
25663,2017-12-08T04:15:00,66
25664,2017-12-08T04:35:00,66
25665,2017-12-08T05:00:00,67.8
25666,2017-12-08T05:20:00,66.7
25667,2017-12-08T05:40:00,67.1
25668,2017-12-08T06:00:00,66.6
25669,2017-12-08T06:20:00,65.6
25670,2017-12-08T06:40:00,65.2
25671,2017-12-08T07:00:00,65.3
25672,2017-12-08T07:20:00,65.6
25673,2017-12-08T08:00:00,63.9
25674,2017-12-08T08:20:00,57.6
25675,2017-12-08T08:40:00,58.1
25676,2017-12-08T09:00:00,53.2
25677,2017-12-08T09:20:00,52.4
25678,2017-12-08T09:40:00,51.3
25679,2017-12-08T10:00:00,51.4
25680,2017-12-08T10:20:00,51.9
25681,2017-12-08T10:40:00,53.7
25682,2017-12-08T11:00:00,49.9
25683,2017-12-08T11:20:00,48.8
25684,2017-12-08T11:40:00,49.2
25685,2017-12-08T12:00:00,48.6
25686,2017-12-08T12:20:00,46.7
25687,2017-12-08T12:40:00,53
25688,2017-12-08T13:00:00,47.5
25689,2017-12-08T13:20:00,50
25690,2017-12-08T13:40:00,56.3
25691,2017-12-08T14:00:00,55.5
25692,2017-12-08T14:20:00,56.5
25693,2017-12-08T14:40:00,57.9
25694,2017-12-08T15:00:00,57.8
25695,2017-12-08T15:20:00,62
25696,2017-12-08T15:40:00,64.1
25697,2017-12-08T16:05:00,63.3
25698,2017-12-08T16:25:00,63.6
25699,2017-12-08T16:45:00,63.1
25700,2017-12-08T17:05:00,64.9
25701,2017-12-08T17:25:00,64.9
25702,2017-12-08T17:45:00,65.2
25703,2017-12-08T18:05:00,64.9
25704,2017-12-08T18:25:00,65
25705,2017-12-08T18:45:00,65.6
25706,2017-12-08T19:25:00,63.6
25707,2017-12-08T19:45:00,61.5
25708,2017-12-08T20:05:00,61.4
25709,2017-12-08T20:25:00,61.1
25710,2017-12-08T20:45:00,60.1
25711,2017-12-08T21:05:00,57.8
25712,2017-12-08T21:25:00,57.1
25713,2017-12-08T21:45:00,57.8
25714,2017-12-08T22:05:00,57.9
25715,2017-12-08T22:25:00,57.3
25716,2017-12-08T22:45:00,59.2
25717,2017-12-08T23:05:00,62.5
25718,2017-12-08T23:25:00,64.4
25719,2017-12-08T23:45:00,64.7
25720,2017-12-09T00:05:00,65.3
25721,2017-12-09T00:25:00,65.3
25722,2017-12-09T00:45:00,65.8
25723,2017-12-09T01:05:00,66.3
25724,2017-12-09T01:25:00,65.8
25725,2017-12-09T01:45:00,65.5
25726,2017-12-09T02:05:00,65
25727,2017-12-09T02:25:00,64.5
25728,2017-12-09T02:45:00,63.7
25729,2017-12-09T03:05:00,62.5
25730,2017-12-09T03:30:00,62.5
25731,2017-12-09T03:50:00,62
25732,2017-12-09T04:10:00,61.2
25733,2017-12-09T04:30:00,61.4
25734,2017-12-09T04:50:00,61.4
25735,2017-12-09T05:10:00,57.1
25736,2017-12-09T05:30:00,56.7
25737,2017-12-09T05:50:00,56.3
25738,2017-12-09T06:10:00,56
25739,2017-12-09T06:30:00,56.2
25740,2017-12-09T06:50:00,57
25741,2017-12-09T07:10:00,56.5
25742,2017-12-09T07:30:00,56.8
25743,2017-12-09T07:50:00,57.1
25744,2017-12-09T08:10:00,55.7
25745,2017-12-09T08:30:00,56
25746,2017-12-09T08:50:00,54.6
25747,2017-12-09T09:10:00,53.3
25748,2017-12-09T09:30:00,51.6
25749,2017-12-09T09:50:00,48.9
25750,2017-12-09T10:10:00,44.2
25751,2017-12-09T10:30:00,42.8
25752,2017-12-09T10:50:00,41.7
25753,2017-12-09T11:10:00,42.9
25754,2017-12-09T11:30:00,42
25755,2017-12-09T11:50:00,44.5
25756,2017-12-09T12:10:00,43.1
25757,2017-12-09T12:30:00,47
25758,2017-12-09T12:50:00,51.4
25759,2017-12-09T13:10:00,51
25760,2017-12-09T13:30:00,49.2
25761,2017-12-09T13:50:00,54
25762,2017-12-09T14:10:00,53.7
25763,2017-12-09T14:30:00,54.8
25764,2017-12-09T14:55:00,57.4
25765,2017-12-09T15:15:00,55.2
25766,2017-12-09T15:35:00,55.9
25767,2017-12-09T15:55:00,54.4
25768,2017-12-09T16:15:00,56.2
25769,2017-12-09T16:35:00,57.3
25770,2017-12-09T16:55:00,57.4
25771,2017-12-09T17:15:00,57.9
25772,2017-12-09T17:35:00,59.5
25773,2017-12-09T17:55:00,60.4
25774,2017-12-09T18:15:00,61.4
25775,2017-12-09T18:35:00,61.2
25776,2017-12-09T18:55:00,60.6
25777,2017-12-09T19:15:00,60.9
25778,2017-12-09T19:35:00,61.4
25779,2017-12-09T19:55:00,63.1
25780,2017-12-09T20:15:00,64.2
25781,2017-12-09T20:35:00,64.5
25782,2017-12-09T20:55:00,63.9
25783,2017-12-09T21:15:00,63.4
25784,2017-12-09T21:35:00,63.6
25785,2017-12-09T21:55:00,63.4
25786,2017-12-09T22:15:00,63
25787,2017-12-09T22:35:00,63.3
25788,2017-12-09T22:55:00,63.4
25789,2017-12-09T23:15:00,63.1
25790,2017-12-09T23:35:00,63
25791,2017-12-09T23:55:00,63.3
25792,2017-12-10T00:15:00,64.4
25793,2017-12-10T00:35:00,64.4
25794,2017-12-10T00:55:00,63.4
25795,2017-12-10T01:15:00,63.9
25796,2017-12-10T01:35:00,64.7
25797,2017-12-10T01:55:00,64.9
25798,2017-12-10T02:20:00,64.9
25799,2017-12-10T02:40:00,66
25800,2017-12-10T03:00:00,65.5
25801,2017-12-10T03:20:00,65
25802,2017-12-10T03:40:00,65.8
25803,2017-12-10T04:00:00,66.3
25804,2017-12-10T04:20:00,66.4
25805,2017-12-10T04:40:00,66.7
25806,2017-12-10T05:00:00,66.6
25807,2017-12-10T05:20:00,65.8
25808,2017-12-10T05:40:00,66.4
25809,2017-12-10T06:00:00,65
25810,2017-12-10T06:20:00,65.8
25811,2017-12-10T06:40:00,66.1
25812,2017-12-10T07:00:00,64.9
25813,2017-12-10T07:20:00,64.7
25814,2017-12-10T07:40:00,64.9
25815,2017-12-10T08:00:00,66
25816,2017-12-10T08:20:00,64.9
25817,2017-12-10T08:40:00,62.8
25818,2017-12-10T09:00:00,64.2
25819,2017-12-10T09:20:00,65
25820,2017-12-10T09:40:00,64.7
25821,2017-12-10T10:00:00,63.7
25822,2017-12-10T10:20:00,62.3
25823,2017-12-10T10:40:00,61.4
25824,2017-12-10T11:00:00,62
25825,2017-12-10T11:20:00,63.4
25826,2017-12-10T11:40:00,63
25827,2017-12-10T12:00:00,62.5
25828,2017-12-10T12:20:00,61.7
25829,2017-12-10T12:40:00,61.4
25830,2017-12-10T13:00:00,62
25831,2017-12-10T13:25:00,61.9
25832,2017-12-10T13:45:00,62.6
25833,2017-12-10T14:05:00,62
25834,2017-12-10T14:25:00,61.7
25835,2017-12-10T14:45:00,61.1
25836,2017-12-10T15:05:00,60
25837,2017-12-10T15:25:00,60.1
25838,2017-12-10T15:45:00,59.2
25839,2017-12-10T16:05:00,59.2
25840,2017-12-10T16:25:00,58.4
25841,2017-12-10T16:45:00,57.3
25842,2017-12-10T17:05:00,54.8
25843,2017-12-10T17:25:00,55.5
25844,2017-12-10T17:45:00,56.3
25845,2017-12-10T18:05:00,57
25846,2017-12-10T18:25:00,57.3
25847,2017-12-10T18:45:00,56.5
25848,2017-12-10T19:05:00,58.7
25849,2017-12-10T19:25:00,56.3
25850,2017-12-10T19:45:00,58.5
25851,2017-12-10T20:05:00,58.1
25852,2017-12-10T20:25:00,58.4
25853,2017-12-10T20:45:00,57.3
25854,2017-12-10T21:05:00,56.5
25855,2017-12-10T21:25:00,57.8
25856,2017-12-10T21:45:00,59
25857,2017-12-10T22:05:00,59.3
25858,2017-12-10T22:25:00,59.5
25859,2017-12-10T22:45:00,59.8
25860,2017-12-10T23:05:00,60.4
25861,2017-12-10T23:25:00,61.2
25862,2017-12-10T23:45:00,61.9
25863,2017-12-11T00:05:00,60.6
25864,2017-12-11T00:25:00,59.2
25865,2017-12-11T00:50:00,57.3
25866,2017-12-11T01:10:00,56.5
25867,2017-12-11T01:30:00,55.7
25868,2017-12-11T01:50:00,54.8
25869,2017-12-11T02:10:00,54
25870,2017-12-11T02:30:00,54
25871,2017-12-11T02:50:00,54.8
25872,2017-12-11T03:10:00,55.1
25873,2017-12-11T03:30:00,57
25874,2017-12-11T03:50:00,58.4
25875,2017-12-11T04:10:00,60
25876,2017-12-11T04:30:00,63.9
25877,2017-12-11T04:50:00,60
25878,2017-12-11T05:10:00,56.8
25879,2017-12-11T05:30:00,60.1
25880,2017-12-11T05:50:00,59.6
25881,2017-12-11T06:10:00,60.1
25882,2017-12-11T06:30:00,59.2
25883,2017-12-11T06:50:00,58.4
25884,2017-12-11T07:10:00,57.8
25885,2017-12-11T07:30:00,58.1
25886,2017-12-11T07:50:00,57.9
25887,2017-12-11T08:10:00,56.2
25888,2017-12-11T08:30:00,52.4
25889,2017-12-11T08:50:00,53.5
25890,2017-12-11T09:10:00,53.7
25891,2017-12-11T09:30:00,51.8
25892,2017-12-11T09:50:00,50.7
25893,2017-12-11T10:10:00,49.7
25894,2017-12-11T10:30:00,49.4
25895,2017-12-11T10:50:00,51.6
25896,2017-12-11T11:10:00,51.8
25897,2017-12-11T11:30:00,53.5
25898,2017-12-11T11:50:00,52.9
25899,2017-12-11T12:15:00,51
25900,2017-12-11T12:35:00,52.6
25901,2017-12-11T12:55:00,52.2
25902,2017-12-11T13:15:00,54.1
25903,2017-12-11T13:35:00,52.4
25904,2017-12-11T13:55:00,52.4
25905,2017-12-11T14:15:00,49.4
25906,2017-12-11T14:35:00,48.6
25907,2017-12-11T14:55:00,49.1
25908,2017-12-11T15:15:00,48.1
25909,2017-12-11T15:35:00,51.8
25910,2017-12-11T15:55:00,53.5
25911,2017-12-11T16:15:00,54.6
25912,2017-12-11T16:35:00,54.9
25913,2017-12-11T16:55:00,55.2
25914,2017-12-11T17:15:00,56.5
25915,2017-12-11T17:35:00,57.6
25916,2017-12-11T17:55:00,57.8
25917,2017-12-11T18:15:00,58.1
25918,2017-12-11T18:35:00,58.4
25919,2017-12-11T18:55:00,61.2
25920,2017-12-11T19:15:00,62.5
25921,2017-12-11T19:35:00,63.4
25922,2017-12-11T19:55:00,63.9
25923,2017-12-11T20:15:00,64.1
25924,2017-12-11T20:35:00,64.7
25925,2017-12-11T20:55:00,65.2
25926,2017-12-11T21:15:00,64.9
25927,2017-12-11T21:35:00,65.5
25928,2017-12-11T21:55:00,65.5
25929,2017-12-11T22:15:00,65.8
25930,2017-12-11T22:35:00,65.8
25931,2017-12-11T22:55:00,66.3
25932,2017-12-11T23:15:00,66.1
25933,2017-12-11T23:40:00,66.1
25934,2017-12-12T00:00:00,65.8
25935,2017-12-12T00:20:00,65.8
25936,2017-12-12T00:40:00,65.6
25937,2017-12-12T01:00:00,66
25938,2017-12-12T01:20:00,66.1
25939,2017-12-12T01:40:00,66.1
25940,2017-12-12T02:00:00,65.8
25941,2017-12-12T02:20:00,66.4
25942,2017-12-12T02:40:00,66
25943,2017-12-12T03:00:00,65.8
25944,2017-12-12T03:20:00,66.3
25945,2017-12-12T03:40:00,66.1
25946,2017-12-12T04:00:00,63.6
25947,2017-12-12T04:20:00,60
25948,2017-12-12T04:40:00,60.1
25949,2017-12-12T05:00:00,60.6
25950,2017-12-12T05:20:00,60
25951,2017-12-12T05:40:00,60.6
25952,2017-12-12T06:00:00,59.8
25953,2017-12-12T06:20:00,58.5
25954,2017-12-12T06:40:00,56.5
25955,2017-12-12T07:00:00,58.5
25956,2017-12-12T07:20:00,59
25957,2017-12-12T07:40:00,60.1
25958,2017-12-12T08:00:00,59.6
25959,2017-12-12T08:20:00,59.6
25960,2017-12-12T08:40:00,58.7
25961,2017-12-12T09:00:00,57.8
25962,2017-12-12T09:20:00,55.2
25963,2017-12-12T09:40:00,56
25964,2017-12-12T10:00:00,48.3
25965,2017-12-12T10:20:00,51.3
25966,2017-12-12T10:40:00,53.5
25967,2017-12-12T11:05:00,53
25968,2017-12-12T11:25:00,51.9
25969,2017-12-12T11:45:00,46.7
25970,2017-12-12T12:05:00,47
25971,2017-12-12T12:25:00,50
25972,2017-12-12T12:45:00,49.2
25973,2017-12-12T13:05:00,49.6
25974,2017-12-12T13:25:00,50
25975,2017-12-12T13:45:00,50.2
25976,2017-12-12T14:05:00,51.1
25977,2017-12-12T14:25:00,52.7
25978,2017-12-12T14:45:00,52.7
25979,2017-12-12T15:05:00,53.5
25980,2017-12-12T15:25:00,53.2
25981,2017-12-12T15:45:00,58.5
25982,2017-12-12T16:05:00,59
25983,2017-12-12T16:25:00,59.2
25984,2017-12-12T16:45:00,60.9
25985,2017-12-12T17:05:00,61.7
25986,2017-12-12T17:25:00,61.7
25987,2017-12-12T17:45:00,61.7
25988,2017-12-12T18:05:00,61.9
25989,2017-12-12T18:25:00,61.4
25990,2017-12-12T18:45:00,61.1
25991,2017-12-12T19:05:00,61.1
25992,2017-12-12T19:25:00,60.6
25993,2017-12-12T19:45:00,59
25994,2017-12-12T20:05:00,60
25995,2017-12-12T20:25:00,59.8
25996,2017-12-12T20:45:00,60.3
25997,2017-12-12T21:05:00,61.5
25998,2017-12-12T21:25:00,62.6
25999,2017-12-12T21:45:00,64.2
26000,2017-12-12T22:10:00,64.2
26001,2017-12-12T22:30:00,64.2
26002,2017-12-12T22:50:00,64.5
26003,2017-12-12T23:10:00,64.5
26004,2017-12-12T23:30:00,65.8
26005,2017-12-12T23:50:00,65.2
26006,2017-12-13T00:10:00,64.4
26007,2017-12-13T00:30:00,65.5
26008,2017-12-13T00:50:00,66.4
26009,2017-12-13T01:10:00,65.6
26010,2017-12-13T01:30:00,64.9
26011,2017-12-13T01:50:00,63.3
26012,2017-12-13T02:10:00,63.6
26013,2017-12-13T02:30:00,63.9
26014,2017-12-13T02:50:00,62.8
26015,2017-12-13T03:10:00,64.5
26016,2017-12-13T03:30:00,65.2
26017,2017-12-13T03:50:00,64.7
26018,2017-12-13T04:10:00,66.7
26019,2017-12-13T04:30:00,65.8
26020,2017-12-13T04:50:00,64.4
26021,2017-12-13T05:10:00,63.9
26022,2017-12-13T05:30:00,63.6
26023,2017-12-13T05:50:00,63.7
26024,2017-12-13T06:10:00,63.7
26025,2017-12-13T06:30:00,63
26026,2017-12-13T06:50:00,62.2
26027,2017-12-13T07:10:00,61.5
26028,2017-12-13T07:30:00,61.4
26029,2017-12-13T07:50:00,60.9
26030,2017-12-13T08:10:00,61.2
26031,2017-12-13T08:30:00,61.1
26032,2017-12-13T08:50:00,60.8
26033,2017-12-13T09:10:00,62
26034,2017-12-13T09:35:00,62.3
26035,2017-12-13T09:55:00,63.1
26036,2017-12-13T10:15:00,66
26037,2017-12-13T10:35:00,66.7
26038,2017-12-13T10:55:00,68
26039,2017-12-13T11:15:00,67.2
26040,2017-12-13T11:35:00,67.5
26041,2017-12-13T11:55:00,67.7
26042,2017-12-13T12:15:00,68.2
26043,2017-12-13T12:35:00,68
26044,2017-12-13T12:55:00,68.2
26045,2017-12-13T13:15:00,68.2
26046,2017-12-13T13:35:00,68.6
26047,2017-12-13T13:55:00,69.1
26048,2017-12-13T14:15:00,68.8
26049,2017-12-13T14:35:00,68.8
26050,2017-12-13T14:55:00,69.1
26051,2017-12-13T15:15:00,69.7
26052,2017-12-13T15:35:00,68.8
26053,2017-12-13T15:55:00,68.6
26054,2017-12-13T16:15:00,68.9
26055,2017-12-13T16:35:00,68.9
26056,2017-12-13T16:55:00,68.8
26057,2017-12-13T17:15:00,69.3
26058,2017-12-13T17:35:00,69.3
26059,2017-12-13T17:55:00,69.7
26060,2017-12-13T18:15:00,69.6
26061,2017-12-13T18:35:00,69.9
26062,2017-12-13T18:55:00,69.6
26063,2017-12-13T19:15:00,69.7
26064,2017-12-13T19:35:00,69.9
26065,2017-12-13T19:55:00,69.6
26066,2017-12-13T20:15:00,69.6
26067,2017-12-13T20:35:00,70.1
26068,2017-12-13T21:00:00,69.7
26069,2017-12-13T21:20:00,70.5
26070,2017-12-13T21:40:00,70.4
26071,2017-12-13T22:00:00,70.7
26072,2017-12-13T22:20:00,71.2
26073,2017-12-13T22:40:00,71.2
26074,2017-12-13T23:00:00,71.2
26075,2017-12-13T23:20:00,71.3
26076,2017-12-13T23:40:00,71.5
26077,2017-12-14T00:00:00,71.3
26078,2017-12-14T00:20:00,71.6
26079,2017-12-14T00:40:00,71.3
26080,2017-12-14T01:00:00,71.3
26081,2017-12-14T01:20:00,71.5
26082,2017-12-14T01:40:00,72.1
26083,2017-12-14T02:00:00,72.3
26084,2017-12-14T02:20:00,72.3
26085,2017-12-14T02:40:00,72.1
26086,2017-12-14T03:00:00,72.3
26087,2017-12-14T03:20:00,71.8
26088,2017-12-14T03:40:00,71.6
26089,2017-12-14T04:00:00,71.2
26090,2017-12-14T04:20:00,71.3
26091,2017-12-14T04:40:00,70.5
26092,2017-12-14T05:00:00,70.7
26093,2017-12-14T05:20:00,70.4
26094,2017-12-14T05:40:00,70.1
26095,2017-12-14T06:00:00,69.7
26096,2017-12-14T06:20:00,70.5
26097,2017-12-14T06:40:00,70.4
26098,2017-12-14T07:00:00,71
26099,2017-12-14T07:20:00,71
26100,2017-12-14T07:40:00,71.3
26101,2017-12-14T08:00:00,70.4
26102,2017-12-14T08:25:00,70.4
26103,2017-12-14T08:45:00,70.1
26104,2017-12-14T09:05:00,70.8
26105,2017-12-14T09:25:00,70.1
26106,2017-12-14T09:45:00,69.4
26107,2017-12-14T10:05:00,69.3
26108,2017-12-14T10:25:00,69.9
26109,2017-12-14T10:45:00,68
26110,2017-12-14T11:05:00,68.8
26111,2017-12-14T11:25:00,68.5
26112,2017-12-14T11:45:00,68.5
26113,2017-12-14T12:05:00,68.6
26114,2017-12-14T12:25:00,68.9
26115,2017-12-14T12:45:00,68
26116,2017-12-14T13:05:00,69.3
26117,2017-12-14T13:25:00,69.3
26118,2017-12-14T13:45:00,69.1
26119,2017-12-14T14:05:00,69.7
26120,2017-12-14T14:25:00,69.4
26121,2017-12-14T14:45:00,69.3
26122,2017-12-14T15:05:00,68.5
26123,2017-12-14T15:25:00,68
26124,2017-12-14T15:45:00,67.7
26125,2017-12-14T16:05:00,67.7
26126,2017-12-14T16:25:00,66.9
26127,2017-12-14T16:45:00,64.4
26128,2017-12-14T17:05:00,63.7
26129,2017-12-14T17:25:00,64.1
26130,2017-12-14T17:45:00,64.7
26131,2017-12-14T18:05:00,64.5
26132,2017-12-14T18:25:00,64.9
26133,2017-12-14T18:45:00,64.7
26134,2017-12-14T19:05:00,65.5
26135,2017-12-14T19:30:00,65.2
26136,2017-12-14T19:50:00,65
26137,2017-12-14T20:10:00,65
26138,2017-12-14T20:30:00,64.7
26139,2017-12-14T20:50:00,64.9
26140,2017-12-14T21:10:00,65.3
26141,2017-12-14T21:30:00,65.5
26142,2017-12-14T21:50:00,64.7
26143,2017-12-14T22:10:00,65
26144,2017-12-14T22:30:00,65.5
26145,2017-12-14T22:50:00,65.6
26146,2017-12-14T23:10:00,65.2
26147,2017-12-14T23:50:00,65.3
26148,2017-12-15T00:10:00,65.5
26149,2017-12-15T00:30:00,66.4
26150,2017-12-15T00:50:00,67.1
26151,2017-12-15T01:10:00,66.7
26152,2017-12-15T01:30:00,66.7
26153,2017-12-15T01:50:00,66.9
26154,2017-12-15T02:10:00,67.1
26155,2017-12-15T02:30:00,66.3
26156,2017-12-15T02:50:00,66.6
26157,2017-12-15T03:10:00,66.6
26158,2017-12-15T03:30:00,67.1
26159,2017-12-15T03:50:00,67.2
26160,2017-12-15T04:10:00,69.3
26161,2017-12-15T04:30:00,65.5
26162,2017-12-15T04:50:00,64.2
26163,2017-12-15T05:10:00,63.3
26164,2017-12-15T05:30:00,63.7
26165,2017-12-15T05:50:00,66
26166,2017-12-15T06:10:00,62.5
26167,2017-12-15T06:30:00,64.1
26168,2017-12-15T06:55:00,65.2
26169,2017-12-15T07:15:00,65
26170,2017-12-15T07:35:00,63.1
26171,2017-12-15T07:55:00,64.4
26172,2017-12-15T08:15:00,63.1
26173,2017-12-15T08:35:00,62.3
26174,2017-12-15T08:55:00,61.2
26175,2017-12-15T09:15:00,58.9
26176,2017-12-15T09:35:00,57.1
26177,2017-12-15T09:55:00,65.8
26178,2017-12-15T10:15:00,53.8
26179,2017-12-15T10:35:00,54.8
26180,2017-12-15T10:55:00,60.4
26181,2017-12-15T11:15:00,59.5
26182,2017-12-15T11:35:00,61.7
26183,2017-12-15T11:55:00,60.9
26184,2017-12-15T12:15:00,60.9
26185,2017-12-15T12:35:00,63.1
26186,2017-12-15T12:55:00,58.1
26187,2017-12-15T13:15:00,56.7
26188,2017-12-15T13:35:00,62.6
26189,2017-12-15T13:55:00,61.7
26190,2017-12-15T14:15:00,62.8
26191,2017-12-15T14:35:00,63.9
26192,2017-12-15T14:55:00,65.5
26193,2017-12-15T15:15:00,64.7
26194,2017-12-15T15:35:00,66.7
26195,2017-12-15T15:55:00,66.6
26196,2017-12-15T16:15:00,67.4
26197,2017-12-15T16:35:00,67.2
26198,2017-12-15T16:55:00,67.2
26199,2017-12-15T17:15:00,67.2
26200,2017-12-15T17:35:00,67.1
26201,2017-12-15T17:55:00,66.6
26202,2017-12-15T18:20:00,66.7
26203,2017-12-15T18:40:00,66.6
26204,2017-12-15T19:00:00,66.4
26205,2017-12-15T19:20:00,65.3
26206,2017-12-15T19:40:00,65
26207,2017-12-15T20:00:00,65
26208,2017-12-15T20:20:00,65.8
26209,2017-12-15T20:40:00,65.8
26210,2017-12-15T21:00:00,65.6
26211,2017-12-15T21:20:00,66.7
26212,2017-12-15T21:40:00,66.3
26213,2017-12-15T22:00:00,66.4
26214,2017-12-15T22:20:00,67.1
26215,2017-12-15T22:40:00,66.7
26216,2017-12-15T23:00:00,67.2
26217,2017-12-15T23:20:00,66.6
26218,2017-12-15T23:40:00,66.3
26219,2017-12-16T00:00:00,66.4
26220,2017-12-16T00:20:00,65.8
26221,2017-12-16T00:40:00,65.6
26222,2017-12-16T01:00:00,65.8
26223,2017-12-16T01:20:00,66.3
26224,2017-12-16T01:40:00,66
26225,2017-12-16T02:00:00,65.6
26226,2017-12-16T02:20:00,65.6
26227,2017-12-16T02:40:00,66.1
26228,2017-12-16T03:00:00,66.3
26229,2017-12-16T03:20:00,67.1
26230,2017-12-16T03:40:00,65.8
26231,2017-12-16T04:00:00,66.6
26232,2017-12-16T04:20:00,65.6
26233,2017-12-16T04:40:00,66.3
26234,2017-12-16T05:00:00,67.7
26235,2017-12-16T05:20:00,64.7
26236,2017-12-16T05:45:00,61.7
26237,2017-12-16T06:05:00,61.4
26238,2017-12-16T06:25:00,60.9
26239,2017-12-16T06:45:00,63.1
26240,2017-12-16T07:05:00,62.5
26241,2017-12-16T07:25:00,61.5
26242,2017-12-16T07:45:00,60.9
26243,2017-12-16T08:05:00,61.2
26244,2017-12-16T08:25:00,51.1
26245,2017-12-16T08:45:00,51.9
26246,2017-12-16T09:05:00,48.5
26247,2017-12-16T09:25:00,46.7
26248,2017-12-16T09:45:00,46.6
26249,2017-12-16T10:05:00,44.5
26250,2017-12-16T10:25:00,42.6
26251,2017-12-16T10:45:00,42.9
26252,2017-12-16T11:05:00,43.4
26253,2017-12-16T11:25:00,42.8
26254,2017-12-16T11:45:00,45.5
26255,2017-12-16T12:05:00,47.2
26256,2017-12-16T12:25:00,45.9
26257,2017-12-16T12:45:00,48.1
26258,2017-12-16T13:05:00,48
26259,2017-12-16T13:25:00,51.9
26260,2017-12-16T13:45:00,53.8
26261,2017-12-16T14:05:00,57.4
26262,2017-12-16T14:25:00,57.3
26263,2017-12-16T14:45:00,57.8
26264,2017-12-16T15:05:00,58.1
26265,2017-12-16T15:25:00,56.8
26266,2017-12-16T15:45:00,59.3
26267,2017-12-16T16:05:00,60.6
26268,2017-12-16T16:25:00,61.9
26269,2017-12-16T16:50:00,61.9
26270,2017-12-16T17:10:00,61.9
26271,2017-12-16T17:30:00,62
26272,2017-12-16T17:50:00,60.9
26273,2017-12-16T18:10:00,58.9
26274,2017-12-16T18:30:00,57.4
26275,2017-12-16T18:50:00,58.1
26276,2017-12-16T19:10:00,56.5
26277,2017-12-16T19:30:00,56.8
26278,2017-12-16T19:50:00,56.5
26279,2017-12-16T20:10:00,56.2
26280,2017-12-16T20:30:00,57
26281,2017-12-16T20:50:00,59
26282,2017-12-16T21:10:00,60.4
26283,2017-12-16T21:30:00,61.2
26284,2017-12-16T21:50:00,61.9
26285,2017-12-16T22:10:00,63.4
26286,2017-12-16T22:30:00,63.7
26287,2017-12-16T22:50:00,63.4
26288,2017-12-16T23:10:00,63.1
26289,2017-12-16T23:30:00,63.6
26290,2017-12-16T23:50:00,63.6
26291,2017-12-17T00:10:00,63.9
26292,2017-12-17T00:30:00,64.9
26293,2017-12-17T00:50:00,65.2
26294,2017-12-17T01:10:00,65.2
26295,2017-12-17T01:30:00,65.2
26296,2017-12-17T01:50:00,65
26297,2017-12-17T02:10:00,65.3
26298,2017-12-17T02:30:00,65.2
26299,2017-12-17T02:50:00,65.2
26300,2017-12-17T03:10:00,65
26301,2017-12-17T03:30:00,64.5
26302,2017-12-17T03:50:00,64.5
26303,2017-12-17T04:15:00,63.9
26304,2017-12-17T04:35:00,63
26305,2017-12-17T04:55:00,63.6
26306,2017-12-17T05:15:00,57
26307,2017-12-17T05:35:00,56
26308,2017-12-17T05:55:00,56.8
26309,2017-12-17T06:15:00,56.3
26310,2017-12-17T06:35:00,56.5
26311,2017-12-17T06:55:00,56.7
26312,2017-12-17T07:15:00,57.6
26313,2017-12-17T07:35:00,56.5
26314,2017-12-17T07:55:00,58.2
26315,2017-12-17T08:15:00,57.8
26316,2017-12-17T08:35:00,51.3
26317,2017-12-17T08:55:00,53.7
26318,2017-12-17T09:15:00,51.4
26319,2017-12-17T09:35:00,51
26320,2017-12-17T09:55:00,49.4
26321,2017-12-17T10:15:00,47.5
26322,2017-12-17T10:35:00,48.3
26323,2017-12-17T10:55:00,49.9
26324,2017-12-17T11:15:00,52.6
26325,2017-12-17T11:35:00,48.9
26326,2017-12-17T11:55:00,50.3
26327,2017-12-17T12:15:00,52.7
26328,2017-12-17T12:35:00,52.1
26329,2017-12-17T12:55:00,47.8
26330,2017-12-17T13:15:00,50.3
26331,2017-12-17T13:35:00,53.7
26332,2017-12-17T13:55:00,55.9
26333,2017-12-17T14:15:00,57.1
26334,2017-12-17T14:35:00,58.2
26335,2017-12-17T14:55:00,58.5
26336,2017-12-17T15:15:00,60
26337,2017-12-17T15:40:00,61.9
26338,2017-12-17T16:00:00,62.2
26339,2017-12-17T16:20:00,62.8
26340,2017-12-17T16:40:00,62.3
26341,2017-12-17T17:00:00,62.8
26342,2017-12-17T17:20:00,62.3
26343,2017-12-17T17:40:00,63
26344,2017-12-17T18:00:00,62.5
26345,2017-12-17T18:20:00,62.3
26346,2017-12-17T18:40:00,62.8
26347,2017-12-17T19:00:00,62.2
26348,2017-12-17T19:20:00,62.5
26349,2017-12-17T19:40:00,62.8
26350,2017-12-17T20:00:00,63.3
26351,2017-12-17T20:20:00,63.4
26352,2017-12-17T20:40:00,64.2
26353,2017-12-17T21:00:00,64.2
26354,2017-12-17T21:20:00,64.9
26355,2017-12-17T21:40:00,64.5
26356,2017-12-17T22:00:00,65
26357,2017-12-17T22:20:00,64.5
26358,2017-12-17T22:40:00,65.2
26359,2017-12-17T23:00:00,65.3
26360,2017-12-17T23:20:00,65.5
26361,2017-12-17T23:40:00,66
26362,2017-12-18T00:00:00,66.4
26363,2017-12-18T00:20:00,66.7
26364,2017-12-18T00:40:00,67.7
26365,2017-12-18T01:00:00,66.9
26366,2017-12-18T01:20:00,67.1
26367,2017-12-18T01:40:00,67.2
26368,2017-12-18T02:00:00,67.4
26369,2017-12-18T02:20:00,67.1
26370,2017-12-18T02:40:00,67.4
26371,2017-12-18T03:05:00,67.2
26372,2017-12-18T03:25:00,66
26373,2017-12-18T03:45:00,65.5
26374,2017-12-18T04:05:00,64.7
26375,2017-12-18T04:25:00,64.4
26376,2017-12-18T04:45:00,65
26377,2017-12-18T05:05:00,63.7
26378,2017-12-18T05:25:00,63.9
26379,2017-12-18T05:45:00,63.9
26380,2017-12-18T06:05:00,64.1
26381,2017-12-18T06:25:00,63.7
26382,2017-12-18T06:45:00,64.4
26383,2017-12-18T07:05:00,64.7
26384,2017-12-18T07:25:00,64.4
26385,2017-12-18T07:45:00,63.6
26386,2017-12-18T08:05:00,63.1
26387,2017-12-18T08:25:00,63.1
